transactionId,isFraud,amount,logAmount,accountAgeDays,velocity1h,failedTxCount24h,sharedDeviceAccountCount,sharedIpAccountCount,isNewAccountFlag,highVelocityFlag
tx_legit_001142,0,883.15,6.7846,182,2,0,1,2,0,0
tx_legit_001172,0,555.95,6.3225,492,1,0,1,2,0,0
tx_legit_006450,0,512.23,6.2407,504,1,0,1,2,0,0
tx_legit_006878,0,533.55,6.2814,812,1,0,1,1,0,0
tx_legit_005653,0,1375.69,7.2274,716,1,2,1,1,0,0
tx_legit_001088,0,193.13,5.2685,263,1,0,1,2,0,0
tx_legit_000351,0,217.77,5.388,662,1,0,1,1,0,0
tx_legit_001813,0,506.45,6.2294,276,2,0,1,2,0,0
tx_legit_002753,0,2026.46,7.6145,768,1,0,1,2,0,0
tx_legit_002725,0,534.18,6.2826,316,2,0,1,1,0,0
tx_legit_007019,0,93.65,4.5502,730,1,0,1,3,0,0
tx_legit_003469,0,428.16,6.0618,495,1,0,1,1,0,0
tx_legit_005147,0,600.96,6.4002,458,2,0,1,1,0,0
tx_legit_007387,0,529.95,6.2747,232,1,0,1,1,0,0
tx_legit_002852,0,619.95,6.4313,417,1,0,1,2,0,0
tx_legit_000433,0,162.94,5.0995,222,1,0,2,1,0,0
tx_legit_001583,0,342.75,5.8399,313,1,1,1,1,0,0
tx_legit_005536,0,526.92,6.2689,451,1,0,1,1,0,0
tx_legit_006123,0,429.78,6.0656,356,1,0,1,3,0,0
tx_legit_006079,0,1539.37,7.3398,628,1,0,1,3,0,0
tx_legit_007923,0,1433.11,7.2683,110,2,1,1,1,0,0
tx_legit_006084,0,587.07,6.3768,520,1,0,2,1,0,0
tx_legit_003506,0,84.06,4.4434,523,1,2,2,1,0,0
tx_legit_004126,0,240.92,5.4886,216,3,1,1,3,0,0
tx_legit_001688,0,293.39,5.6849,621,1,0,1,1,0,0
tx_legit_005144,0,574.15,6.3546,185,2,0,2,1,0,0
tx_legit_000373,0,388.36,5.9645,565,1,0,2,2,0,0
tx_legit_003637,0,500.58,6.2178,249,1,0,1,2,0,0
tx_legit_002581,0,261.01,5.5684,702,1,0,1,1,0,0
tx_legit_006184,0,114.44,4.7488,738,1,0,1,1,0,0
tx_legit_004933,0,781.92,6.663,160,1,0,1,2,0,0
tx_legit_008229,0,383.97,5.9532,542,1,0,1,1,0,0
tx_legit_003581,0,128.43,4.8631,325,3,0,1,1,0,0
tx_legit_000535,0,276.75,5.6267,623,4,0,1,3,0,0
tx_legit_001114,0,976.72,6.8852,538,1,2,1,4,0,0
tx_legit_008597,0,306.27,5.7277,529,1,0,1,1,0,0
tx_legit_005780,0,149.78,5.0158,858,1,0,1,3,0,0
tx_legit_004479,0,298.71,5.7028,845,3,0,1,3,0,0
tx_legit_001545,0,338.72,5.8281,698,1,0,1,1,0,0
tx_legit_006005,0,292.87,5.6831,474,1,0,1,2,0,0
tx_legit_009156,0,585.88,6.3748,243,1,0,1,1,0,0
tx_legit_007023,0,104.31,4.6569,105,1,0,1,2,0,0
tx_legit_007374,0,988.93,6.8976,499,1,0,1,1,0,0
tx_legit_008293,0,342.07,5.8379,875,1,0,1,1,0,0
tx_legit_006689,0,330.72,5.8043,113,1,0,1,3,0,0
tx_legit_005046,0,535.38,6.2848,131,1,0,2,5,0,0
tx_legit_001691,0,567.47,6.3429,353,3,0,1,1,0,0
tx_legit_000209,0,677.82,6.5204,398,1,0,1,1,0,0
tx_legit_008075,0,1251.05,7.1325,292,1,0,1,2,0,0
tx_legit_007450,0,674.67,6.5157,221,1,0,1,1,0,0
tx_legit_003441,0,275.11,5.6208,678,1,0,1,1,0,0
tx_legit_002873,0,497.32,6.2112,592,1,0,1,1,0,0
tx_legit_008837,0,217.24,5.3856,464,1,0,1,3,0,0
tx_legit_008829,0,232.39,5.4527,318,2,2,1,2,0,0
tx_legit_007943,0,638.66,6.4609,263,1,0,1,1,0,0
tx_legit_007631,0,323.66,5.7828,421,1,0,1,1,0,0
tx_legit_001782,0,490.53,6.1975,135,2,0,1,1,0,0
tx_legit_006219,0,204.84,5.3271,209,2,0,1,1,0,0
tx_legit_008117,0,2270.5,7.7282,521,1,0,1,1,0,0
tx_legit_001553,0,1104.73,7.0083,757,1,0,1,1,0,0
tx_legit_003773,0,1393.33,7.2402,866,1,1,1,1,0,0
tx_legit_004691,0,1254.27,7.1351,124,1,0,1,1,0,0
tx_legit_004805,0,815.89,6.7055,487,1,0,1,2,0,0
tx_legit_004106,0,372.45,5.9228,548,3,0,1,1,0,0
tx_legit_007648,0,318.57,5.767,513,1,0,1,3,0,0
tx_legit_002546,0,162.89,5.0992,328,2,0,1,2,0,0
tx_legit_006887,0,727.1,6.5904,289,1,0,1,2,0,0
tx_legit_002569,0,610.73,6.4163,347,2,0,1,1,0,0
tx_legit_008133,0,601.57,6.4012,853,1,0,1,3,0,0
tx_legit_000842,0,662.8,6.498,271,1,0,1,2,0,0
tx_legit_008395,0,262.4,5.5737,849,1,0,1,2,0,0
tx_legit_008887,0,414.68,6.0299,510,1,0,1,1,0,0
tx_legit_007318,0,301.17,5.711,748,1,0,1,1,0,0
tx_legit_007425,0,223.0,5.4116,181,1,0,1,4,0,0
tx_legit_005276,0,1173.07,7.0682,766,1,0,1,3,0,0
tx_legit_003010,0,849.97,6.7464,471,1,0,1,4,0,0
tx_legit_003547,0,635.74,6.4564,315,2,0,1,1,0,0
tx_legit_005620,0,720.97,6.582,263,2,0,1,3,0,0
tx_legit_001287,0,281.39,5.6433,464,2,0,1,1,0,0
tx_legit_009047,0,1185.88,7.0791,219,1,0,1,2,0,0
tx_legit_002277,0,331.64,5.8071,359,1,0,1,1,0,0
tx_legit_001011,0,429.39,6.0647,324,1,0,1,1,0,0
tx_legit_002115,0,667.16,6.5045,630,1,0,1,1,0,0
tx_legit_001292,0,412.13,6.0238,321,1,2,1,2,0,0
tx_legit_004956,0,196.85,5.2875,841,1,0,1,1,0,0
tx_legit_001890,0,627.33,6.4431,729,2,0,1,2,0,0
tx_legit_000062,0,426.67,6.0584,79,1,2,1,4,0,0
tx_legit_003058,0,214.55,5.3732,473,1,0,3,1,0,0
tx_legit_002213,0,249.58,5.5238,350,1,0,1,4,0,0
tx_legit_001190,0,293.68,5.6859,821,1,0,1,1,0,0
tx_legit_003265,0,496.87,6.2103,545,1,0,1,1,0,0
tx_legit_002180,0,717.21,6.5768,70,1,0,1,1,0,0
tx_legit_006101,0,1853.45,7.5253,653,1,0,1,1,0,0
tx_legit_001651,0,372.99,5.9242,389,1,0,1,2,0,0
tx_legit_008487,0,422.86,6.0494,138,1,0,1,1,0,0
tx_legit_005364,0,314.38,5.7538,179,1,0,1,1,0,0
tx_legit_001392,0,268.6,5.5969,664,1,0,1,2,0,0
tx_legit_000683,0,476.57,6.1687,693,1,0,1,3,0,0
tx_legit_002454,0,420.86,6.0447,108,1,0,1,1,0,0
tx_legit_007890,0,800.58,6.6866,169,1,0,1,2,0,0
tx_legit_008662,0,186.3,5.2327,345,2,0,3,1,0,0
tx_legit_007039,0,173.84,5.1639,224,1,0,1,1,0,0
tx_legit_002620,0,661.25,6.4956,45,1,0,1,1,0,0
tx_legit_003429,0,462.33,6.1384,740,1,0,1,3,0,0
tx_legit_006789,0,709.56,6.5661,866,1,0,1,3,0,0
tx_legit_007215,0,794.72,6.6792,143,1,0,1,1,0,0
tx_legit_000395,0,147.05,4.9976,670,1,0,1,1,0,0
tx_legit_005512,0,214.87,5.3747,376,1,0,2,2,0,0
tx_legit_000721,0,323.69,5.7829,516,1,0,1,2,0,0
tx_legit_008367,0,490.98,6.1984,76,1,0,1,1,0,0
tx_legit_007560,0,631.61,6.4499,860,1,0,2,3,0,0
tx_legit_000175,0,366.56,5.9069,449,1,0,1,1,0,0
tx_legit_005145,0,2230.87,7.7106,105,2,0,1,4,0,0
tx_legit_005894,0,488.59,6.1936,482,1,1,1,1,0,0
tx_legit_000526,0,425.96,6.0567,234,2,0,1,1,0,0
tx_legit_008658,0,1669.59,7.4209,482,1,0,1,1,0,0
tx_legit_008723,0,982.16,6.8908,150,1,1,1,1,0,0
tx_legit_005031,0,940.64,6.8476,808,3,1,1,1,0,0
tx_legit_006778,0,264.02,5.5798,311,1,2,2,1,0,0
tx_legit_003910,0,851.63,6.7483,451,1,0,1,2,0,0
tx_legit_008445,0,608.03,6.4119,102,3,0,1,1,0,0
tx_legit_006099,0,1110.37,7.0133,563,1,0,1,3,0,0
tx_legit_006092,0,246.32,5.5107,873,1,0,1,4,0,0
tx_legit_000898,0,278.49,5.633,568,4,0,1,1,0,0
tx_legit_001960,0,502.36,6.2213,406,2,0,1,2,0,0
tx_legit_004311,0,278.3,5.6323,177,1,0,1,1,0,0
tx_legit_007851,0,900.44,6.804,157,1,0,1,1,0,0
tx_legit_006397,0,109.48,4.7048,858,2,0,1,1,0,0
tx_legit_008604,0,845.7,6.7413,807,2,0,1,2,0,0
tx_legit_005373,0,592.1,6.3854,637,2,0,1,1,0,0
tx_legit_005799,0,242.14,5.4936,209,2,0,1,3,0,0
tx_legit_008951,0,352.29,5.8673,554,1,0,1,2,0,0
tx_legit_001386,0,594.26,6.389,815,1,0,1,1,0,0
tx_legit_006997,0,660.86,6.4951,720,1,0,1,2,0,0
tx_legit_006812,0,207.09,5.338,464,1,0,1,1,0,0
tx_legit_005283,0,365.79,5.9048,818,1,1,2,1,0,0
tx_legit_001413,0,1135.73,7.0359,371,2,0,1,1,0,0
tx_legit_008190,0,1124.79,7.0262,365,1,0,1,1,0,0
tx_legit_001058,0,439.35,6.0876,521,1,0,1,1,0,0
tx_legit_000308,0,460.05,6.1335,305,1,1,1,2,0,0
tx_legit_006089,0,391.68,5.973,47,1,0,1,2,0,0
tx_legit_006189,0,428.72,6.0631,271,1,0,1,1,0,0
tx_legit_006751,0,255.03,5.5453,212,1,0,1,1,0,0
tx_legit_007062,0,966.66,6.8749,156,3,0,1,1,0,0
tx_legit_001173,0,642.09,6.4663,719,2,0,1,3,0,0
tx_legit_005542,0,1246.72,7.1291,607,1,0,1,1,0,0
tx_legit_008002,0,367.33,5.909,835,1,0,1,3,0,0
tx_legit_000429,0,818.23,6.7084,578,1,0,1,2,0,0
tx_legit_000201,0,876.87,6.7775,657,3,0,1,1,0,0
tx_legit_004840,0,675.32,6.5167,213,1,0,1,4,0,0
tx_legit_005683,0,290.52,5.6751,852,1,0,2,1,0,0
tx_legit_001778,0,1165.9,7.0621,146,2,0,1,1,0,0
tx_legit_004509,0,146.24,4.9921,240,1,1,1,1,0,0
tx_legit_005828,0,507.43,6.2313,803,1,0,1,1,0,0
tx_legit_004137,0,232.49,5.4531,566,4,0,1,1,0,0
tx_legit_007140,0,379.89,5.9425,368,1,0,3,1,0,0
tx_legit_007046,0,249.69,5.5242,139,1,0,1,1,0,0
tx_legit_000057,0,1281.73,7.1567,727,1,0,1,1,0,0
tx_legit_003980,0,1285.34,7.1596,311,1,0,1,2,0,0
tx_legit_003784,0,358.28,5.8841,358,1,0,1,1,0,0
tx_legit_008938,0,144.73,4.9818,843,1,0,1,2,0,0
tx_legit_005890,0,1571.74,7.3606,125,1,0,1,1,0,0
tx_legit_004857,0,274.35,5.618,727,1,0,1,1,0,0
tx_legit_007476,0,1075.18,6.9812,503,2,0,1,1,0,0
tx_legit_000477,0,728.27,6.592,345,1,0,1,3,0,0
tx_legit_004220,0,1241.1,7.1246,622,1,0,2,2,0,0
tx_legit_003952,0,782.43,6.6637,373,1,0,1,2,0,0
tx_legit_003242,0,425.69,6.0561,817,2,0,2,2,0,0
tx_legit_002336,0,483.8,6.1837,735,1,0,1,1,0,0
tx_legit_004636,0,824.88,6.7164,753,1,0,1,1,0,0
tx_legit_001887,0,501.88,6.2204,528,1,0,1,1,0,0
tx_legit_000499,0,400.56,5.9954,620,1,0,1,3,0,0
tx_legit_008796,0,214.8,5.3744,161,3,0,1,1,0,0
tx_legit_008771,0,530.14,6.275,127,1,0,1,2,0,0
tx_legit_002119,0,878.59,6.7795,741,1,0,2,3,0,0
tx_legit_006846,0,235.32,5.4652,863,1,0,1,4,0,0
tx_legit_004879,0,253.96,5.5411,403,2,2,1,1,0,0
tx_legit_003883,0,115.59,4.7587,146,1,0,1,2,0,0
tx_legit_001416,0,936.41,6.8431,600,1,0,1,1,0,0
tx_legit_003473,0,1404.07,7.2478,771,1,0,1,2,0,0
tx_legit_008027,0,298.95,5.7036,323,1,0,2,1,0,0
tx_legit_009068,0,330.21,5.8028,523,1,0,1,1,0,0
tx_legit_004660,0,972.62,6.881,666,1,0,1,2,0,0
tx_legit_003565,0,263.89,5.5793,863,3,0,1,1,0,0
tx_legit_005133,0,312.85,5.7489,547,1,0,1,4,0,0
tx_legit_004112,0,493.88,6.2043,832,2,0,1,1,0,0
tx_legit_007453,0,167.63,5.1277,265,1,0,1,1,0,0
tx_legit_002047,0,1319.53,7.1858,780,1,0,1,3,0,0
tx_legit_002436,0,949.31,6.8568,775,3,0,1,1,0,0
tx_legit_002635,0,299.16,5.7043,864,1,0,1,1,0,0
tx_legit_006394,0,370.66,5.918,876,1,0,2,2,0,0
tx_legit_001194,0,717.84,6.5776,193,1,0,1,2,0,0
tx_legit_002360,0,1035.32,6.9434,404,1,0,1,1,0,0
tx_legit_001973,0,304.44,5.7218,330,1,0,2,2,0,0
tx_legit_001946,0,347.22,5.8528,475,1,0,1,1,0,0
tx_legit_001131,0,244.47,5.5032,376,1,0,1,1,0,0
tx_legit_007606,0,987.49,6.8962,747,1,0,1,2,0,0
tx_legit_006022,0,683.09,6.5281,538,2,0,1,2,0,0
tx_legit_002664,0,471.24,6.1575,613,1,0,1,3,0,0
tx_legit_003738,0,433.51,6.0742,103,3,0,1,4,0,0
tx_legit_008353,0,774.01,6.6529,463,1,0,1,1,0,0
tx_legit_001407,0,1195.99,7.0876,817,1,0,1,1,0,0
tx_legit_006824,0,829.58,6.7221,235,1,0,1,1,0,0
tx_legit_002766,0,5473.14,8.6078,200,1,0,1,3,0,0
tx_legit_007175,0,406.65,6.0104,440,1,0,1,1,0,0
tx_legit_004950,0,397.38,5.9874,271,3,0,1,1,0,0
tx_legit_000664,0,1154.55,7.0523,620,1,0,1,2,0,0
tx_legit_008644,0,50.0,3.9318,184,1,0,2,3,0,0
tx_legit_007463,0,411.12,6.0213,805,1,2,1,1,0,0
tx_legit_002148,0,1945.34,7.5737,83,1,0,1,1,0,0
tx_legit_005128,0,333.72,5.8133,337,2,0,1,2,0,0
tx_legit_008346,0,50.0,3.9318,231,1,0,1,1,0,0
tx_legit_004779,0,458.85,6.1309,386,1,0,1,2,0,0
tx_legit_003609,0,601.68,6.4014,79,1,0,1,1,0,0
tx_legit_006706,0,2992.76,8.0043,583,1,1,1,1,0,0
tx_legit_003887,0,740.41,6.6086,731,1,0,1,4,0,0
tx_legit_000625,0,2285.36,7.7347,562,1,0,1,1,0,0
tx_legit_008040,0,186.33,5.2329,80,1,0,1,1,0,0
tx_legit_008971,0,448.06,6.1072,118,1,0,1,4,0,0
tx_legit_005331,0,2328.54,7.7534,864,1,0,1,5,0,0
tx_legit_005985,0,459.34,6.132,479,1,0,1,1,0,0
tx_legit_002250,0,240.87,5.4884,661,1,0,1,1,0,0
tx_legit_000995,0,759.5,6.634,882,1,0,1,1,0,0
tx_legit_007876,0,519.58,6.2549,490,1,0,1,3,0,0
tx_legit_002850,0,1220.72,7.108,787,1,0,1,3,0,0
tx_legit_008451,0,387.27,5.9617,727,1,0,1,1,0,0
tx_legit_006233,0,316.28,5.7598,885,1,0,2,1,0,0
tx_legit_006923,0,428.51,6.0626,220,2,1,1,1,0,0
tx_legit_002066,0,173.99,5.1647,584,1,0,1,4,0,0
tx_legit_005421,0,903.79,6.8077,138,1,0,2,2,0,0
tx_legit_000780,0,788.89,6.6719,153,2,1,1,3,0,0
tx_legit_003723,0,606.73,6.4097,200,2,0,1,1,0,0
tx_legit_002084,0,232.34,5.4525,483,2,0,1,3,0,0
tx_legit_000950,0,232.76,5.4543,843,1,1,1,3,0,0
tx_legit_006733,0,218.83,5.3929,628,1,1,1,1,0,0
tx_legit_000817,0,436.07,6.0801,170,1,0,2,2,0,0
tx_legit_008387,0,646.91,6.4738,471,1,1,2,1,0,0
tx_legit_005820,0,583.07,6.37,625,1,0,1,2,0,0
tx_legit_001110,0,5833.64,8.6716,530,1,1,1,1,0,0
tx_legit_005204,0,167.53,5.1271,756,3,1,1,4,0,0
tx_legit_000299,0,1113.29,7.016,349,2,0,1,1,0,0
tx_legit_004785,0,306.32,5.7279,222,2,0,1,1,0,0
tx_legit_003435,0,742.26,6.611,803,2,0,1,1,0,0
tx_legit_006406,0,369.96,5.9161,688,1,1,1,2,0,0
tx_legit_005500,0,537.72,6.2892,85,1,1,1,2,0,0
tx_legit_008258,0,1130.8,7.0316,773,1,0,1,1,0,0
tx_legit_007363,0,390.84,5.9709,638,1,0,1,3,0,0
tx_legit_007995,0,870.51,6.7702,180,1,0,1,2,0,0
tx_legit_005095,0,606.26,6.409,534,1,0,1,2,0,0
tx_legit_002672,0,930.85,6.8372,355,3,0,2,2,0,0
tx_legit_000837,0,393.75,5.9783,449,1,0,1,3,0,0
tx_legit_005002,0,800.98,6.6871,684,1,1,1,2,0,0
tx_legit_006947,0,357.26,5.8813,145,1,0,1,1,0,0
tx_legit_003240,0,533.28,6.2809,335,1,0,2,2,0,0
tx_legit_000475,0,185.05,5.226,621,1,0,2,1,0,0
tx_legit_005654,0,557.85,6.3259,598,1,0,1,1,0,0
tx_legit_002998,0,774.2,6.6531,426,1,0,1,1,0,0
tx_legit_005450,0,232.78,5.4544,154,1,0,1,1,0,0
tx_legit_006082,0,332.25,5.8089,833,1,0,1,1,0,0
tx_legit_008566,0,364.09,5.9001,889,1,0,1,1,0,0
tx_legit_003797,0,710.98,6.568,94,1,0,1,1,0,0
tx_legit_003663,0,1581.72,7.3669,705,1,0,1,3,0,0
tx_legit_000911,0,538.67,6.291,512,1,0,2,2,0,0
tx_legit_007172,0,2076.32,7.6388,210,1,1,1,1,0,0
tx_legit_008296,0,339.69,5.831,268,2,0,1,1,0,0
tx_legit_008944,0,473.83,6.163,731,2,0,1,1,0,0
tx_legit_004237,0,957.28,6.8651,860,1,0,2,3,0,0
tx_legit_001433,0,1051.12,6.9586,812,1,0,1,2,0,0
tx_legit_005572,0,921.75,6.8274,307,2,0,1,2,0,0
tx_legit_000440,0,128.13,4.8608,387,1,0,1,2,0,0
tx_legit_000686,0,309.2,5.7372,520,2,0,1,1,0,0
tx_legit_004117,0,1097.23,7.0015,280,1,0,1,2,0,0
tx_legit_005723,0,1024.16,6.9326,862,1,0,1,4,0,0
tx_legit_000652,0,957.47,6.8653,744,2,0,2,3,0,0
tx_legit_008175,0,355.58,5.8766,186,1,0,1,1,0,0
tx_legit_003090,0,345.26,5.8472,180,2,0,2,1,0,0
tx_legit_005197,0,1983.33,7.593,821,1,0,1,1,0,0
tx_legit_003457,0,549.07,6.31,326,1,1,1,1,0,0
tx_legit_007837,0,1245.71,7.1283,196,1,0,1,1,0,0
tx_legit_004236,0,514.38,6.2449,815,1,0,1,1,0,0
tx_legit_002175,0,196.56,5.286,779,1,0,1,1,0,0
tx_legit_007953,0,529.63,6.2741,79,1,1,1,1,0,0
tx_legit_007752,0,1843.84,7.5201,90,1,1,3,3,0,0
tx_legit_008617,0,551.73,6.3149,349,2,0,1,3,0,0
tx_legit_000679,0,757.73,6.6316,455,2,2,1,3,0,0
tx_legit_005754,0,867.35,6.7666,185,1,0,1,1,0,0
tx_legit_002749,0,282.32,5.6466,492,2,0,1,1,0,0
tx_legit_008383,0,283.22,5.6497,817,2,0,1,1,0,0
tx_legit_004329,0,473.84,6.163,359,1,0,1,1,0,0
tx_legit_005953,0,908.51,6.8129,661,2,0,1,1,0,0
tx_legit_002590,0,427.92,6.0613,436,1,0,1,1,0,0
tx_legit_007673,0,399.28,5.9922,760,1,0,2,2,0,0
tx_legit_008561,0,942.77,6.8499,481,2,0,1,1,0,0
tx_legit_004406,0,775.96,6.6554,355,1,0,1,1,0,0
tx_legit_008965,0,511.28,6.2389,437,1,0,1,1,0,0
tx_legit_003810,0,1366.92,7.221,664,1,0,1,1,0,0
tx_legit_001147,0,261.09,5.5687,641,4,0,2,2,0,0
tx_legit_005518,0,323.55,5.7824,219,2,1,2,2,0,0
tx_legit_005165,0,1104.31,7.0079,426,1,1,1,1,0,0
tx_legit_003975,0,565.64,6.3397,663,1,0,1,1,0,0
tx_legit_000010,0,776.94,6.6566,898,1,0,1,1,0,0
tx_legit_000076,0,3162.1,8.0593,881,1,1,1,1,0,0
tx_legit_008045,0,2126.97,7.6629,730,1,0,1,1,0,0
tx_legit_007674,0,479.32,6.1745,354,1,0,1,3,0,0
tx_legit_001239,0,696.23,6.5471,482,1,1,1,1,0,0
tx_legit_001929,0,391.43,5.9724,331,1,0,1,1,0,0
tx_legit_000072,0,739.48,6.6073,831,1,0,1,2,0,0
tx_legit_004767,0,420.82,6.0446,288,1,0,1,2,0,0
tx_legit_004647,0,411.88,6.0232,774,1,1,1,1,0,0
tx_legit_008607,0,154.87,5.049,532,1,0,2,1,0,0
tx_legit_001113,0,1083.44,6.9888,661,1,0,1,4,0,0
tx_legit_001561,0,140.34,4.9512,893,2,0,1,1,0,0
tx_legit_005667,0,737.99,6.6053,147,1,0,1,1,0,0
tx_legit_003499,0,2619.8,7.8712,104,1,0,2,2,0,0
tx_legit_009143,0,273.58,5.6152,265,1,0,2,1,0,0
tx_legit_000939,0,1423.38,7.2615,524,1,0,1,1,0,0
tx_legit_008326,0,238.99,5.4806,464,1,0,1,1,0,0
tx_legit_000334,0,293.61,5.6857,539,3,0,1,2,0,0
tx_legit_004050,0,540.91,6.2951,899,1,1,1,3,0,0
tx_legit_004905,0,244.28,5.5024,294,1,1,1,1,0,0
tx_legit_007493,0,1351.9,7.21,197,1,0,1,1,0,0
tx_legit_002631,0,1268.79,7.1466,523,1,0,2,2,0,0
tx_legit_005216,0,504.73,6.226,347,1,0,3,1,0,0
tx_legit_008963,0,780.11,6.6607,360,2,0,1,1,0,0
tx_legit_004104,0,406.37,6.0097,876,1,0,1,1,0,0
tx_legit_007276,0,465.44,6.1451,583,1,0,1,1,0,0
tx_legit_006329,0,268.08,5.595,831,1,0,3,2,0,0
tx_legit_007773,0,1112.18,7.015,482,4,1,1,1,0,0
tx_legit_004900,0,213.1,5.3664,625,2,0,1,1,0,0
tx_legit_008772,0,982.14,6.8908,49,1,0,1,1,0,0
tx_legit_008860,0,201.68,5.3116,163,1,2,1,1,0,0
tx_legit_000976,0,930.94,6.8373,297,2,0,1,2,0,0
tx_legit_000268,0,112.17,4.7289,360,1,0,1,5,0,0
tx_legit_008669,0,499.18,6.215,708,2,0,1,3,0,0
tx_legit_000457,0,268.92,5.5981,436,2,0,1,1,0,0
tx_legit_007934,0,934.46,6.841,369,1,0,1,1,0,0
tx_legit_006087,0,280.69,5.6408,765,1,0,1,3,0,0
tx_legit_004853,0,229.14,5.4387,240,1,1,1,2,0,0
tx_legit_003313,0,238.78,5.4797,255,3,0,1,1,0,0
tx_legit_002864,0,1081.57,6.9871,855,1,0,1,3,0,0
tx_legit_009163,0,1078.31,6.9841,349,1,1,1,2,0,0
tx_legit_003785,0,656.64,6.4887,451,1,0,1,1,0,0
tx_legit_003665,0,162.04,5.094,847,3,0,1,3,0,0
tx_legit_006705,0,257.94,5.5566,533,1,0,1,2,0,0
tx_legit_005127,0,1983.16,7.593,818,1,0,1,1,0,0
tx_legit_008670,0,1246.9,7.1292,809,1,0,1,1,0,0
tx_legit_005772,0,1382.43,7.2323,563,1,0,1,2,0,0
tx_legit_003651,0,240.96,5.4888,622,1,0,1,1,0,0
tx_legit_007248,0,938.47,6.8453,123,1,0,1,1,0,0
tx_legit_000571,0,593.94,6.3885,135,1,0,1,1,0,0
tx_legit_005456,0,571.97,6.3508,881,3,0,2,1,0,0
tx_legit_003832,0,1937.9,7.5699,347,1,0,1,1,0,0
tx_legit_000771,0,150.81,5.0226,606,2,0,2,2,0,0
tx_legit_000242,0,380.83,5.945,498,1,0,1,1,0,0
tx_legit_006808,0,569.72,6.3469,222,1,0,1,2,0,0
tx_legit_001737,0,1142.05,7.0415,320,1,0,1,1,0,0
tx_legit_002029,0,553.13,6.3174,582,2,0,1,3,0,0
tx_legit_000742,0,270.87,5.6053,739,1,0,2,1,0,0
tx_legit_000759,0,200.27,5.3046,545,1,0,1,4,0,0
tx_legit_007456,0,1789.74,7.4904,246,1,0,1,2,0,0
tx_legit_002473,0,389.04,5.9662,521,1,0,2,1,0,0
tx_fraud_000562,1,73397.43,11.2037,7,13,4,2,3,1,1
tx_legit_000392,0,770.01,6.6477,222,1,0,1,1,0,0
tx_legit_006994,0,1739.62,7.462,744,1,0,1,2,0,0
tx_legit_002951,0,680.21,6.5239,296,1,0,1,1,0,0
tx_legit_000227,0,318.48,5.7667,622,3,0,1,2,0,0
tx_legit_000024,0,893.5,6.7963,407,2,0,1,3,0,0
tx_legit_002012,0,947.84,6.8552,726,3,2,1,1,0,0
tx_legit_000891,0,318.6,5.7671,548,1,0,1,1,0,0
tx_legit_002969,0,407.75,6.0131,336,1,0,1,1,0,0
tx_legit_001471,0,761.31,6.6364,593,1,0,1,1,0,0
tx_legit_008675,0,571.09,6.3493,220,2,0,1,1,0,0
tx_fraud_000591,1,61012.65,11.0189,8,11,4,3,4,0,1
tx_legit_008313,0,63.13,4.1609,83,1,0,1,2,0,0
tx_legit_002035,0,1012.33,6.921,84,1,0,1,3,0,0
tx_legit_000580,0,402.9,6.0012,315,1,0,1,1,0,0
tx_legit_007819,0,1012.75,6.9214,378,1,0,1,2,0,0
tx_legit_002464,0,1269.38,7.1471,864,1,0,1,3,0,0
tx_legit_000646,0,2099.45,7.6499,730,2,0,1,1,0,0
tx_legit_000722,0,801.64,6.6879,118,1,0,1,2,0,0
tx_legit_007701,0,262.84,5.5753,871,3,0,1,1,0,0
tx_legit_007861,0,411.53,6.0223,554,1,0,1,2,0,0
tx_legit_008462,0,730.11,6.5946,114,1,0,1,1,0,0
tx_legit_006231,0,336.91,5.8228,559,1,0,1,1,0,0
tx_legit_006290,0,1065.52,6.9722,566,1,0,1,1,0,0
tx_legit_002804,0,1069.57,6.9759,213,1,0,1,1,0,0
tx_legit_004489,0,1362.61,7.2179,658,1,0,1,3,0,0
tx_legit_009072,0,1059.39,6.9664,443,1,0,2,1,0,0
tx_legit_008836,0,348.3,5.8559,457,1,0,1,1,0,0
tx_legit_004963,0,604.15,6.4055,386,1,0,1,1,0,0
tx_legit_003109,0,408.82,6.0157,326,1,0,1,1,0,0
tx_fraud_000543,1,51957.63,10.8582,6,13,5,2,4,1,1
tx_legit_001785,0,464.86,6.1439,80,1,0,1,3,0,0
tx_legit_000340,0,430.19,6.0665,172,1,0,1,1,0,0
tx_legit_001281,0,629.95,6.4472,466,1,0,1,2,0,0
tx_legit_007698,0,426.78,6.0586,466,1,0,1,2,0,0
tx_legit_004954,0,239.76,5.4838,723,2,0,1,1,0,0
tx_legit_001528,0,348.32,5.856,636,1,0,1,1,0,0
tx_legit_002745,0,252.3,5.5346,112,2,0,1,1,0,0
tx_legit_002586,0,419.58,6.0416,626,1,1,1,2,0,0
tx_legit_006374,0,1841.13,7.5187,265,1,0,1,1,0,0
tx_legit_005089,0,446.18,6.103,305,1,1,1,3,0,0
tx_legit_008986,0,514.92,6.246,548,1,0,1,4,0,0
tx_legit_007937,0,290.79,5.676,256,1,1,1,2,0,0
tx_legit_002132,0,1008.8,6.9175,512,1,0,1,3,0,0
tx_legit_008442,0,273.0,5.6131,520,2,0,1,1,0,0
tx_legit_004419,0,501.27,6.2191,857,1,0,1,1,0,0
tx_legit_007190,0,431.79,6.0703,730,2,0,1,1,0,0
tx_legit_007025,0,375.59,5.9312,474,2,0,1,2,0,0
tx_legit_008661,0,464.68,6.1435,571,1,0,2,1,0,0
tx_legit_002104,0,1448.44,7.2789,762,1,0,1,1,0,0
tx_legit_006120,0,585.83,6.3747,784,1,0,1,1,0,0
tx_legit_003787,0,512.04,6.2404,289,1,0,1,1,0,0
tx_legit_003777,0,2929.63,7.983,240,1,1,1,1,0,0
tx_legit_002921,0,557.87,6.3259,91,2,0,1,1,0,0
tx_legit_007552,0,997.64,6.9064,176,1,0,1,2,0,0
tx_legit_002443,0,568.07,6.344,510,1,0,1,2,0,0
tx_legit_002763,0,661.81,6.4965,385,2,0,1,1,0,0
tx_legit_004788,0,525.59,6.2664,261,2,0,2,1,0,0
tx_legit_002854,0,377.09,5.9351,771,2,1,1,3,0,0
tx_legit_000425,0,320.16,5.7719,572,1,1,1,1,0,0
tx_legit_003672,0,869.39,6.7689,169,1,1,1,1,0,0
tx_legit_007170,0,1141.95,7.0414,330,1,0,1,3,0,0
tx_legit_006690,0,824.58,6.7161,832,1,1,1,2,0,0
tx_legit_004975,0,307.04,5.7302,76,1,0,1,2,0,0
tx_legit_002878,0,340.55,5.8335,849,1,0,2,2,0,0
tx_legit_001210,0,500.14,6.2169,775,1,0,2,1,0,0
tx_legit_003459,0,920.5,6.826,155,1,0,1,1,0,0
tx_legit_005427,0,301.16,5.711,132,1,0,1,2,0,0
tx_legit_007748,0,331.55,5.8068,874,1,0,1,1,0,0
tx_legit_009030,0,248.73,5.5204,47,3,0,1,1,0,0
tx_legit_001532,0,185.35,5.2276,738,1,0,1,3,0,0
tx_legit_007193,0,500.12,6.2168,167,1,0,1,1,0,0
tx_legit_002876,0,212.19,5.3622,187,1,0,1,3,0,0
tx_legit_001204,0,145.64,4.988,358,4,0,1,2,0,0
tx_legit_007603,0,389.85,5.9683,336,1,0,1,1,0,0
tx_legit_007370,0,569.18,6.346,521,1,1,1,3,0,0
tx_legit_002929,0,1013.07,6.9217,526,1,0,1,1,0,0
tx_legit_005926,0,196.47,5.2856,408,1,0,1,1,0,0
tx_legit_001051,0,363.17,5.8976,793,1,0,1,1,0,0
tx_legit_000758,0,144.61,4.9809,426,1,0,1,2,0,0
tx_legit_007016,0,1071.26,6.9775,650,1,0,1,1,0,0
tx_legit_003657,0,161.47,5.0905,345,1,0,1,2,0,0
tx_legit_003856,0,521.53,6.2587,578,3,0,2,1,0,0
tx_legit_009142,0,405.74,6.0082,174,2,0,1,1,0,0
tx_legit_005237,0,191.84,5.2619,882,1,0,1,1,0,0
tx_legit_004193,0,1299.61,7.1706,665,1,0,3,1,0,0
tx_legit_002259,0,658.64,6.4917,394,2,0,1,1,0,0
tx_legit_006590,0,496.2,6.209,658,3,0,1,3,0,0
tx_legit_006768,0,281.01,5.6419,771,1,0,1,1,0,0
tx_legit_003462,0,994.57,6.9033,810,1,0,1,2,0,0
tx_legit_000216,0,1105.28,7.0088,487,1,0,1,1,0,0
tx_legit_003501,0,1875.99,7.5374,425,1,0,1,1,0,0
tx_legit_003388,0,600.18,6.3989,490,1,0,1,1,0,0
tx_legit_002422,0,339.26,5.8297,532,1,0,2,1,0,0
tx_legit_000137,0,1088.52,6.9935,394,1,0,1,1,0,0
tx_legit_006489,0,1131.1,7.0318,108,2,0,1,1,0,0
tx_legit_000887,0,138.31,4.9367,736,1,0,1,1,0,0
tx_legit_003101,0,502.87,6.2223,624,2,0,1,3,0,0
tx_legit_005332,0,872.04,6.772,78,2,0,1,1,0,0
tx_legit_003840,0,286.15,5.66,428,1,0,1,2,0,0
tx_legit_008792,0,546.25,6.3049,711,1,0,2,2,0,0
tx_legit_003490,0,544.68,6.302,521,3,0,1,1,0,0
tx_legit_006100,0,942.14,6.8492,351,1,1,1,1,0,0
tx_legit_007509,0,377.4,5.936,584,3,0,1,2,0,0
tx_legit_004417,0,1002.68,6.9114,776,1,0,1,3,0,0
tx_legit_004629,0,965.31,6.8735,327,1,0,2,1,0,0
tx_legit_006785,0,877.44,6.7781,200,1,0,1,2,0,0
tx_legit_007267,0,163.03,5.1,65,1,0,1,1,0,0
tx_legit_004427,0,647.79,6.4751,512,1,0,1,1,0,0
tx_legit_004657,0,307.7,5.7324,139,2,0,1,2,0,0
tx_legit_008683,0,645.26,6.4712,622,1,0,1,2,0,0
tx_legit_005284,0,540.85,6.295,340,1,0,1,2,0,0
tx_legit_002641,0,874.54,6.7748,809,1,0,1,1,0,0
tx_legit_007197,0,395.18,5.9819,172,1,0,2,1,0,0
tx_legit_002046,0,452.1,6.1161,59,1,0,1,1,0,0
tx_legit_004127,0,416.53,6.0344,546,1,0,1,1,0,0
tx_legit_004764,0,276.24,5.6249,756,1,0,1,2,0,0
tx_legit_003645,0,280.04,5.6385,627,1,0,1,1,0,0
tx_legit_000704,0,235.92,5.4677,452,1,0,1,1,0,0
tx_legit_001886,0,944.64,6.8519,348,2,0,1,4,0,0
tx_legit_006803,0,272.61,5.6117,512,4,0,1,1,0,0
tx_legit_002198,0,405.2,6.0068,650,2,0,1,1,0,0
tx_legit_001745,0,340.21,5.8325,36,1,0,1,1,0,0
tx_legit_001056,0,349.9,5.8605,540,2,0,2,5,0,0
tx_legit_004522,0,553.53,6.3181,191,2,0,1,1,0,0
tx_legit_007068,0,818.5,6.7087,202,1,0,1,2,0,0
tx_fraud_000485,1,66643.05,11.1071,2,15,3,2,2,1,1
tx_legit_003150,0,531.11,6.2769,869,1,0,1,1,0,0
tx_legit_007297,0,618.79,6.4294,503,1,0,1,2,0,0
tx_legit_003220,0,1740.04,7.4622,196,1,1,2,1,0,0
tx_legit_000747,0,457.77,6.1285,688,2,0,1,1,0,0
tx_legit_008531,0,406.19,6.0093,665,2,0,2,1,0,0
tx_legit_007840,0,753.78,6.6264,466,2,0,1,1,0,0
tx_legit_008863,0,662.13,6.497,578,1,0,1,1,0,0
tx_legit_005490,0,1531.7,7.3348,323,1,0,3,3,0,0
tx_legit_005025,0,198.73,5.297,360,1,0,1,1,0,0
tx_legit_004929,0,503.73,6.224,368,2,0,1,4,0,0
tx_legit_000557,0,490.92,6.1983,71,1,0,1,2,0,0
tx_legit_008448,0,780.62,6.6614,738,1,0,2,5,0,0
tx_legit_002640,0,511.32,6.2389,610,1,0,2,1,0,0
tx_legit_006793,0,1180.4,7.0745,804,2,0,1,1,0,0
tx_legit_006851,0,301.73,5.7128,876,1,0,1,2,0,0
tx_legit_005105,0,3211.33,8.0748,825,1,0,1,2,0,0
tx_legit_007373,0,505.16,6.2269,847,1,0,1,5,0,0
tx_legit_007920,0,513.63,6.2434,503,1,0,1,2,0,0
tx_legit_006765,0,192.19,5.2637,166,2,0,1,1,0,0
tx_legit_000243,0,828.75,6.7211,222,1,0,1,5,0,0
tx_legit_006256,0,623.84,6.4375,855,1,0,1,1,0,0
tx_legit_005506,0,388.47,5.9648,187,1,1,1,4,0,0
tx_legit_007259,0,1258.19,7.1382,458,1,0,1,1,0,0
tx_legit_009022,0,1277.74,7.1536,654,1,0,1,1,0,0
tx_legit_004189,0,126.46,4.8478,889,1,0,2,2,0,0
tx_legit_006449,0,1162.03,7.0588,373,1,0,2,1,0,0
tx_legit_005403,0,811.89,6.7006,653,1,0,1,2,0,0
tx_legit_007076,0,946.46,6.8538,259,1,0,2,1,0,0
tx_legit_008336,0,334.32,5.8151,670,1,1,1,1,0,0
tx_legit_000213,0,363.82,5.8994,793,1,0,1,1,0,0
tx_legit_004051,0,258.44,5.5585,336,1,1,1,1,0,0
tx_fraud_000547,1,47366.29,10.7657,10,10,6,3,3,0,1
tx_legit_008340,0,737.18,6.6042,367,1,0,1,1,0,0
tx_legit_005273,0,691.74,6.5407,101,1,0,1,1,0,0
tx_legit_005563,0,355.88,5.8774,627,1,0,1,1,0,0
tx_legit_004774,0,419.35,6.0411,319,1,0,1,1,0,0
tx_legit_004538,0,86.66,4.4735,466,1,0,1,2,0,0
tx_legit_007803,0,238.68,5.4793,297,1,1,2,1,0,0
tx_legit_007271,0,218.18,5.3899,527,1,0,3,1,0,0
tx_legit_006181,0,1037.73,6.9458,443,2,0,3,3,0,0
tx_legit_001894,0,512.28,6.2408,834,1,1,1,4,0,0
tx_legit_003917,0,178.34,5.1893,701,1,0,1,3,0,0
tx_legit_000235,0,680.52,6.5243,381,1,0,1,2,0,0
tx_legit_007377,0,472.25,6.1596,734,1,0,1,1,0,0
tx_legit_004105,0,243.35,5.4986,869,1,0,1,1,0,0
tx_legit_002312,0,454.3,6.121,135,1,1,2,3,0,0
tx_legit_006434,0,1491.77,7.3084,102,1,0,2,1,0,0
tx_legit_008254,0,315.76,5.7581,39,2,0,1,1,0,0
tx_legit_002020,0,617.5,6.4273,597,1,0,1,2,0,0
tx_legit_003031,0,383.66,5.9524,350,1,0,1,1,0,0
tx_legit_006354,0,274.66,5.6192,864,1,0,1,1,0,0
tx_legit_008156,0,1325.46,7.1903,320,1,1,1,2,0,0
tx_legit_003815,0,755.38,6.6285,817,1,0,1,1,0,0
tx_legit_001623,0,1121.51,7.0233,415,1,0,1,1,0,0
tx_legit_002946,0,646.74,6.4735,688,1,1,1,1,0,0
tx_legit_007574,0,644.3,6.4697,321,1,0,1,3,0,0
tx_legit_003600,0,361.43,5.8928,62,1,1,1,2,0,0
tx_legit_000718,0,200.43,5.3054,889,1,0,1,2,0,0
tx_legit_006409,0,612.83,6.4197,359,1,0,2,4,0,0
tx_legit_002207,0,574.23,6.3548,328,1,0,1,1,0,0
tx_legit_001788,0,286.67,5.6618,410,1,0,1,1,0,0
tx_legit_007922,0,2051.54,7.6268,84,1,0,1,1,0,0
tx_legit_007621,0,226.85,5.4287,455,1,0,1,1,0,0
tx_legit_004475,0,433.82,6.0749,805,1,0,2,1,0,0
tx_legit_006493,0,352.57,5.8681,456,4,0,1,1,0,0
tx_legit_008012,0,425.29,6.0551,61,1,0,1,2,0,0
tx_legit_007689,0,506.17,6.2288,858,1,0,2,3,0,0
tx_legit_002639,0,1017.31,6.9259,899,1,0,1,1,0,0
tx_legit_001071,0,276.32,5.6252,556,1,0,1,4,0,0
tx_legit_005923,0,554.82,6.3204,654,1,0,1,1,0,0
tx_legit_000662,0,193.92,5.2726,501,1,1,2,2,0,0
tx_legit_003848,0,435.27,6.0783,200,1,0,1,3,0,0
tx_legit_002319,0,337.34,5.8241,736,1,0,1,1,0,0
tx_legit_005826,0,139.9,4.9481,456,1,0,3,1,0,0
tx_legit_006254,0,725.22,6.5879,206,1,0,1,2,0,0
tx_legit_002216,0,545.45,6.3034,540,1,0,2,1,0,0
tx_legit_007146,0,472.91,6.161,843,1,1,1,1,0,0
tx_legit_000164,0,253.16,5.538,93,1,0,1,4,0,0
tx_legit_000871,0,488.78,6.194,604,1,0,1,1,0,0
tx_legit_009097,0,9208.16,9.128,869,1,0,1,4,0,0
tx_legit_004836,0,372.8,5.9237,884,2,0,1,2,0,0
tx_legit_001587,0,212.75,5.3648,866,1,0,3,2,0,0
tx_legit_005724,0,920.97,6.8265,797,1,0,1,2,0,0
tx_legit_003969,0,390.96,5.9712,627,1,0,1,2,0,0
tx_legit_001507,0,855.4,6.7527,188,3,0,1,1,0,0
tx_legit_000492,0,820.26,6.7108,132,1,0,1,1,0,0
tx_legit_006580,0,474.03,6.1634,409,1,0,2,1,0,0
tx_legit_006475,0,132.65,4.8952,446,1,0,2,1,0,0
tx_legit_007287,0,111.24,4.7206,61,1,1,1,2,0,0
tx_legit_004641,0,676.72,6.5187,245,1,0,1,1,0,0
tx_legit_005247,0,1084.92,6.9902,769,1,0,1,1,0,0
tx_legit_004134,0,300.45,5.7086,360,1,0,1,2,0,0
tx_legit_008268,0,111.14,4.7197,206,2,0,1,2,0,0
tx_legit_003661,0,282.45,5.647,661,2,0,1,2,0,0
tx_legit_002830,0,280.13,5.6388,202,2,0,1,4,0,0
tx_legit_006109,0,269.77,5.6013,720,1,0,1,2,0,0
tx_legit_004441,0,424.6,6.0535,593,1,0,1,1,0,0
tx_legit_008716,0,1323.33,7.1887,658,1,0,2,1,0,0
tx_legit_001357,0,654.35,6.4852,684,1,0,1,1,0,0
tx_legit_008265,0,265.04,5.5836,108,1,0,1,1,0,0
tx_legit_004363,0,236.62,5.4707,308,1,0,1,1,0,0
tx_legit_002650,0,212.18,5.3621,826,1,0,1,2,0,0
tx_legit_002220,0,605.04,6.4069,323,1,0,1,1,0,0
tx_legit_007998,0,638.72,6.461,647,1,0,3,1,0,0
tx_legit_004937,0,90.59,4.5173,826,1,0,1,2,0,0
tx_legit_005311,0,215.82,5.3791,575,2,0,1,3,0,0
tx_legit_005233,0,388.87,5.9658,196,1,0,1,1,0,0
tx_legit_004464,0,632.06,6.4506,83,2,0,1,1,0,0
tx_legit_000104,0,1088.01,6.993,215,1,0,1,1,0,0
tx_legit_002429,0,415.28,6.0314,819,1,0,1,1,0,0
tx_legit_008470,0,829.84,6.7224,803,1,0,1,1,0,0
tx_legit_002808,0,1849.11,7.523,547,1,0,1,2,0,0
tx_legit_008509,0,285.03,5.6561,729,1,0,2,1,0,0
tx_legit_004871,0,344.65,5.8454,397,1,1,1,1,0,0
tx_legit_005807,0,197.8,5.2923,751,1,0,1,1,0,0
tx_legit_004668,0,283.49,5.6507,653,2,0,3,2,0,0
tx_legit_001506,0,256.19,5.5498,838,1,0,1,1,0,0
tx_legit_005982,0,498.18,6.213,347,1,0,1,2,0,0
tx_legit_008659,0,419.89,6.0424,630,2,0,1,1,0,0
tx_legit_004766,0,1373.74,7.226,457,3,1,1,1,0,0
tx_legit_003575,0,494.57,6.2057,561,1,0,2,2,0,0
tx_legit_001425,0,942.3,6.8494,547,1,0,1,1,0,0
tx_legit_001241,0,296.86,5.6966,146,1,0,2,1,0,0
tx_legit_007142,0,916.79,6.822,685,1,0,1,1,0,0
tx_legit_007948,0,222.82,5.4108,473,1,0,1,2,0,0
tx_legit_000219,0,399.03,5.9915,645,1,0,1,3,0,0
tx_legit_008249,0,1369.28,7.2228,862,1,0,1,2,0,0
tx_legit_005385,0,533.54,6.2814,231,1,0,2,2,0,0
tx_legit_009187,0,294.17,5.6876,583,2,0,1,1,0,0
tx_legit_002757,0,696.88,6.548,503,1,0,1,1,0,0
tx_legit_000711,0,563.8,6.3365,161,1,0,1,1,0,0
tx_legit_002685,0,1299.4,7.1704,162,2,0,1,3,0,0
tx_legit_008725,0,743.6,6.6128,506,1,0,2,2,0,0
tx_legit_008673,0,397.91,5.9887,374,1,0,3,1,0,0
tx_legit_004725,0,1108.84,7.012,662,1,0,2,1,0,0
tx_legit_003739,0,156.56,5.0598,545,1,0,1,1,0,0
tx_legit_009023,0,436.34,6.0807,887,3,0,1,2,0,0
tx_legit_008718,0,244.17,5.502,404,1,0,1,2,0,0
tx_legit_000381,0,217.21,5.3855,357,1,1,1,3,0,0
tx_legit_007551,0,328.29,5.7969,365,1,0,1,1,0,0
tx_legit_008155,0,908.75,6.8132,175,1,0,1,1,0,0
tx_legit_004605,0,320.03,5.7715,373,2,0,1,1,0,0
tx_legit_000327,0,708.01,6.5639,686,1,1,1,1,0,0
tx_legit_000484,0,732.66,6.598,125,1,0,1,1,0,0
tx_legit_006618,0,601.94,6.4018,802,2,1,1,1,0,0
tx_fraud_000526,1,83675.94,11.3347,9,9,3,3,2,0,1
tx_legit_004966,0,1090.33,6.9952,389,1,0,1,1,0,0
tx_legit_000307,0,278.2,5.6319,899,1,0,1,2,0,0
tx_legit_004601,0,283.67,5.6513,521,4,0,2,1,0,0
tx_legit_002863,0,510.9,6.2381,783,1,0,1,4,0,0
tx_legit_006232,0,289.41,5.6713,414,1,0,1,1,0,0
tx_legit_008476,0,779.61,6.6601,688,1,0,1,1,0,0
tx_legit_008776,0,209.91,5.3514,276,1,0,1,1,0,0
tx_legit_005398,0,608.25,6.4122,315,1,0,1,1,0,0
tx_legit_004598,0,946.23,6.8535,276,2,0,1,1,0,0
tx_legit_006478,0,682.58,6.5273,570,1,0,1,1,0,0
tx_legit_008618,0,1128.58,7.0296,63,1,0,1,3,0,0
tx_legit_001064,0,1234.19,7.119,717,2,0,2,1,0,0
tx_legit_001982,0,533.4,6.2811,185,2,0,1,2,0,0
tx_legit_002050,0,216.9,5.384,546,1,1,1,1,0,0
tx_legit_001355,0,1648.13,7.408,373,1,0,1,1,0,0
tx_legit_007351,0,194.5,5.2756,834,1,0,1,1,0,0
tx_legit_004600,0,273.67,5.6156,41,1,0,1,1,0,0
tx_legit_007066,0,268.69,5.5973,572,1,0,1,2,0,0
tx_legit_004936,0,291.75,5.6793,297,1,1,1,1,0,0
tx_legit_007759,0,293.28,5.6845,572,1,0,1,1,0,0
tx_legit_008831,0,374.63,5.9286,116,2,0,2,1,0,0
tx_legit_007312,0,860.22,6.7583,855,1,0,1,3,0,0
tx_legit_003537,0,618.07,6.4282,70,1,1,1,1,0,0
tx_legit_001228,0,250.91,5.5291,336,1,2,1,4,0,0
tx_legit_009133,0,640.85,6.4644,209,1,0,3,2,0,0
tx_legit_008327,0,631.64,6.4499,775,1,0,1,1,0,0
tx_legit_005104,0,717.33,6.5769,101,3,0,1,1,0,0
tx_legit_004183,0,664.85,6.5011,150,1,0,3,2,0,0
tx_legit_000378,0,425.78,6.0563,490,1,0,1,3,0,0
tx_legit_006179,0,1397.19,7.2429,817,2,0,1,1,0,0
tx_legit_001148,0,423.23,6.0503,261,1,0,1,1,0,0
tx_legit_000624,0,1039.82,6.9478,452,1,0,1,1,0,0
tx_legit_004897,0,1141.77,7.0412,868,1,0,2,1,0,0
tx_legit_002677,0,681.39,6.5256,732,1,0,1,2,0,0
tx_legit_006862,0,184.27,5.2218,892,1,0,1,1,0,0
tx_legit_000671,0,863.35,6.762,336,1,0,1,2,0,0
tx_legit_002278,0,731.94,6.5971,630,1,2,1,1,0,0
tx_legit_002036,0,766.94,6.6437,209,1,1,1,1,0,0
tx_legit_005360,0,684.79,6.5306,566,3,0,1,2,0,0
tx_legit_004144,0,210.07,5.3522,700,1,0,1,1,0,0
tx_legit_003769,0,917.97,6.8233,305,1,0,2,1,0,0
tx_legit_002384,0,609.77,6.4147,505,1,0,1,3,0,0
tx_legit_001333,0,850.51,6.747,137,1,0,1,3,0,0
tx_legit_006379,0,195.55,5.2809,774,2,0,1,1,0,0
tx_legit_000456,0,375.06,5.9297,196,1,0,3,1,0,0
tx_legit_000656,0,283.2,5.6497,813,2,0,3,1,0,0
tx_legit_001198,0,287.4,5.6643,444,1,0,1,1,0,0
tx_legit_000850,0,237.64,5.475,495,2,0,1,1,0,0
tx_legit_006414,0,386.26,5.9591,202,1,0,1,2,0,0
tx_legit_007715,0,353.64,5.8711,692,1,0,1,1,0,0
tx_legit_005699,0,250.46,5.5273,501,1,0,1,3,0,0
tx_legit_007605,0,737.98,6.6053,143,2,1,2,1,0,0
tx_legit_006296,0,273.33,5.6143,396,4,0,2,1,0,0
tx_legit_007251,0,301.09,5.7107,840,1,1,1,1,0,0
tx_legit_007755,0,1071.63,6.9779,110,2,1,1,1,0,0
tx_legit_000848,0,165.53,5.1152,551,2,0,1,1,0,0
tx_legit_002130,0,403.81,6.0034,424,1,0,1,2,0,0
tx_legit_003235,0,628.8,6.4454,576,1,0,1,2,0,0
tx_legit_001934,0,1524.27,7.3299,510,1,0,1,1,0,0
tx_legit_000296,0,1027.81,6.9362,356,1,0,1,1,0,0
tx_fraud_000391,1,10974.19,9.3034,5,5,3,3,5,1,1
tx_legit_002219,0,586.69,6.3762,729,1,0,1,2,0,0
tx_legit_003970,0,1271.33,7.1486,843,3,0,1,1,0,0
tx_legit_000602,0,970.36,6.8787,280,2,0,1,4,0,0
tx_legit_003038,0,317.29,5.763,467,1,0,1,1,0,0
tx_legit_004175,0,144.69,4.9815,493,1,0,1,1,0,0
tx_fraud_000504,1,56087.88,10.9347,10,15,3,1,4,0,1
tx_legit_004947,0,879.52,6.7805,591,1,0,1,2,0,0
tx_legit_004411,0,1186.52,7.0796,451,1,0,1,4,0,0
tx_legit_003201,0,510.6,6.2375,112,1,1,1,1,0,0
tx_legit_007731,0,538.5,6.2906,615,1,0,1,1,0,0
tx_legit_007877,0,250.98,5.5293,344,1,0,1,1,0,0
tx_legit_007040,0,731.95,6.5971,251,2,0,1,4,0,0
tx_legit_006111,0,384.93,5.9557,292,1,0,1,1,0,0
tx_legit_003390,0,1539.95,7.3402,252,1,0,1,1,0,0
tx_legit_008721,0,196.44,5.2854,350,1,0,2,1,0,0
tx_legit_006230,0,870.11,6.7698,805,1,0,1,1,0,0
tx_legit_001159,0,676.76,6.5188,871,1,1,1,2,0,0
tx_legit_005961,0,252.09,5.5337,315,1,0,3,1,0,0
tx_legit_008811,0,1672.03,7.4224,517,1,0,1,1,0,0
tx_legit_001670,0,181.77,5.2082,402,1,0,1,4,0,0
tx_legit_003113,0,178.39,5.1896,240,1,0,1,4,0,0
tx_legit_001932,0,428.85,6.0634,91,1,0,1,1,0,0
tx_legit_003834,0,536.2,6.2864,220,1,0,1,2,0,0
tx_legit_002740,0,725.17,6.5878,831,1,0,1,3,0,0
tx_legit_002090,0,1342.56,7.2031,360,1,1,1,1,0,0
tx_fraud_000382,1,6339.63,8.7547,2,6,2,4,6,1,1
tx_legit_006804,0,465.9,6.1461,547,1,0,1,1,0,0
tx_legit_001600,0,343.5,5.8421,110,2,0,1,2,0,0
tx_legit_002783,0,1048.97,6.9565,389,1,0,1,1,0,0
tx_legit_002898,0,290.91,5.6764,206,1,0,1,4,0,0
tx_legit_003646,0,248.48,5.5194,726,2,0,2,1,0,0
tx_legit_006346,0,708.89,6.5651,257,2,0,1,1,0,0
tx_legit_005613,0,329.36,5.8002,332,4,0,2,1,0,0
tx_legit_008748,0,232.25,5.4521,125,1,0,1,2,0,0
tx_legit_005525,0,262.24,5.5731,788,2,0,1,2,0,0
tx_legit_008933,0,418.03,6.0379,430,1,0,1,2,0,0
tx_legit_002061,0,491.72,6.1999,220,1,0,1,2,0,0
tx_legit_005876,0,451.48,6.1147,152,1,1,2,1,0,0
tx_legit_005971,0,990.16,6.8989,333,2,0,1,1,0,0
tx_legit_006575,0,802.76,6.6893,576,1,0,1,2,0,0
tx_legit_005217,0,278.89,5.6344,819,1,0,3,1,0,0
tx_legit_000030,0,302.76,5.7162,876,3,0,3,1,0,0
tx_legit_008196,0,364.95,5.9025,36,1,0,1,1,0,0
tx_legit_001197,0,347.01,5.8522,331,2,1,1,1,0,0
tx_legit_001812,0,2733.32,7.9136,412,1,0,1,1,0,0
tx_legit_001998,0,1098.37,7.0025,720,1,0,1,2,0,0
tx_legit_009064,0,578.64,6.3624,373,4,0,1,1,0,0
tx_legit_006721,0,864.28,6.7631,356,1,0,1,3,0,0
tx_legit_001215,0,700.54,6.5533,250,1,2,1,1,0,0
tx_legit_000476,0,190.72,5.256,481,1,0,1,1,0,0
tx_legit_002886,0,237.53,5.4745,259,2,0,1,1,0,0
tx_legit_002330,0,791.2,6.6748,167,3,0,1,1,0,0
tx_legit_001095,0,574.16,6.3546,737,2,0,1,1,0,0
tx_legit_001866,0,582.1,6.3684,705,2,0,1,1,0,0
tx_legit_006526,0,418.34,6.0387,512,1,0,1,1,0,0
tx_legit_000266,0,1152.57,7.0506,523,2,0,3,2,0,0
tx_legit_000800,0,457.21,6.1273,413,2,0,1,2,0,0
tx_fraud_000631,1,71247.52,11.1739,8,7,4,3,2,0,1
tx_legit_000812,0,197.01,5.2883,827,1,0,1,2,0,0
tx_legit_007024,0,506.0,6.2285,34,1,0,1,2,0,0
tx_legit_002371,0,265.2,5.5842,707,1,0,1,2,0,0
tx_legit_002025,0,1359.44,7.2156,816,2,0,1,1,0,0
tx_legit_004993,0,133.96,4.905,763,1,0,1,1,0,0
tx_legit_004284,0,774.44,6.6534,887,1,0,1,2,0,0
tx_legit_001054,0,733.37,6.599,595,1,0,1,1,0,0
tx_legit_008614,0,203.21,5.3191,458,1,0,1,2,0,0
tx_legit_005712,0,669.46,6.508,640,2,0,1,1,0,0
tx_legit_008871,0,472.18,6.1595,165,3,0,2,1,0,0
tx_legit_003319,0,1329.72,7.1935,259,2,0,1,1,0,0
tx_legit_001023,0,308.26,5.7342,878,3,0,1,1,0,0
tx_legit_003779,0,159.6,5.0789,70,1,0,1,1,0,0
tx_legit_005188,0,660.07,6.4939,171,1,0,1,2,0,0
tx_legit_001212,0,624.17,6.438,378,1,0,1,1,0,0
tx_legit_006545,0,372.93,5.9241,699,1,0,1,2,0,0
tx_legit_005562,0,751.91,6.6239,98,1,0,1,1,0,0
tx_legit_005352,0,542.81,6.2986,462,1,0,1,1,0,0
tx_legit_007679,0,1077.84,6.9836,206,1,0,1,1,0,0
tx_legit_005344,0,148.86,5.0097,731,1,0,1,1,0,0
tx_legit_001242,0,116.5,4.7664,269,2,0,1,1,0,0
tx_legit_002545,0,189.11,5.2476,51,1,0,1,2,0,0
tx_legit_003355,0,523.33,6.2621,876,1,0,1,3,0,0
tx_legit_007144,0,281.5,5.6437,641,1,0,1,1,0,0
tx_legit_004366,0,636.93,6.4582,99,1,0,1,1,0,0
tx_legit_006774,0,1574.81,7.3625,757,1,0,1,2,0,0
tx_legit_003602,0,238.12,5.477,194,1,0,1,2,0,0
tx_legit_002983,0,229.86,5.4418,305,2,0,1,1,0,0
tx_legit_005435,0,2018.83,7.6108,758,2,0,1,2,0,0
tx_legit_008024,0,275.04,5.6205,445,1,0,1,1,0,0
tx_legit_006000,0,398.13,5.9893,559,1,0,1,1,0,0
tx_legit_002283,0,241.2,5.4898,354,1,0,1,2,0,0
tx_legit_008468,0,162.7,5.098,542,1,0,1,1,0,0
tx_legit_000975,0,1014.1,6.9227,74,1,0,2,3,0,0
tx_legit_002014,0,311.2,5.7436,539,1,0,1,2,0,0
tx_legit_006203,0,290.0,5.6733,898,1,0,1,1,0,0
tx_legit_003428,0,497.32,6.2112,31,1,0,1,1,0,0
tx_legit_008950,0,622.95,6.4361,762,1,0,1,3,0,0
tx_legit_001728,0,335.13,5.8175,122,1,1,1,1,0,0
tx_legit_005486,0,166.51,5.121,771,1,0,1,1,0,0
tx_legit_006969,0,836.12,6.73,545,1,0,2,1,0,0
tx_legit_007585,0,612.69,6.4195,561,1,0,2,1,0,0
tx_legit_000823,0,432.21,6.0712,783,1,0,1,3,0,0
tx_legit_005813,0,2225.67,7.7083,288,1,0,1,1,0,0
tx_legit_009051,0,518.02,6.2519,52,1,0,1,1,0,0
tx_legit_001927,0,235.35,5.4653,410,2,0,1,1,0,0
tx_legit_003029,0,2683.02,7.8951,871,1,0,1,1,0,0
tx_legit_000122,0,528.22,6.2714,97,2,0,1,2,0,0
tx_legit_005725,0,305.02,5.7237,541,2,0,2,1,0,0
tx_legit_004275,0,513.03,6.2423,568,1,0,1,1,0,0
tx_legit_004261,0,222.06,5.4074,166,1,1,1,2,0,0
tx_legit_007575,0,797.96,6.6833,63,1,0,1,1,0,0
tx_legit_005520,0,887.41,6.7894,866,3,0,1,1,0,0
tx_legit_002171,0,456.07,6.1248,283,1,0,1,1,0,0
tx_fraud_000335,1,6391.11,8.7628,0,6,1,5,6,1,1
tx_legit_004096,0,424.47,6.0532,70,1,0,1,4,0,0
tx_legit_004079,0,1610.8,7.3851,586,1,0,1,1,0,0
tx_legit_005825,0,700.0,6.5525,863,1,0,1,1,0,0
tx_fraud_000552,1,85248.98,11.3533,6,7,7,3,4,1,1
tx_legit_009118,0,848.58,6.7447,420,1,0,1,1,0,0
tx_legit_007537,0,585.6,6.3743,74,1,0,1,1,0,0
tx_legit_000426,0,843.39,6.7386,311,1,0,1,1,0,0
tx_legit_006828,0,692.22,6.5413,593,2,0,1,2,0,0
tx_legit_005300,0,530.58,6.2759,322,1,0,1,1,0,0
tx_legit_003708,0,2841.0,7.9523,350,2,1,1,2,0,0
tx_legit_007869,0,853.35,6.7503,555,1,0,1,2,0,0
tx_legit_004884,0,272.56,5.6115,810,1,0,1,2,0,0
tx_legit_001034,0,209.09,5.3475,426,1,0,1,1,0,0
tx_legit_003982,0,218.5,5.3914,291,2,0,1,4,0,0
tx_legit_001970,0,845.67,6.7413,601,1,0,1,2,0,0
tx_legit_007807,0,393.68,5.9781,42,1,0,1,1,0,0
tx_legit_003758,0,315.11,5.7561,541,1,0,1,5,0,0
tx_legit_008542,0,113.38,4.7395,141,1,0,1,2,0,0
tx_legit_002535,0,275.05,5.6206,811,2,0,1,3,0,0
tx_legit_004803,0,691.04,6.5396,356,2,0,1,1,0,0
tx_legit_000916,0,684.79,6.5306,272,1,0,2,1,0,0
tx_legit_008524,0,389.63,5.9678,879,1,0,1,2,0,0
tx_legit_000905,0,552.97,6.3171,805,1,0,1,2,0,0
tx_legit_001391,0,175.53,5.1735,542,3,1,1,1,0,0
tx_legit_006532,0,439.32,6.0875,70,4,0,1,1,0,0
tx_legit_002335,0,494.16,6.2049,634,1,0,1,3,0,0
tx_legit_007224,0,420.51,6.0438,389,1,0,1,2,0,0
tx_legit_004585,0,694.52,6.5447,443,1,0,1,4,0,0
tx_legit_000752,0,2197.51,7.6955,553,1,0,1,3,0,0
tx_legit_006915,0,1175.87,7.0706,315,2,0,1,2,0,0
tx_legit_005496,0,990.84,6.8996,743,1,0,1,1,0,0
tx_legit_000847,0,145.17,4.9848,440,1,0,1,3,0,0
tx_legit_004807,0,206.12,5.3333,565,1,0,2,4,0,0
tx_legit_001036,0,876.44,6.777,838,1,0,1,1,0,0
tx_legit_005138,0,537.1,6.288,563,2,0,1,1,0,0
tx_legit_000186,0,574.7,6.3556,174,1,0,1,4,0,0
tx_legit_008569,0,794.41,6.6789,123,1,0,1,1,0,0
tx_legit_004702,0,299.57,5.7057,417,1,0,1,1,0,0
tx_legit_004206,0,456.03,6.1247,315,1,1,2,1,0,0
tx_legit_000407,0,449.14,6.1096,768,1,0,1,1,0,0
tx_legit_009110,0,384.59,5.9548,860,1,0,1,2,0,0
tx_fraud_000538,1,77612.33,11.2595,9,12,4,3,4,0,1
tx_legit_008755,0,937.63,6.8444,334,1,0,1,1,0,0
tx_legit_001663,0,433.11,6.0733,201,1,0,1,1,0,0
tx_legit_007571,0,274.12,5.6172,280,1,0,1,3,0,0
tx_legit_005611,0,596.04,6.392,70,1,0,1,2,0,0
tx_legit_006298,0,111.45,4.7225,496,1,0,1,1,0,0
tx_legit_008642,0,1335.17,7.1976,145,1,0,1,3,0,0
tx_legit_002828,0,519.07,6.254,436,1,0,1,5,0,0
tx_legit_002265,0,1954.33,7.5783,808,1,0,1,1,0,0
tx_legit_003471,0,963.35,6.8715,494,2,0,1,1,0,0
tx_legit_007006,0,737.99,6.6053,271,1,0,2,1,0,0
tx_legit_007131,0,521.39,6.2584,334,2,0,1,1,0,0
tx_legit_009172,0,537.11,6.2881,92,1,0,2,1,0,0
tx_legit_006669,0,674.27,6.5151,641,1,0,1,1,0,0
tx_legit_003206,0,231.6,5.4493,563,4,0,1,3,0,0
tx_legit_001977,0,384.34,5.9541,568,1,0,1,1,0,0
tx_legit_006718,0,592.93,6.3868,824,1,0,1,1,0,0
tx_legit_007355,0,585.77,6.3746,406,1,1,1,2,0,0
tx_legit_000086,0,173.47,5.1618,578,2,0,1,1,0,0
tx_legit_000670,0,314.85,5.7553,660,2,0,1,1,0,0
tx_legit_001617,0,711.4,6.5686,288,4,0,1,3,0,0
tx_legit_005087,0,934.51,6.8411,733,2,0,1,1,0,0
tx_legit_008711,0,836.42,6.7303,56,2,1,1,1,0,0
tx_legit_005921,0,538.94,6.2915,833,1,0,1,1,0,0
tx_legit_003573,0,1530.03,7.3337,45,1,0,1,1,0,0
tx_fraud_000606,1,40892.47,10.6187,10,14,5,2,2,0,1
tx_legit_000304,0,253.13,5.5378,345,1,0,1,3,0,0
tx_legit_001703,0,124.68,4.8337,812,2,0,1,2,0,0
tx_legit_005732,0,203.67,5.3214,862,1,0,1,1,0,0
tx_legit_001162,0,151.48,5.027,443,1,0,1,4,0,0
tx_legit_004864,0,666.7,6.5038,212,1,0,3,1,0,0
tx_legit_007852,0,190.01,5.2523,767,1,0,1,1,0,0
tx_fraud_000524,1,69553.98,11.1499,8,7,7,1,2,0,1
tx_legit_003837,0,465.77,6.1458,336,1,0,1,3,0,0
tx_legit_005229,0,183.41,5.2172,708,1,0,1,1,0,0
tx_fraud_000508,1,78416.66,11.2698,3,7,3,2,1,1,1
tx_legit_005805,0,1127.87,7.029,196,1,1,1,3,0,0
tx_legit_004907,0,200.19,5.3042,534,1,0,1,1,0,0
tx_legit_004673,0,1144.18,7.0433,323,1,1,1,1,0,0
tx_legit_002027,0,356.23,5.8784,348,1,0,1,3,0,0
tx_legit_004983,0,416.18,6.0335,512,1,0,1,1,0,0
tx_legit_004861,0,433.27,6.0737,809,3,0,1,1,0,0
tx_legit_004059,0,1100.53,7.0045,824,1,0,1,1,0,0
tx_legit_006442,0,244.07,5.5015,428,2,0,1,1,0,0
tx_fraud_000589,1,84261.36,11.3417,7,11,3,1,2,1,1
tx_legit_007328,0,155.97,5.0561,484,4,1,1,2,0,0
tx_legit_005902,0,1321.9,7.1876,545,1,0,1,1,0,0
tx_legit_001958,0,141.77,4.9612,173,1,0,1,4,0,0
tx_legit_000811,0,500.63,6.2179,181,2,0,2,1,0,0
tx_legit_008446,0,308.16,5.7339,77,1,0,1,1,0,0
tx_legit_003111,0,319.46,5.7698,137,1,0,1,2,0,0
tx_legit_001017,0,447.66,6.1063,514,1,0,1,2,0,0
tx_legit_007870,0,363.67,5.899,184,1,0,1,1,0,0
tx_legit_000369,0,253.03,5.5375,898,3,0,1,2,0,0
tx_legit_000741,0,214.35,5.3723,707,1,0,1,1,0,0
tx_legit_004331,0,178.35,5.1893,345,1,0,1,1,0,0
tx_legit_005960,0,268.59,5.5969,803,2,0,1,3,0,0
tx_legit_005497,0,411.11,6.0213,97,2,0,1,1,0,0
tx_legit_007785,0,3410.85,8.135,748,2,0,1,5,0,0
tx_legit_003578,0,1168.62,7.0644,31,1,0,1,3,0,0
tx_legit_003668,0,181.77,5.2082,862,1,0,1,1,0,0
tx_legit_002524,0,98.87,4.6039,751,2,0,1,2,0,0
tx_legit_007171,0,1064.53,6.9712,316,1,0,1,3,0,0
tx_fraud_000411,1,10634.58,9.272,4,5,2,3,2,1,1
tx_legit_000564,0,270.53,5.6041,713,1,0,1,1,0,0
tx_legit_005288,0,935.73,6.8424,641,1,0,1,1,0,0
tx_legit_002607,0,402.19,5.9994,125,1,0,1,1,0,0
tx_legit_009188,0,1193.33,7.0853,479,1,0,1,1,0,0
tx_legit_003050,0,688.89,6.5365,164,1,0,1,2,0,0
tx_legit_000018,0,1659.07,7.4146,355,1,0,1,1,0,0
tx_legit_000677,0,3461.48,8.1497,116,1,0,3,1,0,0
tx_legit_004032,0,125.24,4.8382,464,2,0,1,2,0,0
tx_legit_003368,0,421.79,6.0469,104,2,0,1,1,0,0
tx_legit_004938,0,236.55,5.4704,735,1,0,1,2,0,0
tx_legit_003405,0,300.16,5.7076,494,1,0,1,1,0,0
tx_legit_006953,0,182.85,5.2141,318,1,0,1,1,0,0
tx_legit_009191,0,467.36,6.1492,617,1,0,1,1,0,0
tx_legit_006333,0,301.38,5.7117,430,3,0,1,1,0,0
tx_legit_001555,0,153.82,5.0423,97,1,1,1,2,0,0
tx_legit_000880,0,797.66,6.6829,665,1,0,1,1,0,0
tx_legit_002467,0,217.65,5.3875,713,2,0,2,4,0,0
tx_legit_000036,0,635.79,6.4564,718,1,0,1,1,0,0
tx_legit_006540,0,468.64,6.152,833,1,0,1,1,0,0
tx_legit_004405,0,998.97,6.9077,209,1,0,1,1,0,0
tx_legit_006773,0,218.29,5.3904,122,1,0,2,1,0,0
tx_legit_001682,0,251.16,5.5301,227,2,0,1,1,0,0
tx_legit_008219,0,468.01,6.1506,494,1,1,1,2,0,0
tx_legit_002157,0,808.18,6.696,202,3,0,1,2,0,0
tx_legit_001599,0,1220.16,7.1076,41,1,0,1,1,0,0
tx_legit_006178,0,511.61,6.2395,754,1,0,1,1,0,0
tx_legit_002838,0,339.9,5.8316,373,1,0,1,1,0,0
tx_legit_002953,0,241.31,5.4902,294,1,0,1,3,0,0
tx_legit_006904,0,527.19,6.2695,106,2,0,1,1,0,0
tx_legit_004359,0,191.16,5.2583,463,1,0,2,1,0,0
tx_legit_004244,0,705.15,6.5598,209,1,0,1,3,0,0
tx_legit_008135,0,305.94,5.7267,363,1,0,2,2,0,0
tx_legit_000357,0,263.39,5.5774,136,1,0,1,3,0,0
tx_legit_000910,0,322.69,5.7798,147,1,1,2,2,0,0
tx_legit_007475,0,495.1,6.2068,612,1,0,1,4,0,0
tx_legit_001038,0,1137.0,7.037,321,1,0,2,1,0,0
tx_legit_004576,0,195.77,5.282,360,1,0,1,1,0,0
tx_legit_000158,0,283.5,5.6507,893,1,1,1,1,0,0
tx_legit_003104,0,429.21,6.0643,234,3,0,1,1,0,0
tx_legit_008733,0,300.9,5.7101,848,1,0,2,1,0,0
tx_legit_000482,0,393.4,5.9774,466,1,0,1,1,0,0
tx_legit_007873,0,453.84,6.1199,138,1,0,1,3,0,0
tx_legit_006739,0,260.58,5.5667,419,1,0,2,1,0,0
tx_legit_005164,0,935.09,6.8417,552,1,0,1,1,0,0
tx_fraud_000518,1,42153.74,10.6491,7,7,3,1,2,1,1
tx_legit_007477,0,1618.16,7.3897,137,1,0,1,2,0,0
tx_legit_004070,0,582.49,6.369,426,3,0,1,2,0,0
tx_legit_001805,0,604.79,6.4065,355,1,0,2,1,0,0
tx_fraud_000340,1,15954.02,9.6775,4,5,2,5,5,1,1
tx_legit_004684,0,1741.6,7.4631,407,1,1,1,2,0,0
tx_legit_008431,0,291.3,5.6778,781,2,0,1,3,0,0
tx_legit_001989,0,322.79,5.7801,88,1,0,3,5,0,0
tx_legit_002799,0,552.45,6.3162,547,4,0,2,3,0,0
tx_legit_004575,0,101.29,4.6278,70,1,0,1,1,0,0
tx_legit_008746,0,2728.44,7.9119,756,1,0,1,2,0,0
tx_legit_006142,0,644.73,6.4704,186,1,1,1,1,0,0
tx_legit_000144,0,677.85,6.5204,871,3,0,1,1,0,0
tx_legit_008310,0,1016.73,6.9253,736,3,0,1,1,0,0
tx_legit_003493,0,189.46,5.2494,658,1,0,1,1,0,0
tx_legit_000461,0,580.14,6.365,827,2,0,1,1,0,0
tx_legit_007102,0,186.09,5.2316,336,1,0,1,1,0,0
tx_legit_008315,0,159.7,5.0795,774,1,0,1,1,0,0
tx_legit_004027,0,329.96,5.802,276,1,0,1,2,0,0
tx_legit_001746,0,468.82,6.1523,283,2,0,1,2,0,0
tx_legit_006883,0,306.24,5.7276,836,1,0,1,1,0,0
tx_legit_003487,0,857.73,6.7555,538,2,0,1,1,0,0
tx_legit_007630,0,302.43,5.7152,726,1,0,1,4,0,0
tx_legit_007478,0,517.77,6.2515,542,1,0,1,1,0,0
tx_legit_004227,0,198.8,5.2973,222,4,0,1,1,0,0
tx_fraud_000419,1,16174.88,9.6913,4,7,2,3,2,1,1
tx_legit_004247,0,1459.02,7.2862,707,2,0,1,1,0,0
tx_legit_000906,0,110.04,4.7099,733,1,0,1,1,0,0
tx_legit_008794,0,240.56,5.4871,880,1,0,1,1,0,0
tx_legit_004683,0,1184.8,7.0782,576,2,0,1,1,0,0
tx_legit_002856,0,359.25,5.8868,101,1,1,1,5,0,0
tx_legit_006584,0,221.43,5.4046,503,1,0,1,1,0,0
tx_legit_009104,0,806.63,6.6941,182,1,0,1,1,0,0
tx_legit_004264,0,337.95,5.8259,111,1,0,1,1,0,0
tx_legit_001006,0,213.73,5.3694,621,2,0,1,1,0,0
tx_legit_007572,0,897.48,6.8007,407,1,0,1,1,0,0
tx_legit_003753,0,790.58,6.674,741,1,0,1,2,0,0
tx_legit_002165,0,301.01,5.7105,381,1,0,1,2,0,0
tx_legit_001466,0,633.76,6.4532,377,2,0,1,2,0,0
tx_legit_001275,0,930.42,6.8367,232,1,2,1,1,0,0
tx_legit_000978,0,652.13,6.4818,763,1,0,1,1,0,0
tx_legit_005510,0,103.64,4.6505,896,1,0,2,3,0,0
tx_legit_009011,0,506.56,6.2296,341,1,0,1,2,0,0
tx_legit_002140,0,436.67,6.0815,412,1,0,1,1,0,0
tx_legit_008850,0,371.24,5.9195,193,1,0,1,2,0,0
tx_legit_005329,0,315.78,5.7582,130,1,0,1,2,0,0
tx_legit_007975,0,360.43,5.8901,325,1,0,1,2,0,0
tx_legit_007417,0,429.07,6.0639,492,2,1,1,1,0,0
tx_legit_006032,0,436.62,6.0814,598,1,0,1,1,0,0
tx_legit_003872,0,277.92,5.6309,273,2,0,1,1,0,0
tx_legit_009054,0,1725.17,7.4537,822,1,0,1,1,0,0
tx_legit_001060,0,460.63,6.1348,490,1,0,1,1,0,0
tx_legit_007461,0,245.41,5.507,68,1,0,1,1,0,0
tx_legit_001520,0,288.41,5.6678,467,2,0,1,1,0,0
tx_legit_002241,0,2507.85,7.8276,835,1,0,1,3,0,0
tx_fraud_000619,1,76897.83,11.2502,2,13,3,2,2,1,1
tx_legit_004885,0,672.94,6.5131,630,3,0,1,2,0,0
tx_fraud_000590,1,88198.19,11.3874,7,10,4,1,2,1,1
tx_legit_002015,0,635.22,6.4555,561,2,0,1,2,0,0
tx_legit_008282,0,811.26,6.6998,71,2,0,1,2,0,0
tx_legit_003230,0,457.13,6.1272,353,2,0,1,3,0,0
tx_legit_002023,0,995.99,6.9047,97,1,0,1,2,0,0
tx_legit_006535,0,801.33,6.6875,490,1,0,1,2,0,0
tx_legit_001388,0,321.18,5.7751,182,1,0,1,1,0,0
tx_legit_002247,0,442.62,6.095,597,1,0,1,1,0,0
tx_legit_009038,0,913.56,6.8184,436,1,0,1,3,0,0
tx_legit_002906,0,861.31,6.7596,599,2,0,2,1,0,0
tx_legit_000078,0,614.47,6.4224,717,3,0,1,2,0,0
tx_legit_006338,0,884.7,6.7864,169,1,0,1,1,0,0
tx_legit_007986,0,262.81,5.5752,678,1,0,1,1,0,0
tx_legit_005524,0,140.7,4.9537,356,1,0,1,2,0,0
tx_legit_007775,0,262.11,5.5726,530,1,0,1,1,0,0
tx_legit_004131,0,1241.25,7.1247,278,1,1,1,2,0,0
tx_legit_003965,0,241.72,5.4919,445,3,0,1,1,0,0
tx_legit_004762,0,534.33,6.2829,687,2,0,1,3,0,0
tx_legit_005907,0,932.39,6.8388,478,1,0,1,1,0,0
tx_legit_008031,0,320.24,5.7722,707,1,0,1,2,0,0
tx_legit_002974,0,966.84,6.8751,244,1,0,1,1,0,0
tx_legit_001738,0,605.71,6.4081,520,1,0,1,2,0,0
tx_legit_003341,0,306.44,5.7283,895,1,0,1,1,0,0
tx_legit_001319,0,242.13,5.4936,860,1,0,1,1,0,0
tx_legit_000638,0,294.41,5.6884,526,1,0,1,1,0,0
tx_legit_007506,0,468.93,6.1526,395,1,0,1,3,0,0
tx_legit_004922,0,97.98,4.5949,655,1,0,1,2,0,0
tx_legit_007352,0,335.78,5.8194,311,1,0,1,2,0,0
tx_legit_000659,0,673.7,6.5143,63,1,0,1,2,0,0
tx_legit_003920,0,439.99,6.089,729,1,0,2,1,0,0
tx_legit_002945,0,507.38,6.2312,618,1,0,2,1,0,0
tx_legit_007641,0,677.69,6.5202,713,1,0,1,1,0,0
tx_legit_000506,0,360.35,5.8898,273,1,0,1,2,0,0
tx_legit_001294,0,480.68,6.1773,860,1,0,1,1,0,0
tx_legit_007730,0,385.17,5.9563,60,1,0,1,4,0,0
tx_legit_008023,0,1323.48,7.1888,81,1,0,1,1,0,0
tx_legit_002853,0,1996.85,7.5998,445,2,0,1,1,0,0
tx_legit_003361,0,598.78,6.3966,594,1,0,1,1,0,0
tx_legit_002702,0,948.34,6.8558,566,1,2,1,1,0,0
tx_legit_005766,0,1012.01,6.9207,319,3,0,1,1,0,0
tx_legit_005810,0,229.72,5.4412,847,1,2,1,1,0,0
tx_legit_004599,0,269.73,5.6011,709,1,0,1,1,0,0
tx_legit_000935,0,766.02,6.6425,879,1,0,1,1,0,0
tx_legit_007128,0,780.94,6.6618,740,1,0,1,1,0,0
tx_legit_007808,0,249.93,5.5252,444,1,0,1,1,0,0
tx_legit_001512,0,333.68,5.8132,412,3,0,2,1,0,0
tx_legit_006612,0,418.36,6.0387,102,1,0,1,2,0,0
tx_legit_007850,0,467.42,6.1494,356,2,0,1,2,0,0
tx_legit_001913,0,734.87,6.6011,884,1,0,1,1,0,0
tx_legit_000605,0,351.01,5.8637,650,1,0,2,3,0,0
tx_legit_005677,0,189.73,5.2509,741,1,0,1,1,0,0
tx_legit_008741,0,1204.03,7.0943,779,4,0,1,2,0,0
tx_legit_007279,0,271.49,5.6076,463,1,1,1,1,0,0
tx_legit_008647,0,903.53,6.8074,517,1,0,1,1,0,0
tx_legit_000882,0,468.67,6.152,622,1,0,1,1,0,0
tx_legit_000639,0,999.75,6.9085,410,2,0,1,1,0,0
tx_legit_008149,0,380.92,5.9452,308,1,0,1,2,0,0
tx_legit_004071,0,628.91,6.4456,426,1,0,1,1,0,0
tx_legit_000769,0,387.87,5.9632,835,1,0,3,1,0,0
tx_legit_001821,0,219.79,5.3972,684,1,0,1,1,0,0
tx_legit_008170,0,357.11,5.8808,521,1,0,1,1,0,0
tx_legit_001232,0,763.88,6.6397,566,1,1,1,2,0,0
tx_legit_004068,0,423.8,6.0516,315,1,1,2,2,0,0
tx_legit_007409,0,741.12,6.6095,367,2,0,1,1,0,0
tx_legit_003379,0,402.57,6.0003,882,1,0,2,2,0,0
tx_legit_003236,0,1973.16,7.5879,532,2,0,1,1,0,0
tx_legit_005898,0,716.12,6.5752,631,1,0,1,2,0,0
tx_fraud_000404,1,9553.15,9.1647,1,4,0,2,6,1,0
tx_legit_001379,0,432.01,6.0708,63,1,0,1,2,0,0
tx_legit_000931,0,284.8,5.6553,561,1,0,1,1,0,0
tx_legit_005410,0,825.24,6.7169,182,1,0,1,2,0,0
tx_legit_002844,0,235.58,5.4663,717,1,0,1,1,0,0
tx_legit_005762,0,652.6,6.4825,301,4,0,1,1,0,0
tx_legit_003280,0,1080.87,6.9864,613,1,0,1,1,0,0
tx_legit_002835,0,188.05,5.242,196,1,0,1,3,0,0
tx_legit_000914,0,109.02,4.7007,594,1,0,1,4,0,0
tx_legit_003587,0,338.24,5.8267,156,1,0,1,1,0,0
tx_legit_006840,0,978.47,6.887,35,1,0,1,1,0,0
tx_legit_004487,0,661.64,6.4962,110,1,0,1,1,0,0
tx_legit_004669,0,300.66,5.7093,816,1,0,2,1,0,0
tx_legit_000288,0,836.9,6.7309,464,1,0,1,2,0,0
tx_legit_006779,0,671.57,6.5111,623,1,0,1,1,0,0
tx_legit_002661,0,1088.83,6.9938,654,2,0,1,1,0,0
tx_legit_000131,0,176.54,5.1792,200,2,0,1,2,0,0
tx_legit_002434,0,429.89,6.0659,749,2,0,1,1,0,0
tx_legit_001938,0,96.37,4.5785,852,1,0,1,2,0,0
tx_legit_001947,0,287.3,5.664,395,1,0,2,1,0,0
tx_legit_007108,0,122.05,4.8126,309,1,0,2,1,0,0
tx_legit_002857,0,322.84,5.7802,892,1,0,1,1,0,0
tx_legit_007427,0,294.72,5.6894,262,1,0,3,1,0,0
tx_legit_001801,0,345.67,5.8484,49,1,0,1,1,0,0
tx_legit_002735,0,197.04,5.2885,402,1,0,1,2,0,0
tx_legit_005931,0,349.04,5.858,110,1,0,1,1,0,0
tx_legit_004806,0,257.32,5.5542,144,2,0,1,1,0,0
tx_legit_004492,0,663.56,6.4991,616,1,0,1,2,0,0
tx_legit_008108,0,312.36,5.7474,566,1,0,1,1,0,0
tx_legit_008961,0,632.0,6.4505,420,1,0,1,1,0,0
tx_legit_001750,0,1012.72,6.9214,238,1,0,1,1,0,0
tx_legit_005471,0,402.27,5.9996,891,2,0,1,4,0,0
tx_legit_000091,0,260.4,5.5661,121,1,0,1,2,0,0
tx_legit_003524,0,431.23,6.069,795,3,0,1,1,0,0
tx_legit_007911,0,7696.98,8.9487,373,2,1,1,1,0,0
tx_legit_008350,0,561.05,6.3316,127,1,0,1,1,0,0
tx_fraud_000509,1,47611.39,10.7708,3,9,3,3,4,1,1
tx_legit_007550,0,942.94,6.8501,638,1,0,1,2,0,0
tx_legit_008323,0,276.28,5.625,140,1,0,1,1,0,0
tx_legit_004446,0,539.99,6.2934,482,1,0,1,1,0,0
tx_legit_007678,0,651.32,6.4805,380,1,0,1,1,0,0
tx_legit_003430,0,138.54,4.9384,505,1,0,1,2,0,0
tx_legit_004430,0,881.83,6.7831,182,1,0,2,2,0,0
tx_legit_007913,0,129.42,4.8708,452,1,0,1,2,0,0
tx_legit_003911,0,367.61,5.9097,534,1,0,1,1,0,0
tx_legit_008567,0,154.88,5.0491,483,3,0,1,3,0,0
tx_legit_003064,0,618.38,6.4287,631,1,0,2,3,0,0
tx_legit_006743,0,149.91,5.0167,466,1,0,1,4,0,0
tx_legit_003262,0,364.08,5.9001,774,3,0,1,1,0,0
tx_legit_008517,0,629.87,6.4471,482,1,0,1,1,0,0
tx_legit_002210,0,563.81,6.3365,238,1,0,1,1,0,0
tx_legit_004932,0,1690.98,7.4337,240,1,0,1,1,0,0
tx_legit_000574,0,432.48,6.0718,773,1,0,1,2,0,0
tx_legit_006174,0,566.65,6.3415,315,1,0,2,1,0,0
tx_legit_007666,0,324.65,5.7858,738,1,0,1,1,0,0
tx_legit_002281,0,1420.79,7.2597,402,2,0,1,4,0,0
tx_legit_005485,0,767.82,6.6449,440,1,0,1,1,0,0
tx_legit_002202,0,556.92,6.3242,421,1,0,1,1,0,0
tx_legit_000578,0,978.01,6.8865,815,4,0,1,1,0,0
tx_legit_000421,0,333.03,5.8112,240,1,0,3,2,0,0
tx_legit_001102,0,107.0,4.6821,744,1,0,1,1,0,0
tx_legit_001133,0,858.38,6.7562,359,3,0,1,1,0,0
tx_legit_002680,0,447.35,6.1056,435,1,0,3,1,0,0
tx_legit_004541,0,241.33,5.4903,837,2,0,1,3,0,0
tx_legit_002040,0,468.37,6.1514,337,1,0,1,4,0,0
tx_legit_001633,0,791.61,6.6753,91,1,0,1,4,0,0
tx_legit_001948,0,1320.26,7.1863,505,1,0,1,1,0,0
tx_legit_006936,0,141.15,4.9569,839,1,0,1,1,0,0
tx_legit_008803,0,571.25,6.3496,620,2,0,1,2,0,0
tx_legit_008484,0,366.37,5.9064,781,1,0,1,1,0,0
tx_legit_003605,0,709.0,6.5653,593,1,0,1,1,0,0
tx_legit_003385,0,294.91,5.6901,87,1,2,1,1,0,0
tx_legit_001581,0,589.37,6.3807,879,1,0,1,2,0,0
tx_legit_004615,0,350.37,5.8618,450,1,0,1,1,0,0
tx_legit_003443,0,374.33,5.9278,73,2,0,1,1,0,0
tx_legit_008876,0,175.55,5.1736,797,1,0,1,1,0,0
tx_legit_008559,0,446.84,6.1044,406,1,1,1,2,0,0
tx_legit_000902,0,551.8,6.315,630,1,0,1,1,0,0
tx_legit_004170,0,473.67,6.1626,876,1,0,1,1,0,0
tx_legit_006614,0,463.22,6.1404,31,1,0,1,1,0,0
tx_legit_005461,0,1281.82,7.1568,268,2,0,1,2,0,0
tx_legit_003836,0,2002.7,7.6028,492,1,0,1,1,0,0
tx_legit_003367,0,475.79,6.1671,125,1,2,1,1,0,0
tx_legit_002794,0,262.33,5.5734,795,1,1,1,1,0,0
tx_legit_001526,0,632.86,6.4518,551,1,0,1,1,0,0
tx_legit_001943,0,130.94,4.8823,696,4,0,1,3,0,0
tx_legit_001744,0,101.13,4.6262,889,2,0,2,1,0,0
tx_legit_001336,0,682.54,6.5273,238,1,0,1,1,0,0
tx_legit_004797,0,208.46,5.3445,487,1,0,2,3,0,0
tx_legit_005591,0,432.61,6.0721,591,1,0,1,2,0,0
tx_legit_006856,0,335.0,5.8171,870,2,0,1,3,0,0
tx_legit_007438,0,719.76,6.5803,394,1,0,1,1,0,0
tx_legit_007564,0,1133.38,7.0338,444,2,0,1,1,0,0
tx_legit_006563,0,916.61,6.8218,666,1,0,1,2,0,0
tx_legit_002459,0,708.71,6.5649,774,4,0,1,1,0,0
tx_legit_001742,0,595.55,6.3912,870,1,0,1,1,0,0
tx_fraud_000366,1,11705.08,9.3679,3,3,1,5,5,1,0
tx_legit_003822,0,378.89,5.9399,778,2,0,1,1,0,0
tx_legit_008418,0,325.9,5.7897,559,2,0,1,1,0,0
tx_legit_004285,0,1238.24,7.1223,898,1,0,1,1,0,0
tx_legit_004195,0,1433.05,7.2683,842,1,0,3,1,0,0
tx_legit_000478,0,117.3,4.7732,326,1,0,2,1,0,0
tx_legit_006197,0,1333.1,7.196,719,2,0,1,2,0,0
tx_legit_009040,0,317.15,5.7625,493,1,0,1,2,0,0
tx_legit_006353,0,361.28,5.8924,521,1,0,1,1,0,0
tx_legit_005924,0,671.47,6.511,185,1,0,1,2,0,0
tx_legit_005843,0,577.09,6.3597,276,2,0,1,1,0,0
tx_legit_004373,0,466.22,6.1468,112,1,0,1,5,0,0
tx_legit_006792,0,417.57,6.0368,58,1,0,1,1,0,0
tx_legit_006355,0,526.86,6.2688,803,1,0,1,1,0,0
tx_legit_001141,0,2356.39,7.7653,548,1,0,1,1,0,0
tx_legit_004553,0,1846.66,7.5217,463,1,1,1,4,0,0
tx_legit_004787,0,645.62,6.4718,615,1,0,1,1,0,0
tx_legit_001579,0,1191.95,7.0842,321,1,0,1,1,0,0
tx_legit_000543,0,91.34,4.5255,409,1,0,1,3,0,0
tx_legit_005545,0,110.61,4.715,803,1,1,3,3,0,0
tx_legit_002861,0,386.92,5.9608,79,1,0,2,1,0,0
tx_legit_000645,0,521.9,6.2594,565,1,0,1,2,0,0
tx_legit_005068,0,1735.61,7.4597,706,1,0,1,1,0,0
tx_legit_006472,0,542.3,6.2977,570,1,0,1,1,0,0
tx_legit_003632,0,193.5,5.2704,610,1,0,2,1,0,0
tx_legit_004525,0,309.66,5.7387,186,2,0,1,1,0,0
tx_legit_001397,0,229.92,5.4421,530,2,0,1,1,0,0
tx_legit_008275,0,1344.34,7.2044,268,1,0,1,2,0,0
tx_legit_007344,0,782.32,6.6635,661,1,0,1,1,0,0
tx_legit_004029,0,1599.55,7.3781,540,1,0,1,1,0,0
tx_legit_004521,0,353.63,5.8711,826,4,0,1,1,0,0
tx_legit_006949,0,205.93,5.3324,121,2,0,1,2,0,0
tx_legit_006016,0,341.13,5.8352,818,3,0,1,1,0,0
tx_legit_008039,0,474.78,6.165,452,3,0,1,1,0,0
tx_legit_006972,0,1290.82,7.1638,358,1,0,1,2,0,0
tx_legit_005508,0,965.01,6.8732,85,1,0,1,4,0,0
tx_legit_001238,0,631.94,6.4504,466,1,0,1,1,0,0
tx_legit_004048,0,236.49,5.4701,817,1,2,1,1,0,0
tx_legit_006377,0,891.01,6.7935,563,2,0,1,1,0,0
tx_legit_004437,0,859.72,6.7578,482,1,0,1,2,0,0
tx_legit_009066,0,644.1,6.4694,583,1,0,1,4,0,0
tx_legit_000807,0,716.42,6.5757,98,1,0,1,1,0,0
tx_legit_008728,0,187.43,5.2387,832,1,0,1,1,0,0
tx_fraud_000507,1,92952.69,11.4399,2,11,3,1,2,1,1
tx_legit_002989,0,248.8,5.5207,182,1,1,2,2,0,0
tx_legit_007322,0,590.49,6.3826,246,1,0,1,2,0,0
tx_legit_007030,0,726.82,6.5901,320,1,0,2,1,0,0
tx_legit_008977,0,266.76,5.5901,123,1,0,1,1,0,0
tx_legit_005246,0,823.97,6.7153,373,1,2,1,1,0,0
tx_legit_006351,0,465.68,6.1456,833,1,0,2,2,0,0
tx_legit_008710,0,334.51,5.8157,870,1,0,3,1,0,0
tx_legit_004376,0,152.4,5.033,175,1,0,1,1,0,0
tx_legit_004379,0,1690.49,7.4334,793,2,0,1,2,0,0
tx_legit_001140,0,485.96,6.1882,218,1,1,1,1,0,0
tx_legit_004317,0,273.97,5.6167,776,1,0,1,3,0,0
tx_legit_002450,0,121.68,4.8096,869,1,0,1,1,0,0
tx_legit_002826,0,771.25,6.6493,251,1,0,1,1,0,0
tx_legit_008638,0,316.62,5.7609,152,2,0,1,2,0,0
tx_fraud_000624,1,85925.57,11.3612,8,10,5,1,3,0,1
tx_legit_000337,0,364.37,5.9009,350,1,0,1,1,0,0
tx_legit_001261,0,487.96,6.1923,85,4,1,1,1,0,0
tx_legit_005842,0,368.66,5.9126,91,1,0,1,1,0,0
tx_legit_003391,0,289.85,5.6728,150,1,0,1,2,0,0
tx_legit_000417,0,371.0,5.9189,862,1,0,1,1,0,0
tx_legit_003979,0,2489.8,7.8204,111,1,1,1,1,0,0
tx_legit_006528,0,224.21,5.417,562,1,0,1,1,0,0
tx_legit_002353,0,315.09,5.756,824,1,0,1,1,0,0
tx_legit_005250,0,455.29,6.1231,336,2,0,1,1,0,0
tx_legit_000617,0,85.38,4.4588,162,3,0,1,2,0,0
tx_legit_002846,0,251.63,5.5319,521,1,0,1,1,0,0
tx_legit_005425,0,1053.86,6.9612,341,1,0,1,1,0,0
tx_legit_007676,0,514.26,6.2447,596,2,0,1,1,0,0
tx_legit_000088,0,1334.68,7.1972,272,2,0,1,1,0,0
tx_legit_002599,0,879.51,6.7805,427,2,0,2,2,0,0
tx_legit_006898,0,315.56,5.7575,58,1,0,1,1,0,0
tx_legit_003107,0,873.04,6.7731,741,2,0,1,1,0,0
tx_legit_004031,0,566.92,6.342,74,2,0,1,2,0,0
tx_legit_006418,0,1126.73,7.028,59,2,1,1,3,0,0
tx_legit_007153,0,194.36,5.2748,795,4,0,1,3,0,0
tx_legit_002649,0,880.22,6.7813,274,2,0,1,1,0,0
tx_legit_004274,0,233.3,5.4566,209,1,0,2,2,0,0
tx_legit_005261,0,1456.47,7.2845,384,1,0,1,3,0,0
tx_legit_004721,0,259.49,5.5626,483,1,0,3,2,0,0
tx_legit_004166,0,566.23,6.3408,649,2,0,1,1,0,0
tx_legit_002885,0,799.46,6.6852,453,2,0,1,4,0,0
tx_legit_007048,0,356.84,5.8801,596,1,1,1,1,0,0
tx_legit_002303,0,201.82,5.3123,568,1,1,1,1,0,0
tx_legit_007723,0,354.12,5.8725,170,1,2,1,3,0,0
tx_legit_006747,0,509.69,6.2358,637,1,0,1,1,0,0
tx_legit_003362,0,947.17,6.8545,836,3,0,1,1,0,0
tx_legit_005033,0,399.28,5.9922,592,2,0,1,1,0,0
tx_legit_002081,0,2617.73,7.8704,635,1,0,2,2,0,0
tx_legit_000993,0,246.02,5.5095,793,1,0,1,1,0,0
tx_legit_001115,0,1467.49,7.292,61,1,0,1,1,0,0
tx_legit_000726,0,1406.68,7.2497,87,1,0,1,1,0,0
tx_legit_001557,0,286.18,5.6601,122,1,0,1,2,0,0
tx_legit_003433,0,1094.89,6.9993,323,1,1,2,1,0,0
tx_legit_002295,0,129.55,4.8718,326,2,0,2,1,0,0
tx_legit_005224,0,985.3,6.894,278,1,0,1,4,0,0
tx_legit_006226,0,432.65,6.0722,388,1,0,1,3,0,0
tx_legit_005903,0,1118.49,7.0206,373,1,0,2,2,0,0
tx_legit_003597,0,819.56,6.71,118,1,0,2,1,0,0
tx_legit_004896,0,179.06,5.1933,181,2,0,1,1,0,0
tx_legit_007735,0,208.17,5.3431,556,1,0,1,2,0,0
tx_legit_001458,0,1071.42,6.9777,810,2,1,1,1,0,0
tx_legit_005592,0,656.47,6.4884,768,1,1,1,1,0,0
tx_legit_006004,0,406.9,6.011,237,2,0,1,4,0,0
tx_legit_006542,0,290.38,5.6746,568,4,1,1,2,0,0
tx_legit_002121,0,309.1,5.7369,501,1,0,1,1,0,0
tx_legit_005579,0,217.39,5.3863,399,2,1,1,1,0,0
tx_legit_003839,0,1012.5,6.9212,812,1,0,1,2,0,0
tx_legit_008722,0,581.23,6.3669,144,1,0,1,3,0,0
tx_legit_007435,0,455.74,6.1241,350,2,0,1,2,0,0
tx_legit_003312,0,150.73,5.0221,420,1,0,1,4,0,0
tx_legit_001962,0,308.39,5.7346,541,1,0,1,3,0,0
tx_legit_000040,0,380.73,5.9447,597,2,0,1,1,0,0
tx_legit_001026,0,889.28,6.7915,595,3,0,1,5,0,0
tx_legit_000009,0,430.9,6.0682,775,1,0,1,1,0,0
tx_fraud_000560,1,39163.01,10.5755,5,7,3,3,2,1,1
tx_fraud_000477,1,9113.88,9.1177,1,5,1,2,6,1,1
tx_legit_001389,0,1724.26,7.4531,899,2,0,1,2,0,0
tx_legit_000300,0,344.35,5.8446,566,1,1,1,2,0,0
tx_legit_008263,0,1335.91,7.1981,168,2,0,1,1,0,0
tx_legit_002297,0,333.09,5.8114,732,1,1,1,1,0,0
tx_legit_001059,0,394.52,5.9802,379,1,0,1,2,0,0
tx_legit_005847,0,1245.9,7.1284,591,2,0,1,1,0,0
tx_legit_003103,0,618.95,6.4296,831,1,0,1,1,0,0
tx_legit_006934,0,791.7,6.6754,222,1,0,2,1,0,0
tx_legit_002419,0,143.24,4.9715,787,4,0,1,1,0,0
tx_legit_001584,0,609.68,6.4146,162,1,0,1,1,0,0
tx_legit_003376,0,662.77,6.4979,442,3,2,1,1,0,0
tx_legit_001181,0,1369.74,7.2231,609,1,1,1,1,0,0
tx_legit_000311,0,593.32,6.3874,168,1,0,1,1,0,0
tx_legit_008532,0,196.64,5.2864,722,1,0,1,3,0,0
tx_legit_006741,0,765.65,6.642,299,1,0,1,1,0,0
tx_legit_005170,0,815.3,6.7048,501,1,0,1,1,0,0
tx_legit_003776,0,264.76,5.5826,452,1,0,1,1,0,0
tx_legit_003014,0,194.21,5.2741,86,1,1,2,3,0,0
tx_legit_007381,0,287.39,5.6643,591,1,0,3,1,0,0
tx_legit_003147,0,589.86,6.3816,201,2,0,1,1,0,0
tx_legit_000042,0,789.87,6.6731,148,1,0,2,1,0,0
tx_legit_008385,0,1584.44,7.3686,380,2,0,1,5,0,0
tx_legit_008347,0,1491.26,7.308,189,1,0,2,1,0,0
tx_legit_007290,0,596.19,6.3922,150,1,0,1,1,0,0
tx_legit_008206,0,579.2,6.3634,445,2,0,1,3,0,0
tx_legit_003448,0,646.88,6.4737,163,2,0,1,2,0,0
tx_legit_008757,0,282.11,5.6458,488,1,0,1,1,0,0
tx_legit_006065,0,768.85,6.6462,259,1,0,1,1,0,0
tx_legit_002191,0,2665.98,7.8887,34,1,0,1,1,0,0
tx_legit_003662,0,363.16,5.8976,621,1,0,1,4,0,0
tx_legit_003695,0,356.52,5.8792,87,1,0,1,2,0,0
tx_legit_002585,0,117.72,4.7768,591,1,0,1,1,0,0
tx_legit_003444,0,305.97,5.7268,613,1,0,2,1,0,0
tx_legit_008389,0,1828.11,7.5116,273,1,1,1,1,0,0
tx_fraud_000479,1,20373.08,9.922,3,3,0,3,4,1,0
tx_legit_004442,0,285.34,5.6572,754,1,0,1,1,0,0
tx_legit_007145,0,610.71,6.4163,326,1,0,1,1,0,0
tx_legit_007349,0,302.83,5.7165,311,1,0,1,2,0,0
tx_legit_001145,0,326.83,5.7925,278,1,0,1,2,0,0
tx_legit_000861,0,303.01,5.7171,67,1,0,1,2,0,0
tx_legit_006161,0,639.24,6.4618,560,2,0,1,4,0,0
tx_legit_006176,0,456.55,6.1259,347,1,0,1,1,0,0
tx_legit_002117,0,158.58,5.0725,135,3,0,1,4,0,0
tx_legit_008235,0,217.92,5.3887,334,1,0,1,3,0,0
tx_legit_007566,0,217.26,5.3857,70,1,0,1,2,0,0
tx_legit_007895,0,354.19,5.8727,545,1,0,1,1,0,0
tx_legit_002709,0,625.33,6.4399,529,1,0,1,1,0,0
tx_legit_007101,0,897.35,6.8006,547,3,0,1,4,0,0
tx_legit_008921,0,632.91,6.4519,328,1,0,1,2,0,0
tx_legit_005393,0,315.75,5.7581,196,1,0,1,1,0,0
tx_legit_006568,0,648.32,6.4759,775,1,0,1,1,0,0
tx_legit_004251,0,1741.67,7.4632,411,1,0,1,2,0,0
tx_legit_006367,0,400.69,5.9957,630,1,1,1,3,0,0
tx_legit_001756,0,742.29,6.6111,668,1,0,1,1,0,0
tx_legit_004389,0,1611.12,7.3853,494,2,0,1,1,0,0
tx_legit_008029,0,991.0,6.8997,369,1,0,1,2,0,0
tx_legit_005499,0,380.87,5.9451,215,4,0,1,1,0,0
tx_legit_000748,0,464.39,6.1429,840,3,0,1,4,0,0
tx_legit_002613,0,269.9,5.6017,711,1,0,1,2,0,0
tx_legit_008945,0,962.62,6.8707,722,2,0,2,1,0,0
tx_legit_000977,0,270.86,5.6053,574,1,1,1,3,0,0
tx_legit_006384,0,720.58,6.5814,622,1,0,1,2,0,0
tx_legit_001257,0,76.74,4.3534,512,4,0,1,2,0,0
tx_legit_008666,0,237.59,5.4747,440,1,0,3,1,0,0
tx_legit_005431,0,1295.43,7.1674,182,1,0,1,3,0,0
tx_fraud_000555,1,57246.54,10.9551,3,16,5,2,2,1,1
tx_legit_006831,0,576.66,6.359,754,1,0,1,1,0,0
tx_legit_006360,0,245.98,5.5093,496,1,0,1,1,0,0
tx_legit_001371,0,373.73,5.9262,796,1,0,3,2,0,0
tx_legit_004036,0,275.46,5.6221,802,1,1,1,3,0,0
tx_legit_009086,0,845.44,6.741,364,1,0,1,1,0,0
tx_legit_008430,0,298.26,5.7013,35,2,0,1,3,0,0
tx_legit_008533,0,363.46,5.8984,63,1,0,1,1,0,0
tx_legit_009090,0,210.3,5.3533,882,1,0,1,1,0,0
tx_legit_002252,0,956.1,6.8639,724,1,0,1,1,0,0
tx_legit_005504,0,1190.08,7.0826,222,1,0,1,1,0,0
tx_legit_000816,0,267.61,5.5933,511,1,0,1,3,0,0
tx_legit_004638,0,448.85,6.1089,356,1,0,1,1,0,0
tx_legit_003232,0,215.27,5.3765,601,3,0,2,1,0,0
tx_legit_007356,0,266.13,5.5877,90,1,0,1,2,0,0
tx_legit_002688,0,364.56,5.9014,545,1,0,1,1,0,0
tx_legit_001384,0,312.4,5.7475,130,1,0,1,1,0,0
tx_legit_005605,0,352.98,5.8692,795,1,0,1,2,0,0
tx_legit_001106,0,1960.28,7.5814,283,1,0,1,2,0,0
tx_legit_008116,0,315.14,5.7562,582,1,0,1,1,0,0
tx_legit_004692,0,605.23,6.4073,71,2,0,1,1,0,0
tx_legit_004569,0,594.12,6.3888,659,1,0,1,3,0,0
tx_legit_003568,0,514.2,6.2446,261,1,0,1,1,0,0
tx_legit_001773,0,176.74,5.1803,423,3,2,2,1,0,0
tx_legit_000957,0,317.15,5.7625,542,3,0,1,1,0,0
tx_legit_008964,0,972.02,6.8804,382,2,0,1,1,0,0
tx_legit_003690,0,356.42,5.8789,596,4,0,1,1,0,0
tx_legit_001628,0,1090.88,6.9957,463,1,0,1,1,0,0
tx_legit_001936,0,1261.03,7.1405,119,2,0,1,1,0,0
tx_legit_000974,0,790.74,6.6742,609,1,0,3,2,0,0
tx_legit_000568,0,452.96,6.118,631,1,0,1,3,0,0
tx_legit_000732,0,293.73,5.6861,130,2,0,1,1,0,0
tx_legit_004191,0,267.67,5.5935,779,1,0,1,4,0,0
tx_legit_008437,0,479.92,6.1757,606,2,0,1,3,0,0
tx_legit_001846,0,2044.46,7.6234,670,1,1,1,2,0,0
tx_legit_007959,0,312.79,5.7487,524,1,0,1,1,0,0
tx_legit_008457,0,659.21,6.4926,835,1,0,2,1,0,0
tx_legit_001002,0,969.33,6.8776,736,1,0,2,2,0,0
tx_legit_008331,0,490.69,6.1978,256,1,0,1,1,0,0
tx_legit_007567,0,687.88,6.5351,593,1,0,1,2,0,0
tx_legit_005675,0,369.0,5.9135,59,1,0,1,2,0,0
tx_legit_006399,0,504.66,6.2259,350,1,0,1,3,0,0
tx_legit_001789,0,524.96,6.2652,777,1,0,2,2,0,0
tx_legit_002179,0,913.95,6.8189,857,1,0,1,1,0,0
tx_legit_003726,0,279.31,5.6359,743,1,0,1,3,0,0
tx_legit_001889,0,804.51,6.6915,106,1,0,1,2,0,0
tx_fraud_000445,1,10564.19,9.2653,2,7,1,2,5,1,1
tx_legit_005557,0,153.83,5.0423,388,1,0,1,1,0,0
tx_legit_001925,0,275.77,5.6232,795,1,0,3,1,0,0
tx_legit_007889,0,446.68,6.1041,125,1,0,1,1,0,0
tx_legit_003813,0,578.55,6.3623,311,2,0,1,3,0,0
tx_legit_004302,0,610.73,6.4163,341,3,0,2,1,0,0
tx_legit_008475,0,85.21,4.4568,222,2,0,2,2,0,0
tx_legit_005739,0,590.78,6.3831,305,2,0,1,1,0,0
tx_legit_007711,0,885.63,6.7874,769,3,0,1,2,0,0
tx_legit_000497,0,1114.29,7.0169,451,1,2,1,2,0,0
tx_legit_006586,0,493.56,6.2037,149,1,0,2,2,0,0
tx_legit_001382,0,794.77,6.6793,110,1,0,1,2,0,0
tx_legit_002150,0,873.07,6.7732,637,1,0,1,1,0,0
tx_legit_005185,0,582.84,6.3696,832,1,0,1,1,0,0
tx_legit_008172,0,178.9,5.1924,664,2,0,1,1,0,0
tx_legit_003300,0,260.04,5.5647,373,1,0,1,1,0,0
tx_legit_004293,0,528.12,6.2712,445,1,0,1,2,0,0
tx_legit_003531,0,525.64,6.2665,477,1,0,2,2,0,0
tx_legit_005245,0,339.87,5.8315,253,1,0,3,3,0,0
tx_legit_000105,0,528.54,6.272,516,1,0,1,1,0,0
tx_legit_002543,0,273.8,5.616,544,1,1,2,2,0,0
tx_legit_008969,0,640.02,6.4631,682,2,0,3,2,0,0
tx_legit_007504,0,1041.3,6.9492,309,4,1,1,1,0,0
tx_legit_003293,0,696.23,6.5471,402,1,0,1,1,0,0
tx_legit_008163,0,289.57,5.6718,194,1,0,1,1,0,0
tx_legit_008786,0,558.9,6.3278,575,1,0,2,1,0,0
tx_legit_008879,0,678.38,6.5212,670,1,0,1,1,0,0
tx_legit_001380,0,80.75,4.4037,864,2,0,2,2,0,0
tx_legit_003318,0,647.12,6.4741,654,2,0,1,1,0,0
tx_legit_005701,0,521.66,6.2589,156,1,0,1,3,0,0
tx_legit_006524,0,390.39,5.9697,476,1,0,2,5,0,0
tx_fraud_000398,1,17362.7,9.7621,3,4,3,5,5,1,0
tx_legit_006737,0,1267.05,7.1452,389,1,0,1,1,0,0
tx_legit_007326,0,520.55,6.2568,868,1,0,1,1,0,0
tx_legit_004926,0,221.56,5.4052,740,4,0,1,4,0,0
tx_fraud_000418,1,5400.99,8.5945,5,6,0,5,2,1,1
tx_legit_006604,0,788.94,6.672,591,1,0,1,4,0,0
tx_legit_002510,0,1018.9,6.9275,500,3,0,1,2,0,0
tx_legit_000648,0,742.67,6.6116,261,1,0,1,1,0,0
tx_legit_006139,0,291.88,5.6798,332,1,0,1,2,0,0
tx_legit_006278,0,930.72,6.837,647,1,0,1,5,0,0
tx_legit_002022,0,357.24,5.8812,744,1,0,1,1,0,0
tx_legit_004332,0,345.67,5.8484,783,1,0,2,1,0,0
tx_legit_005359,0,610.93,6.4166,67,1,0,1,4,0,0
tx_legit_002694,0,938.49,6.8453,462,1,0,1,2,0,0
tx_legit_000090,0,704.5,6.5589,445,3,1,1,3,0,0
tx_legit_006317,0,130.58,4.8796,240,2,0,2,1,0,0
tx_legit_007921,0,990.57,6.8993,70,1,0,2,2,0,0
tx_legit_007354,0,666.69,6.5038,512,1,0,1,1,0,0
tx_legit_004667,0,463.93,6.1419,484,1,1,1,4,0,0
tx_legit_006056,0,250.21,5.5263,182,1,0,1,3,0,0
tx_legit_003874,0,196.55,5.286,42,1,0,1,2,0,0
tx_legit_002053,0,365.85,5.905,840,1,0,2,1,0,0
tx_legit_000360,0,317.06,5.7622,690,1,0,1,1,0,0
tx_legit_007097,0,558.85,6.3277,99,3,0,1,1,0,0
tx_legit_009117,0,793.35,6.6775,39,1,0,1,3,0,0
tx_legit_002392,0,761.09,6.6361,358,1,0,1,1,0,0
tx_legit_002395,0,358.48,5.8847,183,1,0,2,2,0,0
tx_legit_007327,0,958.83,6.8668,288,1,1,1,1,0,0
tx_legit_001202,0,835.2,6.7289,278,1,2,1,3,0,0
tx_legit_008461,0,2030.08,7.6163,283,2,0,2,1,0,0
tx_legit_005803,0,188.17,5.2426,203,3,0,1,3,0,0
tx_legit_004854,0,1097.57,7.0018,568,1,0,1,1,0,0
tx_legit_001531,0,946.85,6.8542,753,1,0,2,1,0,0
tx_legit_001090,0,313.38,5.7506,642,3,0,2,2,0,0
tx_legit_003204,0,229.68,5.441,326,2,0,3,2,0,0
tx_legit_002110,0,785.31,6.6674,788,1,2,2,1,0,0
tx_legit_003422,0,528.42,6.2718,345,1,2,1,1,0,0
tx_legit_005064,0,604.26,6.4057,582,3,0,1,2,0,0
tx_legit_006205,0,583.48,6.3707,394,1,0,1,1,0,0
tx_legit_004664,0,2019.89,7.6113,700,1,0,1,3,0,0
tx_legit_008550,0,435.09,6.0778,377,2,0,1,1,0,0
tx_legit_008136,0,460.44,6.1344,172,2,0,2,2,0,0
tx_legit_000713,0,159.28,5.0769,853,1,0,1,2,0,0
tx_legit_006066,0,415.89,6.0328,355,1,0,2,1,0,0
tx_legit_006622,0,831.37,6.7243,377,1,2,2,2,0,0
tx_legit_004482,0,188.48,5.2443,241,1,0,1,1,0,0
tx_legit_006735,0,259.98,5.5644,797,3,0,1,3,0,0
tx_legit_004799,0,570.83,6.3488,34,3,0,1,1,0,0
tx_legit_004458,0,225.32,5.4219,512,1,0,1,1,0,0
tx_legit_003513,0,326.74,5.7922,139,2,1,1,1,0,0
tx_legit_004973,0,369.6,5.9151,316,1,0,1,1,0,0
tx_legit_005287,0,382.5,5.9493,417,1,0,1,2,0,0
tx_legit_007739,0,914.8,6.8198,569,2,0,1,1,0,0
tx_legit_005908,0,957.27,6.8651,201,1,0,1,2,0,0
tx_legit_002477,0,515.34,6.2468,256,2,0,2,2,0,0
tx_legit_003035,0,892.16,6.7948,269,2,0,1,1,0,0
tx_legit_003720,0,284.35,5.6537,322,1,0,2,1,0,0
tx_fraud_000350,1,19050.7,9.8549,0,6,0,2,2,1,1
tx_legit_001453,0,394.31,5.9797,569,1,0,1,1,0,0
tx_legit_001917,0,305.19,5.7242,825,1,1,1,2,0,0
tx_legit_006171,0,393.72,5.9782,774,1,0,1,1,0,0
tx_legit_007445,0,230.01,5.4425,889,2,0,1,1,0,0
tx_legit_000669,0,274.54,5.6187,713,2,0,1,2,0,0
tx_legit_009184,0,681.45,6.5257,453,1,2,3,3,0,0
tx_legit_008882,0,441.0,6.0913,739,1,0,1,1,0,0
tx_legit_007138,0,286.19,5.6601,461,1,0,1,2,0,0
tx_legit_000764,0,340.88,5.8345,578,2,0,1,1,0,0
tx_legit_005454,0,730.02,6.5944,274,2,0,1,2,0,0
tx_legit_008057,0,1438.85,7.2723,601,1,0,1,1,0,0
tx_legit_002600,0,865.28,6.7642,165,1,0,1,1,0,0
tx_legit_008810,0,286.13,5.6599,83,1,1,3,2,0,0
tx_legit_000139,0,726.7,6.5899,526,1,0,1,2,0,0
tx_legit_006640,0,535.72,6.2855,246,1,0,1,1,0,0
tx_legit_009026,0,708.79,6.565,741,3,0,1,1,0,0
tx_legit_002073,0,361.74,5.8937,85,1,0,1,3,0,0
tx_fraud_000607,1,44600.81,10.7055,8,12,6,3,3,0,1
tx_legit_002076,0,686.54,6.5331,373,1,0,2,4,0,0
tx_legit_006987,0,442.49,6.0947,183,1,0,1,2,0,0
tx_legit_007434,0,837.17,6.7312,125,1,0,1,3,0,0
tx_fraud_000410,1,18878.78,9.8458,1,8,1,2,2,1,1
tx_legit_003905,0,1132.4,7.033,740,1,0,1,1,0,0
tx_legit_000473,0,510.06,6.2365,102,1,0,2,1,0,0
tx_legit_007184,0,689.85,6.5379,67,2,0,2,3,0,0
tx_legit_007218,0,912.42,6.8172,198,1,0,1,1,0,0
tx_legit_008055,0,1041.49,6.9494,171,1,0,1,1,0,0
tx_legit_004044,0,350.08,5.861,735,3,1,1,2,0,0
tx_legit_001592,0,297.4,5.6984,860,1,1,1,1,0,0
tx_legit_005749,0,514.19,6.2445,286,1,0,1,1,0,0
tx_legit_004731,0,1091.7,6.9964,665,1,0,1,2,0,0
tx_legit_002732,0,296.49,5.6954,837,2,0,1,1,0,0
tx_legit_001022,0,580.53,6.3657,174,1,0,1,1,0,0
tx_legit_008684,0,532.6,6.2796,114,1,0,1,1,0,0
tx_legit_005718,0,1035.52,6.9436,206,2,0,3,1,0,0
tx_legit_005201,0,284.07,5.6527,461,2,0,2,1,0,0
tx_legit_000876,0,598.35,6.3958,678,3,0,1,2,0,0
tx_legit_008773,0,2205.4,7.6991,209,1,0,1,2,0,0
tx_fraud_000322,1,9298.73,9.1377,5,3,0,3,4,1,0
tx_legit_007909,0,745.07,6.6148,511,1,1,2,1,0,0
tx_legit_003449,0,1116.06,7.0185,59,1,0,2,1,0,0
tx_fraud_000397,1,14684.53,9.5946,2,7,1,5,3,1,1
tx_legit_002129,0,246.03,5.5095,674,2,0,1,1,0,0
tx_legit_007329,0,2177.02,7.6862,347,1,0,3,1,0,0
tx_legit_004066,0,224.81,5.4197,730,1,0,1,4,0,0
tx_legit_007898,0,871.12,6.7709,141,1,0,1,1,0,0
tx_legit_008312,0,642.05,6.4662,267,1,0,1,1,0,0
tx_legit_001164,0,251.06,5.5297,269,1,0,1,1,0,0
tx_legit_001456,0,479.24,6.1743,296,3,1,1,2,0,0
tx_legit_008847,0,1170.21,7.0658,566,2,0,1,2,0,0
tx_legit_003845,0,369.31,5.9143,599,1,0,1,2,0,0
tx_legit_005583,0,1623.43,7.3929,257,1,0,1,1,0,0
tx_legit_007358,0,688.52,6.536,643,1,0,1,1,0,0
tx_legit_002418,0,212.34,5.3629,696,2,0,3,3,0,0
tx_legit_006182,0,483.8,6.1837,709,1,0,1,1,0,0
tx_legit_005941,0,355.56,5.8765,765,2,0,1,1,0,0
tx_legit_002836,0,399.95,5.9938,487,2,2,1,1,0,0
tx_legit_000116,0,440.21,6.0895,206,1,0,1,2,0,0
tx_legit_008553,0,446.08,6.1027,200,1,0,1,1,0,0
tx_legit_001580,0,700.34,6.553,425,2,0,1,3,0,0
tx_legit_005663,0,1439.09,7.2725,154,1,0,1,4,0,0
tx_legit_005687,0,2836.06,7.9505,311,1,0,1,1,0,0
tx_legit_007859,0,415.83,6.0327,170,3,0,1,1,0,0
tx_legit_007908,0,724.12,6.5863,316,1,0,2,5,0,0
tx_legit_008416,0,1021.48,6.93,524,1,0,1,1,0,0
tx_legit_000958,0,284.74,5.6551,795,3,0,1,1,0,0
tx_fraud_000557,1,58382.14,10.9748,9,16,4,1,2,0,1
tx_legit_002644,0,463.4,6.1407,468,1,0,1,1,0,0
tx_legit_004015,0,320.62,5.7734,482,3,1,2,2,0,0
tx_legit_000888,0,380.1,5.9431,662,1,0,1,1,0,0
tx_legit_000245,0,287.62,5.6651,895,1,0,1,2,0,0
tx_legit_003932,0,300.17,5.7077,809,2,1,1,2,0,0
tx_legit_000804,0,699.25,6.5514,869,1,1,1,1,0,0
tx_legit_000611,0,839.31,6.7338,756,1,0,1,3,0,0
tx_legit_007246,0,180.1,5.199,358,1,0,1,3,0,0
tx_legit_001236,0,335.16,5.8176,389,3,0,1,1,0,0
tx_legit_006119,0,482.74,6.1815,449,1,0,1,1,0,0
tx_legit_006061,0,225.74,5.4238,863,1,0,1,1,0,0
tx_legit_000594,0,236.18,5.4688,794,3,0,1,1,0,0
tx_legit_003339,0,805.51,6.6927,173,2,0,1,1,0,0
tx_legit_005152,0,412.44,6.0245,593,1,0,1,1,0,0
tx_legit_003774,0,1295.77,7.1676,418,1,0,1,1,0,0
tx_legit_005384,0,176.44,5.1786,209,1,1,1,1,0,0
tx_legit_002655,0,391.26,5.9719,85,1,0,1,1,0,0
tx_legit_002293,0,932.65,6.8391,686,1,0,2,1,0,0
tx_fraud_000583,1,58954.92,10.9845,4,11,4,2,4,1,1
tx_legit_008774,0,276.73,5.6266,773,4,0,1,2,0,0
tx_legit_001117,0,1983.93,7.5933,449,1,0,1,1,0,0
tx_legit_001674,0,167.4,5.1263,851,3,0,1,2,0,0
tx_legit_005255,0,1611.47,7.3855,615,1,0,1,2,0,0
tx_legit_002653,0,1470.43,7.294,79,1,0,1,2,0,0
tx_legit_002549,0,178.27,5.1889,152,1,2,1,1,0,0
tx_legit_003116,0,814.52,6.7038,63,1,0,1,2,0,0
tx_legit_008213,0,269.44,5.6001,747,2,0,1,3,0,0
tx_legit_000635,0,1826.56,7.5107,816,2,0,1,2,0,0
tx_legit_002882,0,420.59,6.044,47,3,0,1,1,0,0
tx_legit_001317,0,159.99,5.0813,357,2,1,1,2,0,0
tx_legit_008434,0,1727.65,7.4551,356,1,0,1,1,0,0
tx_legit_005088,0,787.34,6.6699,818,1,0,1,1,0,0
tx_legit_000546,0,1270.34,7.1478,546,1,0,1,4,0,0
tx_legit_001223,0,215.8,5.379,197,1,0,1,3,0,0
tx_legit_008956,0,882.1,6.7834,118,1,0,1,2,0,0
tx_legit_007831,0,307.9,5.733,807,2,0,1,1,0,0
tx_legit_000034,0,268.44,5.5963,855,2,0,1,2,0,0
tx_legit_007111,0,196.26,5.2845,70,1,0,1,1,0,0
tx_legit_004643,0,443.67,6.0973,767,1,0,2,2,0,0
tx_legit_003835,0,1413.57,7.2546,175,2,0,1,2,0,0
tx_legit_004699,0,531.4,6.2774,627,1,0,1,1,0,0
tx_legit_007257,0,285.62,5.6582,658,2,0,1,1,0,0
tx_legit_008985,0,802.25,6.6887,475,1,0,1,1,0,0
tx_legit_006154,0,147.43,5.0001,706,2,0,1,2,0,0
tx_legit_005111,0,291.35,5.678,359,2,0,1,1,0,0
tx_legit_002238,0,234.84,5.4632,81,2,0,1,1,0,0
tx_legit_008028,0,1501.83,7.3151,694,4,0,1,1,0,0
tx_legit_002442,0,316.24,5.7597,544,1,0,1,2,0,0
tx_legit_001884,0,161.76,5.0923,618,2,0,1,1,0,0
tx_legit_008203,0,786.78,6.6692,675,1,0,1,2,0,0
tx_legit_005523,0,298.87,5.7033,549,1,0,1,1,0,0
tx_legit_005806,0,194.43,5.2752,821,2,0,1,1,0,0
tx_legit_002964,0,593.44,6.3876,873,1,0,1,1,0,0
tx_legit_006978,0,996.78,6.9055,486,1,0,3,1,0,0
tx_legit_007455,0,536.9,6.2877,583,1,0,2,3,0,0
tx_legit_000028,0,721.41,6.5826,196,1,0,2,1,0,0
tx_fraud_000541,1,82062.24,11.3152,4,13,5,2,2,1,1
tx_legit_003811,0,627.8,6.4438,847,1,0,1,1,0,0
tx_legit_008415,0,5330.31,8.5814,628,1,0,2,1,0,0
tx_legit_000170,0,855.87,6.7533,891,1,0,2,1,0,0
tx_legit_004590,0,1432.39,7.2678,491,1,0,3,1,0,0
tx_legit_001280,0,995.52,6.9043,360,2,0,1,1,0,0
tx_legit_008398,0,1168.77,7.0646,336,1,0,1,1,0,0
tx_legit_007261,0,268.08,5.595,668,1,0,1,3,0,0
tx_legit_000998,0,561.09,6.3317,50,1,0,2,1,0,0
tx_legit_007651,0,680.8,6.5247,186,1,0,1,1,0,0
tx_legit_008021,0,208.51,5.3448,778,3,0,1,3,0,0
tx_legit_001868,0,267.03,5.5911,875,2,0,1,2,0,0
tx_legit_004608,0,263.89,5.5793,312,1,0,1,3,0,0
tx_legit_002343,0,1117.54,7.0198,822,1,0,1,2,0,0
tx_legit_003786,0,383.38,5.9516,448,1,0,1,1,0,0
tx_legit_001264,0,845.48,6.7411,621,1,1,1,1,0,0
tx_legit_007364,0,298.29,5.7014,809,2,0,1,1,0,0
tx_legit_002085,0,645.68,6.4719,395,1,0,1,2,0,0
tx_legit_001152,0,898.31,6.8016,282,1,0,1,1,0,0
tx_legit_004967,0,855.37,6.7527,847,1,0,1,1,0,0
tx_legit_003721,0,280.09,5.6387,490,1,0,1,2,0,0
tx_legit_004061,0,1105.94,7.0094,781,1,0,2,1,0,0
tx_legit_002887,0,863.52,6.7622,499,2,0,1,2,0,0
tx_legit_003656,0,1131.13,7.0319,456,1,1,1,2,0,0
tx_legit_007533,0,961.92,6.87,194,1,0,1,1,0,0
tx_legit_002515,0,757.12,6.6308,767,1,0,1,3,0,0
tx_legit_008390,0,748.29,6.6191,860,1,0,1,1,0,0
tx_legit_003809,0,482.94,6.182,722,1,0,1,2,0,0
tx_legit_004428,0,745.79,6.6158,137,1,0,2,1,0,0
tx_legit_007919,0,1293.9,7.1662,744,1,0,1,1,0,0
tx_legit_006044,0,249.2,5.5223,267,1,0,1,1,0,0
tx_fraud_000623,1,56133.48,10.9355,10,15,5,3,2,0,1
tx_legit_003105,0,618.52,6.4289,102,1,0,1,1,0,0
tx_legit_003321,0,1328.58,7.1926,399,1,0,1,4,0,0
tx_legit_000231,0,770.18,6.6479,708,1,0,1,2,0,0
tx_legit_002798,0,1291.78,7.1646,114,2,0,1,1,0,0
tx_legit_000637,0,534.26,6.2828,809,4,0,1,1,0,0
tx_legit_004378,0,836.07,6.7299,862,1,1,1,1,0,0
tx_legit_003411,0,505.16,6.2269,145,1,0,1,1,0,0
tx_legit_004162,0,208.49,5.3447,757,1,0,1,1,0,0
tx_legit_001668,0,189.56,5.25,548,2,0,1,1,0,0
tx_legit_002245,0,343.8,5.843,741,1,0,1,1,0,0
tx_legit_006057,0,663.47,6.499,583,3,0,1,1,0,0
tx_legit_000856,0,533.82,6.2819,682,1,1,1,1,0,0
tx_legit_007994,0,187.88,5.2411,413,2,0,1,1,0,0
tx_legit_002328,0,560.98,6.3315,213,1,0,3,1,0,0
tx_legit_007680,0,162.17,5.0948,261,1,0,1,4,0,0
tx_legit_003078,0,2615.3,7.8695,61,1,0,1,1,0,0
tx_legit_006227,0,679.38,6.5227,185,1,0,1,2,0,0
tx_legit_000391,0,891.0,6.7935,538,1,0,3,1,0,0
tx_legit_005827,0,373.12,5.9246,792,1,0,2,1,0,0
tx_legit_002558,0,356.19,5.8783,117,1,0,1,1,0,0
tx_legit_006853,0,889.64,6.7919,586,1,0,1,2,0,0
tx_legit_008006,0,413.08,6.0261,570,2,1,1,4,0,0
tx_legit_004120,0,806.02,6.6933,871,1,0,2,1,0,0
tx_legit_008730,0,331.11,5.8055,541,1,0,1,3,0,0
tx_legit_008047,0,570.92,6.349,835,1,0,1,1,0,0
tx_legit_005636,0,378.47,5.9388,373,4,0,1,1,0,0
tx_legit_008599,0,307.02,5.7302,687,1,0,1,2,0,0
tx_legit_000996,0,301.07,5.7107,297,1,0,1,1,0,0
tx_legit_000234,0,846.06,6.7418,41,4,0,1,2,0,0
tx_legit_007949,0,378.83,5.9397,765,1,0,1,2,0,0
tx_legit_006928,0,242.4,5.4947,65,1,0,1,3,0,0
tx_legit_009170,0,863.69,6.7624,534,1,0,1,1,0,0
tx_legit_008727,0,1157.09,7.0545,458,1,0,2,1,0,0
tx_legit_003400,0,404.75,6.0057,433,2,0,1,3,0,0
tx_legit_005911,0,883.23,6.7847,159,1,0,1,1,0,0
tx_legit_007036,0,333.95,5.814,540,1,0,1,2,0,0
tx_legit_005411,0,286.87,5.6625,418,1,0,1,3,0,0
tx_legit_001463,0,555.61,6.3219,678,2,0,2,1,0,0
tx_legit_002786,0,597.88,6.3951,589,1,0,2,1,0,0
tx_fraud_000448,1,6945.12,8.8459,4,7,2,3,6,1,1
tx_legit_003041,0,671.9,6.5116,271,1,0,1,1,0,0
tx_legit_005206,0,1501.79,7.3151,542,2,0,1,1,0,0
tx_legit_000282,0,476.75,6.1691,584,3,0,1,1,0,0
tx_legit_008740,0,857.91,6.7557,216,2,0,2,2,0,0
tx_legit_000428,0,384.37,5.9542,574,1,1,1,1,0,0
tx_fraud_000368,1,20693.89,9.9376,0,4,2,4,3,1,0
tx_legit_007305,0,1447.95,7.2786,866,2,0,1,1,0,0
tx_legit_000366,0,427.58,6.0605,727,1,0,1,1,0,0
tx_legit_002925,0,746.57,6.6168,542,1,1,1,1,0,0
tx_legit_003548,0,1410.5,7.2524,451,3,0,1,1,0,0
tx_legit_004292,0,654.75,6.4858,135,1,0,3,1,0,0
tx_legit_007280,0,1012.7,6.9214,386,1,0,1,1,0,0
tx_legit_005479,0,363.27,5.8979,423,1,0,1,2,0,0
tx_legit_003086,0,991.66,6.9004,664,1,0,2,1,0,0
tx_legit_006569,0,98.29,4.598,143,1,0,3,1,0,0
tx_legit_008625,0,1333.39,7.1962,486,1,0,1,1,0,0
tx_legit_007161,0,321.76,5.7769,561,1,0,1,4,0,0
tx_legit_005538,0,1080.08,6.9857,396,2,0,1,2,0,0
tx_legit_007690,0,751.42,6.6233,117,1,0,1,2,0,0
tx_legit_000188,0,341.5,5.8363,62,1,0,1,1,0,0
tx_legit_009189,0,301.56,5.7123,860,2,1,2,1,0,0
tx_legit_006668,0,347.82,5.8546,860,1,0,1,1,0,0
tx_legit_008241,0,543.65,6.3001,616,1,0,2,1,0,0
tx_legit_006863,0,464.8,6.1438,100,2,0,1,1,0,0
tx_legit_005215,0,260.17,5.5652,481,1,0,1,3,0,0
tx_legit_008495,0,257.18,5.5537,553,1,0,2,1,0,0
tx_legit_002948,0,440.03,6.0891,822,3,0,1,2,0,0
tx_legit_008635,0,275.21,5.6212,803,1,0,2,1,0,0
tx_legit_008424,0,590.87,6.3833,276,2,0,1,1,0,0
tx_legit_004356,0,548.75,6.3095,289,1,0,1,2,0,0
tx_legit_000375,0,864.84,6.7637,122,1,0,1,1,0,0
tx_fraud_000434,1,21279.75,9.9656,5,8,2,4,3,1,1
tx_fraud_000349,1,8635.15,9.0637,3,9,3,3,2,1,1
tx_legit_002112,0,669.73,6.5084,443,1,0,1,1,0,0
tx_legit_001025,0,272.34,5.6107,593,1,0,1,4,0,0
tx_legit_005863,0,722.92,6.5847,617,1,0,1,1,0,0
tx_legit_001461,0,2311.32,7.746,167,1,0,1,3,0,0
tx_legit_009031,0,504.11,6.2248,546,1,0,1,1,0,0
tx_legit_000825,0,1129.33,7.0303,157,2,0,1,1,0,0
tx_legit_001705,0,1509.74,7.3204,92,1,0,1,2,0,0
tx_legit_008905,0,1062.94,6.9697,370,4,0,1,2,0,0
tx_legit_003067,0,605.99,6.4085,185,1,0,1,1,0,0
tx_legit_008251,0,1443.01,7.2752,184,1,0,1,2,0,0
tx_fraud_000501,1,71114.24,11.1721,5,13,5,1,3,1,1
tx_legit_001826,0,780.73,6.6615,148,1,0,1,1,0,0
tx_legit_007888,0,188.68,5.2453,67,4,0,1,1,0,0
tx_legit_002504,0,1188.61,7.0814,758,1,0,1,1,0,0
tx_legit_004386,0,718.43,6.5785,321,2,0,1,1,0,0
tx_legit_002169,0,626.33,6.4415,545,1,0,1,2,0,0
tx_legit_008352,0,1140.08,7.0397,183,1,0,1,4,0,0
tx_legit_003504,0,325.48,5.7884,783,4,0,1,2,0,0
tx_legit_005760,0,796.38,6.6813,817,3,0,1,4,0,0
tx_legit_002833,0,1025.76,6.9342,709,1,0,1,2,0,0
tx_legit_002625,0,684.43,6.53,423,1,0,2,4,0,0
tx_legit_007079,0,239.53,5.4828,413,1,0,1,1,0,0
tx_legit_004678,0,352.3,5.8673,357,2,0,1,4,0,0
tx_fraud_000377,1,20406.65,9.9237,5,4,2,5,3,1,0
tx_legit_003505,0,662.88,6.4981,96,1,2,1,2,0,0
tx_legit_001523,0,609.79,6.4148,221,1,0,1,1,0,0
tx_legit_004752,0,1204.08,7.0943,843,3,0,1,1,0,0
tx_legit_000446,0,735.31,6.6017,347,1,0,2,3,0,0
tx_legit_002243,0,547.89,6.3079,77,1,0,2,1,0,0
tx_legit_004499,0,350.72,5.8628,843,2,0,1,2,0,0
tx_legit_000798,0,509.71,6.2358,492,1,0,1,1,0,0
tx_legit_001906,0,659.23,6.4926,606,1,1,1,1,0,0
tx_legit_004658,0,606.68,6.4096,790,1,0,2,2,0,0
tx_legit_002679,0,1339.28,7.2006,818,1,0,1,1,0,0
tx_legit_008125,0,230.46,5.4444,641,1,0,1,1,0,0
tx_legit_000241,0,752.35,6.6245,60,1,1,1,1,0,0
tx_legit_008873,0,432.94,6.0729,394,1,0,1,2,0,0
tx_legit_003882,0,510.5,6.2373,382,1,2,2,2,0,0
tx_legit_001692,0,174.45,5.1674,479,1,0,1,1,0,0
tx_legit_004971,0,798.72,6.6843,147,1,0,1,2,0,0
tx_legit_007372,0,506.87,6.2302,636,1,0,1,2,0,0
tx_legit_006832,0,148.53,5.0075,591,1,0,1,2,0,0
tx_legit_003456,0,244.73,5.5042,630,2,0,2,3,0,0
tx_fraud_000493,1,65188.79,11.0851,1,10,6,2,2,1,1
tx_fraud_000049,1,13828.41,9.5346,14,11,2,10,4,0,1
tx_legit_001724,0,634.95,6.4551,802,1,1,1,4,0,0
tx_legit_005857,0,782.28,6.6635,141,1,0,1,1,0,0
tx_legit_005044,0,906.67,6.8109,412,2,0,1,4,0,0
tx_legit_004257,0,352.25,5.8672,591,1,2,1,1,0,0
tx_legit_002031,0,427.1,6.0594,583,1,0,1,1,0,0
tx_legit_001490,0,306.97,5.73,34,2,0,1,3,0,0
tx_legit_008208,0,2927.93,7.9824,724,1,0,1,2,0,0
tx_legit_006760,0,1762.21,7.4749,419,2,2,1,1,0,0
tx_legit_008202,0,728.59,6.5925,168,3,0,1,1,0,0
tx_legit_007397,0,661.25,6.4956,847,1,0,1,1,0,0
tx_legit_006529,0,178.2,5.1885,737,1,0,1,2,0,0
tx_legit_003576,0,732.94,6.5984,209,3,0,2,3,0,0
tx_legit_002391,0,231.24,5.4478,376,1,0,1,1,0,0
tx_legit_003618,0,615.27,6.4237,543,1,1,2,1,0,0
tx_legit_004452,0,251.52,5.5315,634,1,0,1,1,0,0
tx_legit_007404,0,362.62,5.8961,118,1,0,1,1,0,0
tx_fraud_000416,1,19556.24,9.8811,2,7,2,3,5,1,1
tx_legit_006945,0,1325.92,7.1906,576,2,0,1,1,0,0
tx_fraud_000038,1,14629.05,9.5908,7,12,1,15,2,1,1
tx_legit_002883,0,609.38,6.4141,176,1,0,1,2,0,0
tx_legit_004724,0,1720.6,7.451,206,1,0,1,1,0,0
tx_legit_007766,0,1687.8,7.4318,529,1,0,1,1,0,0
tx_legit_003122,0,383.37,5.9516,840,1,0,1,2,0,0
tx_legit_003900,0,779.15,6.6595,280,1,0,2,1,0,0
tx_legit_000836,0,885.99,6.7878,591,1,0,1,2,0,0
tx_legit_004579,0,190.9,5.257,559,2,0,1,1,0,0
tx_legit_002248,0,511.06,6.2384,711,2,0,2,1,0,0
tx_legit_004125,0,481.57,6.1791,308,1,0,2,2,0,0
tx_legit_007104,0,654.86,6.4859,116,1,0,1,3,0,0
tx_legit_006519,0,943.99,6.8512,703,1,0,1,2,0,0
tx_legit_007470,0,893.24,6.796,482,1,0,2,1,0,0
tx_legit_003342,0,470.77,6.1565,803,1,0,1,1,0,0
tx_legit_003755,0,966.94,6.8752,169,1,0,1,1,0,0
tx_legit_000197,0,2061.11,7.6315,461,1,0,2,1,0,0
tx_legit_001430,0,451.54,6.1149,893,1,0,1,3,0,0
tx_legit_005305,0,201.83,5.3124,347,1,1,1,1,0,0
tx_legit_003664,0,578.81,6.3627,662,1,0,1,3,0,0
tx_legit_003251,0,827.75,6.7199,354,2,0,3,3,0,0
tx_legit_008952,0,708.78,6.565,422,1,0,1,1,0,0
tx_legit_008481,0,361.85,5.894,356,2,0,1,1,0,0
tx_legit_000016,0,961.77,6.8698,116,1,1,1,1,0,0
tx_legit_007192,0,123.28,4.8225,224,1,0,1,2,0,0
tx_legit_002978,0,252.13,5.5339,613,1,0,1,2,0,0
tx_legit_000620,0,921.22,6.8268,659,1,0,1,2,0,0
tx_legit_007106,0,114.84,4.7522,336,1,0,1,2,0,0
tx_legit_008237,0,374.63,5.9286,85,2,0,1,2,0,0
tx_legit_006715,0,739.28,6.607,545,1,0,1,2,0,0
tx_fraud_000329,1,6377.54,8.7607,4,7,1,5,3,1,1
tx_legit_000765,0,357.27,5.8813,604,2,0,1,2,0,0
tx_legit_003953,0,829.15,6.7216,893,1,0,2,2,0,0
tx_fraud_000381,1,5461.54,8.6057,0,5,0,4,6,1,1
tx_legit_001045,0,217.25,5.3856,323,1,0,1,2,0,0
tx_legit_005221,0,314.18,5.7531,412,1,0,1,2,0,0
tx_legit_003174,0,328.9,5.7988,658,1,0,1,1,0,0
tx_legit_008273,0,917.92,6.8232,568,1,1,1,1,0,0
tx_legit_002288,0,455.44,6.1235,345,1,0,1,2,0,0
tx_fraud_000512,1,88203.28,11.3874,8,12,3,2,1,0,1
tx_legit_008405,0,859.81,6.7579,489,1,1,1,2,0,0
tx_legit_007683,0,675.36,6.5167,202,1,1,1,1,0,0
tx_legit_002192,0,483.81,6.1838,136,2,0,1,3,0,0
tx_legit_002713,0,503.63,6.2238,67,1,0,1,1,0,0
tx_fraud_000459,1,11997.23,9.3925,2,6,3,2,5,1,1
tx_legit_006961,0,115.13,4.7547,347,3,0,1,1,0,0
tx_legit_006002,0,89.02,4.5,864,1,0,1,1,0,0
tx_legit_008546,0,450.0,6.1115,762,1,0,2,1,0,0
tx_legit_002298,0,181.38,5.2061,850,1,0,1,1,0,0
tx_legit_007446,0,1039.03,6.947,86,1,0,1,1,0,0
tx_legit_000785,0,1406.19,7.2494,659,1,0,1,2,0,0
tx_legit_006830,0,1702.38,7.4404,170,1,0,1,3,0,0
tx_legit_006045,0,293.49,5.6852,578,1,0,1,3,0,0
tx_legit_006437,0,279.51,5.6366,284,3,0,1,2,0,0
tx_legit_003781,0,671.96,6.5117,561,1,0,1,1,0,0
tx_legit_003224,0,490.91,6.1983,453,1,0,1,2,0,0
tx_legit_006534,0,408.95,6.016,299,1,0,2,1,0,0
tx_legit_004518,0,2767.78,7.9262,763,1,0,2,1,0,0
tx_legit_005340,0,489.08,6.1946,819,2,0,1,1,0,0
tx_legit_000999,0,459.71,6.1328,842,1,0,1,2,0,0
tx_legit_002034,0,118.23,4.7811,316,1,0,1,3,0,0
tx_legit_004342,0,540.31,6.294,500,1,0,1,1,0,0
tx_legit_004760,0,332.33,5.8091,546,4,0,1,2,0,0
tx_legit_008979,0,200.65,5.3065,458,1,0,1,1,0,0
tx_legit_006288,0,285.5,5.6577,312,1,0,1,1,0,0
tx_legit_005606,0,333.79,5.8135,435,4,0,1,3,0,0
tx_legit_007028,0,1087.93,6.993,778,1,0,1,2,0,0
tx_legit_000892,0,1332.84,7.1958,793,2,0,1,1,0,0
tx_legit_005938,0,537.19,6.2882,780,1,0,1,1,0,0
tx_legit_003484,0,291.53,5.6786,152,4,0,1,1,0,0
tx_legit_004876,0,264.21,5.5805,349,3,0,2,1,0,0
tx_fraud_000376,1,7895.61,8.9742,1,9,3,4,4,1,1
tx_legit_005936,0,533.22,6.2808,330,1,1,1,1,0,0
tx_legit_004043,0,475.99,6.1675,171,1,0,1,2,0,0
tx_legit_008600,0,384.74,5.9552,863,4,0,2,3,0,0
tx_legit_001091,0,365.03,5.9027,222,2,0,1,1,0,0
tx_legit_002485,0,467.7,6.15,738,1,0,1,2,0,0
tx_legit_001627,0,2624.61,7.8731,384,1,0,1,1,0,0
tx_legit_007392,0,715.55,6.5744,479,2,1,2,3,0,0
tx_fraud_000546,1,64918.09,11.0809,7,9,6,3,4,1,1
tx_legit_007442,0,501.5,6.2196,150,2,0,1,1,0,0
tx_legit_005171,0,669.66,6.5083,277,1,0,1,1,0,0
tx_legit_002041,0,1240.63,7.1242,805,3,0,1,1,0,0
tx_legit_003356,0,2009.26,7.606,774,1,0,1,3,0,0
tx_legit_004497,0,502.66,6.2219,209,2,0,1,2,0,0
tx_legit_004773,0,390.02,5.9688,558,1,0,1,2,0,0
tx_legit_000454,0,1112.58,7.0153,336,1,0,1,2,0,0
tx_legit_007737,0,412.17,6.0239,273,2,0,1,3,0,0
tx_legit_003102,0,226.81,5.4285,805,1,0,1,1,0,0
tx_legit_006059,0,546.97,6.3062,116,1,0,1,1,0,0
tx_legit_003742,0,326.23,5.7907,738,1,0,2,2,0,0
tx_legit_004225,0,766.1,6.6426,803,1,0,1,2,0,0
tx_legit_006242,0,560.69,6.331,273,1,0,2,2,0,0
tx_legit_004850,0,633.54,6.4529,699,1,0,1,1,0,0
tx_legit_006369,0,448.3,6.1077,99,2,0,1,2,0,0
tx_legit_005507,0,1155.29,7.053,41,1,0,1,2,0,0
tx_legit_001000,0,1772.68,7.4808,379,4,0,1,2,0,0
tx_legit_007437,0,242.7,5.4959,273,2,0,1,1,0,0
tx_legit_007514,0,117.18,4.7722,444,1,0,1,2,0,0
tx_legit_008003,0,318.29,5.7661,748,2,0,3,1,0,0
tx_legit_004997,0,834.96,6.7286,554,1,1,1,1,0,0
tx_legit_007087,0,438.19,6.0849,510,1,1,1,1,0,0
tx_legit_005277,0,770.87,6.6488,879,2,0,1,2,0,0
tx_legit_006855,0,961.5,6.8695,444,1,0,1,1,0,0
tx_legit_006755,0,545.27,6.3031,849,1,0,2,1,0,0
tx_legit_008743,0,382.66,5.9498,857,1,0,1,1,0,0
tx_legit_006833,0,559.49,6.3288,722,2,0,1,1,0,0
tx_legit_006611,0,457.75,6.1285,616,1,1,1,1,0,0
tx_legit_006970,0,279.36,5.6361,884,1,0,1,3,0,0
tx_legit_002229,0,540.61,6.2945,620,2,0,1,3,0,0
tx_legit_004594,0,668.05,6.5059,486,1,0,1,1,0,0
tx_legit_007966,0,566.91,6.342,716,1,0,1,1,0,0
tx_legit_006541,0,539.07,6.2917,526,1,0,1,1,0,0
tx_legit_005054,0,1451.66,7.2812,182,2,0,1,1,0,0
tx_legit_000735,0,681.56,6.5259,812,1,0,2,1,0,0
tx_legit_005349,0,1126.87,7.0281,587,1,0,1,2,0,0
tx_legit_005612,0,854.8,6.752,39,1,0,1,2,0,0
tx_legit_004173,0,1152.78,7.0508,428,3,0,1,2,0,0
tx_legit_006531,0,935.47,6.8421,294,1,0,1,1,0,0
tx_legit_001065,0,407.19,6.0117,824,2,0,1,2,0,0
tx_legit_002426,0,477.99,6.1717,171,1,0,1,1,0,0
tx_legit_000233,0,554.71,6.3202,39,2,0,1,1,0,0
tx_legit_004369,0,1285.24,7.1595,472,1,0,1,3,0,0
tx_legit_003554,0,350.91,5.8634,163,1,0,1,1,0,0
tx_legit_006942,0,889.36,6.7916,462,1,0,2,1,0,0
tx_legit_001966,0,4263.9,8.3582,456,1,0,1,2,0,0
tx_legit_001568,0,471.17,6.1573,373,2,0,1,1,0,0
tx_legit_006510,0,345.03,5.8465,826,1,0,1,1,0,0
tx_legit_007047,0,799.9,6.6857,373,1,0,1,3,0,0
tx_legit_004814,0,470.34,6.1556,353,1,0,1,2,0,0
tx_legit_001790,0,1299.76,7.1707,842,1,0,1,1,0,0
tx_legit_005096,0,1043.63,6.9514,885,1,0,1,1,0,0
tx_legit_006452,0,632.11,6.4506,821,1,0,1,1,0,0
tx_legit_001739,0,577.63,6.3607,137,1,0,2,4,0,0
tx_legit_006105,0,206.65,5.3359,63,1,0,1,1,0,0
tx_legit_007721,0,355.37,5.876,414,2,0,1,1,0,0
tx_fraud_000402,1,17429.23,9.766,3,4,0,4,4,1,0
tx_legit_004783,0,693.85,6.5437,812,1,0,3,2,0,0
tx_legit_008192,0,174.96,5.1703,532,2,1,1,2,0,0
tx_legit_003483,0,1783.8,7.4871,590,1,0,1,1,0,0
tx_legit_004041,0,407.64,6.0128,640,2,0,1,2,0,0
tx_legit_004547,0,232.28,5.4522,885,1,0,1,3,0,0
tx_legit_003687,0,594.56,6.3895,547,1,2,1,2,0,0
tx_legit_001381,0,347.63,5.854,297,3,1,1,1,0,0
tx_legit_001601,0,148.74,5.0089,733,2,0,1,1,0,0
tx_legit_006691,0,633.64,6.4531,489,1,1,2,5,0,0
tx_legit_008715,0,1341.62,7.2024,756,3,0,1,3,0,0
tx_legit_006958,0,393.09,5.9766,712,2,0,1,1,0,0
tx_legit_007229,0,163.61,5.1036,732,1,0,1,3,0,0
tx_legit_003472,0,907.32,6.8116,498,1,0,1,2,0,0
tx_legit_004133,0,799.27,6.6849,168,1,0,1,1,0,0
tx_legit_005369,0,1178.32,7.0727,509,1,0,1,1,0,0
tx_legit_009103,0,753.66,6.6263,356,2,0,1,3,0,0
tx_legit_006562,0,641.7,6.4657,340,1,0,1,1,0,0
tx_legit_000734,0,492.55,6.2016,685,1,0,1,1,0,0
tx_legit_006473,0,785.74,6.6679,113,1,0,1,1,0,0
tx_legit_007607,0,382.61,5.9496,316,2,0,1,1,0,0
tx_legit_003297,0,137.61,4.9317,685,1,0,1,1,0,0
tx_legit_006335,0,1007.43,6.9161,872,1,0,1,3,0,0
tx_legit_009015,0,808.54,6.6965,223,2,0,1,2,0,0
tx_legit_005292,0,444.95,6.1002,135,1,0,1,2,0,0
tx_legit_000148,0,239.87,5.4843,889,1,0,1,1,0,0
tx_legit_003180,0,1506.96,7.3185,605,1,0,3,2,0,0
tx_legit_004150,0,87.5,4.483,641,1,0,1,1,0,0
tx_legit_003793,0,298.75,5.7029,730,1,0,2,1,0,0
tx_legit_001277,0,554.99,6.3208,862,1,0,1,1,0,0
tx_legit_004054,0,54.62,4.0185,776,1,0,3,3,0,0
tx_legit_000608,0,539.94,6.2933,867,2,1,1,2,0,0
tx_legit_007981,0,449.63,6.1106,243,1,0,1,1,0,0
tx_legit_002829,0,435.81,6.0795,106,4,0,1,1,0,0
tx_legit_001815,0,865.67,6.7647,265,1,0,1,1,0,0
tx_legit_008817,0,422.32,6.0481,734,1,0,1,2,0,0
tx_fraud_000043,1,10271.57,9.2372,7,10,4,17,2,1,1
tx_legit_008574,0,503.34,6.2233,737,2,0,2,1,0,0
tx_legit_000550,0,274.08,5.6171,99,1,0,1,3,0,0
tx_legit_008783,0,273.87,5.6163,111,1,0,1,2,0,0
tx_legit_001638,0,1372.09,7.2248,111,1,0,2,1,0,0
tx_legit_003703,0,148.59,5.0079,106,1,0,1,1,0,0
tx_legit_004819,0,469.25,6.1533,587,2,0,1,2,0,0
tx_legit_006728,0,415.43,6.0317,103,1,0,2,1,0,0
tx_legit_004981,0,228.8,5.4372,736,1,0,1,2,0,0
tx_legit_002938,0,1010.12,6.9188,224,1,0,1,4,0,0
tx_legit_003519,0,589.52,6.381,340,1,0,2,2,0,0
tx_legit_008838,0,428.09,6.0617,833,1,0,1,1,0,0
tx_legit_001243,0,266.22,5.5881,662,2,0,1,1,0,0
tx_legit_003594,0,470.7,6.1563,188,4,0,3,2,0,0
tx_legit_005006,0,909.85,6.8144,213,3,0,1,1,0,0
tx_legit_001537,0,696.26,6.5472,687,1,2,1,3,0,0
tx_legit_004697,0,196.57,5.2861,897,1,0,1,1,0,0
tx_legit_006588,0,767.39,6.6443,156,3,0,1,2,0,0
tx_legit_008376,0,697.32,6.5487,779,2,0,1,1,0,0
tx_legit_006937,0,630.43,6.448,748,1,0,1,3,0,0
tx_legit_007120,0,1103.55,7.0072,475,3,0,1,4,0,0
tx_legit_003767,0,440.88,6.091,154,2,0,1,2,0,0
tx_legit_005597,0,974.16,6.8826,289,3,0,1,4,0,0
tx_legit_005366,0,165.27,5.1136,618,2,0,2,1,0,0
tx_legit_007830,0,543.95,6.3007,183,1,0,1,2,0,0
tx_legit_003556,0,1473.02,7.2957,541,2,0,1,1,0,0
tx_legit_008189,0,1634.64,7.3998,835,1,0,1,3,0,0
tx_legit_002531,0,619.69,6.4308,141,2,2,1,1,0,0
tx_legit_000163,0,723.52,6.5855,118,1,0,1,1,0,0
tx_legit_004481,0,88.94,4.4991,517,1,1,1,1,0,0
tx_legit_001151,0,556.1,6.3227,757,1,0,1,2,0,0
tx_legit_004397,0,957.45,6.8653,234,1,0,1,2,0,0
tx_legit_003057,0,484.56,6.1853,231,1,0,2,1,0,0
tx_legit_003608,0,379.35,5.9411,736,1,0,1,1,0,0
tx_legit_008198,0,548.63,6.3092,724,1,0,1,1,0,0
tx_legit_004004,0,333.51,5.8127,788,1,0,1,2,0,0
tx_legit_002571,0,680.37,6.5241,407,2,0,1,1,0,0
tx_legit_000298,0,527.04,6.2692,738,2,2,1,1,0,0
tx_legit_005643,0,606.33,6.4091,360,1,0,1,3,0,0
tx_legit_003141,0,348.03,5.8552,189,1,0,1,1,0,0
tx_legit_003540,0,384.48,5.9545,593,1,0,1,1,0,0
tx_legit_002145,0,1031.76,6.94,743,1,0,1,1,0,0
tx_legit_006710,0,657.71,6.4903,496,1,0,1,1,0,0
tx_legit_003729,0,524.33,6.264,135,1,0,1,1,0,0
tx_legit_000204,0,315.49,5.7573,255,1,1,1,1,0,0
tx_legit_001047,0,238.85,5.48,597,2,0,1,1,0,0
tx_legit_000323,0,251.51,5.5315,827,1,0,1,1,0,0
tx_legit_000863,0,247.09,5.5138,606,1,0,2,1,0,0
tx_legit_003870,0,107.69,4.6885,792,1,0,1,1,0,0
tx_legit_008221,0,750.97,6.6227,118,1,0,1,1,0,0
tx_legit_006042,0,193.22,5.269,263,2,0,1,2,0,0
tx_legit_001358,0,428.43,6.0625,449,1,0,1,1,0,0
tx_legit_006911,0,373.27,5.925,798,1,0,1,1,0,0
tx_legit_007939,0,141.66,4.9605,517,3,1,1,3,0,0
tx_legit_005543,0,459.73,6.1328,583,1,0,1,1,0,0
tx_legit_006339,0,1931.81,7.5667,474,2,0,1,1,0,0
tx_legit_008797,0,765.09,6.6413,152,1,0,1,2,0,0
tx_legit_008551,0,255.76,5.5481,415,2,0,1,1,0,0
tx_legit_007447,0,1189.83,7.0824,738,2,0,1,1,0,0
tx_fraud_000077,1,5424.36,8.5988,4,11,2,17,3,1,1
tx_legit_003327,0,201.89,5.3127,723,4,0,1,1,0,0
tx_legit_008046,0,772.53,6.651,182,1,0,1,1,0,0
tx_legit_002306,0,266.05,5.5874,170,2,0,1,3,0,0
tx_legit_002363,0,501.09,6.2188,239,1,1,1,1,0,0
tx_fraud_000423,1,14510.73,9.5827,1,5,0,2,6,1,1
tx_legit_008890,0,409.02,6.0162,122,1,0,1,1,0,0
tx_legit_007083,0,368.1,5.9111,634,1,0,1,1,0,0
tx_legit_002254,0,1325.87,7.1906,146,3,0,1,1,0,0
tx_legit_004486,0,1079.87,6.9855,129,1,0,1,1,0,0
tx_legit_002282,0,780.5,6.6612,80,1,0,1,2,0,0
tx_legit_007340,0,1767.98,7.4782,809,1,0,1,4,0,0
tx_legit_004577,0,227.34,5.4308,288,1,0,1,1,0,0
tx_legit_007301,0,152.56,5.0341,394,1,0,1,3,0,0
tx_legit_007223,0,386.82,5.9605,155,1,0,1,1,0,0
tx_legit_004124,0,1642.22,7.4044,77,1,0,1,2,0,0
tx_legit_002837,0,245.17,5.506,683,1,0,1,1,0,0
tx_legit_003316,0,240.67,5.4876,867,1,0,1,2,0,0
tx_legit_004677,0,178.83,5.192,827,2,0,1,1,0,0
tx_legit_000875,0,377.95,5.9374,606,2,0,1,1,0,0
tx_legit_006481,0,337.87,5.8256,763,2,0,1,2,0,0
tx_legit_008231,0,310.84,5.7425,118,1,0,1,1,0,0
tx_legit_003898,0,391.87,5.9735,323,1,0,1,2,0,0
tx_legit_009182,0,472.62,6.1604,586,1,0,1,2,0,0
tx_legit_004687,0,684.04,6.5295,601,2,0,1,2,0,0
tx_legit_002420,0,447.74,6.1064,143,1,0,1,3,0,0
tx_legit_002720,0,419.73,6.042,418,1,0,1,2,0,0
tx_legit_004119,0,1068.44,6.9749,792,1,0,1,1,0,0
tx_legit_008064,0,166.71,5.1222,811,1,0,1,4,0,0
tx_legit_006686,0,666.99,6.5043,819,1,0,1,2,0,0
tx_legit_000314,0,906.31,6.8105,784,2,0,1,1,0,0
tx_legit_009181,0,1036.17,6.9443,214,2,0,1,1,0,0
tx_legit_007686,0,198.32,5.2949,437,1,0,1,1,0,0
tx_legit_004848,0,293.95,5.6868,331,1,0,2,1,0,0
tx_legit_000253,0,481.88,6.1798,880,2,1,1,1,0,0
tx_legit_000344,0,712.06,6.5696,495,1,0,3,1,0,0
tx_legit_002520,0,678.67,6.5216,472,2,0,1,1,0,0
tx_legit_007460,0,238.61,5.479,228,2,0,1,1,0,0
tx_legit_004320,0,442.81,6.0954,884,1,0,1,1,0,0
tx_legit_006027,0,586.73,6.3763,792,1,0,1,1,0,0
tx_legit_007613,0,651.02,6.4801,683,3,1,1,2,0,0
tx_legit_001604,0,134.27,4.9073,481,2,0,1,1,0,0
tx_legit_006891,0,219.2,5.3945,626,2,0,2,2,0,0
tx_legit_003190,0,251.67,5.5321,899,1,0,1,4,0,0
tx_legit_008808,0,144.85,4.9826,606,1,0,1,2,0,0
tx_legit_004557,0,1291.88,7.1646,821,2,0,1,2,0,0
tx_legit_006995,0,1538.48,7.3392,524,1,1,2,1,0,0
tx_legit_005260,0,503.32,6.2232,840,1,0,1,2,0,0
tx_legit_007367,0,939.18,6.8461,410,2,0,1,2,0,0
tx_fraud_000367,1,6285.34,8.7461,3,8,3,5,6,1,1
tx_legit_002955,0,289.96,5.6732,358,3,0,1,1,0,0
tx_legit_003168,0,140.07,4.9493,825,1,0,1,2,0,0
tx_legit_005380,0,283.72,5.6515,256,1,0,1,1,0,0
tx_legit_007345,0,686.44,6.533,894,1,1,1,3,0,0
tx_legit_008428,0,815.73,6.7053,273,1,0,2,1,0,0
tx_legit_007452,0,782.46,6.6637,853,1,0,1,1,0,0
tx_legit_005078,0,780.86,6.6617,382,1,2,1,2,0,0
tx_fraud_000383,1,15975.33,9.6789,2,6,3,3,4,1,1
tx_legit_000953,0,226.15,5.4256,202,1,0,1,3,0,0
tx_legit_002349,0,139.15,4.9427,221,4,1,1,1,0,0
tx_legit_003669,0,1037.11,6.9452,236,1,0,1,1,0,0
tx_legit_005163,0,351.57,5.8652,368,1,0,1,5,0,0
tx_fraud_000127,1,9820.28,9.1923,2,10,2,8,3,1,1
tx_legit_001956,0,1118.7,7.0208,521,1,0,1,1,0,0
tx_legit_008022,0,770.57,6.6484,141,1,1,2,1,0,0
tx_legit_000281,0,1656.07,7.4128,347,1,0,1,2,0,0
tx_legit_004491,0,1224.46,7.1111,515,1,0,1,3,0,0
tx_fraud_000432,1,3374.45,8.1243,0,4,2,3,6,1,0
tx_legit_008916,0,718.57,6.5787,161,1,0,1,1,0,0
tx_legit_008332,0,382.12,5.9483,301,1,0,2,1,0,0
tx_legit_003326,0,1291.87,7.1646,467,1,0,1,1,0,0
tx_legit_008908,0,399.07,5.9916,275,1,0,3,2,0,0
tx_legit_008425,0,526.13,6.2674,632,1,0,1,1,0,0
tx_legit_007416,0,758.43,6.6326,70,1,0,1,1,0,0
tx_legit_006643,0,462.82,6.1395,623,2,0,1,2,0,0
tx_legit_007339,0,448.86,6.1089,847,1,0,1,1,0,0
tx_legit_008004,0,1011.02,6.9197,734,1,0,1,2,0,0
tx_legit_000128,0,213.37,5.3677,205,1,0,1,2,0,0
tx_legit_004920,0,303.43,5.7184,185,2,0,1,1,0,0
tx_legit_008966,0,369.09,5.9137,39,1,1,1,2,0,0
tx_legit_001764,0,900.1,6.8036,561,1,0,2,1,0,0
tx_legit_001605,0,1390.64,7.2382,834,2,0,1,2,0,0
tx_legit_004566,0,404.14,6.0042,137,1,0,1,4,0,0
tx_legit_004258,0,633.05,6.4521,111,2,0,1,1,0,0
tx_legit_003580,0,966.31,6.8745,898,1,0,1,3,0,0
tx_legit_007222,0,318.44,5.7666,269,1,0,1,1,0,0
tx_legit_004216,0,226.97,5.4292,231,1,0,1,1,0,0
tx_legit_004078,0,520.21,6.2562,450,3,0,1,2,0,0
tx_legit_007942,0,5503.78,8.6134,593,1,1,1,2,0,0
tx_legit_004584,0,1418.52,7.2581,516,1,1,1,1,0,0
tx_legit_008534,0,435.97,6.0799,355,1,0,2,2,0,0
tx_legit_002594,0,809.77,6.698,326,3,0,2,1,0,0
tx_legit_001349,0,404.96,6.0063,97,1,0,2,1,0,0
tx_legit_002754,0,723.74,6.5858,757,2,0,1,4,0,0
tx_legit_005157,0,1249.96,7.1317,303,1,2,1,1,0,0
tx_legit_001768,0,1716.7,7.4487,364,1,0,1,1,0,0
tx_legit_009013,0,325.85,5.7895,402,1,0,1,1,0,0
tx_legit_005928,0,945.35,6.8526,580,1,1,3,1,0,0
tx_legit_004306,0,150.5,5.0206,821,1,1,1,2,0,0
tx_fraud_000084,1,7854.66,8.969,7,10,1,16,4,1,1
tx_legit_003112,0,248.5,5.5195,428,1,1,1,1,0,0
tx_legit_008161,0,508.85,6.2341,591,1,0,1,2,0,0
tx_legit_003622,0,644.88,6.4706,241,1,0,1,1,0,0
tx_legit_008123,0,1566.32,7.3571,570,2,0,1,1,0,0
tx_legit_001569,0,690.06,6.5382,850,2,0,1,1,0,0
tx_legit_006017,0,1638.97,7.4024,662,1,0,1,2,0,0
tx_legit_007266,0,182.3,5.2111,768,1,0,1,1,0,0
tx_legit_004128,0,573.55,6.3536,739,1,2,1,1,0,0
tx_legit_000152,0,2462.42,7.8093,660,1,0,1,1,0,0
tx_legit_004099,0,1703.71,7.4412,415,1,0,2,2,0,0
tx_legit_007588,0,414.25,6.0289,209,1,2,3,1,0,0
tx_legit_007979,0,512.8,6.2418,196,1,0,1,1,0,0
tx_legit_006620,0,120.28,4.7981,540,1,0,1,1,0,0
tx_legit_003343,0,1456.2,7.2843,165,1,0,2,3,0,0
tx_legit_002534,0,180.91,5.2035,499,1,0,1,2,0,0
tx_legit_004319,0,1180.6,7.0746,385,1,0,2,1,0,0
tx_legit_009127,0,956.82,6.8647,258,1,1,1,1,0,0
tx_legit_001661,0,957.78,6.8657,595,1,0,2,2,0,0
tx_legit_004394,0,231.79,5.4501,775,1,0,1,1,0,0
tx_fraud_000015,1,6857.28,8.8332,13,11,2,13,6,0,1
tx_fraud_000390,1,13934.99,9.5422,5,4,0,2,2,1,0
tx_fraud_000386,1,6537.29,8.7854,3,6,1,3,5,1,1
tx_legit_002751,0,210.89,5.3561,808,1,0,2,3,0,0
tx_legit_001928,0,208.1,5.3428,893,1,0,1,3,0,0
tx_fraud_000151,1,4635.65,8.4417,5,12,4,18,6,1,1
tx_legit_009168,0,213.62,5.3689,305,3,0,1,1,0,0
tx_legit_008980,0,687.88,6.5351,768,1,0,1,3,0,0
tx_legit_005698,0,364.7,5.9018,557,2,0,2,1,0,0
tx_legit_005551,0,501.17,6.2189,586,1,1,1,1,0,0
tx_legit_005108,0,507.34,6.2312,261,1,0,1,2,0,0
tx_legit_005057,0,279.64,5.6371,117,1,1,1,3,0,0
tx_legit_002195,0,474.28,6.1639,475,1,0,1,1,0,0
tx_legit_006097,0,925.89,6.8318,512,1,0,2,2,0,0
tx_legit_002743,0,574.59,6.3554,470,1,0,1,1,0,0
tx_legit_001008,0,796.86,6.6819,609,2,0,3,1,0,0
tx_legit_005457,0,591.35,6.3841,710,2,0,1,1,0,0
tx_legit_003869,0,548.64,6.3093,813,1,0,1,1,0,0
tx_legit_002258,0,600.23,6.399,188,1,0,1,1,0,0
tx_legit_003536,0,539.33,6.2922,450,3,1,2,1,0,0
tx_fraud_000551,1,92476.13,11.4347,1,12,4,3,1,1,1
tx_legit_000004,0,136.18,4.9213,146,2,0,1,1,0,0
tx_legit_008767,0,162.69,5.098,274,2,0,2,1,0,0
tx_legit_008605,0,575.93,6.3577,892,3,0,1,1,0,0
tx_legit_000897,0,616.69,6.426,321,1,0,2,4,0,0
tx_legit_005042,0,1656.67,7.4132,357,2,0,1,1,0,0
tx_legit_007703,0,1248.03,7.1301,563,1,0,1,1,0,0
tx_legit_000547,0,573.0,6.3526,444,1,0,1,1,0,0
tx_legit_006490,0,740.79,6.6091,147,1,0,1,3,0,0
tx_legit_003177,0,1587.01,7.3702,448,1,0,1,1,0,0
tx_legit_007795,0,1277.74,7.1536,787,2,0,1,3,0,0
tx_legit_004178,0,1168.93,7.0647,67,1,0,1,1,0,0
tx_legit_003829,0,316.89,5.7617,740,1,0,1,3,0,0
tx_fraud_000585,1,37485.88,10.5317,2,8,5,3,2,1,1
tx_legit_000192,0,284.0,5.6525,892,1,1,1,4,0,0
tx_legit_000223,0,214.46,5.3728,369,1,0,1,1,0,0
tx_legit_002781,0,359.72,5.8881,650,1,0,1,2,0,0
tx_legit_008169,0,1353.94,7.2115,427,1,0,2,1,0,0
tx_legit_005915,0,204.29,5.3244,562,1,0,1,2,0,0
tx_legit_007183,0,1114.04,7.0166,864,1,0,1,1,0,0
tx_fraud_000372,1,9837.89,9.1941,2,5,3,3,4,1,1
tx_legit_005784,0,667.55,6.5051,871,1,0,1,1,0,0
tx_legit_008262,0,741.17,6.6096,869,1,1,1,2,0,0
tx_legit_004957,0,201.97,5.3131,894,1,0,3,1,0,0
tx_legit_003065,0,645.22,6.4711,792,4,0,1,1,0,0
tx_fraud_000426,1,21506.26,9.9761,0,5,1,2,6,1,1
tx_legit_003707,0,316.28,5.7598,273,1,0,1,1,0,0
tx_legit_002313,0,613.73,6.4212,575,1,0,2,1,0,0
tx_legit_006164,0,179.84,5.1976,404,2,0,1,5,0,0
tx_legit_001549,0,616.5,6.4257,641,1,0,1,1,0,0
tx_legit_002862,0,238.81,5.4798,326,1,0,1,1,0,0
tx_legit_008630,0,237.72,5.4753,509,1,0,1,2,0,0
tx_legit_006419,0,187.73,5.2403,760,2,0,1,1,0,0
tx_legit_003137,0,83.03,4.4312,231,1,0,1,1,0,0
tx_fraud_000085,1,17961.51,9.796,9,7,2,18,3,0,1
tx_legit_007926,0,612.97,6.4199,592,2,1,1,4,0,0
tx_legit_003399,0,169.99,5.1416,719,1,0,1,2,0,0
tx_legit_005889,0,474.34,6.164,354,3,0,1,2,0,0
tx_legit_007548,0,326.35,5.791,453,1,2,1,2,0,0
tx_legit_003780,0,733.7,6.5995,867,1,0,1,1,0,0
tx_fraud_000580,1,53096.38,10.8799,8,8,5,3,2,0,1
tx_legit_002376,0,708.99,6.5653,332,1,0,1,1,0,0
tx_legit_007940,0,272.48,5.6112,67,1,0,1,2,0,0
tx_legit_006602,0,404.36,6.0048,560,1,1,1,1,0,0
tx_fraud_000334,1,4028.32,8.3014,4,4,0,4,6,1,0
tx_legit_001278,0,159.47,5.0781,577,2,0,2,1,0,0
tx_legit_006239,0,194.27,5.2744,708,1,0,1,2,0,0
tx_legit_008628,0,578.24,6.3617,840,1,0,1,2,0,0
tx_legit_007091,0,637.53,6.4592,538,1,0,1,1,0,0
tx_legit_002045,0,713.81,6.572,185,1,0,1,2,0,0
tx_legit_002914,0,758.22,6.6323,533,2,0,1,3,0,0
tx_fraud_000639,1,74111.43,11.2133,1,16,7,1,4,1,1
tx_fraud_000065,1,5159.83,8.5489,14,11,3,16,4,0,1
tx_legit_004271,0,3432.79,8.1414,554,1,0,2,3,0,0
tx_legit_007985,0,1446.48,7.2776,733,1,1,1,1,0,0
tx_legit_006974,0,287.66,5.6652,426,2,0,1,2,0,0
tx_legit_004723,0,616.78,6.4261,734,1,0,1,4,0,0
tx_fraud_000094,1,13263.94,9.4929,5,5,3,8,6,1,1
tx_legit_003796,0,585.28,6.3738,345,1,0,1,1,0,0
tx_legit_008540,0,450.77,6.1132,163,2,0,1,1,0,0
tx_legit_009075,0,318.27,5.766,47,1,0,1,1,0,0
tx_legit_001548,0,771.23,6.6493,492,1,0,1,3,0,0
tx_legit_004741,0,471.75,6.1586,741,2,0,1,3,0,0
tx_legit_005586,0,248.86,5.5209,451,1,0,2,1,0,0
tx_legit_008940,0,565.67,6.3398,814,2,1,1,4,0,0
tx_legit_004438,0,722.59,6.5842,727,1,0,2,3,0,0
tx_legit_006386,0,426.39,6.0577,843,1,0,1,2,0,0
tx_legit_000577,0,232.02,5.4511,54,1,0,1,2,0,0
tx_legit_005090,0,2010.06,7.6064,382,1,0,1,1,0,0
tx_legit_001121,0,903.49,6.8074,41,1,0,1,1,0,0
tx_legit_007486,0,575.21,6.3565,170,1,0,1,2,0,0
tx_legit_003508,0,186.59,5.2343,776,1,1,1,1,0,0
tx_legit_000069,0,443.08,6.096,65,2,0,1,1,0,0
tx_legit_008215,0,288.49,5.6681,67,1,0,1,2,0,0
tx_legit_006265,0,222.33,5.4087,566,1,0,1,3,0,0
tx_legit_005559,0,256.46,5.5509,206,1,0,1,1,0,0
tx_fraud_000480,1,12222.9,9.4111,5,9,1,5,3,1,1
tx_legit_001125,0,331.37,5.8062,63,2,0,1,1,0,0
tx_legit_000195,0,1027.61,6.936,764,1,0,1,1,0,0
tx_legit_004596,0,683.7,6.529,380,2,0,1,3,0,0
tx_legit_007031,0,530.99,6.2766,876,1,0,2,3,0,0
tx_legit_000706,0,775.66,6.655,595,1,0,1,2,0,0
tx_legit_004870,0,1421.13,7.2599,684,1,0,1,2,0,0
tx_legit_000289,0,209.38,5.3489,414,4,0,1,1,0,0
tx_fraud_000401,1,11190.6,9.3229,5,9,1,3,4,1,1
tx_legit_000462,0,815.48,6.705,860,4,0,1,1,0,0
tx_legit_005353,0,515.12,6.2463,542,1,0,1,1,0,0
tx_legit_006121,0,317.83,5.7647,774,1,0,1,3,0,0
tx_legit_001971,0,275.74,5.6231,181,1,0,1,2,0,0
tx_legit_006932,0,292.46,5.6817,532,4,0,1,1,0,0
tx_legit_006736,0,596.49,6.3927,189,1,0,2,1,0,0
tx_legit_004014,0,144.58,4.9807,538,1,0,1,3,0,0
tx_legit_000196,0,922.01,6.8276,639,1,0,1,1,0,0
tx_legit_005020,0,930.79,6.8371,273,2,0,3,1,0,0
tx_legit_002687,0,504.79,6.2261,464,2,0,1,2,0,0
tx_legit_008511,0,557.74,6.3257,179,1,0,1,2,0,0
tx_legit_000923,0,523.11,6.2617,611,1,0,1,1,0,0
tx_legit_001075,0,82.29,4.4223,706,3,0,1,1,0,0
tx_legit_002576,0,821.98,6.7129,736,1,0,1,1,0,0
tx_legit_008554,0,315.75,5.7581,180,1,0,1,2,0,0
tx_legit_005595,0,471.43,6.1579,185,1,2,1,1,0,0
tx_legit_006264,0,702.19,6.5556,495,1,0,1,1,0,0
tx_legit_003108,0,1483.83,7.3031,866,1,0,1,2,0,0
tx_legit_001950,0,257.37,5.5544,796,1,0,2,1,0,0
tx_legit_008538,0,330.52,5.8037,677,1,2,1,1,0,0
tx_legit_000166,0,849.69,6.746,780,1,0,1,1,0,0
tx_legit_001420,0,220.6,5.4009,285,1,0,1,2,0,0
tx_legit_005564,0,1363.66,7.2187,456,1,0,1,3,0,0
tx_legit_008697,0,853.6,6.7506,187,1,0,1,2,0,0
tx_legit_004865,0,594.94,6.3901,493,3,0,2,2,0,0
tx_legit_008413,0,465.41,6.1451,837,1,0,1,1,0,0
tx_legit_007637,0,717.84,6.5776,866,1,0,1,1,0,0
tx_legit_009057,0,904.07,6.808,234,1,0,1,3,0,0
tx_legit_007547,0,114.48,4.7491,778,1,0,1,3,0,0
tx_legit_009093,0,97.81,4.5932,102,1,1,1,2,0,0
tx_legit_007900,0,170.4,5.144,437,1,0,1,1,0,0
tx_legit_006446,0,552.19,6.3157,99,1,0,2,2,0,0
tx_legit_000786,0,1004.36,6.9131,265,4,0,1,1,0,0
tx_legit_006893,0,1086.24,6.9914,380,1,0,1,2,0,0
tx_legit_004686,0,432.82,6.0726,576,1,0,1,1,0,0
tx_legit_008291,0,216.45,5.382,174,1,0,1,2,0,0
tx_legit_004075,0,274.86,5.6199,196,2,0,2,2,0,0
tx_legit_000643,0,343.35,5.8417,404,1,0,2,2,0,0
tx_fraud_000338,1,19094.39,9.8572,0,4,1,3,6,1,0
tx_legit_001265,0,731.37,6.5963,495,2,0,1,3,0,0
tx_legit_003480,0,343.85,5.8431,418,4,1,1,1,0,0
tx_legit_003188,0,327.41,5.7943,345,1,0,3,3,0,0
tx_legit_002345,0,355.93,5.8775,481,1,2,1,1,0,0
tx_legit_001135,0,191.46,5.2599,173,1,0,1,2,0,0
tx_legit_004722,0,283.05,5.6492,584,1,0,1,2,0,0
tx_legit_002555,0,1243.61,7.1266,665,1,0,1,2,0,0
tx_legit_002950,0,791.63,6.6754,409,3,0,1,1,0,0
tx_legit_007967,0,762.47,6.6379,494,1,0,1,1,0,0
tx_legit_003966,0,476.13,6.1678,737,1,0,1,1,0,0
tx_legit_006270,0,894.2,6.797,700,1,0,1,3,0,0
tx_legit_003299,0,831.71,6.7247,223,1,0,1,1,0,0
tx_fraud_000365,1,12994.14,9.4723,0,9,3,4,4,1,1
tx_legit_000988,0,751.03,6.6228,864,2,0,1,1,0,0
tx_legit_008054,0,335.29,5.818,100,1,0,1,1,0,0
tx_legit_005029,0,523.72,6.2629,271,2,0,1,1,0,0
tx_legit_009162,0,519.19,6.2542,110,1,0,1,1,0,0
tx_legit_008761,0,989.66,6.8984,200,1,0,1,1,0,0
tx_legit_004872,0,627.99,6.4441,122,1,0,1,2,0,0
tx_legit_002021,0,1169.49,7.0652,350,1,0,1,1,0,0
tx_legit_000022,0,1040.98,6.9489,787,1,0,1,1,0,0
tx_legit_000717,0,432.98,6.073,719,3,0,1,1,0,0
tx_legit_001719,0,950.8,6.8584,209,1,0,1,1,0,0
tx_legit_001709,0,150.67,5.0217,499,1,0,1,1,0,0
tx_legit_003611,0,449.28,6.1099,495,1,1,1,1,0,0
tx_legit_005502,0,650.41,6.4791,139,1,0,1,1,0,0
tx_legit_004381,0,142.95,4.9695,324,1,0,1,1,0,0
tx_legit_000279,0,4803.92,8.4774,495,1,0,2,1,0,0
tx_legit_004443,0,337.55,5.8247,168,1,1,1,2,0,0
tx_legit_001879,0,729.21,6.5933,562,2,0,1,2,0,0
tx_legit_007598,0,2336.07,7.7567,578,2,0,1,1,0,0
tx_legit_000967,0,83.49,4.4366,707,1,0,2,2,0,0
tx_legit_008255,0,707.51,6.5632,880,1,0,1,1,0,0
tx_legit_003807,0,322.0,5.7777,41,1,0,1,2,0,0
tx_legit_003165,0,186.17,5.232,773,1,0,2,2,0,0
tx_legit_005707,0,1536.28,7.3378,827,2,0,1,1,0,0
tx_legit_001677,0,942.12,6.8492,499,1,0,1,2,0,0
tx_fraud_000158,1,8173.7,9.0088,4,7,3,18,6,1,1
tx_legit_001749,0,360.62,5.8906,132,4,0,1,1,0,0
tx_legit_007291,0,1307.88,7.1769,774,1,0,1,2,0,0
tx_legit_008450,0,905.93,6.8101,646,1,0,3,1,0,0
tx_fraud_000034,1,9463.95,9.1554,10,5,1,8,3,0,1
tx_legit_007013,0,482.09,6.1802,350,1,0,1,1,0,0
tx_legit_001920,0,260.31,5.5657,293,1,0,1,1,0,0
tx_legit_005335,0,747.01,6.6174,358,1,0,2,1,0,0
tx_legit_003074,0,407.57,6.0127,166,1,0,2,1,0,0
tx_legit_000157,0,463.6,6.1412,437,1,0,2,1,0,0
tx_legit_001154,0,1919.05,7.5601,545,2,0,1,2,0,0
tx_legit_003287,0,377.69,5.9367,240,1,2,1,1,0,0
tx_legit_005200,0,742.87,6.6119,435,1,0,1,1,0,0
tx_legit_006191,0,576.83,6.3593,110,1,0,1,2,0,0
tx_legit_001644,0,1238.17,7.1222,65,1,0,1,1,0,0
tx_legit_000291,0,88.3,4.492,237,2,0,1,3,0,0
tx_legit_004546,0,202.68,5.3166,268,1,1,1,1,0,0
tx_legit_001475,0,439.34,6.0875,85,2,0,1,1,0,0
tx_legit_001301,0,550.57,6.3128,850,1,0,1,2,0,0
tx_legit_005522,0,1029.18,6.9375,277,1,0,1,1,0,0
tx_legit_005390,0,227.43,5.4312,819,1,0,1,1,0,0
tx_legit_005102,0,530.37,6.2755,284,1,0,1,1,0,0
tx_legit_000760,0,972.82,6.8812,486,1,0,2,3,0,0
tx_legit_002965,0,159.9,5.0808,620,1,0,1,1,0,0
tx_legit_001314,0,328.5,5.7976,607,2,0,1,3,0,0
tx_legit_006274,0,613.22,6.4204,792,1,0,1,2,0,0
tx_legit_005719,0,467.99,6.1506,244,2,0,1,3,0,0
tx_legit_008995,0,1331.08,7.1945,604,1,0,1,3,0,0
tx_legit_008399,0,332.76,5.8104,79,1,0,1,1,0,0
tx_legit_004290,0,326.33,5.791,137,1,0,1,2,0,0
tx_legit_002197,0,769.27,6.6467,482,1,0,1,2,0,0
tx_legit_006650,0,306.33,5.7279,440,2,0,1,1,0,0
tx_legit_005556,0,338.98,5.8289,777,1,0,1,1,0,0
tx_legit_002810,0,379.29,5.9409,83,1,0,1,1,0,0
tx_legit_006348,0,437.43,6.0832,409,4,0,1,1,0,0
tx_legit_001291,0,343.6,5.8424,222,2,0,1,1,0,0
tx_legit_002088,0,131.86,4.8893,895,3,0,2,1,0,0
tx_legit_008318,0,367.82,5.9103,76,4,0,1,1,0,0
tx_legit_004770,0,391.88,5.9735,705,3,0,1,1,0,0
tx_legit_008264,0,696.41,6.5474,102,1,0,1,2,0,0
tx_legit_004209,0,701.25,6.5543,449,1,0,1,1,0,0
tx_legit_004527,0,272.48,5.6112,809,1,0,2,1,0,0
tx_legit_004768,0,1107.14,7.0104,63,2,0,1,1,0,0
tx_legit_009186,0,436.92,6.082,865,1,0,1,2,0,0
tx_fraud_000586,1,35874.65,10.4878,6,6,5,3,3,1,1
tx_legit_001368,0,96.44,4.5792,163,2,0,1,2,0,0
tx_legit_007253,0,279.46,5.6364,448,2,0,1,1,0,0
tx_legit_007843,0,1160.72,7.0577,579,2,0,1,1,0,0
tx_legit_008152,0,248.85,5.5209,456,1,0,1,1,0,0
tx_legit_003859,0,1969.79,7.5862,320,1,0,1,1,0,0
tx_fraud_000138,1,10735.82,9.2814,12,4,2,11,6,0,0
tx_legit_002444,0,439.63,6.0882,119,2,0,1,1,0,0
tx_legit_003383,0,179.05,5.1932,219,1,0,1,3,0,0
tx_legit_001080,0,471.66,6.1584,743,1,0,1,2,0,0
tx_legit_008185,0,463.64,6.1413,613,1,0,1,2,0,0
tx_legit_005071,0,1454.41,7.283,167,1,1,1,1,0,0
tx_legit_006962,0,878.3,6.7791,323,2,0,2,2,0,0
tx_fraud_000413,1,14537.54,9.5846,5,5,1,5,2,1,1
tx_legit_007704,0,507.57,6.2316,362,1,0,1,2,0,0
tx_legit_003808,0,71.9,4.2891,157,1,0,1,2,0,0
tx_legit_005939,0,219.19,5.3945,836,2,0,1,1,0,0
tx_fraud_000154,1,6751.86,8.8177,9,11,3,15,2,0,1
tx_legit_004100,0,949.35,6.8568,838,1,0,1,2,0,0
tx_legit_002007,0,294.11,5.6873,365,1,1,1,2,0,0
tx_legit_008236,0,290.92,5.6765,261,1,0,1,1,0,0
tx_fraud_000095,1,9851.89,9.1955,14,8,1,13,3,0,1
tx_legit_001346,0,531.22,6.2771,215,4,0,1,1,0,0
tx_legit_005527,0,147.7,5.0019,626,2,1,1,2,0,0
tx_legit_001373,0,440.19,6.0895,514,2,0,1,1,0,0
tx_fraud_000059,1,8806.65,9.0834,11,11,4,14,6,0,1
tx_legit_009149,0,1092.2,6.9969,869,2,0,1,1,0,0
tx_fraud_000013,1,9874.5,9.1978,2,5,2,18,6,1,1
tx_fraud_000117,1,15360.54,9.6396,13,5,2,16,4,0,1
tx_legit_003749,0,585.79,6.3747,661,1,0,1,1,0,0
tx_legit_004140,0,225.68,5.4235,287,1,0,1,3,0,0
tx_legit_000818,0,671.39,6.5108,771,2,0,1,1,0,0
tx_legit_007034,0,256.89,5.5525,899,1,0,1,1,0,0
tx_legit_008128,0,324.38,5.785,561,2,0,1,1,0,0
tx_legit_008928,0,1112.1,7.0149,97,2,0,1,2,0,0
tx_legit_001341,0,1160.07,7.0571,795,1,0,1,1,0,0
tx_fraud_000016,1,3236.42,8.0825,11,11,1,10,6,0,1
tx_legit_002889,0,781.84,6.6629,519,1,0,1,2,0,0
tx_legit_009122,0,302.54,5.7155,499,1,0,1,1,0,0
tx_legit_000470,0,246.59,5.5118,712,1,0,1,1,0,0
tx_legit_003229,0,463.41,6.1408,563,1,0,2,2,0,0
tx_legit_002494,0,1245.99,7.1285,670,1,0,1,1,0,0
tx_legit_008252,0,370.79,5.9183,499,1,0,1,1,0,0
tx_legit_008308,0,371.3,5.9197,309,1,0,2,2,0,0
tx_legit_001015,0,697.93,6.5496,740,2,1,1,4,0,0
tx_legit_005257,0,727.7,6.5913,775,1,0,1,3,0,0
tx_legit_007747,0,378.78,5.9396,383,1,0,2,3,0,0
tx_legit_003714,0,304.43,5.7217,285,1,0,1,2,0,0
tx_legit_004154,0,137.77,4.9328,175,1,0,1,3,0,0
tx_legit_008341,0,658.91,6.4921,285,1,0,1,2,0,0
tx_legit_008859,0,295.03,5.6905,114,2,0,1,1,0,0
tx_fraud_000600,1,59753.83,10.998,8,8,4,2,3,0,1
tx_legit_005629,0,595.36,6.3908,112,2,0,1,4,0,0
tx_legit_003161,0,402.66,6.0006,191,2,0,1,1,0,0
tx_fraud_000637,1,41540.18,10.6344,5,8,5,2,4,1,1
tx_legit_005688,0,351.88,5.8661,201,1,0,2,1,0,0
tx_legit_003639,0,1475.8,7.2976,767,1,0,2,2,0,0
tx_legit_001369,0,665.31,6.5018,456,1,0,1,5,0,0
tx_legit_004129,0,324.8,5.7863,486,1,0,2,1,0,0
tx_legit_000077,0,1132.73,7.0333,682,1,2,1,1,0,0
tx_legit_003184,0,359.91,5.8886,203,1,0,2,1,0,0
tx_legit_008674,0,230.83,5.446,148,1,0,1,1,0,0
tx_legit_004556,0,474.42,6.1642,67,1,0,2,1,0,0
tx_legit_006445,0,646.18,6.4726,654,1,0,1,1,0,0
tx_legit_000434,0,195.21,5.2792,194,1,0,1,1,0,0
tx_legit_004543,0,441.19,6.0917,740,1,0,1,1,0,0
tx_legit_001276,0,615.76,6.4245,456,1,0,1,1,0,0
tx_legit_009081,0,194.16,5.2738,849,1,0,1,2,0,0
tx_legit_007512,0,519.05,6.2539,236,2,0,1,1,0,0
tx_legit_004795,0,365.22,5.9032,326,1,0,1,1,0,0
tx_legit_008319,0,473.27,6.1618,553,1,0,1,1,0,0
tx_legit_004911,0,327.27,5.7938,373,1,0,1,1,0,0
tx_legit_005387,0,664.48,6.5005,673,2,0,1,1,0,0
tx_legit_008443,0,318.19,5.7658,501,1,0,1,1,0,0
tx_legit_002218,0,490.04,6.1965,386,1,1,1,1,0,0
tx_legit_007546,0,310.08,5.7401,67,1,0,1,2,0,0
tx_legit_003199,0,536.64,6.2872,389,1,0,1,1,0,0
tx_legit_003747,0,466.76,6.148,134,2,0,1,1,0,0
tx_legit_002274,0,524.96,6.2652,181,2,0,1,2,0,0
tx_legit_002071,0,616.85,6.4262,104,1,0,1,1,0,0
tx_legit_000696,0,819.9,6.7104,768,1,0,1,2,0,0
tx_fraud_000378,1,6613.15,8.797,0,3,2,4,4,1,0
tx_legit_003759,0,484.48,6.1851,748,1,0,1,1,0,0
tx_legit_008590,0,877.26,6.7779,477,1,0,1,1,0,0
tx_legit_003045,0,494.52,6.2056,415,1,0,1,2,0,0
tx_legit_000504,0,303.33,5.7181,542,2,0,1,1,0,0
tx_legit_003855,0,303.16,5.7176,866,1,0,1,1,0,0
tx_legit_004248,0,291.76,5.6794,497,2,0,1,4,0,0
tx_legit_002446,0,708.27,6.5642,730,1,0,1,1,0,0
tx_legit_001312,0,412.59,6.0249,123,2,0,1,3,0,0
tx_legit_001791,0,210.38,5.3537,504,1,0,1,2,0,0
tx_legit_007309,0,515.26,6.2466,632,2,0,1,1,0,0
tx_legit_008384,0,2113.99,7.6568,789,1,0,1,2,0,0
tx_legit_001918,0,916.08,6.8212,640,1,0,2,2,0,0
tx_legit_003752,0,2296.03,7.7394,171,1,0,1,1,0,0
tx_legit_007465,0,691.72,6.5406,259,2,0,1,1,0,0
tx_legit_004333,0,727.75,6.5913,76,1,0,2,2,0,0
tx_legit_007103,0,441.62,6.0927,530,1,0,2,1,0,0
tx_legit_007543,0,2538.72,7.8398,636,1,0,1,3,0,0
tx_legit_004362,0,659.43,6.4929,793,1,0,1,3,0,0
tx_legit_009174,0,290.41,5.6747,398,1,1,1,1,0,0
tx_legit_001400,0,551.37,6.3142,776,2,0,2,1,0,0
tx_legit_004103,0,456.68,6.1262,385,1,0,1,2,0,0
tx_legit_007032,0,872.7,6.7727,796,2,0,2,2,0,0
tx_legit_006770,0,219.45,5.3957,563,1,0,1,2,0,0
tx_legit_000044,0,849.97,6.7464,744,1,0,1,2,0,0
tx_legit_006935,0,324.08,5.7841,493,1,0,1,5,0,0
tx_legit_004084,0,752.77,6.6251,218,1,0,2,1,0,0
tx_legit_009070,0,514.56,6.2453,582,1,0,1,1,0,0
tx_legit_006175,0,669.75,6.5084,410,1,1,1,1,0,0
tx_legit_002733,0,504.2,6.225,311,1,0,3,1,0,0
tx_legit_004899,0,278.5,5.633,165,1,0,1,1,0,0
tx_legit_001662,0,2997.03,8.0057,872,1,0,2,1,0,0
tx_legit_000582,0,442.93,6.0957,206,2,1,1,1,0,0
tx_legit_008382,0,894.21,6.7971,86,1,0,1,1,0,0
tx_legit_002949,0,614.28,6.4221,738,1,0,1,1,0,0
tx_legit_006381,0,1222.95,7.1098,284,1,0,2,1,0,0
tx_legit_005676,0,159.22,5.0765,148,1,0,1,1,0,0
tx_legit_003798,0,1362.54,7.2178,835,1,0,1,1,0,0
tx_legit_000626,0,452.55,6.1171,628,1,0,2,3,0,0
tx_legit_005933,0,376.13,5.9326,512,1,0,1,2,0,0
tx_legit_003151,0,312.96,5.7493,49,1,0,1,1,0,0
tx_legit_001640,0,691.94,6.5409,382,1,0,1,1,0,0
tx_legit_007411,0,331.76,5.8074,56,1,0,1,2,0,0
tx_legit_009199,0,403.25,6.002,289,1,0,1,2,0,0
tx_legit_005477,0,213.89,5.3701,514,2,0,1,2,0,0
tx_legit_006767,0,169.13,5.1366,337,1,0,1,2,0,0
tx_legit_005374,0,125.89,4.8433,674,2,0,1,2,0,0
tx_legit_006320,0,419.94,6.0425,276,1,0,1,2,0,0
tx_legit_001211,0,562.57,6.3343,523,1,0,1,3,0,0
tx_legit_007829,0,617.88,6.4279,605,3,0,1,1,0,0
tx_legit_000059,0,1691.84,7.4342,85,1,0,1,1,0,0
tx_legit_007201,0,157.21,5.0639,815,1,0,1,2,0,0
tx_legit_006800,0,229.29,5.4393,65,1,1,1,1,0,0
tx_legit_007071,0,255.95,5.5489,625,2,0,1,2,0,0
tx_fraud_000088,1,16378.07,9.7038,1,5,3,18,6,1,1
tx_legit_002149,0,1452.02,7.2814,720,2,0,1,1,0,0
tx_legit_007667,0,151.12,5.0247,420,1,0,1,1,0,0
tx_legit_000680,0,322.89,5.7804,547,1,0,1,1,0,0
tx_legit_007302,0,164.33,5.1079,559,2,0,1,1,0,0
tx_legit_002367,0,1113.65,7.0163,135,1,0,1,1,0,0
tx_legit_000519,0,191.42,5.2597,591,1,0,1,1,0,0
tx_legit_004740,0,506.83,6.2301,591,1,0,1,1,0,0
tx_legit_004821,0,297.69,5.6994,87,1,1,1,1,0,0
tx_legit_005942,0,447.62,6.1062,530,4,0,1,1,0,0
tx_fraud_000321,1,3933.49,8.2775,3,3,1,5,2,1,0
tx_fraud_000573,1,67737.94,11.1234,4,12,6,1,3,1,1
tx_legit_000206,0,728.42,6.5922,152,1,0,1,1,0,0
tx_legit_006603,0,350.1,5.8611,898,1,0,2,1,0,0
tx_legit_005126,0,482.25,6.1805,341,2,0,1,4,0,0
tx_legit_006927,0,1399.89,7.2449,65,1,0,1,3,0,0
tx_fraud_000429,1,5877.1,8.679,3,5,3,3,6,1,1
tx_legit_008406,0,304.13,5.7207,350,3,0,1,2,0,0
tx_legit_004720,0,320.14,5.7719,356,1,0,2,1,0,0
tx_legit_007586,0,468.01,6.1506,622,1,0,1,2,0,0
tx_legit_008703,0,306.8,5.7295,285,1,0,1,2,0,0
tx_legit_008038,0,579.34,6.3636,119,2,0,1,2,0,0
tx_fraud_000130,1,15851.97,9.6711,6,4,4,11,3,1,0
tx_legit_001902,0,195.54,5.2809,238,2,0,1,1,0,0
tx_legit_005882,0,458.29,6.1297,188,2,0,1,2,0,0
tx_legit_004069,0,514.9,6.2459,705,1,0,1,5,0,0
tx_legit_007769,0,828.42,6.7207,529,1,0,2,1,0,0
tx_legit_008259,0,1420.94,7.2598,662,1,0,1,3,0,0
tx_legit_003146,0,661.47,6.496,173,1,1,3,2,0,0
tx_legit_001915,0,423.94,6.0519,654,1,0,1,1,0,0
tx_legit_008052,0,417.31,6.0362,473,2,0,1,2,0,0
tx_legit_002606,0,1293.86,7.1662,788,1,0,1,2,0,0
tx_legit_003006,0,882.11,6.7834,873,1,0,1,3,0,0
tx_legit_004948,0,638.76,6.4611,658,1,0,1,2,0,0
tx_legit_006494,0,269.06,5.5986,553,1,0,1,1,0,0
tx_legit_002752,0,315.1,5.7561,887,1,0,1,2,0,0
tx_legit_000025,0,702.48,6.556,394,1,0,2,1,0,0
tx_legit_009002,0,1576.19,7.3634,858,1,1,1,1,0,0
tx_legit_008804,0,457.19,6.1273,519,1,0,1,1,0,0
tx_legit_006847,0,491.71,6.1999,77,1,1,1,1,0,0
tx_legit_001559,0,275.78,5.6232,551,3,0,1,1,0,0
tx_legit_001836,0,365.37,5.9036,311,1,0,1,2,0,0
tx_legit_001675,0,886.07,6.7879,350,2,0,1,2,0,0
tx_legit_003819,0,411.96,6.0234,256,2,0,1,3,0,0
tx_legit_005286,0,639.58,6.4624,822,1,0,2,2,0,0
tx_legit_008672,0,544.93,6.3025,760,1,0,1,1,0,0
tx_legit_003239,0,975.62,6.8841,736,1,0,1,1,0,0
tx_legit_003544,0,1095.55,6.9999,561,2,0,1,1,0,0
tx_legit_008709,0,214.49,5.3729,345,1,0,2,1,0,0
tx_legit_005943,0,424.01,6.0521,824,1,0,2,2,0,0
tx_legit_001446,0,315.73,5.758,503,1,0,1,1,0,0
tx_legit_005615,0,129.33,4.8701,720,2,0,2,1,0,0
tx_legit_009016,0,1618.63,7.39,826,1,0,1,1,0,0
tx_legit_003213,0,496.78,6.2102,121,1,1,1,1,0,0
tx_legit_006956,0,191.23,5.2587,593,1,0,1,1,0,0
tx_legit_003973,0,287.21,5.6637,336,1,0,1,2,0,0
tx_legit_003756,0,1370.77,7.2239,826,4,0,1,1,0,0
tx_legit_001444,0,344.73,5.8457,34,1,0,1,1,0,0
tx_legit_003674,0,219.99,5.3981,466,1,1,1,3,0,0
tx_fraud_000001,1,6378.12,8.7608,1,6,4,11,2,1,1
tx_legit_000347,0,179.74,5.1971,408,1,2,1,2,0,0
tx_legit_005253,0,190.4,5.2544,895,1,0,1,2,0,0
tx_legit_000230,0,746.88,6.6172,63,2,1,1,1,0,0
tx_legit_007971,0,427.9,6.0612,613,2,0,1,1,0,0
tx_legit_005930,0,505.54,6.2276,113,1,0,1,1,0,0
tx_legit_003814,0,412.68,6.0251,679,1,0,1,1,0,0
tx_legit_000374,0,415.82,6.0327,181,1,0,1,1,0,0
tx_legit_007056,0,581.09,6.3666,547,1,2,1,1,0,0
tx_legit_001626,0,302.76,5.7162,435,1,0,1,2,0,0
tx_legit_007524,0,650.33,6.479,243,1,0,1,2,0,0
tx_legit_005565,0,387.9,5.9633,305,1,0,1,1,0,0
tx_legit_002875,0,172.57,5.1566,833,1,1,1,2,0,0
tx_legit_003875,0,229.83,5.4417,479,1,0,1,1,0,0
tx_fraud_000469,1,4846.48,8.4862,2,8,1,4,6,1,1
tx_legit_003712,0,708.5,6.5646,397,2,0,1,1,0,0
tx_legit_002196,0,158.28,5.0707,358,1,0,3,1,0,0
tx_legit_004798,0,167.72,5.1282,860,1,0,2,1,0,0
tx_legit_007237,0,1227.03,7.1132,705,1,0,1,1,0,0
tx_legit_004287,0,534.51,6.2832,740,3,1,1,2,0,0
tx_legit_002347,0,90.5,4.5163,378,2,0,2,1,0,0
tx_legit_004931,0,763.01,6.6386,191,1,0,1,1,0,0
tx_legit_000838,0,500.97,6.2185,458,2,0,1,1,0,0
tx_legit_003715,0,757.54,6.6314,451,1,0,1,1,0,0
tx_legit_000056,0,299.0,5.7038,437,2,0,1,1,0,0
tx_legit_005315,0,860.0,6.7581,660,1,0,1,3,0,0
tx_legit_008846,0,446.73,6.1042,39,1,0,1,1,0,0
tx_legit_008537,0,1126.68,7.0279,50,1,0,2,1,0,0
tx_legit_002604,0,523.84,6.2631,819,1,0,1,3,0,0
tx_legit_006654,0,421.82,6.0469,897,1,0,1,3,0,0
tx_legit_002256,0,299.76,5.7063,122,2,0,1,4,0,0
tx_legit_004830,0,149.71,5.0154,840,1,0,1,1,0,0
tx_legit_005371,0,280.24,5.6392,735,1,0,1,1,0,0
tx_legit_008692,0,813.34,6.7024,386,1,0,1,1,0,0
tx_legit_009124,0,243.51,5.4993,489,2,1,1,1,0,0
tx_legit_005416,0,751.33,6.6232,640,2,0,1,1,0,0
tx_legit_004862,0,452.07,6.116,153,1,2,1,1,0,0
tx_legit_001621,0,506.71,6.2299,318,2,0,1,1,0,0
tx_legit_001012,0,281.03,5.642,358,2,0,1,3,0,0
tx_legit_002805,0,848.32,6.7444,263,1,0,1,4,0,0
tx_legit_006124,0,951.23,6.8588,83,1,0,1,1,0,0
tx_fraud_000431,1,7490.43,8.9215,2,5,2,4,6,1,1
tx_legit_000524,0,317.42,5.7634,621,3,0,1,1,0,0
tx_legit_000509,0,1126.21,7.0275,474,1,0,1,1,0,0
tx_legit_006373,0,352.56,5.8681,153,1,0,1,1,0,0
tx_legit_000000,0,317.55,5.7638,79,1,0,1,2,0,0
tx_legit_007946,0,1333.99,7.1967,858,1,0,1,1,0,0
tx_legit_006464,0,452.17,6.1163,770,1,0,1,1,0,0
tx_legit_009120,0,329.89,5.8018,350,1,0,1,3,0,0
tx_legit_001195,0,269.67,5.6009,812,1,0,1,2,0,0
tx_legit_006694,0,222.86,5.411,702,1,0,1,3,0,0
tx_legit_006396,0,357.0,5.8805,754,1,0,1,1,0,0
tx_legit_007043,0,625.12,6.4395,322,1,0,1,1,0,0
tx_legit_004802,0,527.68,6.2704,350,1,0,2,2,0,0
tx_legit_001687,0,514.19,6.2445,202,1,0,1,2,0,0
tx_legit_008790,0,338.79,5.8283,837,1,0,1,1,0,0
tx_legit_007296,0,422.12,6.0477,705,1,0,1,1,0,0
tx_legit_007414,0,244.34,5.5026,271,1,0,1,2,0,0
tx_legit_001710,0,502.54,6.2217,493,2,0,1,2,0,0
tx_legit_005470,0,168.53,5.133,708,2,0,1,2,0,0
tx_legit_005695,0,443.14,6.0961,596,2,0,1,3,0,0
tx_legit_000591,0,905.61,6.8097,870,2,0,1,1,0,0
tx_legit_006504,0,683.54,6.5287,273,1,0,3,2,0,0
tx_legit_004709,0,705.49,6.5603,331,1,0,1,1,0,0
tx_legit_001050,0,289.6,5.6719,884,1,0,1,2,0,0
tx_legit_003125,0,660.44,6.4944,824,1,0,1,3,0,0
tx_fraud_000385,1,12187.25,9.4082,4,3,1,5,6,1,0
tx_legit_000640,0,737.19,6.6042,326,1,0,1,1,0,0
tx_legit_008458,0,526.46,6.2681,92,1,0,1,1,0,0
tx_legit_002831,0,553.06,6.3173,650,1,0,1,2,0,0
tx_legit_000878,0,758.61,6.6328,474,1,2,2,1,0,0
tx_legit_008883,0,649.52,6.4778,875,1,0,1,1,0,0
tx_legit_000037,0,393.84,5.9785,356,1,0,1,2,0,0
tx_legit_005600,0,552.52,6.3163,599,1,0,1,2,0,0
tx_legit_005884,0,948.82,6.8563,662,1,0,1,2,0,0
tx_legit_001802,0,717.41,6.577,476,1,0,1,2,0,0
tx_legit_007788,0,185.14,5.2265,898,1,0,2,1,0,0
tx_legit_005965,0,155.33,5.052,197,1,1,1,1,0,0
tx_legit_006500,0,638.93,6.4614,541,1,0,1,2,0,0
tx_legit_005389,0,403.52,6.0027,704,1,0,1,1,0,0
tx_legit_005063,0,682.58,6.5273,631,3,0,2,2,0,0
tx_legit_002790,0,541.96,6.297,263,1,0,1,1,0,0
tx_legit_004335,0,50.0,3.9318,211,1,0,1,1,0,0
tx_legit_004792,0,968.13,6.8764,452,1,0,1,2,0,0
tx_legit_007526,0,2549.58,7.8441,692,1,0,1,1,0,0
tx_legit_002019,0,399.2,5.992,488,1,0,1,1,0,0
tx_legit_001704,0,680.98,6.525,825,1,1,1,3,0,0
tx_legit_001905,0,415.5,6.0319,86,2,2,1,2,0,0
tx_legit_000523,0,653.25,6.4835,163,1,0,1,1,0,0
tx_legit_006606,0,920.55,6.8261,860,2,0,1,1,0,0
tx_fraud_000352,1,11303.67,9.333,3,5,0,4,3,1,1
tx_legit_006217,0,469.97,6.1548,498,1,0,1,2,0,0
tx_legit_004844,0,75.96,4.3433,402,1,0,1,1,0,0
tx_legit_000589,0,622.99,6.4361,267,1,0,1,2,0,0
tx_legit_005852,0,678.68,6.5216,779,1,0,1,3,0,0
tx_legit_006326,0,170.34,5.1436,874,3,0,1,5,0,0
tx_legit_008356,0,1362.58,7.2179,319,1,0,1,1,0,0
tx_legit_005032,0,342.55,5.8393,568,1,1,1,1,0,0
tx_legit_001508,0,384.58,5.9547,476,1,0,1,2,0,0
tx_legit_005142,0,1491.24,7.308,547,1,0,1,3,0,0
tx_legit_005757,0,606.58,6.4095,181,1,0,1,1,0,0
tx_legit_004205,0,436.69,6.0815,809,1,1,1,3,0,0
tx_legit_002905,0,695.76,6.5464,753,3,0,1,1,0,0
tx_legit_004559,0,748.68,6.6196,621,1,0,1,1,0,0
tx_legit_007294,0,488.63,6.1937,547,1,0,1,2,0,0
tx_legit_001717,0,225.55,5.423,821,4,0,3,1,0,0
tx_legit_003274,0,387.83,5.9631,576,1,1,2,1,0,0
tx_legit_006983,0,288.4,5.6678,670,1,0,1,1,0,0
tx_legit_002704,0,486.83,6.19,837,1,0,1,1,0,0
tx_legit_006052,0,414.18,6.0287,68,1,0,3,2,0,0
tx_legit_000214,0,762.21,6.6375,717,1,0,1,4,0,0
tx_legit_001896,0,418.08,6.0381,731,1,0,1,1,0,0
tx_legit_007057,0,260.73,5.5673,607,1,0,1,1,0,0
tx_legit_004568,0,3157.93,8.058,337,1,0,1,3,0,0
tx_legit_004410,0,1152.37,7.0504,402,1,0,1,1,0,0
tx_legit_000336,0,388.41,5.9646,284,1,0,1,2,0,0
tx_legit_002401,0,99.52,4.6104,173,4,0,1,1,0,0
tx_legit_000335,0,400.77,5.9959,547,2,0,1,1,0,0
tx_legit_003134,0,391.88,5.9735,738,1,1,1,2,0,0
tx_legit_007095,0,372.33,5.9225,599,1,0,1,1,0,0
tx_legit_000835,0,186.35,5.233,744,1,0,1,1,0,0
tx_legit_006764,0,200.95,5.308,112,1,0,1,1,0,0
tx_legit_002285,0,138.18,4.9358,170,1,0,1,1,0,0
tx_legit_008899,0,518.75,6.2533,494,1,0,1,2,0,0
tx_legit_008578,0,653.39,6.4837,617,1,0,1,1,0,0
tx_fraud_000433,1,16859.23,9.7327,4,4,3,3,3,1,0
tx_legit_007513,0,579.53,6.3639,549,4,0,1,3,0,0
tx_legit_002489,0,563.32,6.3356,661,1,0,1,1,0,0
tx_legit_007410,0,148.54,5.0076,490,1,0,1,1,0,0
tx_legit_003000,0,961.15,6.8692,591,1,0,2,2,0,0
tx_legit_007497,0,436.61,6.0813,320,1,1,1,2,0,0
tx_legit_003307,0,1310.34,7.1788,230,1,0,1,1,0,0
tx_legit_007558,0,627.86,6.4439,563,2,0,2,1,0,0
tx_legit_003762,0,1609.48,7.3843,261,2,0,1,1,0,0
tx_legit_004121,0,336.74,5.8223,62,1,0,1,1,0,0
tx_legit_000400,0,713.59,6.5717,790,1,0,1,2,0,0
tx_legit_003445,0,1331.64,7.1949,762,1,0,1,1,0,0
tx_legit_002199,0,504.93,6.2264,35,1,0,1,1,0,0
tx_legit_001562,0,1262.06,7.1413,481,1,0,1,3,0,0
tx_legit_004007,0,327.21,5.7937,832,1,0,1,3,0,0
tx_legit_005973,0,747.8,6.6185,566,1,0,1,1,0,0
tx_legit_003737,0,273.35,5.6144,593,1,0,2,2,0,0
tx_legit_000051,0,1003.68,6.9124,259,1,0,1,2,0,0
tx_legit_003331,0,291.75,5.6793,171,1,0,1,1,0,0
tx_legit_002108,0,225.78,5.424,590,1,0,1,2,0,0
tx_legit_001153,0,1472.12,7.2951,41,1,0,1,1,0,0
tx_legit_003348,0,366.6,5.907,257,2,0,2,1,0,0
tx_legit_005859,0,683.52,6.5287,410,1,0,1,1,0,0
tx_legit_001654,0,247.6,5.5158,788,2,0,1,2,0,0
tx_legit_001248,0,1973.58,7.5881,451,1,0,3,1,0,0
tx_legit_005304,0,562.34,6.3339,568,1,0,1,2,0,0
tx_legit_002509,0,581.89,6.368,568,3,0,1,4,0,0
tx_legit_000539,0,637.8,6.4596,124,2,0,3,2,0,0
tx_legit_002663,0,149.81,5.016,611,1,0,1,1,0,0
tx_legit_006012,0,377.62,5.9365,365,1,0,1,3,0,0
tx_legit_003302,0,62.83,4.1562,556,2,0,1,1,0,0
tx_legit_007658,0,1038.19,6.9462,159,1,0,2,2,0,0
tx_legit_001027,0,408.12,6.014,173,1,0,1,1,0,0
tx_legit_005244,0,538.98,6.2915,428,1,0,2,1,0,0
tx_legit_004072,0,251.93,5.5331,854,2,0,1,2,0,0
tx_legit_005511,0,2000.31,7.6016,899,1,1,1,1,0,0
tx_legit_001307,0,509.29,6.235,653,1,0,1,2,0,0
tx_fraud_000414,1,7742.94,8.9547,3,6,1,2,2,1,1
tx_legit_006594,0,3005.07,8.0084,707,1,0,1,1,0,0
tx_legit_006761,0,737.92,6.6052,607,1,0,3,1,0,0
tx_legit_003866,0,773.65,6.6524,359,1,0,1,1,0,0
tx_legit_003072,0,581.86,6.3679,880,1,0,1,1,0,0
tx_legit_004839,0,265.3,5.5846,704,1,0,1,2,0,0
tx_legit_004940,0,350.5,5.8622,224,2,0,1,1,0,0
tx_legit_000443,0,214.4,5.3725,86,2,0,2,1,0,0
tx_legit_006462,0,151.36,5.0262,545,1,0,1,1,0,0
tx_fraud_000513,1,71777.72,11.1813,8,9,6,2,1,0,1
tx_legit_007968,0,435.34,6.0784,722,1,0,1,2,0,0
tx_legit_006544,0,198.78,5.2972,94,1,0,1,1,0,0
tx_legit_001733,0,595.29,6.3907,79,1,0,2,3,0,0
tx_legit_002488,0,1438.81,7.2723,864,1,0,1,2,0,0
tx_legit_005100,0,189.5,5.2497,173,1,0,1,1,0,0
tx_legit_003550,0,732.84,6.5983,290,1,0,1,1,0,0
tx_legit_000229,0,448.29,6.1077,744,3,0,2,1,0,0
tx_legit_004142,0,148.14,5.0049,157,1,0,1,3,0,0
tx_legit_002016,0,80.67,4.4027,758,1,0,2,1,0,0
tx_legit_004634,0,315.6,5.7576,577,1,1,1,2,0,0
tx_legit_003463,0,326.89,5.7927,358,2,0,1,1,0,0
tx_legit_003724,0,1140.35,7.04,47,1,0,2,1,0,0
tx_legit_002689,0,476.05,6.1676,139,1,0,1,1,0,0
tx_legit_000393,0,778.81,6.6591,647,1,0,1,1,0,0
tx_legit_007117,0,983.17,6.8918,434,1,0,1,2,0,0
tx_legit_008957,0,672.14,6.512,481,2,0,1,1,0,0
tx_legit_001350,0,117.48,4.7747,282,1,0,1,1,0,0
tx_legit_004240,0,644.98,6.4708,387,1,0,1,1,0,0
tx_legit_008895,0,568.15,6.3441,237,1,0,1,2,0,0
tx_legit_008563,0,491.23,6.1989,630,1,0,1,1,0,0
tx_legit_003518,0,229.83,5.4417,611,1,0,1,4,0,0
tx_legit_005598,0,478.58,6.1729,835,1,0,1,1,0,0
tx_legit_006880,0,91.17,4.5236,583,1,0,1,1,0,0
tx_legit_005682,0,587.78,6.3781,657,2,0,1,1,0,0
tx_legit_001713,0,203.1,5.3186,627,1,0,2,1,0,0
tx_legit_000851,0,210.9,5.3561,138,1,0,2,3,0,0
tx_legit_003402,0,548.16,6.3084,67,2,0,1,1,0,0
tx_legit_003464,0,836.28,6.7302,545,1,0,1,1,0,0
tx_legit_006619,0,504.55,6.2256,754,2,0,3,2,0,0
tx_legit_004941,0,1796.45,7.4941,255,1,0,1,1,0,0
tx_legit_002976,0,288.35,5.6676,210,1,0,1,1,0,0
tx_legit_007027,0,469.71,6.1542,695,1,0,1,4,0,0
tx_legit_002731,0,790.67,6.6741,618,2,0,2,1,0,0
tx_legit_006634,0,1296.3,7.168,118,3,0,2,1,0,0
tx_legit_008093,0,638.24,6.4603,664,4,0,1,2,0,0
tx_legit_005365,0,539.64,6.2928,39,1,2,1,1,0,0
tx_legit_002940,0,321.12,5.7749,350,1,0,1,2,0,0
tx_fraud_000615,1,45345.62,10.7221,2,6,4,2,1,1,1
tx_legit_004155,0,490.25,6.197,359,2,0,1,2,0,0
tx_legit_001325,0,787.44,6.6701,805,1,0,1,1,0,0
tx_legit_005268,0,399.94,5.9938,871,2,0,1,1,0,0
tx_legit_006080,0,244.4,5.5029,730,1,0,1,1,0,0
tx_legit_004203,0,2139.21,7.6687,106,1,0,1,1,0,0
tx_legit_002719,0,269.79,5.6013,59,1,0,1,3,0,0
tx_legit_001139,0,486.57,6.1894,866,1,1,1,1,0,0
tx_legit_002909,0,1009.16,6.9179,193,1,0,1,2,0,0
tx_legit_008244,0,219.01,5.3937,474,1,0,1,1,0,0
tx_legit_008142,0,1973.54,7.5881,395,1,0,1,1,0,0
tx_fraud_000083,1,6864.36,8.8342,12,11,4,18,5,0,1
tx_legit_000867,0,167.65,5.1278,730,2,1,1,2,0,0
tx_legit_002575,0,2852.0,7.9561,780,3,1,1,2,0,0
tx_legit_002126,0,526.67,6.2685,881,1,0,1,1,0,0
tx_legit_006652,0,175.97,5.176,623,3,0,1,1,0,0
tx_legit_004017,0,171.24,5.1489,713,1,0,1,2,0,0
tx_legit_003081,0,681.5,6.5258,445,1,0,1,2,0,0
tx_legit_003092,0,280.51,5.6402,458,4,1,3,1,0,0
tx_legit_003523,0,290.74,5.6759,797,1,0,1,2,0,0
tx_legit_006427,0,272.27,5.6105,741,1,0,2,2,0,0
tx_legit_006771,0,374.55,5.9284,267,1,0,1,1,0,0
tx_legit_006424,0,508.38,6.2332,475,1,0,1,2,0,0
tx_legit_007070,0,282.99,5.6489,707,1,0,3,1,0,0
tx_legit_006166,0,594.74,6.3898,896,1,0,1,2,0,0
tx_legit_002913,0,315.16,5.7562,792,2,0,2,1,0,0
tx_legit_006149,0,239.13,5.4812,735,1,0,1,1,0,0
tx_legit_008696,0,400.47,5.9951,895,2,0,1,1,0,0
tx_legit_003412,0,275.72,5.623,122,1,0,3,2,0,0
tx_legit_005665,0,372.65,5.9233,315,1,0,1,1,0,0
tx_legit_005186,0,933.94,6.8405,475,1,0,1,1,0,0
tx_legit_003818,0,344.69,5.8455,832,1,0,1,1,0,0
tx_legit_004098,0,849.18,6.7454,336,1,0,1,2,0,0
tx_legit_006221,0,232.06,5.4513,305,1,0,1,2,0,0
tx_fraud_000070,1,16301.88,9.6991,3,9,3,18,3,1,1
tx_legit_008565,0,1118.63,7.0208,663,1,0,1,4,0,0
tx_legit_008640,0,966.78,6.875,443,1,0,1,1,0,0
tx_legit_000595,0,613.11,6.4202,725,2,0,1,1,0,0
tx_legit_005817,0,240.13,5.4853,702,1,0,1,1,0,0
tx_legit_002221,0,1296.77,7.1684,267,2,0,2,3,0,0
tx_legit_003187,0,237.02,5.4724,80,1,0,1,2,0,0
tx_legit_001808,0,129.9,4.8744,379,1,0,1,1,0,0
tx_legit_007990,0,392.51,5.9751,778,1,0,1,1,0,0
tx_legit_008112,0,845.23,6.7408,887,1,0,2,2,0,0
tx_legit_000441,0,306.22,5.7276,564,1,0,1,3,0,0
tx_legit_001037,0,369.15,5.9139,308,1,0,2,1,0,0
tx_legit_000246,0,1157.01,7.0545,595,2,1,1,3,0,0
tx_legit_009059,0,367.77,5.9102,154,1,0,1,2,0,0
tx_legit_005060,0,620.89,6.4328,688,1,0,1,4,0,0
tx_legit_001776,0,529.87,6.2745,475,1,0,1,2,0,0
tx_legit_006054,0,195.9,5.2827,605,1,0,1,2,0,0
tx_legit_007405,0,462.66,6.1392,723,1,0,1,1,0,0
tx_legit_001642,0,869.18,6.7687,125,1,2,1,1,0,0
tx_legit_007610,0,480.09,6.1761,610,1,0,2,1,0,0
tx_legit_004221,0,457.24,6.1274,240,2,0,1,3,0,0
tx_legit_002234,0,802.49,6.689,428,3,2,1,3,0,0
tx_legit_005623,0,1016.38,6.925,408,1,0,2,1,0,0
tx_legit_005343,0,216.32,5.3814,659,2,0,1,1,0,0
tx_legit_008821,0,489.48,6.1954,787,1,0,1,1,0,0
tx_legit_001757,0,171.99,5.1532,445,1,0,1,1,0,0
tx_legit_004650,0,188.4,5.2439,586,1,0,1,1,0,0
tx_legit_001144,0,479.95,6.1758,350,2,0,1,1,0,0
tx_legit_007202,0,646.73,6.4735,545,1,0,2,1,0,0
tx_fraud_000017,1,6956.83,8.8476,10,11,3,18,5,0,1
tx_legit_008981,0,339.0,5.8289,378,1,0,1,4,0,0
tx_legit_005621,0,1301.07,7.1717,432,1,0,1,2,0,0
tx_legit_008204,0,644.12,6.4694,432,1,0,1,1,0,0
tx_legit_002795,0,1031.06,6.9393,545,2,0,1,2,0,0
tx_legit_007617,0,649.53,6.4778,67,1,2,2,1,0,0
tx_legit_001480,0,322.18,5.7782,686,1,0,1,2,0,0
tx_legit_000498,0,212.76,5.3649,723,1,0,1,1,0,0
tx_fraud_000578,1,83471.14,11.3323,9,7,7,1,1,0,1
tx_legit_001103,0,232.62,5.4537,326,1,0,1,1,0,0
tx_legit_009071,0,396.58,5.9854,719,3,0,1,2,0,0
tx_legit_002128,0,491.02,6.1985,291,1,0,1,3,0,0
tx_fraud_000584,1,83247.28,11.3296,4,13,5,1,3,1,1
tx_legit_005656,0,315.55,5.7575,808,2,0,1,2,0,0
tx_legit_009180,0,1103.13,7.0068,213,2,0,1,1,0,0
tx_legit_008671,0,719.13,6.5794,430,1,0,1,1,0,0
tx_legit_000469,0,842.38,6.7374,323,2,0,1,5,0,0
tx_legit_008013,0,368.03,5.9109,882,2,0,1,1,0,0
tx_fraud_000325,1,11986.42,9.3916,2,8,2,3,6,1,1
tx_legit_007429,0,427.52,6.0603,331,2,0,1,1,0,0
tx_legit_008738,0,410.6,6.0201,121,1,1,1,2,0,0
tx_legit_002423,0,218.21,5.39,290,3,0,1,1,0,0
tx_legit_001454,0,863.11,6.7617,738,1,0,1,1,0,0
tx_legit_005744,0,391.62,5.9728,739,1,0,2,3,0,0
tx_legit_005338,0,532.04,6.2786,138,1,0,1,2,0,0
tx_legit_000720,0,353.8,5.8716,732,2,0,2,1,0,0
tx_legit_001800,0,391.26,5.9719,183,1,0,1,1,0,0
tx_legit_002286,0,78.84,4.38,731,2,0,1,1,0,0
tx_legit_000933,0,447.93,6.1069,104,1,0,1,1,0,0
tx_legit_004250,0,175.23,5.1718,156,1,0,1,1,0,0
tx_legit_003963,0,362.14,5.8948,834,1,0,1,3,0,0
tx_legit_000033,0,845.23,6.7408,619,1,0,1,2,0,0
tx_legit_004637,0,1613.47,7.3868,481,1,0,3,2,0,0
tx_legit_004961,0,590.02,6.3818,402,1,0,1,2,0,0
tx_legit_003197,0,358.88,5.8858,711,1,0,1,2,0,0
tx_legit_004288,0,636.1,6.4569,634,1,1,1,1,0,0
tx_legit_006998,0,520.91,6.2575,111,1,0,2,2,0,0
tx_legit_005045,0,219.08,5.394,386,2,1,1,1,0,0
tx_legit_007098,0,451.89,6.1156,545,1,0,1,3,0,0
tx_legit_004987,0,496.78,6.2102,622,1,0,1,1,0,0
tx_legit_001736,0,662.12,6.497,451,1,0,3,1,0,0
tx_legit_005622,0,321.08,5.7748,132,2,0,1,3,0,0
tx_legit_005248,0,379.92,5.9426,627,1,0,1,2,0,0
tx_legit_006907,0,230.51,5.4446,821,1,0,2,1,0,0
tx_legit_008685,0,719.12,6.5794,803,1,0,1,1,0,0
tx_legit_004478,0,602.97,6.4035,724,1,1,2,2,0,0
tx_legit_007134,0,747.02,6.6174,399,4,0,2,1,0,0
tx_legit_006944,0,503.4,6.2234,136,1,0,1,1,0,0
tx_legit_009137,0,246.77,5.5125,173,2,0,1,2,0,0
tx_legit_006688,0,834.53,6.7281,730,1,0,1,2,0,0
tx_legit_004719,0,608.03,6.4119,385,1,0,1,3,0,0
tx_legit_003127,0,934.82,6.8414,692,1,0,1,1,0,0
tx_legit_005009,0,855.01,6.7523,437,1,0,1,3,0,0
tx_legit_007335,0,410.62,6.0201,170,1,1,1,1,0,0
tx_legit_008073,0,588.82,6.3798,63,1,0,1,3,0,0
tx_legit_004020,0,825.0,6.7166,858,1,0,1,1,0,0
tx_legit_006520,0,791.98,6.6758,165,1,0,1,4,0,0
tx_legit_005530,0,933.13,6.8396,615,2,0,1,1,0,0
tx_legit_008892,0,293.86,5.6865,618,1,0,1,1,0,0
tx_legit_007471,0,189.88,5.2516,825,1,0,1,1,0,0
tx_legit_005874,0,570.11,6.3476,479,1,1,1,4,0,0
tx_fraud_000516,1,37668.25,10.5366,7,16,7,2,1,1,1
tx_legit_000651,0,668.92,6.5072,305,2,0,1,2,0,0
tx_fraud_000520,1,81399.22,11.3071,4,14,5,2,2,1,1
tx_legit_008069,0,1259.05,7.1389,510,1,1,1,2,0,0
tx_legit_005014,0,217.13,5.3851,712,1,0,1,1,0,0
tx_legit_006536,0,230.6,5.445,449,1,0,1,1,0,0
tx_legit_002155,0,916.99,6.8222,615,1,0,1,1,0,0
tx_legit_008801,0,342.08,5.838,666,1,0,1,1,0,0
tx_legit_005124,0,345.42,5.8477,53,2,0,1,1,0,0
tx_legit_004286,0,884.59,6.7863,663,2,0,3,1,0,0
tx_legit_004294,0,120.4,4.7991,864,1,2,1,2,0,0
tx_legit_007620,0,1684.55,7.4298,457,1,0,2,1,0,0
tx_fraud_000134,1,5580.7,8.6272,4,8,4,15,4,1,1
tx_legit_003475,0,775.32,6.6546,522,1,0,2,1,0,0
tx_legit_005182,0,630.26,6.4477,800,1,0,1,2,0,0
tx_legit_005573,0,349.35,5.8589,489,1,0,1,1,0,0
tx_legit_005830,0,991.12,6.8998,274,1,0,1,1,0,0
tx_legit_006283,0,228.33,5.4352,68,1,0,1,1,0,0
tx_legit_006025,0,400.03,5.994,182,1,0,2,1,0,0
tx_legit_006158,0,346.03,5.8494,94,2,0,2,1,0,0
tx_legit_001716,0,399.5,5.9927,102,2,0,1,1,0,0
tx_legit_005489,0,305.5,5.7252,141,1,0,1,5,0,0
tx_fraud_000527,1,84007.09,11.3387,8,14,7,1,3,0,1
tx_legit_001070,0,808.87,6.6969,305,1,0,1,3,0,0
tx_legit_004984,0,231.55,5.4491,335,1,0,1,1,0,0
tx_legit_000452,0,1590.46,7.3724,100,2,0,1,2,0,0
tx_legit_008679,0,1184.38,7.0778,412,2,1,1,1,0,0
tx_legit_006651,0,1422.77,7.2611,394,1,0,1,1,0,0
tx_legit_002919,0,358.71,5.8853,660,3,0,1,1,0,0
tx_legit_008048,0,1376.57,7.2281,545,1,0,1,1,0,0
tx_legit_002958,0,677.64,6.5201,552,1,0,1,1,0,0
tx_legit_004635,0,862.43,6.7609,183,1,2,1,1,0,0
tx_legit_001096,0,685.56,6.5317,748,1,0,2,1,0,0
tx_fraud_000362,1,3316.93,8.1071,2,4,2,3,3,1,0
tx_legit_005065,0,256.23,5.55,894,1,0,1,1,0,0
tx_legit_000761,0,456.81,6.1265,41,1,0,1,1,0,0
tx_legit_003516,0,368.09,5.911,354,1,0,2,1,0,0
tx_fraud_000452,1,9923.3,9.2027,1,3,0,2,4,1,0
tx_legit_000510,0,370.51,5.9176,185,1,1,1,1,0,0
tx_legit_006132,0,1224.68,7.1113,649,2,2,1,1,0,0
tx_legit_003765,0,451.35,6.1145,708,1,0,1,2,0,0
tx_legit_001646,0,658.18,6.491,104,1,0,1,1,0,0
tx_legit_006371,0,719.76,6.5803,61,1,0,1,1,0,0
tx_legit_003995,0,485.57,6.1874,557,1,0,1,3,0,0
tx_legit_004586,0,366.59,5.907,308,1,0,2,2,0,0
tx_legit_003650,0,288.51,5.6682,172,1,0,1,3,0,0
tx_legit_003660,0,984.54,6.8932,160,1,0,2,2,0,0
tx_legit_004201,0,484.39,6.185,803,3,0,1,1,0,0
tx_legit_005156,0,392.17,5.9742,141,1,0,1,2,0,0
tx_legit_005314,0,435.33,6.0784,800,1,0,2,2,0,0
tx_legit_005886,0,355.33,5.8759,49,1,0,1,2,0,0
tx_legit_008277,0,677.0,6.5191,125,4,1,1,1,0,0
tx_legit_003005,0,400.86,5.9961,378,2,0,1,1,0,0
tx_legit_000125,0,288.82,5.6693,308,1,0,1,1,0,0
tx_legit_005628,0,560.08,6.3299,764,1,0,1,1,0,0
tx_legit_006666,0,480.04,6.176,324,1,0,2,1,0,0
tx_legit_001551,0,734.37,6.6004,879,1,0,2,1,0,0
tx_legit_009095,0,963.41,6.8715,174,1,0,2,1,0,0
tx_legit_000238,0,144.7,4.9815,772,1,0,1,1,0,0
tx_legit_008160,0,469.13,6.153,840,1,0,1,1,0,0
tx_legit_008361,0,551.0,6.3135,453,1,0,1,1,0,0
tx_fraud_000636,1,47964.01,10.7782,8,13,4,1,3,0,1
tx_legit_003913,0,568.07,6.344,541,1,0,1,4,0,0
tx_legit_003163,0,789.86,6.6731,125,1,0,2,1,0,0
tx_fraud_000491,1,48265.95,10.7845,7,10,3,2,4,1,1
tx_legit_002329,0,954.3,6.862,245,1,0,1,3,0,0
tx_legit_008657,0,672.32,6.5122,146,1,0,3,2,0,0
tx_legit_003607,0,928.31,6.8344,703,1,0,3,2,0,0
tx_legit_006633,0,85.86,4.4643,303,2,0,1,1,0,0
tx_legit_002413,0,221.04,5.4029,505,3,0,1,1,0,0
tx_legit_006790,0,490.99,6.1985,168,1,0,1,5,0,0
tx_legit_004570,0,1324.3,7.1894,463,1,0,1,4,0,0
tx_legit_000783,0,298.37,5.7017,540,1,0,1,1,0,0
tx_fraud_000035,1,6382.85,8.7615,13,4,2,18,3,0,0
tx_legit_006814,0,694.45,6.5446,556,1,0,1,1,0,0
tx_legit_003717,0,1469.1,7.2931,534,2,0,1,1,0,0
tx_legit_006168,0,617.26,6.4269,672,1,0,1,1,0,0
tx_legit_002227,0,245.53,5.5075,96,1,0,2,1,0,0
tx_legit_003171,0,424.89,6.0542,512,2,0,1,3,0,0
tx_legit_004347,0,495.8,6.2082,256,1,0,1,3,0,0
tx_fraud_000141,1,4483.18,8.4083,11,7,4,10,2,0,1
tx_legit_006841,0,945.84,6.8531,881,1,0,2,1,0,0
tx_legit_003649,0,378.65,5.9392,523,1,0,1,1,0,0
tx_legit_006252,0,718.8,6.579,68,1,1,1,1,0,0
tx_legit_008996,0,447.03,6.1049,265,1,0,1,1,0,0
tx_fraud_000112,1,7182.8,8.8796,5,11,2,14,3,1,1
tx_legit_008009,0,1640.28,7.4032,780,2,0,1,1,0,0
tx_legit_005357,0,612.22,6.4187,332,1,0,3,2,0,0
tx_legit_000134,0,563.92,6.3367,110,1,0,1,1,0,0
tx_legit_002237,0,1535.44,7.3372,345,3,0,1,2,0,0
tx_legit_002049,0,2346.46,7.7611,416,2,0,1,2,0,0
tx_legit_007609,0,294.27,5.6879,445,1,0,1,1,0,0
tx_legit_009048,0,184.51,5.2231,868,1,0,1,1,0,0
tx_legit_000331,0,290.78,5.676,744,1,0,1,2,0,0
tx_legit_004921,0,149.89,5.0166,797,1,0,1,1,0,0
tx_legit_007554,0,1318.95,7.1853,477,1,0,1,1,0,0
tx_fraud_000614,1,77225.06,11.2545,10,12,6,1,4,0,1
tx_legit_005980,0,524.03,6.2635,368,1,0,1,5,0,0
tx_legit_004812,0,949.35,6.8568,414,2,0,1,1,0,0
tx_fraud_000544,1,44524.53,10.7038,8,13,3,1,3,0,1
tx_legit_003467,0,274.13,5.6172,145,1,0,1,2,0,0
tx_legit_002845,0,493.59,6.2037,118,1,0,1,1,0,0
tx_legit_001694,0,546.78,6.3059,326,1,0,1,1,0,0
tx_legit_007204,0,978.37,6.8869,466,2,0,1,2,0,0
tx_legit_008586,0,297.25,5.6979,246,2,0,1,5,0,0
tx_legit_008068,0,417.74,6.0373,776,1,0,1,2,0,0
tx_legit_002109,0,716.76,6.5761,305,1,0,1,2,0,0
tx_legit_005689,0,275.23,5.6212,379,1,0,2,1,0,0
tx_legit_005106,0,83.47,4.4364,501,1,0,1,1,0,0
tx_legit_007751,0,666.9,6.5041,321,2,0,2,2,0,0
tx_legit_006266,0,330.03,5.8022,483,1,1,2,1,0,0
tx_legit_007725,0,1035.9,6.944,635,1,0,1,2,0,0
tx_fraud_000040,1,11501.92,9.3504,7,11,3,10,5,1,1
tx_legit_000501,0,746.73,6.617,74,1,0,1,2,0,0
tx_legit_000121,0,1386.16,7.235,108,1,0,1,1,0,0
tx_legit_005223,0,1071.55,6.9778,380,1,1,2,2,0,0
tx_legit_005422,0,1074.97,6.981,502,1,0,1,5,0,0
tx_legit_002228,0,329.35,5.8002,627,1,0,3,1,0,0
tx_legit_002253,0,175.83,5.1752,305,1,0,1,4,0,0
tx_legit_003956,0,221.87,5.4066,209,1,1,3,2,0,0
tx_legit_007557,0,346.18,5.8498,874,1,0,2,2,0,0
tx_legit_004034,0,171.24,5.1489,163,1,0,1,2,0,0
tx_legit_004111,0,194.62,5.2762,70,1,0,1,1,0,0
tx_legit_006724,0,749.41,6.6206,855,2,0,1,4,0,0
tx_legit_007423,0,5991.8,8.6983,547,2,0,1,1,0,0
tx_legit_000329,0,537.86,6.2895,738,1,0,1,2,0,0
tx_fraud_000028,1,9097.76,9.1159,6,10,1,7,2,1,1
tx_legit_009171,0,279.77,5.6375,85,1,0,1,2,0,0
tx_legit_003868,0,282.64,5.6477,893,1,0,1,1,0,0
tx_legit_008234,0,403.13,6.0017,136,1,0,1,3,0,0
tx_legit_000955,0,335.03,5.8172,774,1,0,1,1,0,0
tx_legit_000322,0,324.19,5.7844,353,3,0,2,3,0,0
tx_legit_008991,0,619.28,6.4302,804,1,0,1,2,0,0
tx_legit_002056,0,241.68,5.4917,83,4,0,2,1,0,0
tx_legit_005240,0,175.25,5.1719,589,1,0,1,1,0,0
tx_legit_004505,0,270.58,5.6043,424,1,1,1,2,0,0
tx_legit_001094,0,916.83,6.822,507,1,0,1,1,0,0
tx_legit_007818,0,474.88,6.1652,367,4,0,1,3,0,0
tx_legit_007299,0,172.03,5.1535,584,1,0,1,1,0,0
tx_legit_002982,0,622.04,6.4346,409,2,0,1,1,0,0
tx_fraud_000027,1,4441.05,8.3989,5,11,4,18,4,1,1
tx_fraud_000126,1,3740.68,8.2273,10,11,1,15,6,0,1
tx_fraud_000052,1,6941.09,8.8454,12,11,1,12,6,0,1
tx_legit_005800,0,1164.94,7.0613,107,1,0,1,2,0,0
tx_legit_005832,0,973.47,6.8819,525,2,0,3,1,0,0
tx_legit_005129,0,223.91,5.4157,750,1,0,1,1,0,0
tx_legit_006827,0,258.25,5.5578,607,2,0,1,1,0,0
tx_legit_002499,0,242.6,5.4955,640,2,0,1,2,0,0
tx_legit_000464,0,714.63,6.5732,416,2,0,2,2,0,0
tx_legit_000934,0,393.68,5.9781,284,1,0,2,1,0,0
tx_legit_007412,0,101.81,4.6329,57,1,2,1,1,0,0
tx_legit_008621,0,320.01,5.7715,672,2,0,1,1,0,0
tx_legit_007421,0,837.11,6.7311,389,1,0,2,1,0,0
tx_fraud_000036,1,7418.63,8.9119,9,10,1,17,2,0,1
tx_fraud_000074,1,13835.21,9.535,11,12,4,16,5,0,1
tx_legit_000925,0,2027.91,7.6153,172,1,0,1,1,0,0
tx_legit_006020,0,320.68,5.7736,414,1,0,1,1,0,0
tx_legit_006036,0,273.49,5.6149,604,2,0,1,1,0,0
tx_legit_003928,0,243.26,5.4982,63,1,0,1,1,0,0
tx_legit_005775,0,180.54,5.2015,632,1,1,1,2,0,0
tx_legit_008626,0,349.15,5.8584,484,2,0,1,1,0,0
tx_legit_003545,0,339.09,5.8292,777,1,0,1,1,0,0
tx_legit_002890,0,259.3,5.5618,288,1,0,1,1,0,0
tx_legit_001935,0,1489.3,7.3067,840,3,0,1,1,0,0
tx_legit_004985,0,508.78,6.234,481,1,0,1,1,0,0
tx_legit_007765,0,380.38,5.9438,692,1,1,2,2,0,0
tx_legit_004383,0,994.02,6.9028,694,1,0,1,1,0,0
tx_legit_000199,0,2157.59,7.6772,545,1,0,1,1,0,0
tx_legit_006077,0,400.27,5.9946,658,1,0,1,2,0,0
tx_legit_000728,0,800.87,6.6869,46,2,0,1,1,0,0
tx_legit_006518,0,932.3,6.8387,52,1,0,3,2,0,0
tx_legit_004350,0,292.71,5.6826,449,1,1,1,1,0,0
tx_legit_005798,0,719.78,6.5803,781,2,0,1,1,0,0
tx_legit_006848,0,254.79,5.5444,705,1,1,1,4,0,0
tx_legit_002387,0,419.04,6.0403,892,1,0,1,1,0,0
tx_legit_003248,0,322.81,5.7802,178,1,0,1,1,0,0
tx_legit_008874,0,1497.69,7.3123,210,1,0,1,4,0,0
tx_legit_005395,0,555.61,6.3219,572,1,1,1,3,0,0
tx_legit_006130,0,449.53,6.1104,621,1,0,1,3,0,0
tx_legit_005860,0,245.69,5.5081,114,2,0,1,2,0,0
tx_legit_005693,0,705.24,6.56,795,1,0,1,2,0,0
tx_legit_009167,0,640.45,6.4637,286,1,0,2,2,0,0
tx_legit_009144,0,1109.33,7.0124,414,1,0,1,2,0,0
tx_legit_001854,0,797.2,6.6824,893,2,0,1,1,0,0
tx_legit_000161,0,169.51,5.1388,484,1,2,1,1,0,0
tx_legit_002823,0,629.87,6.4471,764,1,0,1,3,0,0
tx_legit_000185,0,800.6,6.6866,741,1,0,1,1,0,0
tx_legit_001421,0,341.95,5.8376,862,1,0,1,2,0,0
tx_legit_003120,0,1265.26,7.1438,703,2,0,1,1,0,0
tx_legit_007614,0,290.34,5.6745,855,3,0,1,2,0,0
tx_legit_005587,0,423.9,6.0519,203,1,0,1,2,0,0
tx_legit_002318,0,484.77,6.1857,853,1,0,1,1,0,0
tx_legit_003521,0,571.24,6.3496,184,1,0,1,1,0,0
tx_legit_005959,0,677.1,6.5193,278,1,0,1,1,0,0
tx_legit_004623,0,1106.42,7.0098,137,1,0,1,1,0,0
tx_legit_000673,0,820.51,6.7111,522,3,0,1,1,0,0
tx_legit_007860,0,236.73,5.4711,867,1,0,1,1,0,0
tx_legit_008124,0,504.56,6.2257,496,1,0,2,3,0,0
tx_legit_005132,0,901.26,6.8049,420,1,0,2,2,0,0
tx_legit_008972,0,1362.08,7.2175,541,1,0,2,1,0,0
tx_legit_007195,0,222.83,5.4109,156,1,0,2,1,0,0
tx_legit_000041,0,843.65,6.7389,523,2,0,1,2,0,0
tx_legit_000827,0,2031.52,7.617,813,1,0,1,1,0,0
tx_legit_002333,0,460.26,6.134,389,2,0,1,1,0,0
tx_legit_002100,0,449.6,6.1106,802,1,0,1,1,0,0
tx_legit_000803,0,400.35,5.9948,727,1,0,1,1,0,0
tx_legit_006146,0,498.58,6.2138,134,2,0,1,1,0,0
tx_legit_000212,0,973.94,6.8824,143,1,0,1,3,0,0
tx_legit_007484,0,1457.28,7.285,452,1,0,1,1,0,0
tx_legit_005517,0,458.58,6.1303,774,1,0,1,1,0,0
tx_legit_002136,0,612.63,6.4194,827,1,0,1,2,0,0
tx_legit_004696,0,1180.61,7.0746,528,1,0,1,1,0,0
tx_legit_001003,0,423.03,6.0498,592,1,0,1,1,0,0
tx_legit_004524,0,490.18,6.1968,583,2,0,1,1,0,0
tx_legit_004498,0,331.81,5.8076,898,1,0,1,1,0,0
tx_legit_007449,0,398.63,5.9905,456,1,0,1,1,0,0
tx_legit_000913,0,1183.59,7.0772,154,2,0,1,1,0,0
tx_legit_004218,0,480.39,6.1767,418,1,0,1,4,0,0
tx_legit_002755,0,664.62,6.5007,463,1,0,1,2,0,0
tx_legit_004751,0,871.65,6.7715,272,1,0,1,3,0,0
tx_legit_003209,0,742.03,6.6107,835,1,2,1,1,0,0
tx_legit_004217,0,615.07,6.4234,448,1,0,1,1,0,0
tx_legit_000828,0,145.22,4.9851,505,2,0,1,2,0,0
tx_legit_008862,0,323.27,5.7816,774,1,0,1,2,0,0
tx_legit_001707,0,361.46,5.8929,510,1,0,1,1,0,0
tx_legit_003191,0,219.62,5.3964,162,1,0,2,1,0,0
tx_fraud_000105,1,11827.45,9.3783,9,9,1,7,3,0,1
tx_legit_003450,0,378.91,5.9399,70,3,0,2,1,0,0
tx_legit_007952,0,619.96,6.4313,738,2,0,1,1,0,0
tx_legit_007152,0,391.51,5.9726,378,1,0,1,1,0,0
tx_legit_006018,0,1184.11,7.0776,788,1,2,1,2,0,0
tx_legit_005098,0,653.0,6.4831,209,4,0,1,1,0,0
tx_legit_000117,0,826.02,6.7178,457,1,0,1,1,0,0
tx_legit_006137,0,647.11,6.4741,176,1,0,1,1,0,0
tx_legit_003060,0,158.39,5.0714,835,1,0,1,1,0,0
tx_legit_005022,0,947.46,6.8548,744,2,0,1,2,0,0
tx_legit_004148,0,671.82,6.5115,854,1,0,1,1,0,0
tx_legit_006207,0,306.95,5.7299,274,4,1,2,4,0,0
tx_legit_007713,0,463.64,6.1413,530,1,0,1,1,0,0
tx_legit_006930,0,592.42,6.3859,658,1,1,1,1,0,0
tx_legit_004815,0,605.89,6.4083,866,3,0,1,3,0,0
tx_legit_008705,0,371.28,5.9196,493,1,0,2,1,0,0
tx_legit_008286,0,308.23,5.7341,334,2,1,1,1,0,0
tx_legit_007137,0,766.68,6.6434,97,2,1,3,1,0,0
tx_fraud_000456,1,5462.57,8.6059,0,8,2,5,5,1,1
tx_fraud_000332,1,10246.62,9.2348,2,7,2,2,2,1,1
tx_fraud_000061,1,15436.95,9.6446,2,12,1,12,6,1,1
tx_legit_003061,0,309.54,5.7383,621,2,0,1,1,0,0
tx_legit_005207,0,331.08,5.8054,442,2,0,1,1,0,0
tx_legit_007113,0,1510.97,7.3212,892,1,0,1,1,0,0
tx_legit_003679,0,86.36,4.47,495,2,0,1,1,0,0
tx_legit_002102,0,442.53,6.0948,132,1,0,1,1,0,0
tx_legit_002361,0,555.05,6.3209,213,1,0,1,3,0,0
tx_legit_007655,0,924.39,6.8302,119,1,0,1,1,0,0
tx_legit_002960,0,286.04,5.6596,458,1,0,1,1,0,0
tx_legit_008266,0,352.69,5.8684,240,2,0,1,1,0,0
tx_legit_006094,0,829.93,6.7225,824,1,1,1,1,0,0
tx_legit_003766,0,863.28,6.7619,391,1,0,1,3,0,0
tx_legit_001986,0,568.34,6.3445,313,1,0,1,1,0,0
tx_fraud_000563,1,49018.79,10.8,2,6,3,2,2,1,1
tx_legit_006543,0,288.46,5.668,544,1,0,1,1,0,0
tx_legit_002236,0,423.87,6.0518,601,1,0,3,1,0,0
tx_legit_007753,0,367.57,5.9096,164,1,0,1,1,0,0
tx_legit_005680,0,239.65,5.4833,475,1,0,1,1,0,0
tx_fraud_000446,1,21488.25,9.9753,0,9,2,3,3,1,1
tx_fraud_000007,1,15585.54,9.6542,1,4,3,9,5,1,0
tx_legit_002922,0,1256.51,7.1369,414,2,1,1,2,0,0
tx_legit_002226,0,159.45,5.078,172,1,0,1,1,0,0
tx_legit_001168,0,370.84,5.9185,412,3,2,1,2,0,0
tx_legit_008687,0,972.32,6.8807,601,1,0,1,1,0,0
tx_legit_006992,0,772.22,6.6506,31,2,0,1,2,0,0
tx_legit_005787,0,686.76,6.5334,547,1,2,1,2,0,0
tx_legit_004679,0,465.08,6.1444,452,1,0,1,1,0,0
tx_legit_003862,0,1332.91,7.1959,152,1,0,3,1,0,0
tx_legit_007428,0,440.41,6.09,307,1,0,1,1,0,0
tx_fraud_000442,1,4180.11,8.3383,2,5,2,2,6,1,1
tx_legit_003315,0,344.8,5.8459,353,1,0,1,1,0,0
tx_legit_003153,0,341.72,5.8369,768,1,0,1,1,0,0
tx_legit_003552,0,1310.66,7.179,434,2,0,1,1,0,0
tx_legit_006391,0,1756.24,7.4715,409,1,0,1,2,0,0
tx_legit_001170,0,422.34,6.0482,298,2,1,1,2,0,0
tx_legit_006430,0,940.33,6.8473,832,1,0,1,1,0,0
tx_legit_000839,0,326.74,5.7922,731,1,0,1,1,0,0
tx_legit_004842,0,209.41,5.3491,42,1,0,1,4,0,0
tx_legit_001041,0,278.84,5.6342,413,1,0,1,1,0,0
tx_legit_005368,0,960.33,6.8683,512,1,0,1,1,0,0
tx_legit_002308,0,484.25,6.1847,731,1,0,1,1,0,0
tx_legit_008220,0,90.68,4.5183,832,1,0,1,1,0,0
tx_legit_001978,0,644.77,6.4704,563,3,0,1,1,0,0
tx_fraud_000339,1,14982.85,9.6147,0,5,3,3,6,1,1
tx_legit_005243,0,728.99,6.593,598,1,0,1,3,0,0
tx_legit_004338,0,134.04,4.9056,146,2,0,1,3,0,0
tx_fraud_000403,1,3025.13,8.015,2,8,0,4,2,1,1
tx_legit_007540,0,264.46,5.5815,492,2,0,1,1,0,0
tx_legit_000576,0,676.11,6.5178,125,1,0,2,2,0,0
tx_legit_002991,0,277.57,5.6297,899,4,0,1,2,0,0
tx_legit_003873,0,467.95,6.1505,477,2,0,1,1,0,0
tx_legit_003740,0,1194.95,7.0867,308,1,0,1,2,0,0
tx_legit_004791,0,658.54,6.4915,213,2,0,2,1,0,0
tx_legit_006561,0,1538.26,7.3391,434,2,0,1,1,0,0
tx_legit_006143,0,302.16,5.7143,687,3,0,1,2,0,0
tx_legit_004550,0,371.22,5.9195,110,1,0,1,4,0,0
tx_legit_002780,0,922.73,6.8284,311,1,0,1,4,0,0
tx_legit_005487,0,263.57,5.5781,489,1,0,2,4,0,0
tx_legit_005751,0,604.65,6.4063,864,1,0,1,1,0,0
tx_legit_001726,0,492.34,6.2012,359,1,0,1,2,0,0
tx_legit_006623,0,417.3,6.0362,840,1,0,1,2,0,0
tx_legit_003923,0,395.33,5.9822,664,2,0,1,2,0,0
tx_legit_005945,0,529.88,6.2745,283,1,0,1,1,0,0
tx_legit_003098,0,286.62,5.6616,182,1,0,1,2,0,0
tx_legit_003004,0,138.29,4.9366,310,2,0,2,1,0,0
tx_legit_002842,0,174.42,5.1672,866,2,0,1,1,0,0
tx_legit_006455,0,157.55,5.0661,52,2,0,1,2,0,0
tx_legit_008181,0,588.35,6.379,385,1,0,1,1,0,0
tx_legit_002188,0,290.5,5.675,148,1,0,1,1,0,0
tx_legit_000966,0,284.57,5.6545,706,1,0,1,2,0,0
tx_legit_007038,0,168.04,5.1301,119,1,1,1,2,0,0
tx_legit_005289,0,1023.9,6.9324,187,1,0,1,2,0,0
tx_legit_008843,0,828.86,6.7213,147,1,0,1,1,0,0
tx_legit_008284,0,1634.13,7.3995,697,1,0,1,1,0,0
tx_legit_000112,0,371.62,5.9206,700,1,0,2,2,0,0
tx_legit_006165,0,289.64,5.6721,167,1,0,1,1,0,0
tx_legit_001354,0,312.3,5.7472,341,1,1,1,4,0,0
tx_legit_004462,0,222.21,5.4081,592,2,0,1,1,0,0
tx_legit_006441,0,528.49,6.2719,355,4,0,1,1,0,0
tx_legit_003676,0,613.73,6.4212,131,1,0,1,2,0,0
tx_legit_006896,0,334.67,5.8161,212,1,0,1,1,0,0
tx_legit_006096,0,627.74,6.4437,201,1,0,2,1,0,0
tx_legit_004118,0,370.08,5.9164,677,1,2,1,1,0,0
tx_legit_003733,0,430.57,6.0674,368,1,0,1,1,0,0
tx_legit_008998,0,697.53,6.549,215,1,0,1,1,0,0
tx_legit_005086,0,201.79,5.3122,456,1,0,1,2,0,0
tx_legit_002785,0,429.25,6.0644,85,2,0,1,1,0,0
tx_fraud_000125,1,14673.96,9.5939,7,6,3,15,2,1,1
tx_legit_006076,0,241.5,5.491,626,2,0,1,1,0,0
tx_legit_002060,0,944.1,6.8513,110,1,0,1,3,0,0
tx_legit_003295,0,571.21,6.3495,449,4,0,1,1,0,0
tx_legit_009114,0,1585.35,7.3692,268,2,0,1,1,0,0
tx_legit_006297,0,310.9,5.7427,512,2,0,1,3,0,0
tx_legit_004444,0,834.97,6.7286,443,4,0,2,1,0,0
tx_legit_006024,0,292.91,5.6833,582,1,0,1,1,0,0
tx_fraud_000032,1,6398.11,8.7639,9,7,4,13,3,0,1
tx_legit_002393,0,777.48,6.6573,730,2,0,1,1,0,0
tx_legit_007848,0,319.51,5.7699,683,1,0,1,1,0,0
tx_legit_005475,0,147.67,5.0017,611,1,0,1,2,0,0
tx_legit_001976,0,724.11,6.5863,481,1,0,1,1,0,0
tx_legit_007403,0,207.82,5.3415,724,1,0,1,1,0,0
tx_legit_001132,0,292.26,5.6811,134,3,0,1,1,0,0
tx_legit_005007,0,1142.07,7.0415,742,1,0,1,1,0,0
tx_legit_006564,0,527.57,6.2702,720,1,0,1,1,0,0
tx_legit_003716,0,332.47,5.8096,451,1,0,1,3,0,0
tx_fraud_000157,1,12681.9,9.448,5,7,4,14,4,1,1
tx_legit_008016,0,281.99,5.6454,157,1,0,2,1,0,0
tx_legit_004047,0,1249.86,7.1316,849,1,0,1,1,0,0
tx_legit_003507,0,918.04,6.8233,628,1,0,2,2,0,0
tx_legit_000561,0,1579.02,7.3652,854,1,0,1,1,0,0
tx_legit_003791,0,379.61,5.9418,637,3,0,1,1,0,0
tx_legit_000406,0,527.79,6.2706,354,1,1,2,1,0,0
tx_legit_008207,0,186.51,5.2338,301,2,0,1,2,0,0
tx_legit_003333,0,743.3,6.6124,321,1,1,1,3,0,0
tx_fraud_000068,1,5732.04,8.654,1,5,4,13,5,1,1
tx_legit_006244,0,252.41,5.535,438,1,0,1,2,0,0
tx_legit_007369,0,303.99,5.7203,683,1,0,1,2,0,0
tx_legit_002364,0,2361.71,7.7676,377,1,1,1,1,0,0
tx_legit_000190,0,1609.4,7.3842,477,1,0,1,3,0,0
tx_legit_007439,0,648.82,6.4767,418,1,0,1,3,0,0
tx_legit_007468,0,338.68,5.828,301,1,0,1,1,0,0
tx_legit_004110,0,288.64,5.6686,356,1,0,1,2,0,0
tx_legit_005491,0,348.98,5.8579,144,1,0,1,1,0,0
tx_legit_006533,0,1130.02,7.0309,546,2,0,1,2,0,0
tx_legit_008469,0,413.23,6.0264,154,1,0,1,1,0,0
tx_legit_006825,0,346.61,5.8511,164,1,0,2,2,0,0
tx_legit_006786,0,186.62,5.2344,274,1,0,2,2,0,0
tx_legit_007481,0,295.69,5.6927,215,1,0,1,1,0,0
tx_legit_000829,0,473.77,6.1628,805,2,0,1,3,0,0
tx_legit_008896,0,457.84,6.1287,591,1,0,1,1,0,0
tx_legit_008159,0,114.65,4.7506,387,2,0,1,1,0,0
tx_legit_007433,0,227.33,5.4308,266,1,0,1,4,0,0
tx_legit_006879,0,118.06,4.7796,155,2,0,1,2,0,0
tx_legit_000083,0,1038.57,6.9466,893,1,0,1,2,0,0
tx_legit_001999,0,462.33,6.1384,101,1,0,1,1,0,0
tx_legit_006257,0,1370.68,7.2238,500,1,0,1,2,0,0
tx_legit_006222,0,976.94,6.8854,722,1,0,1,2,0,0
tx_legit_001487,0,959.28,6.8672,423,2,0,1,1,0,0
tx_legit_007717,0,739.5,6.6073,496,1,0,1,2,0,0
tx_legit_004215,0,200.02,5.3034,711,1,1,1,1,0,0
tx_legit_006826,0,797.7,6.683,825,2,0,2,2,0,0
tx_legit_002891,0,2130.23,7.6645,533,1,0,1,1,0,0
tx_legit_003079,0,2186.76,7.6906,642,1,0,1,2,0,0
tx_legit_007816,0,397.0,5.9865,199,1,0,1,3,0,0
tx_legit_003918,0,634.13,6.4538,451,1,0,1,1,0,0
tx_legit_002174,0,871.86,6.7718,402,1,0,2,1,0,0
tx_legit_005601,0,694.62,6.5448,571,4,0,1,1,0,0
tx_legit_002952,0,144.69,4.9815,858,1,0,1,1,0,0
tx_legit_007165,0,520.18,6.2561,659,1,0,1,1,0,0
tx_legit_000919,0,671.21,6.5106,736,2,0,1,1,0,0
tx_fraud_000143,1,12061.21,9.3978,9,4,4,13,4,0,0
tx_legit_005492,0,852.6,6.7495,150,1,0,2,1,0,0
tx_legit_002573,0,226.93,5.429,399,1,0,1,1,0,0
tx_legit_008758,0,764.74,6.6408,385,1,0,1,3,0,0
tx_legit_002301,0,531.8,6.2781,397,1,0,1,5,0,0
tx_legit_001544,0,363.09,5.8974,337,1,0,1,1,0,0
tx_legit_003517,0,324.64,5.7858,151,1,0,1,3,0,0
tx_legit_004890,0,289.94,5.6731,564,2,0,1,1,0,0
tx_legit_001751,0,547.69,6.3075,595,1,0,1,1,0,0
tx_legit_000899,0,1333.89,7.1966,503,1,0,1,1,0,0
tx_legit_002597,0,436.86,6.0819,883,1,0,1,1,0,0
tx_legit_006038,0,575.14,6.3564,340,2,0,1,1,0,0
tx_legit_006662,0,871.81,6.7717,706,1,0,1,2,0,0
tx_legit_007781,0,515.58,6.2472,725,1,0,1,1,0,0
tx_legit_000516,0,210.19,5.3528,119,2,0,1,2,0,0
tx_legit_006476,0,319.12,5.7687,647,1,1,1,2,0,0
tx_legit_003007,0,697.81,6.5494,763,1,0,1,1,0,0
tx_legit_000684,0,495.25,6.2071,616,2,0,2,3,0,0
tx_legit_004231,0,1421.36,7.2601,257,1,0,1,1,0,0
tx_legit_003451,0,362.2,5.895,580,1,0,1,1,0,0
tx_fraud_000160,1,5774.8,8.6614,6,11,3,11,6,1,1
tx_legit_007628,0,753.73,6.6264,702,1,0,1,1,0,0
tx_legit_007060,0,483.62,6.1834,165,1,0,1,1,0,0
tx_legit_003850,0,758.6,6.6328,620,1,0,1,1,0,0
tx_legit_007600,0,1188.6,7.0814,432,1,0,3,1,0,0
tx_legit_000738,0,367.23,5.9087,562,1,0,2,2,0,0
tx_legit_003346,0,449.42,6.1102,47,1,0,1,1,0,0
tx_legit_005285,0,375.48,5.9309,39,1,0,1,3,0,0
tx_legit_008702,0,272.8,5.6124,42,1,0,2,2,0,0
tx_legit_000654,0,905.39,6.8095,641,1,0,1,1,0,0
tx_legit_003370,0,533.32,6.281,113,1,0,1,1,0,0
tx_legit_008594,0,188.55,5.2447,636,1,0,2,2,0,0
tx_legit_006919,0,339.96,5.8318,520,2,0,1,2,0,0
tx_fraud_000346,1,7467.98,8.9185,5,7,0,2,5,1,1
tx_legit_008025,0,112.68,4.7334,291,2,0,1,1,0,0
tx_legit_003582,0,1298.22,7.1695,143,1,0,1,3,0,0
tx_legit_003863,0,739.17,6.6069,464,1,0,1,2,0,0
tx_legit_004710,0,853.06,6.75,180,1,0,1,1,0,0
tx_legit_000792,0,175.61,5.1739,356,1,0,1,1,0,0
tx_fraud_000116,1,6053.72,8.7086,14,10,3,10,5,0,1
tx_legit_007660,0,313.68,5.7516,150,3,0,1,1,0,0
tx_legit_002596,0,737.95,6.6052,819,1,0,1,2,0,0
tx_legit_000676,0,736.36,6.6031,324,3,0,1,2,0,0
tx_legit_003040,0,1060.82,6.9677,57,1,0,1,3,0,0
tx_legit_002996,0,524.26,6.2639,831,1,0,2,1,0,0
tx_legit_001673,0,265.07,5.5838,626,1,0,2,2,0,0
tx_legit_001818,0,327.46,5.7944,716,1,0,2,1,0,0
tx_legit_006150,0,343.53,5.8422,886,2,0,1,1,0,0
tx_legit_002362,0,385.1,5.9561,154,2,0,2,1,0,0
tx_legit_000870,0,369.11,5.9138,499,1,0,1,4,0,0
tx_legit_000147,0,733.93,6.5998,445,1,0,2,2,0,0
tx_legit_004241,0,261.02,5.5684,748,1,0,1,1,0,0
tx_legit_002979,0,756.54,6.6301,182,2,0,1,1,0,0
tx_fraud_000104,1,16817.32,9.7302,7,5,2,7,2,1,1
tx_legit_000575,0,916.85,6.822,177,1,0,1,1,0,0
tx_legit_002341,0,148.8,5.0093,540,2,0,1,2,0,0
tx_legit_005330,0,1013.06,6.9217,841,2,0,1,1,0,0
tx_legit_006975,0,217.58,5.3872,668,2,0,1,1,0,0
tx_legit_005528,0,1523.72,7.3296,452,1,0,1,1,0,0
tx_legit_008466,0,313.22,5.7501,885,2,0,1,4,0,0
tx_legit_003309,0,401.56,5.9978,893,1,0,1,1,0,0
tx_legit_001310,0,890.4,6.7928,616,1,0,1,3,0,0
tx_legit_006380,0,1107.92,7.0111,71,1,0,1,1,0,0
tx_legit_003217,0,337.12,5.8234,824,1,0,1,1,0,0
tx_legit_002410,0,1380.62,7.231,743,1,0,1,3,0,0
tx_legit_003099,0,316.14,5.7593,240,2,1,1,1,0,0
tx_legit_005697,0,1485.3,7.304,365,1,0,1,1,0,0
tx_legit_002934,0,1320.58,7.1866,809,1,0,1,3,0,0
tx_legit_001366,0,459.31,6.1319,382,1,0,1,3,0,0
tx_legit_008174,0,316.81,5.7615,841,2,0,2,4,0,0
tx_fraud_000444,1,15761.27,9.6654,3,8,3,2,6,1,1
tx_legit_006011,0,850.65,6.7472,541,1,0,1,1,0,0
tx_legit_005651,0,766.54,6.6432,324,3,1,1,1,0,0
tx_legit_001489,0,132.73,4.8958,70,2,0,1,3,0,0
tx_legit_004232,0,878.03,6.7788,369,2,0,1,1,0,0
tx_legit_005412,0,270.72,5.6048,748,4,0,1,2,0,0
tx_legit_000604,0,689.34,6.5372,46,1,1,1,1,0,0
tx_legit_006040,0,546.41,6.3052,852,1,0,1,1,0,0
tx_legit_000273,0,664.22,6.5001,130,1,1,1,1,0,0
tx_legit_006496,0,191.82,5.2618,870,1,0,1,1,0,0
tx_legit_005225,0,378.36,5.9385,345,1,0,1,2,0,0
tx_legit_005418,0,286.93,5.6627,309,1,0,1,2,0,0
tx_legit_001959,0,682.17,6.5267,349,1,0,1,1,0,0
tx_legit_007250,0,165.85,5.1171,415,1,0,1,2,0,0
tx_legit_004969,0,458.43,6.13,168,2,0,1,1,0,0
tx_legit_006746,0,1220.47,7.1078,723,1,0,1,1,0,0
tx_legit_005123,0,741.22,6.6096,514,2,0,2,1,0,0
tx_legit_002967,0,169.03,5.136,451,1,0,1,3,0,0
tx_legit_006491,0,1242.78,7.1259,501,4,0,1,3,0,0
tx_legit_006448,0,74.99,4.3306,238,1,1,1,1,0,0
tx_legit_001127,0,427.71,6.0608,311,3,0,1,1,0,0
tx_legit_005988,0,723.93,6.5861,84,1,0,2,1,0,0
tx_legit_004340,0,539.19,6.2919,792,1,0,1,2,0,0
tx_legit_006700,0,418.02,6.0379,31,1,0,1,2,0,0
tx_legit_001730,0,302.08,5.714,641,1,0,1,2,0,0
tx_legit_002018,0,1209.39,7.0987,160,1,0,2,2,0,0
tx_legit_007459,0,445.08,6.1005,157,1,0,1,1,0,0
tx_legit_002884,0,934.67,6.8413,182,3,0,1,1,0,0
tx_legit_002500,0,1101.46,7.0053,327,1,0,1,1,0,0
tx_fraud_000364,1,18129.55,9.8054,5,3,2,2,4,1,0
tx_legit_006554,0,601.71,6.4014,599,1,0,1,1,0,0
tx_legit_003936,0,324.18,5.7844,751,3,0,1,1,0,0
tx_legit_001609,0,509.93,6.2362,116,1,0,1,3,0,0
tx_legit_001509,0,684.18,6.5297,650,2,0,1,3,0,0
tx_legit_006468,0,2340.15,7.7584,481,1,0,2,1,0,0
tx_legit_005786,0,93.26,4.5461,462,3,1,1,1,0,0
tx_fraud_000031,1,6516.24,8.7822,6,7,2,15,2,1,1
tx_legit_005218,0,456.31,6.1254,484,2,0,2,1,0,0
tx_legit_007950,0,425.77,6.0562,244,1,1,1,2,0,0
tx_legit_003817,0,274.29,5.6178,106,1,0,1,2,0,0
tx_legit_006479,0,270.04,5.6023,599,1,0,1,1,0,0
tx_legit_000181,0,133.56,4.902,194,1,0,1,1,0,0
tx_fraud_000417,1,7996.98,8.9869,1,5,0,2,3,1,1
tx_legit_007226,0,736.55,6.6033,238,1,0,1,2,0,0
tx_legit_001362,0,122.48,4.8161,725,1,0,1,2,0,0
tx_legit_006405,0,564.05,6.3369,718,1,0,1,1,0,0
tx_legit_003996,0,953.75,6.8614,593,1,0,1,3,0,0
tx_legit_005131,0,1007.97,6.9167,568,1,0,1,1,0,0
tx_legit_006357,0,984.68,6.8933,358,1,0,1,2,0,0
tx_legit_005671,0,536.78,6.2874,336,1,0,3,1,0,0
tx_legit_008499,0,572.57,6.3519,132,1,0,1,1,0,0
tx_legit_005109,0,583.07,6.37,836,1,0,1,1,0,0
tx_legit_008960,0,583.23,6.3703,744,2,0,1,2,0,0
tx_legit_005282,0,393.55,5.9777,373,1,0,1,2,0,0
tx_legit_000860,0,1045.37,6.9531,792,1,0,1,1,0,0
tx_legit_004603,0,570.14,6.3476,712,1,0,1,2,0,0
tx_legit_000415,0,306.21,5.7275,889,2,0,1,1,0,0
tx_legit_000050,0,620.39,6.432,121,1,0,1,3,0,0
tx_legit_006091,0,649.02,6.477,222,1,0,1,1,0,0
tx_legit_004083,0,430.82,6.068,308,1,1,1,4,0,0
tx_legit_003820,0,402.19,5.9994,218,1,0,1,2,0,0
tx_legit_007389,0,443.85,6.0977,805,2,0,1,1,0,0
tx_legit_006429,0,632.75,6.4517,778,1,0,2,2,0,0
tx_legit_006204,0,660.75,6.4949,233,2,0,1,1,0,0
tx_legit_004322,0,509.21,6.2348,267,1,0,1,1,0,0
tx_legit_008543,0,2194.64,7.6942,210,1,0,1,2,0,0
tx_legit_002902,0,511.07,6.2385,730,1,0,1,2,0,0
tx_legit_002309,0,2340.59,7.7586,349,1,0,2,1,0,0
tx_fraud_000115,1,14519.34,9.5833,6,5,3,10,6,1,1
tx_legit_009197,0,582.29,6.3687,889,1,0,1,1,0,0
tx_legit_000750,0,164.19,5.1071,722,1,0,1,3,0,0
tx_legit_006754,0,350.02,5.8608,466,2,0,1,1,0,0
tx_legit_000294,0,186.65,5.2346,145,1,0,1,1,0,0
tx_legit_001263,0,370.73,5.9182,103,1,0,2,1,0,0
tx_legit_008581,0,553.27,6.3177,820,1,0,1,2,0,0
tx_legit_003572,0,1305.14,7.1748,889,1,0,1,2,0,0
tx_legit_006727,0,573.3,6.3532,621,1,0,1,2,0,0
tx_legit_002098,0,223.2,5.4125,356,1,0,1,1,0,0
tx_legit_001343,0,300.1,5.7074,234,2,0,1,2,0,0
tx_legit_007580,0,355.79,5.8771,355,1,0,1,2,0,0
tx_legit_003623,0,415.46,6.0318,596,2,0,1,2,0,0
tx_legit_008904,0,566.75,6.3417,278,1,0,1,1,0,0
tx_legit_008084,0,611.48,6.4175,607,1,0,2,1,0,0
tx_legit_007149,0,918.97,6.8243,708,2,0,1,1,0,0
tx_legit_006063,0,721.11,6.5822,823,1,0,1,1,0,0
tx_legit_004831,0,422.53,6.0486,521,1,0,2,1,0,0
tx_legit_007126,0,652.37,6.4821,452,3,0,1,2,0,0
tx_legit_001659,0,88.96,4.4994,410,1,0,1,1,0,0
tx_legit_001199,0,1102.77,7.0065,778,1,0,1,2,0,0
tx_legit_007155,0,442.94,6.0957,120,1,0,2,1,0,0
tx_legit_006943,0,142.01,4.9629,418,1,0,1,2,0,0
tx_fraud_000604,1,89148.33,11.3981,6,6,3,2,3,1,1
tx_legit_000123,0,206.33,5.3343,665,2,0,1,1,0,0
tx_legit_003154,0,1438.38,7.272,445,2,0,2,1,0,0
tx_legit_007941,0,390.34,5.9696,187,1,0,1,1,0,0
tx_legit_007787,0,621.96,6.4345,238,1,0,1,1,0,0
tx_legit_000013,0,182.62,5.2129,482,1,0,1,2,0,0
tx_legit_002120,0,1278.66,7.1543,775,1,0,1,1,0,0
tx_legit_003631,0,395.27,5.9821,527,1,0,1,1,0,0
tx_legit_008525,0,301.79,5.713,688,1,0,1,3,0,0
tx_legit_006757,0,1155.26,7.0529,132,3,0,1,1,0,0
tx_legit_004753,0,402.09,5.9992,81,1,0,1,3,0,0
tx_legit_000858,0,315.18,5.7563,748,3,0,1,1,0,0
tx_fraud_000132,1,7529.45,8.9267,12,11,4,8,3,0,1
tx_legit_000349,0,1617.02,7.389,442,1,0,1,1,0,0
tx_legit_008338,0,447.75,6.1065,286,1,0,1,2,0,0
tx_legit_002608,0,436.98,6.0822,894,1,0,1,1,0,0
tx_legit_006023,0,403.39,6.0024,641,1,0,1,1,0,0
tx_legit_001347,0,645.21,6.4711,428,1,0,1,1,0,0
tx_legit_008276,0,439.38,6.0876,89,1,0,1,2,0,0
tx_legit_003896,0,342.73,5.8399,358,1,0,1,1,0,0
tx_legit_005715,0,271.8,5.6087,738,1,0,1,1,0,0
tx_legit_006875,0,1696.2,7.4367,831,1,0,1,1,0,0
tx_legit_000951,0,828.27,6.7205,490,1,1,1,1,0,0
tx_legit_005531,0,971.95,6.8803,79,1,0,1,4,0,0
tx_legit_003760,0,898.38,6.8017,205,1,1,1,2,0,0
tx_legit_003275,0,214.09,5.3711,808,1,0,2,1,0,0
tx_legit_002541,0,635.76,6.4564,795,1,0,1,1,0,0
tx_legit_005548,0,443.37,6.0967,332,1,0,1,1,0,0
tx_legit_004153,0,292.53,5.682,137,2,0,1,1,0,0
tx_legit_001741,0,1672.99,7.423,621,1,2,1,1,0,0
tx_fraud_000153,1,14078.03,9.5524,12,7,1,17,6,0,1
tx_legit_003123,0,407.63,6.0128,571,2,0,1,1,0,0
tx_legit_004081,0,530.92,6.2765,879,2,1,1,5,0,0
tx_legit_008297,0,358.8,5.8855,637,1,0,1,3,0,0
tx_legit_007090,0,247.96,5.5173,305,1,0,1,2,0,0
tx_legit_004169,0,846.65,6.7425,341,1,0,1,1,0,0
tx_legit_007835,0,388.37,5.9645,668,1,0,1,1,0,0
tx_legit_003794,0,200.83,5.3074,514,1,0,1,1,0,0
tx_legit_006163,0,698.63,6.5506,85,1,0,1,1,0,0
tx_fraud_000441,1,7446.17,8.9156,4,7,0,2,2,1,1
tx_legit_004515,0,430.06,6.0662,194,1,0,1,1,0,0
tx_legit_003202,0,693.73,6.5435,272,1,0,1,1,0,0
tx_legit_006924,0,329.73,5.8013,73,1,0,1,1,0,0
tx_legit_000532,0,356.94,5.8804,152,1,0,2,2,0,0
tx_legit_006738,0,351.53,5.8651,308,1,0,1,1,0,0
tx_legit_001024,0,299.2,5.7044,198,3,0,1,1,0,0
tx_legit_001260,0,1581.23,7.3666,833,3,0,1,1,0,0
tx_legit_001542,0,612.27,6.4188,308,1,0,1,1,0,0
tx_legit_004211,0,1026.54,6.9349,246,1,0,1,1,0,0
tx_fraud_000481,1,76406.59,11.2438,8,7,7,3,1,0,1
tx_legit_007659,0,185.92,5.2307,559,1,0,1,1,0,0
tx_legit_004484,0,207.75,5.3411,457,1,0,1,1,0,0
tx_legit_008307,0,497.88,6.2124,725,1,1,2,1,0,0
tx_fraud_000449,1,21550.28,9.9782,4,7,0,4,6,1,1
tx_legit_006950,0,199.77,5.3022,687,2,0,1,1,0,0
tx_legit_007821,0,421.94,6.0472,869,1,0,2,2,0,0
tx_legit_004207,0,456.88,6.1266,766,1,1,1,2,0,0
tx_legit_000113,0,1101.44,7.0053,223,1,0,1,1,0,0
tx_legit_008632,0,221.63,5.4055,149,2,0,1,2,0,0
tx_legit_000824,0,375.99,5.9322,266,1,0,1,1,0,0
tx_legit_006552,0,345.89,5.849,237,1,0,1,4,0,0
tx_legit_007694,0,705.78,6.5607,240,1,0,1,4,0,0
tx_legit_004688,0,476.42,6.1684,880,4,0,1,1,0,0
tx_legit_008814,0,924.3,6.8301,145,1,1,1,1,0,0
tx_legit_006186,0,873.7,6.7739,268,1,1,1,1,0,0
tx_fraud_000506,1,82685.56,11.3228,8,12,7,2,4,0,1
tx_legit_008429,0,479.93,6.1757,591,1,0,1,2,0,0
tx_legit_008403,0,311.2,5.7436,792,2,0,1,4,0,0
tx_legit_005310,0,611.04,6.4168,822,1,0,2,1,0,0
tx_legit_004312,0,596.51,6.3928,881,1,0,1,2,0,0
tx_legit_006413,0,730.93,6.5957,297,1,0,1,2,0,0
tx_legit_005038,0,634.83,6.4549,659,2,0,1,1,0,0
tx_legit_004622,0,753.45,6.626,152,1,0,1,1,0,0
tx_fraud_000599,1,57678.8,10.9627,10,10,4,1,2,0,1
tx_legit_008830,0,240.77,5.488,227,1,1,1,1,0,0
tx_legit_005377,0,285.54,5.6579,130,2,0,1,1,0,0
tx_legit_006894,0,261.74,5.5712,389,2,0,2,3,0,0
tx_legit_009131,0,408.52,6.015,350,1,0,1,1,0,0
tx_legit_008937,0,361.83,5.8939,672,1,0,1,1,0,0
tx_legit_004305,0,1046.59,6.9542,308,1,0,1,1,0,0
tx_fraud_000534,1,89915.52,11.4066,9,12,3,2,3,0,1
tx_legit_004882,0,704.84,6.5594,601,2,0,1,1,0,0
tx_legit_002028,0,381.11,5.9457,230,1,0,1,2,0,0
tx_legit_001787,0,637.16,6.4586,69,1,0,1,1,0,0
tx_legit_005781,0,500.55,6.2177,466,2,0,1,1,0,0
tx_legit_001445,0,1823.35,7.509,99,1,0,1,2,0,0
tx_legit_006043,0,362.71,5.8964,597,3,0,1,2,0,0
tx_legit_005647,0,651.14,6.4803,396,1,1,1,2,0,0
tx_fraud_000550,1,53291.83,10.8836,7,7,4,2,4,1,1
tx_legit_001576,0,293.91,5.6867,541,1,2,1,1,0,0
tx_legit_002595,0,945.28,6.8525,819,1,0,1,3,0,0
tx_legit_002538,0,197.36,5.2901,383,4,0,1,3,0,0
tx_legit_006976,0,218.37,5.3908,630,2,0,1,2,0,0
tx_legit_005679,0,572.85,6.3524,259,1,1,1,2,0,0
tx_legit_003889,0,281.83,5.6448,176,1,0,2,2,0,0
tx_legit_002832,0,819.16,6.7095,778,2,0,2,1,0,0
tx_legit_007593,0,820.95,6.7117,596,1,0,3,1,0,0
tx_legit_000258,0,324.24,5.7846,96,2,0,1,1,0,0
tx_legit_003455,0,1170.12,7.0657,340,1,0,1,2,0,0
tx_legit_005062,0,266.11,5.5877,357,2,0,3,1,0,0
tx_legit_003704,0,635.67,6.4563,235,2,0,1,1,0,0
tx_legit_003394,0,109.05,4.7009,125,1,2,1,2,0,0
tx_legit_006628,0,639.52,6.4623,513,1,0,1,2,0,0
tx_legit_008098,0,209.75,5.3507,61,1,0,1,1,0,0
tx_legit_005067,0,129.4,4.8706,166,1,0,1,1,0,0
tx_legit_007109,0,211.31,5.358,36,1,0,1,1,0,0
tx_legit_002584,0,859.69,6.7577,114,4,0,1,1,0,0
tx_legit_004136,0,501.46,6.2195,406,1,2,1,2,0,0
tx_legit_004754,0,499.58,6.2158,377,2,0,2,2,0,0
tx_legit_001028,0,362.1,5.8947,444,1,0,1,2,0,0
tx_legit_003461,0,388.44,5.9647,127,1,0,1,1,0,0
tx_legit_000110,0,1442.22,7.2746,730,1,0,1,1,0,0
tx_legit_007528,0,205.04,5.3281,490,2,0,1,1,0,0
tx_legit_005023,0,154.06,5.0438,41,1,0,3,1,0,0
tx_legit_005678,0,79.67,4.3904,703,1,0,1,1,0,0
tx_legit_005821,0,178.61,5.1908,634,1,0,1,3,0,0
tx_legit_001457,0,515.42,6.2469,92,3,1,1,1,0,0
tx_legit_005008,0,950.84,6.8584,80,1,0,1,1,0,0
tx_legit_003675,0,545.41,6.3034,490,1,0,1,1,0,0
tx_fraud_000108,1,8843.66,9.0876,6,4,1,9,4,1,0
tx_legit_004057,0,143.82,4.9755,273,1,0,1,1,0,0
tx_fraud_000330,1,16955.6,9.7384,4,3,0,5,5,1,0
tx_legit_003713,0,843.79,6.7391,282,1,0,1,2,0,0
tx_legit_003218,0,719.23,6.5796,640,1,0,2,1,0,0
tx_legit_004351,0,175.08,5.1709,462,1,0,1,1,0,0
tx_legit_007489,0,663.96,6.4997,802,1,0,1,1,0,0
tx_legit_008901,0,1942.58,7.5723,139,1,0,1,1,0,0
tx_legit_004263,0,558.95,6.3278,547,1,0,1,3,0,0
tx_legit_002483,0,784.73,6.6666,166,1,0,1,2,0,0
tx_legit_000587,0,531.59,6.2778,416,1,0,2,1,0,0
tx_legit_000386,0,412.6,6.0249,776,1,0,1,1,0,0
tx_legit_004685,0,346.86,5.8518,736,1,0,2,2,0,0
tx_legit_003978,0,355.72,5.877,175,1,1,1,1,0,0
tx_legit_006085,0,429.64,6.0653,750,1,0,1,1,0,0
tx_legit_005027,0,330.14,5.8025,34,1,1,1,1,0,0
tx_legit_007542,0,1009.09,6.9178,695,1,0,1,4,0,0
tx_fraud_000486,1,66482.46,11.1047,9,16,4,3,4,0,1
tx_legit_005869,0,472.44,6.16,151,1,0,1,1,0,0
tx_legit_009141,0,1103.9,7.0075,889,2,0,1,1,0,0
tx_legit_007383,0,600.39,6.3992,145,1,0,1,1,0,0
tx_legit_003941,0,568.45,6.3447,99,1,0,2,1,0,0
tx_legit_006699,0,807.3,6.6949,521,1,0,1,3,0,0
tx_legit_001697,0,330.9,5.8048,113,1,0,1,2,0,0
tx_legit_001161,0,371.95,5.9214,68,1,0,1,1,0,0
tx_legit_007214,0,352.83,5.8688,521,1,0,1,1,0,0
tx_legit_000986,0,306.48,5.7284,234,2,0,1,1,0,0
tx_legit_003925,0,195.76,5.282,621,1,0,1,1,0,0
tx_legit_000401,0,337.82,5.8255,67,1,0,1,1,0,0
tx_legit_008453,0,470.97,6.1569,611,3,0,3,2,0,0
tx_legit_003148,0,1355.18,7.2124,209,1,0,1,1,0,0
tx_legit_001044,0,861.98,6.7604,609,1,0,1,3,0,0
tx_legit_001944,0,653.22,6.4834,99,4,0,1,1,0,0
tx_legit_001810,0,145.85,4.9894,631,1,0,1,1,0,0
tx_legit_006954,0,304.33,5.7214,85,1,1,1,4,0,0
tx_legit_004918,0,945.15,6.8524,200,1,0,2,3,0,0
tx_legit_002707,0,462.53,6.1389,83,1,0,3,2,0,0
tx_legit_001429,0,1638.14,7.4019,632,3,2,1,2,0,0
tx_fraud_000356,1,9098.46,9.116,3,4,2,3,6,1,0
tx_legit_002930,0,336.8,5.8225,659,1,0,1,1,0,0
tx_legit_000371,0,440.56,6.0903,117,2,0,1,2,0,0
tx_legit_002645,0,333.33,5.8121,263,1,0,1,1,0,0
tx_legit_005015,0,1146.12,7.045,747,4,0,1,1,0,0
tx_legit_004147,0,437.33,6.083,496,1,0,1,1,0,0
tx_legit_004810,0,1952.97,7.5776,240,2,0,1,4,0,0
tx_legit_001289,0,416.67,6.0347,389,1,0,1,2,0,0
tx_legit_006839,0,400.99,5.9964,326,1,0,1,2,0,0
tx_legit_005872,0,375.16,5.93,194,2,0,1,2,0,0
tx_legit_000097,0,761.25,6.6363,466,1,0,2,1,0,0
tx_legit_003652,0,615.78,6.4245,221,1,0,3,3,0,0
tx_legit_000411,0,2021.81,7.6122,223,1,0,1,1,0,0
tx_legit_009121,0,886.24,6.7881,358,1,0,1,1,0,0
tx_legit_000770,0,657.92,6.4906,744,1,0,1,1,0,0
tx_legit_002985,0,756.15,6.6296,376,2,0,1,1,0,0
tx_fraud_000283,1,9656.84,9.1755,12,20,2,1,21,0,1
tx_legit_006559,0,473.1,6.1614,575,1,2,1,2,0,0
tx_legit_007419,0,630.25,6.4477,282,1,0,1,2,0,0
tx_legit_001593,0,345.4,5.8476,804,1,0,1,2,0,0
tx_legit_000985,0,525.89,6.267,549,1,0,1,1,0,0
tx_legit_001502,0,1012.83,6.9215,114,1,0,1,1,0,0
tx_legit_000736,0,941.44,6.8485,649,1,0,1,1,0,0
tx_legit_008224,0,443.7,6.0974,293,1,0,1,2,0,0
tx_legit_008749,0,1715.94,7.4483,520,2,1,1,4,0,0
tx_legit_000712,0,760.29,6.635,469,2,0,1,1,0,0
tx_legit_007714,0,77.67,4.3653,334,1,0,1,1,0,0
tx_legit_008362,0,508.63,6.2337,253,2,0,1,2,0,0
tx_legit_008100,0,953.86,6.8616,817,1,0,1,1,0,0
tx_legit_004611,0,778.04,6.6581,706,1,0,1,2,0,0
tx_legit_007008,0,347.8,5.8545,650,1,0,1,1,0,0
tx_legit_008180,0,299.4,5.7051,196,1,0,2,1,0,0
tx_legit_007135,0,425.06,6.0546,421,1,0,1,3,0,0
tx_legit_003935,0,364.07,5.9001,220,1,0,1,1,0,0
tx_legit_001167,0,993.39,6.9021,175,1,0,1,1,0,0
tx_legit_003640,0,1213.91,7.1024,116,1,0,1,3,0,0
tx_legit_000419,0,1185.43,7.0787,525,1,0,1,1,0,0
tx_legit_006209,0,401.9,5.9987,878,1,0,1,1,0,0
tx_legit_001488,0,2200.25,7.6968,268,1,0,1,1,0,0
tx_legit_003142,0,582.83,6.3696,278,1,0,1,1,0,0
tx_legit_007849,0,649.16,6.4772,833,1,0,1,2,0,0
tx_legit_001459,0,301.75,5.7129,369,1,1,1,1,0,0
tx_fraud_000211,1,1754.27,7.4704,30,24,3,1,17,0,1
tx_fraud_000532,1,46741.43,10.7524,9,13,4,3,1,0,1
tx_legit_007576,0,497.58,6.2118,787,1,0,1,1,0,0
tx_fraud_000307,1,3716.5,8.2208,24,15,3,1,30,0,1
tx_legit_003176,0,535.62,6.2853,39,1,0,1,1,0,0
tx_legit_002841,0,231.2,5.4476,604,1,1,1,1,0,0
tx_legit_007316,0,1435.73,7.2701,526,1,2,1,2,0,0
tx_legit_003725,0,624.98,6.4393,278,1,0,1,1,0,0
tx_legit_006550,0,329.73,5.8013,102,1,0,1,1,0,0
tx_legit_005495,0,399.92,5.9938,418,1,0,2,1,0,0
tx_legit_004184,0,810.79,6.6992,355,2,0,3,3,0,0
tx_legit_000830,0,223.61,5.4144,730,3,0,1,2,0,0
tx_legit_004640,0,784.27,6.666,587,1,0,1,2,0,0
tx_legit_007718,0,1394.17,7.2408,852,1,0,1,4,0,0
tx_legit_000636,0,1343.09,7.2035,579,2,0,1,1,0,0
tx_legit_000529,0,502.36,6.2213,369,2,0,1,3,0,0
tx_legit_002583,0,501.35,6.2193,437,1,0,1,2,0,0
tx_legit_001052,0,454.14,6.1206,345,1,0,3,1,0,0
tx_legit_008793,0,982.06,6.8907,710,3,0,2,1,0,0
tx_legit_004827,0,1827.8,7.5114,519,1,0,1,2,0,0
tx_legit_002054,0,753.91,6.6266,35,1,0,2,1,0,0
tx_legit_000681,0,436.79,6.0817,187,1,0,1,2,0,0
tx_legit_003992,0,436.65,6.0814,356,1,0,1,1,0,0
tx_legit_007702,0,568.08,6.344,649,2,0,1,1,0,0
tx_legit_006363,0,196.37,5.2851,805,2,0,1,1,0,0
tx_legit_002553,0,1427.25,7.2642,52,1,0,1,1,0,0
tx_legit_006212,0,520.92,6.2575,141,1,0,2,2,0,0
tx_legit_008665,0,1315.58,7.1828,754,2,0,1,1,0,0
tx_legit_001743,0,501.18,6.219,599,1,0,1,2,0,0
tx_legit_008884,0,671.7,6.5113,772,1,0,1,2,0,0
tx_legit_006041,0,1200.69,7.0915,659,1,0,1,4,0,0
tx_legit_006752,0,599.01,6.3969,270,1,0,1,1,0,0
tx_legit_001786,0,227.48,5.4314,663,4,0,1,1,0,0
tx_legit_001912,0,1139.36,7.0391,503,3,0,1,1,0,0
tx_legit_001296,0,189.8,5.2512,837,1,0,2,2,0,0
tx_legit_000118,0,1160.66,7.0576,118,2,0,1,1,0,0
tx_legit_000725,0,89.79,4.5085,198,2,0,2,4,0,0
tx_legit_005294,0,313.0,5.7494,244,3,0,1,2,0,0
tx_legit_005358,0,511.3,6.2389,266,1,0,1,1,0,0
tx_fraud_000091,1,4708.14,8.4573,13,9,3,14,5,0,1
tx_legit_007212,0,219.45,5.3957,404,1,0,1,1,0,0
tx_legit_001530,0,1104.06,7.0077,90,2,0,1,3,0,0
tx_legit_003529,0,297.31,5.6981,744,1,0,1,1,0,0
tx_legit_009138,0,258.25,5.5578,647,1,0,1,2,0,0
tx_legit_000389,0,540.66,6.2946,432,1,0,1,1,0,0
tx_legit_005505,0,1076.02,6.982,532,1,0,2,2,0,0
tx_legit_000963,0,336.6,5.8219,735,1,0,1,1,0,0
tx_legit_000834,0,643.47,6.4684,184,1,0,1,1,0,0
tx_legit_008929,0,657.56,6.4901,641,1,0,2,1,0,0
tx_legit_005356,0,311.01,5.743,475,1,0,1,1,0,0
tx_legit_000570,0,252.6,5.5358,668,1,0,1,1,0,0
tx_legit_005580,0,413.64,6.0274,358,1,0,2,2,0,0
tx_legit_005867,0,234.53,5.4618,545,1,0,1,1,0,0
tx_legit_003130,0,255.37,5.5466,168,2,1,1,1,0,0
tx_fraud_000331,1,9822.59,9.1925,2,8,3,4,3,1,1
tx_legit_001481,0,700.16,6.5527,845,1,0,1,3,0,0
tx_legit_007738,0,280.21,5.6391,180,1,0,1,1,0,0
tx_legit_006675,0,323.17,5.7813,481,1,1,1,2,0,0
tx_legit_004786,0,690.95,6.5395,641,2,2,1,1,0,0
tx_legit_000621,0,578.14,6.3615,166,1,0,1,2,0,0
tx_legit_001258,0,801.31,6.6875,241,1,0,1,4,0,0
tx_legit_007050,0,512.83,6.2419,563,1,0,1,5,0,0
tx_legit_001541,0,766.36,6.643,628,1,1,1,1,0,0
tx_legit_002877,0,93.15,4.5449,139,2,0,3,1,0,0
tx_fraud_000476,1,21370.35,9.9698,1,7,0,2,5,1,1
tx_legit_005952,0,575.4,6.3568,150,2,0,2,3,0,0
tx_legit_004298,0,1481.5,7.3015,349,1,0,1,1,0,0
tx_legit_007577,0,505.58,6.2277,627,3,0,1,1,0,0
tx_legit_000541,0,574.62,6.3554,864,1,0,1,4,0,0
tx_legit_008717,0,1037.83,6.9459,661,1,1,1,1,0,0
tx_legit_001014,0,1587.46,7.3705,583,1,0,1,2,0,0
tx_legit_000572,0,349.84,5.8603,498,2,0,1,2,0,0
tx_legit_007021,0,805.18,6.6923,822,1,0,1,1,0,0
tx_legit_008127,0,1037.9,6.9459,330,1,0,1,1,0,0
tx_legit_005203,0,336.04,5.8202,108,1,0,2,4,0,0
tx_legit_008954,0,436.39,6.0808,731,4,0,1,2,0,0
tx_legit_009017,0,235.9,5.4676,422,1,0,1,1,0,0
tx_legit_004772,0,567.35,6.3427,200,2,0,1,1,0,0
tx_legit_006777,0,323.2,5.7814,456,1,0,1,1,0,0
tx_legit_001851,0,50.0,3.9318,687,1,0,1,3,0,0
tx_legit_009036,0,386.61,5.96,121,1,0,3,1,0,0
tx_legit_004739,0,720.34,6.5811,377,1,1,1,1,0,0
tx_fraud_000290,1,8652.38,9.0657,14,22,4,1,26,0,1
tx_legit_003677,0,794.12,6.6785,240,1,0,1,1,0,0
tx_legit_000566,0,541.53,6.2962,618,1,1,1,1,0,0
tx_legit_001372,0,368.14,5.9112,800,1,0,2,1,0,0
tx_legit_003458,0,168.56,5.1332,578,1,0,1,2,0,0
tx_legit_006465,0,153.46,5.0399,385,1,0,1,2,0,0
tx_legit_004182,0,282.18,5.6461,723,4,0,1,1,0,0
tx_fraud_000357,1,21725.62,9.9863,2,6,3,3,4,1,1
tx_legit_000328,0,235.66,5.4666,235,1,0,1,2,0,0
tx_legit_005079,0,248.48,5.5194,146,4,0,1,3,0,0
tx_legit_003735,0,719.31,6.5797,870,2,0,1,1,0,0
tx_legit_005069,0,868.25,6.7676,618,1,0,1,2,0,0
tx_legit_009037,0,440.8,6.0909,452,1,0,1,1,0,0
tx_legit_004503,0,552.39,6.3161,512,1,0,2,2,0,0
tx_legit_000634,0,606.16,6.4088,197,1,0,1,1,0,0
tx_fraud_000129,1,2676.19,7.8925,4,8,2,17,2,1,1
tx_legit_007084,0,123.22,4.8221,652,1,0,1,1,0,0
tx_legit_007618,0,267.97,5.5946,332,1,0,1,1,0,0
tx_fraud_000353,1,12939.81,9.4681,1,7,1,5,4,1,1
tx_legit_002249,0,327.15,5.7935,430,2,0,1,1,0,0
tx_fraud_000121,1,14636.22,9.5913,2,4,1,9,4,1,0
tx_legit_004113,0,95.77,4.5723,437,1,0,1,1,0,0
tx_legit_001793,0,721.1,6.5822,661,1,0,1,3,0,0
tx_legit_003682,0,194.92,5.2777,311,1,0,1,1,0,0
tx_legit_008918,0,801.71,6.688,462,1,0,1,1,0,0
tx_legit_002771,0,1965.3,7.5839,355,1,0,1,2,0,0
tx_legit_001648,0,2285.36,7.7347,234,1,0,1,2,0,0
tx_legit_007123,0,348.17,5.8556,699,1,0,1,2,0,0
tx_legit_001853,0,286.57,5.6615,660,1,0,3,2,0,0
tx_legit_003311,0,438.27,6.0851,448,1,0,1,1,0,0
tx_fraud_000428,1,8523.57,9.0507,1,6,0,4,3,1,1
tx_legit_008103,0,582.02,6.3682,74,1,0,1,3,0,0
tx_legit_008601,0,338.14,5.8264,74,1,0,1,1,0,0
tx_legit_007129,0,473.43,6.1621,514,1,0,1,2,0,0
tx_legit_002697,0,786.54,6.6689,621,2,0,1,4,0,0
tx_legit_006663,0,606.74,6.4097,497,4,0,2,1,0,0
tx_fraud_000234,1,11831.0,9.3786,24,18,4,4,17,0,1
tx_fraud_000109,1,16753.59,9.7264,2,5,1,10,5,1,1
tx_legit_003100,0,290.2,5.674,459,1,0,1,1,0,0
tx_legit_004260,0,472.21,6.1595,648,2,0,1,2,0,0
tx_legit_006829,0,237.91,5.4761,432,1,0,1,1,0,0
tx_legit_005083,0,687.6,6.5347,775,1,1,1,1,0,0
tx_legit_002317,0,1977.08,7.5899,711,1,1,2,1,0,0
tx_fraud_000177,1,12996.5,9.4725,20,8,7,1,24,0,1
tx_legit_000240,0,742.33,6.6111,794,1,0,1,2,0,0
tx_legit_006408,0,558.25,6.3266,93,1,0,1,2,0,0
tx_legit_002106,0,745.31,6.6151,496,1,0,1,4,0,0
tx_legit_008115,0,920.16,6.8256,719,1,0,1,1,0,0
tx_legit_004372,0,1348.48,7.2075,282,1,0,2,5,0,0
tx_legit_005143,0,233.87,5.459,488,2,0,2,1,0,0
tx_legit_008587,0,1168.39,7.0642,256,2,0,1,2,0,0
tx_legit_004412,0,2239.52,7.7145,819,2,0,1,1,0,0
tx_fraud_000348,1,17698.24,9.7813,5,3,2,2,3,1,0
tx_legit_001575,0,236.08,5.4684,855,1,0,1,2,0,0
tx_legit_003121,0,415.42,6.0317,186,1,0,1,1,0,0
tx_legit_005430,0,345.0,5.8464,193,1,0,2,4,0,0
tx_legit_002773,0,1036.53,6.9446,620,1,0,1,3,0,0
tx_legit_007710,0,2226.12,7.7085,354,2,0,1,2,0,0
tx_legit_003322,0,348.96,5.8578,362,1,0,1,1,0,0
tx_legit_005503,0,558.84,6.3277,678,1,0,1,3,0,0
tx_legit_007179,0,492.0,6.2005,321,2,0,1,1,0,0
tx_legit_002893,0,505.65,6.2278,321,2,0,1,1,0,0
tx_legit_006868,0,384.89,5.9556,336,1,0,3,1,0,0
tx_legit_006823,0,281.53,5.6438,805,2,2,2,2,0,0
tx_fraud_000114,1,7797.1,8.9616,10,6,2,12,5,0,1
tx_legit_004008,0,213.17,5.3668,107,1,0,1,1,0,0
tx_legit_007042,0,466.71,6.1478,638,1,0,1,2,0,0
tx_legit_002224,0,528.1,6.2712,748,2,0,1,1,0,0
tx_legit_008456,0,285.95,5.6593,487,1,0,1,2,0,0
tx_legit_005094,0,270.02,5.6022,202,1,0,2,1,0,0
tx_legit_004289,0,170.9,5.1469,250,2,0,1,2,0,0
tx_fraud_000632,1,64076.69,11.0679,6,16,6,1,1,1,1
tx_legit_006269,0,151.05,5.0242,835,1,1,1,1,0,0
tx_fraud_000045,1,3217.28,8.0766,8,8,2,12,3,0,1
tx_legit_003685,0,1384.42,7.2338,501,2,1,1,2,0,0
tx_legit_001329,0,1003.68,6.9124,622,1,0,1,1,0,0
tx_fraud_000622,1,35158.96,10.4677,8,9,7,2,3,0,1
tx_legit_005916,0,845.51,6.7411,354,1,0,1,1,0,0
tx_fraud_000286,1,11115.91,9.3162,20,18,8,1,20,0,1
tx_legit_006482,0,476.74,6.1691,481,2,0,1,1,0,0
tx_fraud_000087,1,8897.67,9.0937,4,11,2,13,5,1,1
tx_legit_004714,0,812.96,6.7019,650,1,0,1,1,0,0
tx_legit_001865,0,66.36,4.2101,863,1,1,1,2,0,0
tx_legit_004841,0,556.91,6.3242,868,1,0,2,2,0,0
tx_legit_006714,0,709.23,6.5656,523,2,0,1,1,0,0
tx_legit_000628,0,577.81,6.361,413,1,0,1,1,0,0
tx_legit_002291,0,212.2,5.3622,200,1,0,1,1,0,0
tx_legit_005588,0,838.0,6.7322,659,1,0,1,1,0,0
tx_legit_008427,0,265.58,5.5857,546,1,0,1,1,0,0
tx_legit_006592,0,466.47,6.1473,615,1,0,1,1,0,0
tx_legit_008050,0,350.05,5.8609,750,1,0,1,1,0,0
tx_legit_006984,0,592.32,6.3857,280,1,0,2,3,0,0
tx_legit_006902,0,373.08,5.9245,648,2,0,1,1,0,0
tx_legit_000556,0,1151.86,7.05,59,1,0,1,2,0,0
tx_legit_005648,0,492.58,6.2017,436,1,0,1,1,0,0
tx_legit_001779,0,327.7,5.7951,503,1,0,1,2,0,0
tx_legit_000403,0,611.96,6.4183,607,1,0,1,2,0,0
tx_legit_007969,0,1103.93,7.0075,549,1,0,1,1,0,0
tx_legit_007298,0,528.17,6.2713,512,3,0,1,3,0,0
tx_legit_000390,0,495.67,6.2079,568,2,0,1,2,0,0
tx_legit_006676,0,133.61,4.9024,148,4,0,1,1,0,0
tx_legit_008973,0,740.09,6.6081,685,1,0,1,2,0,0
tx_fraud_000198,1,1663.44,7.4172,20,21,2,1,16,0,1
tx_legit_001098,0,828.48,6.7208,859,1,0,1,1,0,0
tx_legit_005765,0,247.8,5.5166,355,1,0,1,1,0,0
tx_legit_005419,0,894.61,6.7975,809,1,1,1,1,0,0
tx_fraud_000071,1,7762.25,8.9572,2,7,1,7,6,1,1
tx_legit_008726,0,255.68,5.5478,731,1,0,1,1,0,0
tx_legit_003734,0,612.79,6.4197,113,1,0,1,2,0,0
tx_legit_003831,0,1076.05,6.982,826,1,1,1,4,0,0
tx_legit_007584,0,670.37,6.5093,771,1,0,1,1,0,0
tx_legit_008855,0,2536.86,7.8391,613,1,0,2,1,0,0
tx_legit_008762,0,113.35,4.7393,640,1,0,1,2,0,0
tx_legit_008372,0,942.31,6.8494,631,1,0,1,1,0,0
tx_fraud_000396,1,20095.19,9.9083,0,4,2,2,2,1,0
tx_legit_008290,0,90.19,4.5129,448,1,0,3,1,0,0
tx_fraud_000076,1,14302.09,9.5682,14,10,3,16,6,0,1
tx_legit_007771,0,787.59,6.6702,821,2,0,1,1,0,0
tx_legit_003152,0,933.03,6.8395,111,1,0,1,1,0,0
tx_legit_006963,0,323.83,5.7833,334,1,0,2,2,0,0
tx_legit_004371,0,469.59,6.154,406,1,0,1,1,0,0
tx_legit_008575,0,735.28,6.6016,444,1,0,1,2,0,0
tx_legit_003047,0,299.37,5.705,831,1,1,1,1,0,0
tx_legit_004708,0,264.83,5.5829,71,1,0,1,3,0,0
tx_legit_005092,0,829.2,6.7217,208,1,2,1,2,0,0
tx_legit_000874,0,762.82,6.6383,866,1,0,1,1,0,0
tx_legit_008833,0,482.24,6.1805,525,3,1,1,2,0,0
tx_legit_004573,0,335.36,5.8182,713,1,0,1,2,0,0
tx_legit_005599,0,975.1,6.8836,612,1,0,2,2,0,0
tx_legit_008528,0,498.41,6.2134,559,1,0,1,1,0,0
tx_legit_003542,0,376.04,5.9324,91,1,0,2,2,0,0
tx_legit_003136,0,301.99,5.7137,31,1,0,1,1,0,0
tx_legit_008562,0,423.8,6.0516,396,1,0,1,1,0,0
tx_legit_002127,0,931.64,6.838,661,4,0,1,2,0,0
tx_legit_004077,0,176.57,5.1794,529,1,0,1,1,0,0
tx_legit_004012,0,93.88,4.5526,795,1,0,1,1,0,0
tx_fraud_000042,1,17422.58,9.7656,2,7,4,14,2,1,1
tx_legit_004597,0,1042.13,6.95,181,1,0,1,3,0,0
tx_legit_004276,0,287.41,5.6644,336,1,0,1,1,0,0
tx_fraud_000361,1,17861.61,9.7905,3,3,2,2,6,1,0
tx_legit_006160,0,84.24,4.4455,285,1,0,1,1,0,0
tx_legit_001835,0,195.85,5.2824,143,1,0,1,1,0,0
tx_legit_002042,0,1063.22,6.97,416,1,0,1,1,0,0
tx_legit_002827,0,228.09,5.4341,79,3,0,1,1,0,0
tx_legit_003336,0,699.11,6.5512,719,2,0,1,1,0,0
tx_legit_003246,0,850.82,6.7474,893,1,0,1,1,0,0
tx_fraud_000484,1,91467.21,11.4237,10,6,7,1,1,0,1
tx_legit_006378,0,416.02,6.0331,346,2,0,1,1,0,0
tx_legit_009113,0,1907.37,7.554,130,1,0,1,1,0,0
tx_legit_000404,0,1006.63,6.9154,440,1,0,1,2,0,0
tx_legit_005423,0,474.62,6.1646,272,1,0,1,1,0,0
tx_fraud_000287,1,14395.86,9.5748,27,8,3,1,12,0,1
tx_legit_008157,0,517.61,6.2512,553,1,0,1,2,0,0
tx_legit_001078,0,419.16,6.0406,35,1,0,1,2,0,0
tx_legit_003254,0,571.82,6.3506,900,1,1,1,1,0,0
tx_legit_000480,0,472.55,6.1603,46,1,0,1,2,0,0
tx_legit_006712,0,267.54,5.593,800,1,0,1,3,0,0
tx_legit_001500,0,678.85,6.5219,199,2,0,1,2,0,0
tx_legit_001611,0,350.67,5.8627,512,1,1,1,1,0,0
tx_legit_000173,0,1531.14,7.3344,638,1,0,2,1,0,0
tx_legit_008433,0,233.78,5.4586,881,3,0,1,1,0,0
tx_legit_004421,0,267.21,5.5918,118,1,0,1,1,0,0
tx_legit_007824,0,175.63,5.1741,783,1,0,3,2,0,0
tx_legit_006470,0,234.09,5.46,212,1,0,1,2,0,0
tx_legit_003237,0,838.45,6.7327,116,2,0,1,1,0,0
tx_legit_007707,0,1075.33,6.9813,205,2,0,2,1,0,0
tx_legit_005836,0,362.87,5.8968,377,3,0,2,1,0,0
tx_legit_007774,0,240.12,5.4853,389,1,0,2,2,0,0
tx_legit_001643,0,124.27,4.8305,477,1,2,1,1,0,0
tx_legit_001820,0,1387.34,7.2359,332,2,2,1,2,0,0
tx_legit_004368,0,2565.79,7.8504,550,1,0,1,3,0,0
tx_legit_003093,0,366.8,5.9075,418,3,0,2,1,0,0
tx_legit_008392,0,219.5,5.3959,637,1,0,1,1,0,0
tx_legit_007684,0,161.19,5.0888,687,1,0,1,1,0,0
tx_fraud_000472,1,4102.85,8.3197,4,9,0,2,4,1,1
tx_legit_007930,0,297.79,5.6997,451,1,0,1,1,0,0
tx_legit_003601,0,499.01,6.2146,855,1,0,1,3,0,0
tx_legit_007396,0,345.18,5.847,835,1,0,2,1,0,0
tx_fraud_000318,1,3866.35,8.2603,4,14,3,1,17,1,1
tx_legit_007173,0,519.21,6.2542,817,1,0,1,2,0,0
tx_legit_008449,0,624.71,6.4389,692,1,0,1,1,0,0
tx_legit_002024,0,368.26,5.9115,490,2,0,1,3,0,0
tx_legit_007448,0,446.09,6.1028,367,1,0,1,1,0,0
tx_legit_004354,0,653.26,6.4835,491,1,0,1,2,0,0
tx_legit_008629,0,677.64,6.5201,814,3,0,1,2,0,0
tx_legit_004365,0,374.32,5.9278,406,1,0,1,1,0,0
tx_legit_001345,0,577.15,6.3598,658,1,0,1,1,0,0
tx_legit_002710,0,501.42,6.2194,125,2,0,1,3,0,0
tx_legit_002868,0,626.45,6.4417,480,2,0,1,1,0,0
tx_legit_007127,0,940.83,6.8478,772,4,0,1,1,0,0
tx_legit_000316,0,2072.07,7.6368,338,1,0,1,2,0,0
tx_legit_006484,0,531.31,6.2772,568,1,0,3,1,0,0
tx_legit_007538,0,377.83,5.9371,385,1,0,1,1,0,0
tx_legit_006013,0,292.06,5.6804,626,1,0,2,1,0,0
tx_legit_001074,0,663.55,6.4991,739,1,0,1,2,0,0
tx_legit_001423,0,562.76,6.3346,106,2,0,1,2,0,0
tx_fraud_000595,1,61764.62,11.0311,6,8,4,3,4,1,1
tx_fraud_000519,1,52721.11,10.8728,10,14,4,3,3,0,1
tx_legit_008030,0,360.07,5.8891,814,1,0,1,1,0,0
tx_legit_005297,0,524.41,6.2642,348,1,0,1,1,0,0
tx_legit_004834,0,254.01,5.5413,354,1,0,1,2,0,0
tx_legit_002068,0,301.92,5.7135,553,1,0,1,2,0,0
tx_legit_002678,0,1077.56,6.9834,341,1,0,1,1,0,0
tx_legit_003283,0,1194.27,7.0861,812,1,0,3,1,0,0
tx_fraud_000443,1,6739.36,8.8159,5,6,2,5,3,1,1
tx_fraud_000640,1,94027.62,11.4514,6,7,6,3,1,1,1
tx_fraud_000008,1,16407.34,9.7055,10,11,1,12,2,0,1
tx_legit_005909,0,855.97,6.7534,414,1,0,1,1,0,0
tx_legit_000849,0,199.8,5.3023,887,3,0,1,1,0,0
tx_legit_001567,0,945.47,6.8527,583,1,0,1,1,0,0
tx_legit_005576,0,469.91,6.1547,556,1,0,1,3,0,0
tx_legit_003279,0,294.55,5.6888,886,1,0,3,1,0,0
tx_legit_001574,0,608.5,6.4126,753,1,0,1,1,0,0
tx_legit_001681,0,1224.99,7.1115,410,1,0,1,2,0,0
tx_legit_003816,0,960.35,6.8683,738,1,1,1,1,0,0
tx_legit_003877,0,263.45,5.5777,384,1,0,1,1,0,0
tx_legit_004748,0,721.29,6.5824,706,1,0,1,2,0,0
tx_legit_001399,0,352.96,5.8692,543,1,0,1,2,0,0
tx_legit_006931,0,396.39,5.9849,156,1,0,1,1,0,0
tx_legit_002683,0,593.74,6.3881,85,1,0,1,3,0,0
tx_legit_002260,0,249.14,5.522,545,1,0,1,1,0,0
tx_legit_001089,0,589.88,6.3816,546,1,0,1,1,0,0
tx_legit_000694,0,282.36,5.6467,637,2,0,2,2,0,0
tx_legit_002255,0,1043.48,6.9513,156,2,0,1,2,0,0
tx_legit_004832,0,98.14,4.5965,71,1,0,2,1,0,0
tx_legit_008645,0,280.2,5.6391,481,1,0,1,2,0,0
tx_legit_001533,0,371.65,5.9206,795,2,0,1,1,0,0
tx_legit_001218,0,559.27,6.3284,284,2,0,2,4,0,0
tx_legit_007841,0,739.47,6.6073,388,1,0,3,2,0,0
tx_legit_002331,0,739.79,6.6077,39,3,0,1,2,0,0
tx_legit_008300,0,535.91,6.2858,383,1,0,2,2,0,0
tx_legit_001712,0,581.68,6.3676,484,1,0,1,1,0,0
tx_legit_005153,0,381.99,5.948,571,1,0,1,2,0,0
tx_fraud_000453,1,13892.58,9.5392,3,9,1,5,4,1,1
tx_legit_003930,0,877.81,6.7786,554,1,0,1,1,0,0
tx_legit_006872,0,1318.55,7.185,566,1,0,1,1,0,0
tx_legit_005639,0,196.76,5.2871,627,1,0,2,1,0,0
tx_legit_003592,0,951.46,6.859,173,1,0,2,2,0,0
tx_legit_007549,0,152.66,5.0347,388,1,0,1,1,0,0
tx_legit_005977,0,1390.78,7.2383,810,1,0,1,2,0,0
tx_legit_007793,0,799.82,6.6856,748,1,0,2,2,0,0
tx_legit_002825,0,669.13,6.5075,523,2,0,1,2,0,0
tx_legit_004434,0,754.75,6.6277,490,1,0,3,2,0,0
tx_legit_002926,0,882.44,6.7838,542,1,0,1,1,0,0
tx_legit_007479,0,691.38,6.5401,824,1,0,1,1,0,0
tx_legit_004881,0,678.11,6.5208,708,1,0,1,1,0,0
tx_legit_005661,0,460.16,6.1337,202,1,0,1,1,0,0
tx_fraud_000172,1,13102.87,9.4807,23,19,8,3,20,0,1
tx_legit_003330,0,1897.64,7.5489,407,1,0,1,1,0,0
tx_legit_008636,0,228.41,5.4355,173,1,0,1,1,0,0
tx_legit_003288,0,370.32,5.9171,535,1,0,1,1,0,0
tx_legit_002421,0,204.67,5.3263,257,1,0,1,1,0,0
tx_legit_002859,0,502.79,6.2222,234,1,2,1,1,0,0
tx_legit_006007,0,845.46,6.7411,61,1,0,1,1,0,0
tx_legit_008689,0,832.33,6.7254,240,1,0,2,2,0,0
tx_legit_003189,0,1619.51,7.3905,458,1,0,2,1,0,0
tx_legit_001535,0,932.94,6.8394,395,2,0,1,1,0,0
tx_legit_001618,0,454.3,6.121,598,1,0,1,2,0,0
tx_fraud_000170,1,2418.89,7.7915,25,13,2,2,23,0,1
tx_legit_001233,0,469.03,6.1528,530,1,1,1,2,0,0
tx_legit_004122,0,357.74,5.8826,134,1,0,1,1,0,0
tx_legit_003546,0,335.93,5.8199,86,1,0,1,1,0,0
tx_legit_008714,0,977.35,6.8859,194,1,0,1,3,0,0
tx_legit_004396,0,859.99,6.7581,883,1,2,1,1,0,0
tx_fraud_000192,1,14968.84,9.6138,27,10,5,1,32,0,1
tx_legit_004213,0,371.34,5.9198,711,1,0,1,5,0,0
tx_legit_004946,0,326.33,5.791,315,1,0,1,2,0,0
tx_legit_008807,0,1400.97,7.2456,617,1,0,1,1,0,0
tx_legit_005626,0,862.31,6.7608,259,1,0,1,2,0,0
tx_fraud_000463,1,8415.58,9.038,5,4,3,5,3,1,0
tx_fraud_000268,1,2884.87,7.9676,27,23,3,2,33,0,1
tx_legit_006136,0,299.39,5.7051,763,1,0,2,1,0,0
tx_legit_002703,0,1516.4,7.3248,499,1,0,1,1,0,0
tx_legit_006918,0,435.0,6.0776,788,2,0,3,2,0,0
tx_legit_002848,0,691.04,6.5396,434,1,0,1,3,0,0
tx_legit_006148,0,561.93,6.3332,130,2,0,1,1,0,0
tx_legit_007928,0,619.22,6.4301,449,1,0,1,1,0,0
tx_legit_003115,0,150.74,5.0222,245,2,0,1,3,0,0
tx_legit_003238,0,175.11,5.1711,781,1,0,1,1,0,0
tx_fraud_000012,1,6431.17,8.7691,1,11,3,7,4,1,1
tx_legit_002146,0,466.19,6.1467,138,1,1,1,1,0,0
tx_legit_001417,0,649.71,6.4781,482,1,0,1,3,0,0
tx_fraud_000300,1,13168.6,9.4857,3,14,5,2,35,1,1
tx_legit_000388,0,562.89,6.3349,517,1,0,1,3,0,0
tx_legit_002414,0,824.28,6.7157,396,1,0,1,1,0,0
tx_legit_009134,0,209.1,5.3476,634,1,0,1,2,0,0
tx_legit_000142,0,327.83,5.7955,341,1,0,1,1,0,0
tx_legit_002784,0,152.44,5.0333,539,1,0,1,2,0,0
tx_fraud_000142,1,14799.93,9.6024,13,10,3,9,5,0,1
tx_legit_007649,0,504.71,6.226,810,1,0,1,4,0,0
tx_legit_000522,0,205.04,5.3281,685,1,0,1,1,0,0
tx_legit_008151,0,612.79,6.4197,435,1,0,1,2,0,0
tx_legit_001753,0,506.68,6.2299,127,1,0,2,1,0,0
tx_legit_005166,0,322.33,5.7787,184,2,0,1,1,0,0
tx_legit_003940,0,638.35,6.4605,156,1,0,1,3,0,0
tx_legit_003219,0,1358.54,7.2149,474,1,1,1,2,0,0
tx_legit_002082,0,353.71,5.8713,521,1,2,1,1,0,0
tx_legit_006361,0,537.48,6.2888,462,2,1,1,3,0,0
tx_legit_005704,0,536.43,6.2868,530,1,0,1,1,0,0
tx_legit_008677,0,1081.84,6.9873,499,1,0,1,1,0,0
tx_legit_007289,0,868.72,6.7682,42,2,0,1,3,0,0
tx_fraud_000075,1,13130.32,9.4828,4,5,4,15,2,1,1
tx_legit_004352,0,156.73,5.0609,895,1,0,1,3,0,0
tx_legit_000370,0,380.13,5.9431,894,2,0,1,1,0,0
tx_fraud_000191,1,9484.76,9.1575,14,23,5,1,13,0,1
tx_legit_008065,0,261.98,5.5721,598,1,0,1,1,0,0
tx_legit_001571,0,276.38,5.6254,326,1,0,1,1,0,0
tx_legit_001252,0,310.29,5.7407,323,1,0,1,2,0,0
tx_legit_000251,0,663.77,6.4994,221,1,0,1,3,0,0
tx_legit_009019,0,369.06,5.9137,458,1,0,2,2,0,0
tx_legit_000997,0,211.5,5.3589,206,1,0,1,1,0,0
tx_legit_006309,0,233.29,5.4566,420,1,0,1,2,0,0
tx_legit_004337,0,207.33,5.3391,359,1,0,1,4,0,0
tx_legit_000075,0,226.81,5.4285,241,1,0,1,1,0,0
tx_legit_000183,0,492.75,6.202,677,1,0,1,1,0,0
tx_legit_006031,0,1942.66,7.5723,278,1,0,1,1,0,0
tx_legit_004476,0,1384.61,7.2339,326,1,0,1,1,0,0
tx_legit_006029,0,184.6,5.2236,787,1,0,1,1,0,0
tx_legit_001171,0,293.63,5.6857,554,1,0,1,1,0,0
tx_legit_007366,0,260.8,5.5676,408,4,0,1,1,0,0
tx_legit_006601,0,898.44,6.8018,792,1,0,1,1,0,0
tx_legit_001464,0,1329.55,7.1933,110,1,0,3,1,0,0
tx_legit_006784,0,342.6,5.8395,582,1,0,1,1,0,0
tx_legit_004588,0,1312.53,7.1805,128,1,0,1,1,0,0
tx_legit_005870,0,357.71,5.8825,206,1,0,1,1,0,0
tx_legit_004756,0,206.54,5.3353,294,2,0,1,2,0,0
tx_legit_003492,0,168.93,5.1354,67,1,0,1,1,0,0
tx_legit_009012,0,1436.65,7.2708,234,1,0,1,1,0,0
tx_legit_003876,0,985.8,6.8945,271,1,0,1,1,0,0
tx_legit_007360,0,272.7,5.612,163,2,0,1,1,0,0
tx_legit_007020,0,951.79,6.8594,443,2,0,1,2,0,0
tx_legit_001655,0,256.94,5.5527,259,1,1,1,3,0,0
tx_legit_008700,0,346.64,5.8512,892,1,0,1,1,0,0
tx_fraud_000003,1,13260.01,9.4926,14,6,1,10,2,0,1
tx_legit_001504,0,865.84,6.7649,39,1,0,1,2,0,0
tx_legit_001543,0,190.53,5.255,879,4,0,1,1,0,0
tx_legit_004315,0,285.79,5.6588,409,1,0,2,1,0,0
tx_legit_002670,0,703.45,6.5574,212,1,0,1,1,0,0
tx_legit_007828,0,269.61,5.6007,607,1,2,1,1,0,0
tx_fraud_000262,1,8276.86,9.0213,22,8,6,2,30,0,1
tx_legit_006646,0,690.76,6.5392,278,1,0,1,1,0,0
tx_legit_001157,0,291.76,5.6794,236,1,0,1,2,0,0
tx_legit_002900,0,609.69,6.4146,489,2,0,1,1,0,0
tx_fraud_000575,1,48750.93,10.7945,2,13,4,3,2,1,1
tx_fraud_000309,1,4627.64,8.44,13,18,5,2,29,0,1
tx_legit_003328,0,233.16,5.456,670,2,0,1,2,0,0
tx_legit_008906,0,457.65,6.1283,680,2,0,1,1,0,0
tx_legit_004056,0,327.29,5.7939,267,4,0,1,2,0,0
tx_legit_003216,0,236.22,5.469,113,1,0,1,2,0,0
tx_legit_003020,0,1092.35,6.997,139,2,0,1,1,0,0
tx_legit_008975,0,1075.72,6.9817,378,1,0,1,1,0,0
tx_legit_003830,0,849.34,6.7456,389,1,0,3,1,0,0
tx_legit_005021,0,2206.73,7.6997,497,1,0,1,2,0,0
tx_legit_003914,0,333.58,5.8129,353,3,0,1,2,0,0
tx_legit_003709,0,721.52,6.5827,399,1,0,1,1,0,0
tx_legit_004067,0,644.07,6.4694,607,1,0,2,3,0,0
tx_legit_001916,0,608.29,6.4123,259,1,0,1,1,0,0
tx_legit_007359,0,954.12,6.8618,547,1,0,1,5,0,0
tx_legit_003404,0,182.58,5.2127,224,1,0,1,2,0,0
tx_legit_001033,0,293.32,5.6847,272,1,0,1,3,0,0
tx_legit_002139,0,849.2,6.7455,52,1,0,1,2,0,0
tx_legit_002797,0,755.17,6.6283,757,1,0,1,1,0,0
tx_legit_006228,0,297.9,5.7001,389,1,1,1,2,0,0
tx_legit_004265,0,524.95,6.2652,680,2,0,3,1,0,0
tx_legit_004903,0,1097.53,7.0017,827,1,0,1,2,0,0
tx_legit_001732,0,207.07,5.3379,869,1,0,1,2,0,0
tx_legit_002311,0,449.24,6.1098,241,1,0,1,1,0,0
tx_legit_001339,0,1844.4,7.5205,565,2,0,1,3,0,0
tx_fraud_000066,1,4894.89,8.4962,3,7,2,12,3,1,1
tx_legit_000100,0,1046.94,6.9546,713,1,0,1,1,0,0
tx_legit_007561,0,238.6,5.479,596,1,1,1,2,0,0
tx_legit_000256,0,751.78,6.6238,774,1,0,3,1,0,0
tx_legit_000751,0,408.17,6.0141,345,2,0,1,1,0,0
tx_legit_006809,0,853.49,6.7505,622,1,0,1,1,0,0
tx_legit_002527,0,787.92,6.6707,708,1,0,1,1,0,0
tx_legit_002405,0,225.67,5.4235,404,1,0,1,1,0,0
tx_legit_008747,0,678.06,6.5207,707,4,2,1,4,0,0
tx_legit_001499,0,200.24,5.3045,851,1,0,1,1,0,0
tx_legit_009160,0,370.1,5.9165,168,2,0,2,1,0,0
tx_legit_003736,0,303.95,5.7201,562,2,0,2,1,0,0
tx_legit_004314,0,1012.62,6.9213,743,1,0,1,1,0,0
tx_legit_000724,0,326.2,5.7906,409,1,0,1,1,0,0
tx_legit_002714,0,173.56,5.1623,102,2,0,2,1,0,0
tx_legit_001225,0,244.9,5.5049,825,3,0,1,1,0,0
tx_legit_003647,0,1242.1,7.1254,547,2,0,1,1,0,0
tx_legit_008731,0,499.39,6.2154,293,1,0,1,2,0,0
tx_legit_005684,0,483.55,6.1832,85,1,0,1,2,0,0
tx_legit_006719,0,405.14,6.0067,545,1,1,1,2,0,0
tx_legit_008631,0,604.78,6.4065,108,1,0,1,1,0,0
tx_legit_008856,0,301.96,5.7136,522,1,0,1,1,0,0
tx_legit_000821,0,628.29,6.4446,521,1,1,1,1,0,0
tx_legit_008061,0,299.02,5.7038,369,3,0,1,3,0,0
tx_legit_007206,0,310.76,5.7422,426,2,0,1,2,0,0
tx_legit_002381,0,593.23,6.3873,274,1,0,1,3,0,0
tx_legit_001408,0,442.72,6.0952,420,1,0,1,1,0,0
tx_fraud_000265,1,9130.87,9.1195,24,11,4,2,29,0,1
tx_legit_007629,0,734.39,6.6004,237,1,0,1,1,0,0
tx_legit_004775,0,826.28,6.7181,774,1,0,1,2,0,0
tx_legit_003273,0,364.76,5.902,701,1,0,1,2,0,0
tx_legit_000257,0,168.46,5.1326,769,1,0,1,1,0,0
tx_legit_004744,0,425.77,6.0562,803,1,0,1,1,0,0
tx_fraud_000343,1,14361.46,9.5724,2,4,0,3,5,1,0
tx_legit_001910,0,894.15,6.797,402,2,0,1,1,0,0
tx_legit_004174,0,1234.36,7.1191,889,1,0,1,1,0,0
tx_legit_003614,0,601.61,6.4013,305,2,0,1,1,0,0
tx_legit_002468,0,1178.19,7.0726,779,1,2,1,3,0,0
tx_legit_002807,0,476.0,6.1675,566,3,1,2,1,0,0
tx_legit_007061,0,299.73,5.7062,186,1,0,2,1,0,0
tx_legit_002744,0,1710.71,7.4452,261,1,0,1,1,0,0
tx_legit_005324,0,917.11,6.8223,821,2,0,1,1,0,0
tx_legit_000398,0,613.44,6.4207,85,2,0,1,2,0,0
tx_fraud_000046,1,4639.4,8.4426,8,12,4,9,3,0,1
tx_legit_008193,0,110.88,4.7174,463,1,0,1,5,0,0
tx_legit_002403,0,463.72,6.1414,626,1,1,1,1,0,0
tx_legit_008230,0,627.02,6.4426,374,1,0,1,1,0,0
tx_legit_006629,0,691.76,6.5407,201,1,0,1,1,0,0
tx_legit_001701,0,307.64,5.7322,288,1,1,1,1,0,0
tx_legit_006083,0,4086.1,8.3156,554,1,0,3,1,0,0
tx_legit_000367,0,834.51,6.728,659,1,0,1,2,0,0
tx_legit_000832,0,1166.45,7.0626,140,2,0,1,1,0,0
tx_legit_003323,0,893.97,6.7968,512,1,0,1,1,0,0
tx_legit_003129,0,517.18,6.2503,615,2,0,1,2,0,0
tx_legit_002699,0,1262.17,7.1414,763,1,0,1,1,0,0
tx_legit_006560,0,659.68,6.4933,578,1,0,1,1,0,0
tx_legit_000202,0,316.12,5.7593,342,1,0,1,1,0,0
tx_legit_004135,0,536.0,6.286,257,1,1,1,1,0,0
tx_legit_004164,0,92.09,4.5336,498,1,0,1,1,0,0
tx_legit_007746,0,670.27,6.5092,290,1,1,1,1,0,0
tx_legit_004229,0,436.73,6.0816,274,1,0,1,1,0,0
tx_legit_006990,0,514.32,6.2448,428,1,0,1,5,0,0
tx_legit_007776,0,1507.27,7.3187,407,3,0,3,1,0,0
tx_legit_004039,0,392.59,5.9753,699,1,0,1,2,0,0
tx_legit_004784,0,299.93,5.7069,67,1,0,1,1,0,0
tx_legit_000581,0,636.8,6.458,268,1,1,2,1,0,0
tx_legit_001652,0,734.15,6.6001,461,1,0,1,1,0,0
tx_legit_004964,0,1289.49,7.1628,282,1,0,1,1,0,0
tx_legit_004000,0,403.96,6.0038,156,3,1,1,3,0,0
tx_legit_009018,0,296.19,5.6944,713,1,2,1,2,0,0
tx_legit_004852,0,455.37,6.1233,584,2,0,1,1,0,0
tx_legit_001200,0,217.87,5.3885,720,1,0,3,1,0,0
tx_legit_003145,0,829.71,6.7223,209,1,0,1,1,0,0
tx_legit_008097,0,939.01,6.8459,315,1,0,1,1,0,0
tx_legit_000224,0,740.04,6.6081,860,1,0,1,1,0,0
tx_legit_008791,0,290.45,5.6749,591,1,0,1,1,0,0
tx_legit_002461,0,383.34,5.9515,430,1,0,1,1,0,0
tx_legit_004291,0,493.95,6.2045,494,1,0,1,1,0,0
tx_legit_002533,0,828.15,6.7204,234,1,0,1,1,0,0
tx_fraud_000371,1,15058.44,9.6198,5,9,0,5,3,1,1
tx_legit_008720,0,503.31,6.2232,738,2,0,1,1,0,0
tx_legit_007708,0,277.21,5.6284,395,1,0,1,2,0,0
tx_legit_008572,0,216.78,5.3835,884,2,2,1,2,0,0
tx_legit_007669,0,2001.74,7.6023,459,2,0,1,2,0,0
tx_legit_004735,0,523.26,6.262,481,2,0,1,1,0,0
tx_legit_003263,0,366.55,5.9069,601,1,1,1,1,0,0
tx_legit_001390,0,895.42,6.7984,80,1,0,1,1,0,0
tx_fraud_000627,1,65815.3,11.0946,7,8,3,3,3,1,1
tx_legit_005402,0,194.19,5.274,457,1,0,1,1,0,0
tx_legit_001073,0,904.02,6.808,398,1,0,1,1,0,0
tx_legit_004680,0,1146.66,7.0455,731,1,0,1,1,0,0
tx_legit_005674,0,755.44,6.6286,443,2,0,1,1,0,0
tx_legit_008585,0,384.31,5.954,113,1,0,1,1,0,0
tx_legit_007116,0,218.55,5.3916,86,1,0,2,1,0,0
tx_legit_000616,0,1273.4,7.1502,545,1,0,1,3,0,0
tx_fraud_000024,1,16482.85,9.7101,12,9,2,13,3,0,1
tx_legit_002204,0,386.22,5.959,241,1,0,2,1,0,0
tx_legit_008134,0,96.57,4.5806,749,2,0,1,2,0,0
tx_legit_003502,0,973.42,6.8818,360,1,0,1,2,0,0
tx_legit_008922,0,97.72,4.5923,540,1,0,1,2,0,0
tx_legit_001247,0,1184.76,7.0781,730,2,0,1,1,0,0
tx_legit_008539,0,1232.97,7.118,774,2,0,1,3,0,0
tx_legit_008402,0,847.42,6.7434,390,1,0,3,2,0,0
tx_legit_000017,0,547.09,6.3064,99,3,0,2,1,0,0
tx_legit_008900,0,286.11,5.6599,493,2,0,2,2,0,0
tx_legit_001615,0,335.05,5.8173,308,1,0,3,3,0,0
tx_legit_009169,0,691.82,6.5408,593,1,1,1,2,0,0
tx_legit_001527,0,247.87,5.5169,678,1,0,2,2,0,0
tx_legit_008109,0,645.06,6.4709,685,1,0,1,2,0,0
tx_fraud_000373,1,10662.25,9.2746,4,7,1,5,2,1,1
tx_legit_008915,0,256.27,5.5501,477,1,0,2,1,0,0
tx_legit_001758,0,880.92,6.7821,670,1,0,2,3,0,0
tx_legit_002055,0,982.96,6.8916,566,4,0,1,1,0,0
tx_legit_000459,0,142.43,4.9658,157,2,0,1,3,0,0
tx_legit_008967,0,1000.4,6.9092,259,1,0,2,1,0,0
tx_legit_005624,0,323.02,5.7808,62,3,0,1,3,0,0
tx_legit_009035,0,1097.5,7.0017,475,2,0,1,2,0,0
tx_legit_007855,0,332.47,5.8096,234,1,0,3,1,0,0
tx_legit_007553,0,376.47,5.9335,718,4,0,2,4,0,0
tx_legit_000280,0,1274.21,7.1509,660,1,0,1,1,0,0
tx_fraud_000310,1,6528.79,8.7841,22,22,5,2,26,0,1
tx_legit_007977,0,624.44,6.4385,445,1,1,1,1,0,0
tx_legit_007274,0,763.62,6.6394,827,3,0,1,2,0,0
tx_fraud_000161,1,3628.63,8.1969,21,22,6,3,24,0,1
tx_legit_002475,0,730.78,6.5955,702,1,0,1,1,0,0
tx_legit_000005,0,290.84,5.6762,253,1,0,1,2,0,0
tx_legit_004408,0,247.98,5.5174,74,2,0,1,1,0,0
tx_fraud_000180,1,13203.71,9.4883,4,9,8,4,26,1,1
tx_legit_009010,0,1169.92,7.0655,269,2,0,1,1,0,0
tx_legit_002113,0,485.74,6.1877,899,1,0,1,1,0,0
tx_fraud_000056,1,13826.85,9.5344,3,12,4,10,5,1,1
tx_legit_004904,0,1972.32,7.5875,803,4,0,1,3,0,0
tx_legit_000937,0,241.9,5.4926,285,1,0,1,1,0,0
tx_legit_003750,0,116.68,4.768,154,1,0,1,2,0,0
tx_legit_004642,0,1057.67,6.9648,320,1,0,1,1,0,0
tx_legit_006940,0,441.57,6.0926,664,3,0,1,4,0,0
tx_legit_007242,0,597.58,6.3946,858,1,0,1,1,0,0
tx_legit_004456,0,371.86,5.9212,346,3,0,1,3,0,0
tx_legit_006033,0,1158.66,7.0559,688,1,0,1,1,0,0
tx_legit_003439,0,511.01,6.2383,347,2,0,2,1,0,0
tx_legit_009067,0,439.64,6.0882,385,1,0,1,4,0,0
tx_fraud_000360,1,15493.9,9.6483,1,9,0,5,3,1,1
tx_legit_000027,0,276.28,5.625,800,1,0,1,1,0,0
tx_legit_008114,0,1222.17,7.1092,415,1,0,1,1,0,0
tx_fraud_000051,1,16698.78,9.7232,9,8,4,11,3,0,1
tx_legit_001124,0,1357.15,7.2139,270,1,0,1,1,0,0
tx_legit_003244,0,1040.77,6.9487,50,1,1,1,1,0,0
tx_legit_000451,0,882.58,6.784,256,1,0,1,2,0,0
tx_legit_007611,0,596.13,6.3921,39,1,0,2,3,0,0
tx_legit_003018,0,250.4,5.527,703,1,0,1,3,0,0
tx_legit_002777,0,409.63,6.0177,285,1,0,2,1,0,0
tx_legit_008822,0,649.06,6.4771,350,1,0,1,1,0,0
tx_legit_001306,0,975.22,6.8837,283,1,0,1,1,0,0
tx_legit_007878,0,739.03,6.6067,457,1,0,1,3,0,0
tx_legit_007310,0,443.26,6.0964,805,1,0,1,1,0,0
tx_legit_000775,0,667.14,6.5045,346,1,0,1,1,0,0
tx_legit_003624,0,633.31,6.4525,543,1,0,1,1,0,0
tx_legit_003364,0,384.54,5.9546,187,3,0,1,2,0,0
tx_legit_008737,0,717.47,6.5771,206,1,0,1,1,0,0
tx_legit_000915,0,280.74,5.641,867,1,0,1,1,0,0
tx_fraud_000384,1,4978.28,8.513,2,4,3,2,5,1,0
tx_legit_004982,0,588.03,6.3785,542,1,0,1,1,0,0
tx_fraud_000245,1,13982.2,9.5456,8,19,6,2,33,0,1
tx_legit_002452,0,1485.19,7.304,482,1,0,1,2,0,0
tx_legit_006685,0,525.58,6.2664,421,1,0,1,1,0,0
tx_legit_006507,0,1360.26,7.2162,893,1,0,2,2,0,0
tx_legit_005195,0,603.4,6.4042,212,1,0,1,1,0,0
tx_legit_004712,0,388.12,5.9639,180,2,0,1,1,0,0
tx_legit_006048,0,727.74,6.5913,200,2,0,1,1,0,0
tx_fraud_000103,1,14580.78,9.5875,6,9,4,10,5,1,1
tx_legit_008465,0,168.18,5.131,42,1,0,1,1,0,0
tx_legit_006141,0,762.49,6.6379,743,1,0,1,1,0,0
tx_legit_004916,0,746.88,6.6172,265,4,0,1,1,0,0
tx_legit_002300,0,402.55,6.0003,495,1,0,2,1,0,0
tx_legit_008719,0,911.35,6.816,624,1,1,1,3,0,0
tx_legit_005085,0,272.38,5.6109,161,1,0,2,4,0,0
tx_legit_004447,0,242.94,5.4969,153,1,1,1,1,0,0
tx_legit_004168,0,331.76,5.8074,96,1,0,1,1,0,0
tx_legit_002693,0,261.22,5.5692,379,1,0,1,1,0,0
tx_legit_005320,0,1324.49,7.1895,899,1,0,1,1,0,0
tx_fraud_000567,1,74940.62,11.2245,3,7,3,3,3,1,1
tx_legit_005553,0,121.75,4.8101,803,1,0,1,1,0,0
tx_legit_002173,0,993.82,6.9026,240,1,0,1,1,0,0
tx_legit_000692,0,330.97,5.805,767,2,0,1,3,0,0
tx_legit_003667,0,423.14,6.0501,795,1,0,3,1,0,0
tx_legit_008409,0,1441.36,7.274,805,3,0,1,1,0,0
tx_fraud_000120,1,13671.85,9.5232,4,10,1,7,6,1,1
tx_legit_006596,0,550.89,6.3133,697,1,0,1,1,0,0
tx_legit_002787,0,1064.96,6.9716,729,1,2,1,2,0,0
tx_legit_008314,0,424.07,6.0523,530,1,0,2,2,0,0
tx_legit_003950,0,187.96,5.2415,750,1,0,1,3,0,0
tx_legit_002270,0,1170.53,7.0661,146,1,0,2,1,0,0
tx_legit_002691,0,465.36,6.145,638,1,0,1,1,0,0
tx_legit_003616,0,179.19,5.194,214,1,0,1,2,0,0
tx_legit_006107,0,1206.1,7.096,617,1,0,1,2,0,0
tx_legit_004199,0,607.3,6.4107,289,2,0,1,3,0,0
tx_legit_005467,0,1528.47,7.3327,878,1,0,1,1,0,0
tx_legit_000745,0,479.41,6.1746,206,1,0,1,1,0,0
tx_legit_007315,0,379.41,5.9412,595,1,0,1,1,0,0
tx_legit_000447,0,633.31,6.4525,317,4,0,1,2,0,0
tx_legit_001924,0,1165.11,7.0614,850,2,0,1,1,0,0
tx_legit_000822,0,218.43,5.391,170,2,1,1,1,0,0
tx_legit_006781,0,112.34,4.7304,284,1,0,1,5,0,0
tx_legit_004374,0,551.08,6.3137,593,1,0,1,1,0,0
tx_legit_007444,0,493.85,6.2043,542,1,0,1,1,0,0
tx_legit_002074,0,690.69,6.5391,607,1,0,1,1,0,0
tx_legit_003754,0,187.08,5.2369,119,1,0,1,3,0,0
tx_legit_008592,0,406.84,6.0109,748,1,0,1,1,0,0
tx_legit_000917,0,591.26,6.3839,283,1,0,1,3,0,0
tx_legit_003073,0,925.02,6.8309,519,1,0,1,1,0,0
tx_legit_006303,0,558.45,6.327,246,2,0,1,2,0,0
tx_legit_001763,0,90.42,4.5155,113,1,0,1,1,0,0
tx_legit_004308,0,220.37,5.3998,201,2,0,1,1,0,0
tx_legit_006820,0,952.71,6.8604,855,1,0,1,2,0,0
tx_legit_004537,0,534.8,6.2838,884,1,0,1,1,0,0
tx_legit_004504,0,221.91,5.4068,62,1,0,1,2,0,0
tx_legit_008584,0,868.28,6.7677,166,1,2,2,1,0,0
tx_legit_005041,0,897.6,6.8008,308,1,0,1,2,0,0
tx_fraud_000467,1,21942.97,9.9962,0,7,3,4,6,1,1
tx_legit_002723,0,132.31,4.8927,90,1,0,1,1,0,0
tx_legit_007245,0,2815.29,7.9432,827,2,0,1,2,0,0
tx_legit_001664,0,806.24,6.6936,139,2,0,1,4,0,0
tx_legit_005802,0,1351.53,7.2097,700,1,0,1,1,0,0
tx_legit_007418,0,317.44,5.7634,366,1,0,1,1,0,0
tx_legit_001873,0,303.31,5.718,707,2,0,1,1,0,0
tx_legit_006115,0,622.83,6.4359,261,1,0,2,2,0,0
tx_legit_006599,0,973.2,6.8816,550,1,0,2,1,0,0
tx_legit_005851,0,1021.43,6.9299,87,2,0,1,1,0,0
tx_legit_005459,0,1077.59,6.9834,448,2,0,1,3,0,0
tx_legit_008380,0,204.38,5.3249,737,3,0,1,3,0,0
tx_legit_008875,0,686.6,6.5332,730,1,0,1,1,0,0
tx_legit_005571,0,129.93,4.8747,175,1,0,1,1,0,0
tx_legit_005767,0,871.05,6.7708,291,4,0,2,1,0,0
tx_legit_006795,0,671.25,6.5106,464,1,0,2,3,0,0
tx_legit_009006,0,567.58,6.3431,727,1,0,1,3,0,0
tx_legit_000355,0,227.63,5.4321,757,1,0,1,2,0,0
tx_fraud_000136,1,10321.04,9.242,10,10,2,18,5,0,1
tx_legit_007868,0,192.9,5.2673,316,2,0,1,2,0,0
tx_legit_004817,0,314.33,5.7536,840,1,0,1,1,0,0
tx_legit_007639,0,514.22,6.2446,622,1,1,1,1,0,0
tx_legit_007582,0,189.77,5.2511,152,3,0,1,1,0,0
tx_legit_001411,0,1325.64,7.1904,544,2,0,2,3,0,0
tx_legit_005239,0,894.55,6.7974,822,1,0,1,1,0,0
tx_legit_001470,0,832.36,6.7255,503,2,0,2,1,0,0
tx_legit_000606,0,1551.77,7.3478,337,1,0,1,1,0,0
tx_legit_004477,0,983.36,6.892,292,1,0,1,1,0,0
tx_legit_000167,0,432.29,6.0714,346,1,1,1,1,0,0
tx_legit_005880,0,480.59,6.1771,130,3,0,1,1,0,0
tx_legit_006305,0,646.4,6.473,731,1,0,2,1,0,0
tx_legit_006407,0,1064.24,6.971,546,1,0,1,1,0,0
tx_legit_005154,0,326.9,5.7927,805,1,0,2,4,0,0
tx_legit_009185,0,204.39,5.3249,775,1,0,1,1,0,0
tx_legit_000540,0,520.79,6.2573,273,3,0,1,1,0,0
tx_fraud_000140,1,8323.61,9.027,11,4,3,17,2,0,0
tx_legit_008701,0,486.63,6.1896,424,1,0,1,1,0,0
tx_legit_000945,0,238.97,5.4805,834,1,0,2,1,0,0
tx_legit_006114,0,877.5,6.7782,545,1,0,2,1,0,0
tx_legit_001224,0,143.92,4.9762,253,2,0,1,1,0,0
tx_legit_007256,0,1156.59,7.0541,176,1,0,1,4,0,0
tx_fraud_000022,1,10438.53,9.2534,6,9,3,17,2,1,1
tx_legit_009132,0,1329.71,7.1935,494,3,0,1,2,0,0
tx_legit_003338,0,403.35,6.0023,109,1,2,3,1,0,0
tx_legit_002736,0,410.1,6.0188,59,1,0,1,3,0,0
tx_legit_006708,0,463.1,6.1401,406,2,0,2,1,0,0
tx_legit_001783,0,1173.06,7.0682,173,1,1,1,1,0,0
tx_fraud_000249,1,2184.56,7.6896,18,24,4,2,21,0,1
tx_legit_004013,0,677.09,6.5193,409,1,0,1,4,0,0
tx_fraud_000621,1,73217.48,11.2012,6,8,5,3,4,1,1
tx_legit_004523,0,643.74,6.4688,268,1,0,1,1,0,0
tx_legit_005386,0,1272.41,7.1495,273,1,0,1,1,0,0
tx_legit_004616,0,793.35,6.6775,540,1,0,1,1,0,0
tx_legit_000405,0,548.13,6.3083,206,2,0,2,3,0,0
tx_legit_003495,0,302.85,5.7165,540,2,1,1,1,0,0
tx_legit_003344,0,774.46,6.6535,731,1,0,1,3,0,0
tx_legit_001240,0,218.7,5.3923,400,1,0,1,1,0,0
tx_legit_008667,0,546.12,6.3047,672,2,0,1,1,0,0
tx_legit_004375,0,455.25,6.123,712,1,0,2,1,0,0
tx_legit_003636,0,607.26,6.4106,638,1,0,1,1,0,0
tx_legit_000012,0,1477.71,7.2989,359,1,0,1,1,0,0
tx_legit_003087,0,851.09,6.7477,549,1,0,1,1,0,0
tx_legit_002124,0,265.14,5.584,609,2,0,1,1,0,0
tx_legit_007132,0,501.5,6.2196,259,1,1,1,1,0,0
tx_fraud_000057,1,3166.54,8.0607,4,12,1,11,6,1,1
tx_legit_006621,0,212.65,5.3643,130,1,0,1,2,0,0
tx_legit_000382,0,448.02,6.1071,467,1,0,1,3,0,0
tx_legit_006246,0,775.84,6.6552,893,1,0,1,1,0,0
tx_legit_007905,0,323.12,5.7811,653,1,0,1,1,0,0
tx_legit_003824,0,732.38,6.5977,657,1,0,1,1,0,0
tx_legit_003140,0,1896.57,7.5483,670,2,0,3,1,0,0
tx_legit_004474,0,238.48,5.4785,458,1,0,1,3,0,0
tx_legit_001991,0,1065.34,6.972,219,1,0,1,1,0,0
tx_legit_006979,0,428.67,6.063,541,1,0,1,1,0,0
tx_legit_008925,0,2025.12,7.6139,758,1,0,1,1,0,0
tx_legit_002086,0,483.23,6.1826,317,1,0,1,1,0,0
tx_legit_006836,0,562.25,6.3337,781,1,0,1,1,0,0
tx_fraud_000206,1,3855.86,8.2576,26,13,3,3,25,0,1
tx_legit_007782,0,1364.82,7.2195,354,1,0,1,1,0,0
tx_fraud_000345,1,21592.15,9.9801,4,7,3,4,5,1,1
tx_legit_006890,0,1328.29,7.1924,39,1,0,2,2,0,0
tx_legit_007426,0,432.02,6.0708,572,3,0,1,1,0,0
tx_legit_007800,0,421.17,6.0454,183,1,0,2,2,0,0
tx_legit_008435,0,397.17,5.9869,301,1,0,1,1,0,0
tx_legit_004631,0,643.38,6.4683,577,1,0,1,1,0,0
tx_legit_007899,0,636.19,6.4571,504,1,0,1,1,0,0
tx_legit_005413,0,620.74,6.4325,550,1,1,1,2,0,0
tx_legit_003998,0,5614.05,8.6332,345,1,0,1,3,0,0
tx_legit_008480,0,616.3,6.4254,885,1,0,1,1,0,0
tx_legit_008186,0,253.01,5.5374,661,1,0,2,4,0,0
tx_legit_000309,0,1303.5,7.1736,73,2,0,2,1,0,0
tx_legit_006819,0,437.46,6.0833,503,1,0,3,1,0,0
tx_fraud_000336,1,12537.84,9.4366,0,8,0,4,6,1,1
tx_legit_002065,0,300.32,5.7082,731,1,0,1,1,0,0
tx_legit_008579,0,295.6,5.6924,222,2,0,2,2,0,0
tx_legit_000961,0,327.1,5.7933,201,1,0,1,2,0,0
tx_legit_003089,0,252.42,5.535,135,1,0,1,1,0,0
tx_legit_001684,0,945.16,6.8524,528,1,0,1,1,0,0
tx_legit_003903,0,501.94,6.2205,621,1,0,2,1,0,0
tx_legit_007988,0,820.51,6.7111,177,2,0,1,1,0,0
tx_legit_000194,0,500.9,6.2184,847,1,0,1,1,0,0
tx_fraud_000062,1,6822.42,8.8281,13,7,3,16,5,0,1
tx_legit_002523,0,83.67,4.4388,659,1,1,1,1,0,0
tx_legit_001093,0,134.85,4.9116,542,1,0,1,1,0,0
tx_legit_002340,0,409.99,6.0186,268,1,0,2,4,0,0
tx_legit_006330,0,518.63,6.2531,170,1,0,1,3,0,0
tx_legit_001460,0,307.27,5.731,521,1,0,1,1,0,0
tx_legit_003680,0,397.34,5.9873,490,1,0,2,3,0,0
tx_legit_005673,0,363.05,5.8973,47,1,0,1,2,0,0
tx_fraud_000592,1,48342.97,10.7861,2,15,3,3,3,1,1
tx_legit_000141,0,101.29,4.6278,436,4,0,1,3,0,0
tx_legit_000228,0,1259.2,7.139,67,1,0,2,1,0,0
tx_legit_007811,0,1103.3,7.007,111,1,0,1,2,0,0
tx_legit_000644,0,324.47,5.7853,328,1,0,1,1,0,0
tx_legit_009192,0,293.18,5.6842,789,1,1,1,2,0,0
tx_legit_008548,0,267.18,5.5917,173,1,1,1,2,0,0
tx_legit_006140,0,414.09,6.0285,357,1,0,1,1,0,0
tx_legit_006198,0,501.44,6.2195,653,1,0,1,2,0,0
tx_legit_002351,0,878.66,6.7795,879,1,0,1,1,0,0
tx_fraud_000163,1,4227.5,8.3496,17,18,2,4,13,0,1
tx_legit_008378,0,335.79,5.8195,210,1,0,2,1,0,0
tx_legit_006565,0,320.22,5.7721,817,2,0,1,1,0,0
tx_legit_008394,0,470.53,6.156,379,1,0,1,1,0,0
tx_legit_007203,0,371.69,5.9207,267,3,0,1,1,0,0
tx_fraud_000252,1,2350.96,7.763,23,22,6,1,33,0,1
tx_legit_002943,0,657.77,6.4904,586,1,0,3,1,0,0
tx_legit_003015,0,825.47,6.7172,273,2,0,2,2,0,0
tx_legit_004249,0,867.64,6.7669,817,1,0,1,1,0,0
tx_legit_002908,0,471.73,6.1585,331,1,0,2,1,0,0
tx_legit_000418,0,312.32,5.7472,132,1,0,1,1,0,0
tx_legit_005814,0,402.63,6.0005,641,1,0,1,1,0,0
tx_legit_006794,0,726.9,6.5902,212,1,0,1,2,0,0
tx_legit_001432,0,326.66,5.792,601,1,0,1,1,0,0
tx_legit_008889,0,893.67,6.7965,83,2,1,3,1,0,0
tx_legit_003782,0,566.29,6.3409,110,1,0,1,1,0,0
tx_legit_003768,0,640.15,6.4633,308,1,0,2,1,0,0
tx_legit_006799,0,2435.27,7.7982,175,1,0,1,1,0,0
tx_legit_008695,0,315.05,5.7559,474,1,0,1,1,0,0
tx_fraud_000354,1,21684.59,9.9844,0,4,2,5,4,1,0
tx_legit_003075,0,305.36,5.7248,331,2,0,2,2,0,0
tx_legit_007827,0,777.59,6.6575,840,1,0,1,2,0,0
tx_legit_001855,0,709.06,6.5653,486,1,0,1,3,0,0
tx_legit_009049,0,672.33,6.5122,241,1,0,1,1,0,0
tx_legit_008348,0,359.12,5.8864,774,1,0,2,3,0,0
tx_fraud_000530,1,49723.16,10.8142,2,7,4,2,1,1,1
tx_legit_003278,0,396.12,5.9842,399,1,0,1,1,0,0
tx_legit_001727,0,441.44,6.0923,672,3,0,1,2,0,0
tx_fraud_000214,1,9754.74,9.1856,15,19,6,3,19,0,1
tx_legit_008195,0,627.41,6.4432,160,1,0,1,1,0,0
tx_legit_005759,0,205.06,5.3282,474,1,0,1,1,0,0
tx_legit_005950,0,526.48,6.2681,199,2,0,1,2,0,0
tx_legit_005549,0,1842.36,7.5193,565,2,0,1,2,0,0
tx_legit_004186,0,407.1,6.0115,41,1,0,1,1,0,0
tx_legit_001735,0,150.63,5.0214,389,1,0,1,1,0,0
tx_legit_000928,0,609.15,6.4137,267,1,0,1,1,0,0
tx_legit_001158,0,417.3,6.0362,777,1,0,1,1,0,0
tx_legit_005637,0,532.33,6.2791,897,1,0,1,2,0,0
tx_legit_001112,0,862.1,6.7605,278,1,0,1,1,0,0
tx_legit_007402,0,1744.03,7.4645,833,4,0,1,1,0,0
tx_legit_000877,0,474.26,6.1639,86,1,0,2,1,0,0
tx_legit_003002,0,571.9,6.3507,729,1,0,1,1,0,0
tx_legit_007646,0,1180.54,7.0746,90,1,1,1,1,0,0
tx_legit_000709,0,1426.04,7.2634,740,3,1,1,1,0,0
tx_legit_004512,0,2281.72,7.7331,152,2,0,1,1,0,0
tx_legit_007536,0,722.89,6.5846,376,2,0,1,1,0,0
tx_legit_006180,0,1288.08,7.1617,572,1,0,1,1,0,0
tx_legit_003039,0,1242.4,7.1256,181,2,0,1,2,0,0
tx_legit_006127,0,203.99,5.323,595,2,0,1,1,0,0
tx_legit_002466,0,625.59,6.4403,661,1,0,2,1,0,0
tx_legit_003743,0,911.46,6.8161,474,1,0,1,1,0,0
tx_legit_006813,0,481.05,6.178,772,1,0,2,2,0,0
tx_legit_008693,0,394.9,5.9812,121,1,0,1,1,0,0
tx_legit_007080,0,1304.89,7.1746,420,1,0,1,2,0,0
tx_legit_007166,0,571.23,6.3495,187,3,0,1,2,0,0
tx_legit_008412,0,327.61,5.7949,874,3,0,1,2,0,0
tx_legit_001515,0,755.54,6.6288,97,1,0,2,2,0,0
tx_legit_004327,0,341.71,5.8369,261,1,0,2,1,0,0
tx_legit_008729,0,1070.82,6.9771,447,1,0,1,1,0,0
tx_legit_007379,0,1440.01,7.2731,173,1,0,1,2,0,0
tx_legit_005929,0,405.8,6.0083,328,1,0,1,2,0,0
tx_legit_003571,0,449.35,6.11,52,4,1,2,2,0,0
tx_legit_000618,0,410.57,6.02,882,2,0,1,1,0,0
tx_legit_002017,0,328.05,5.7962,852,2,0,1,1,0,0
tx_legit_005716,0,374.3,5.9277,884,1,0,1,4,0,0
tx_legit_003225,0,361.81,5.8939,800,1,0,1,1,0,0
tx_legit_001514,0,153.52,5.0403,54,1,0,1,1,0,0
tx_legit_001021,0,576.09,6.358,604,1,0,1,1,0,0
tx_legit_000991,0,294.19,5.6876,164,2,1,2,1,0,0
tx_legit_007563,0,301.55,5.7122,862,1,0,1,1,0,0
tx_legit_006723,0,704.47,6.5589,679,1,0,1,3,0,0
tx_legit_002033,0,979.36,6.8879,843,1,0,1,2,0,0
tx_legit_004145,0,840.14,6.7348,63,3,1,2,5,0,0
tx_fraud_000041,1,15738.41,9.6639,7,10,3,11,4,1,1
tx_legit_002519,0,151.85,5.0295,243,1,0,1,2,0,0
tx_legit_006499,0,231.07,5.447,558,4,0,1,1,0,0
tx_legit_006702,0,979.31,6.8879,869,1,1,2,1,0,0
tx_legit_007743,0,807.76,6.6955,365,2,0,1,4,0,0
tx_legit_002142,0,86.28,4.4691,419,1,0,1,1,0,0
tx_legit_005782,0,295.26,5.6912,110,2,0,1,2,0,0
tx_legit_007045,0,1281.63,7.1567,833,2,0,1,1,0,0
tx_fraud_000629,1,48418.12,10.7877,5,12,4,1,2,1,1
tx_legit_000947,0,1004.09,6.9128,495,1,0,1,2,0,0
tx_legit_003857,0,266.55,5.5893,121,1,0,1,3,0,0
tx_legit_003901,0,1344.32,7.2044,141,1,0,1,2,0,0
tx_legit_001685,0,2315.2,7.7477,273,1,0,1,2,0,0
tx_legit_004925,0,576.37,6.3585,490,2,0,1,2,0,0
tx_legit_008654,0,113.54,4.7409,328,1,0,1,2,0,0
tx_legit_008371,0,520.26,6.2562,719,1,0,1,3,0,0
tx_fraud_000525,1,87776.87,11.3826,2,14,6,1,1,1,1
tx_legit_006729,0,2107.87,7.6539,83,1,0,1,2,0,0
tx_legit_005026,0,495.87,6.2083,702,3,0,3,1,0,0
tx_legit_005584,0,534.29,6.2828,334,2,0,1,4,0,0
tx_legit_004266,0,1010.21,6.9189,541,1,0,1,1,0,0
tx_legit_003659,0,445.78,6.1021,544,1,0,2,3,0,0
tx_legit_001953,0,202.75,5.3169,110,2,0,1,1,0,0
tx_legit_009014,0,431.82,6.0703,110,1,0,1,4,0,0
tx_legit_005073,0,251.19,5.5302,486,1,0,1,1,0,0
tx_legit_000143,0,361.0,5.8916,618,3,0,1,1,0,0
tx_legit_007650,0,548.6,6.3092,466,3,0,1,3,0,0
tx_legit_006659,0,1417.23,7.2572,407,1,0,2,2,0,0
tx_legit_005136,0,270.02,5.6022,268,1,0,1,3,0,0
tx_legit_002257,0,395.09,5.9816,742,1,0,1,2,0,0
tx_legit_005220,0,760.36,6.6351,360,1,0,1,2,0,0
tx_legit_009041,0,805.08,6.6922,713,1,0,1,1,0,0
tx_legit_008107,0,722.9,6.5847,139,1,0,1,2,0,0
tx_legit_005494,0,699.89,6.5524,187,2,0,1,1,0,0
tx_legit_000940,0,518.55,6.253,672,1,0,1,2,0,0
tx_legit_004970,0,1384.99,7.2342,818,1,0,1,1,0,0
tx_legit_005091,0,355.55,5.8765,840,1,0,1,1,0,0
tx_legit_003525,0,158.84,5.0742,703,1,0,1,1,0,0
tx_legit_004625,0,1262.21,7.1414,272,1,1,1,1,0,0
tx_legit_000435,0,750.79,6.6225,777,2,0,1,2,0,0
tx_legit_008439,0,1691.73,7.4341,34,2,0,1,1,0,0
tx_legit_008102,0,1731.69,7.4574,280,1,0,1,1,0,0
tx_legit_001494,0,349.8,5.8602,839,1,0,1,2,0,0
tx_legit_000682,0,340.8,5.8342,85,1,0,1,2,0,0
tx_legit_002487,0,393.67,5.978,780,3,0,1,2,0,0
tx_legit_008519,0,492.54,6.2016,730,1,0,1,1,0,0
tx_legit_005850,0,870.39,6.7701,788,1,1,1,1,0,0
tx_legit_007962,0,1705.75,7.4423,792,1,0,1,1,0,0
tx_fraud_000019,1,6917.53,8.842,4,6,4,11,3,1,1
tx_legit_005705,0,814.37,6.7036,523,1,0,1,1,0,0
tx_legit_008247,0,705.61,6.5605,800,3,1,1,1,0,0
tx_legit_007556,0,297.48,5.6987,461,1,0,1,1,0,0
tx_legit_004851,0,255.09,5.5455,816,1,2,1,2,0,0
tx_legit_000596,0,1057.74,6.9648,228,1,0,1,2,0,0
tx_fraud_000081,1,15202.35,9.6293,4,6,3,17,3,1,1
tx_legit_008280,0,1098.12,7.0023,276,2,0,1,1,0,0
tx_legit_002438,0,840.58,6.7353,661,1,0,1,2,0,0
tx_legit_006798,0,469.12,6.153,172,1,0,2,2,0,0
tx_legit_000301,0,885.59,6.7874,110,1,0,1,1,0,0
tx_legit_000883,0,373.69,5.9261,256,1,0,2,1,0,0
tx_legit_004400,0,394.58,5.9804,729,1,0,2,1,0,0
tx_legit_008493,0,336.99,5.823,427,1,1,1,2,0,0
tx_legit_005685,0,943.15,6.8503,307,2,0,1,1,0,0
tx_legit_005783,0,325.96,5.7898,515,1,0,1,2,0,0
tx_legit_007996,0,606.36,6.4091,862,1,0,1,1,0,0
tx_legit_007015,0,473.67,6.1626,417,1,0,1,1,0,0
tx_legit_001099,0,613.95,6.4215,90,1,0,1,1,0,0
tx_legit_000332,0,621.13,6.4331,266,1,0,1,1,0,0
tx_fraud_000438,1,10118.92,9.2223,5,4,3,2,4,1,0
tx_legit_002849,0,219.85,5.3975,779,1,0,1,1,0,0
tx_legit_001076,0,90.47,4.516,436,1,0,2,1,0,0
tx_fraud_000464,1,18792.8,9.8413,2,4,0,2,3,1,0
tx_legit_008359,0,589.28,6.3806,864,1,0,1,1,0,0
tx_legit_000333,0,122.92,4.8196,148,1,0,1,1,0,0
tx_legit_006874,0,857.58,6.7553,781,1,0,1,1,0,0
tx_legit_003890,0,784.34,6.6661,369,1,0,1,1,0,0
tx_legit_008071,0,501.89,6.2204,562,2,0,1,3,0,0
tx_legit_009108,0,580.53,6.3657,294,1,0,1,1,0,0
tx_legit_000992,0,459.88,6.1331,735,2,0,1,2,0,0
tx_legit_003131,0,941.75,6.8488,195,1,0,1,3,0,0
tx_legit_009056,0,378.54,5.939,283,4,0,1,3,0,0
tx_legit_004874,0,472.06,6.1592,342,1,0,1,2,0,0
tx_legit_004165,0,2971.48,7.9972,146,1,1,2,3,0,0
tx_legit_001610,0,711.48,6.5688,61,2,0,1,1,0,0
tx_legit_000805,0,346.64,5.8512,738,2,0,1,1,0,0
tx_legit_005048,0,301.72,5.7128,750,1,0,1,3,0,0
tx_fraud_000561,1,89555.37,11.4026,1,7,4,1,3,1,1
tx_legit_004445,0,452.96,6.118,332,1,0,2,2,0,0
tx_legit_000753,0,1188.8,7.0815,566,1,0,1,2,0,0
tx_legit_006103,0,667.0,6.5043,805,1,0,1,1,0,0
tx_legit_002183,0,1077.04,6.9829,346,1,0,1,1,0,0
tx_legit_008780,0,381.0,5.9454,478,1,0,1,1,0,0
tx_legit_007510,0,629.45,6.4464,525,1,0,2,1,0,0
tx_legit_003666,0,918.19,6.8235,196,1,0,1,1,0,0
tx_legit_000610,0,1889.34,7.5445,506,3,0,1,1,0,0
tx_legit_002933,0,943.9,6.8511,692,2,0,1,2,0,0
tx_legit_006311,0,675.93,6.5176,195,1,0,2,1,0,0
tx_legit_007740,0,483.66,6.1834,502,1,0,1,3,0,0
tx_fraud_000173,1,4531.72,8.4191,12,19,4,3,33,0,1
tx_legit_002463,0,272.4,5.6109,398,1,0,1,1,0,0
tx_legit_002954,0,2056.88,7.6294,289,1,0,1,1,0,0
tx_legit_004972,0,158.61,5.0727,267,2,0,1,1,0,0
tx_legit_004139,0,393.05,5.9765,574,3,0,1,1,0,0
tx_legit_005519,0,276.75,5.6267,219,2,0,1,4,0,0
tx_legit_005337,0,985.95,6.8946,51,1,0,1,1,0,0
tx_legit_008828,0,384.72,5.9551,97,1,0,1,4,0,0
tx_legit_001766,0,679.99,6.5235,424,1,0,1,2,0,0
tx_legit_007834,0,492.09,6.2007,113,1,0,1,4,0,0
tx_legit_001653,0,609.98,6.4151,184,1,1,2,1,0,0
tx_legit_007914,0,157.18,5.0637,224,1,0,1,1,0,0
tx_fraud_000465,1,20473.57,9.9269,0,8,3,5,5,1,1
tx_legit_006607,0,466.83,6.1481,118,1,0,1,4,0,0
tx_fraud_000246,1,10936.6,9.3,16,23,8,1,13,0,1
tx_legit_005891,0,942.01,6.8491,884,1,1,1,1,0,0
tx_legit_005881,0,698.22,6.55,451,4,0,1,1,0,0
tx_legit_002817,0,828.22,6.7205,253,1,2,1,2,0,0
tx_legit_006460,0,731.64,6.5967,85,3,1,1,2,0,0
tx_legit_006753,0,429.94,6.066,513,2,0,1,2,0,0
tx_legit_006241,0,628.93,6.4456,787,3,0,1,2,0,0
tx_legit_004091,0,332.1,5.8084,580,1,0,1,2,0,0
tx_legit_001092,0,332.02,5.8082,286,1,0,1,1,0,0
tx_legit_005641,0,393.1,5.9766,458,1,0,1,1,0,0
tx_fraud_000150,1,15794.73,9.6675,1,8,2,8,5,1,1
tx_legit_004627,0,1144.2,7.0433,578,1,0,1,1,0,0
tx_legit_007139,0,1377.99,7.2291,354,1,1,2,1,0,0
tx_legit_003211,0,631.6,6.4498,898,1,0,1,1,0,0
tx_legit_007255,0,565.9,6.3402,125,3,0,1,1,0,0
tx_fraud_000196,1,9312.22,9.1392,24,24,8,1,35,0,1
tx_legit_005995,0,559.7,6.3292,347,1,1,1,1,0,0
tx_legit_000445,0,1466.25,7.2911,864,3,0,1,1,0,0
tx_legit_001259,0,765.26,6.6415,161,1,0,1,1,0,0
tx_legit_002602,0,236.74,5.4712,263,4,0,1,1,0,0
tx_legit_008145,0,240.43,5.4866,138,1,0,2,1,0,0
tx_legit_007832,0,1503.53,7.3162,596,1,0,1,2,0,0
tx_legit_005893,0,1910.59,7.5557,185,1,0,1,1,0,0
tx_fraud_000195,1,13109.46,9.4812,18,10,3,4,35,0,1
tx_legit_008923,0,527.89,6.2708,85,1,0,1,2,0,0
tx_legit_005668,0,484.76,6.1857,87,1,0,1,2,0,0
tx_legit_002980,0,1392.12,7.2393,60,1,0,1,1,0,0
tx_legit_007616,0,191.86,5.262,541,1,0,1,1,0,0
tx_legit_006147,0,444.22,6.0986,482,1,0,1,3,0,0
tx_legit_002287,0,8197.88,9.0118,577,2,0,1,2,0,0
tx_legit_005476,0,152.0,5.0304,276,2,0,1,1,0,0
tx_legit_000943,0,386.78,5.9604,682,1,0,1,1,0,0
tx_legit_008056,0,152.69,5.0349,215,1,0,1,1,0,0
tx_legit_008556,0,1912.51,7.5567,292,2,0,1,1,0,0
tx_legit_005498,0,1913.6,7.5573,869,1,0,1,1,0,0
tx_legit_002334,0,632.16,6.4507,729,1,0,2,2,0,0
tx_legit_001914,0,442.21,6.094,294,2,0,1,1,0,0
tx_legit_004226,0,822.29,6.7133,78,1,0,1,3,0,0
tx_legit_007764,0,552.32,6.3159,795,3,0,1,3,0,0
tx_legit_000169,0,384.84,5.9554,834,1,0,1,1,0,0
tx_legit_003011,0,468.49,6.1516,102,1,0,2,2,0,0
tx_legit_003681,0,1203.39,7.0937,315,3,0,1,2,0,0
tx_legit_001087,0,785.5,6.6676,321,1,0,1,1,0,0
tx_legit_000772,0,2161.45,7.679,426,1,0,1,1,0,0
tx_legit_006660,0,163.52,5.103,467,2,0,1,1,0,0
tx_legit_006046,0,893.26,6.796,210,1,0,1,1,0,0
tx_legit_007049,0,209.27,5.3484,578,1,0,1,1,0,0
tx_legit_006903,0,619.11,6.4299,650,2,0,1,1,0,0
tx_legit_006215,0,1008.57,6.9173,110,1,0,1,1,0,0
tx_legit_001419,0,1322.99,7.1884,219,1,0,1,1,0,0
tx_legit_004455,0,325.68,5.789,347,2,0,1,3,0,0
tx_legit_001825,0,511.87,6.24,458,2,1,2,2,0,0
tx_legit_002481,0,520.67,6.257,139,2,0,1,3,0,0
tx_legit_003964,0,423.7,6.0514,297,2,0,1,1,0,0
tx_legit_006263,0,250.14,5.526,550,1,0,1,2,0,0
tx_fraud_000542,1,45223.17,10.7194,1,6,4,3,3,1,1
tx_legit_008076,0,613.77,6.4212,386,3,0,1,2,0,0
tx_legit_004949,0,510.72,6.2378,416,1,0,1,1,0,0
tx_legit_001320,0,532.72,6.2799,504,1,0,1,1,0,0
tx_legit_003205,0,959.84,6.8678,565,1,0,1,1,0,0
tx_legit_007337,0,461.33,6.1363,197,1,0,1,1,0,0
tx_legit_005312,0,623.43,6.4368,821,1,1,1,1,0,0
tx_legit_001647,0,936.67,6.8434,106,1,0,1,1,0,0
tx_legit_004794,0,385.76,5.9578,543,1,1,1,1,0,0
tx_legit_007458,0,177.76,5.186,331,4,0,1,1,0,0
tx_fraud_000612,1,72110.58,11.186,6,16,4,3,1,1,1
tx_legit_006939,0,362.93,5.897,554,1,1,1,2,0,0
tx_legit_008502,0,2263.02,7.7249,175,1,0,3,3,0,0
tx_legit_009112,0,201.02,5.3084,336,1,0,1,1,0,0
tx_fraud_000305,1,5705.97,8.6494,23,14,4,4,27,0,1
tx_fraud_000558,1,73771.01,11.2087,9,12,5,2,4,0,1
tx_legit_004212,0,278.68,5.6336,773,1,2,3,1,0,0
tx_legit_007443,0,1908.27,7.5545,685,1,0,1,1,0,0
tx_legit_005758,0,601.94,6.4018,789,3,1,1,1,0,0
tx_legit_005608,0,335.84,5.8196,273,1,0,1,1,0,0
tx_legit_004674,0,527.61,6.2703,124,1,0,1,1,0,0
tx_fraud_000243,1,2705.81,7.9035,7,24,4,3,30,1,1
tx_legit_003166,0,517.86,6.2516,356,1,0,1,1,0,0
tx_legit_006216,0,581.43,6.3672,750,2,0,2,1,0,0
tx_fraud_000009,1,11098.09,9.3146,14,6,1,18,3,0,1
tx_legit_000359,0,200.82,5.3074,670,1,0,1,2,0,0
tx_legit_003934,0,655.48,6.4869,512,1,0,1,1,0,0
tx_legit_002559,0,249.55,5.5237,702,3,0,1,1,0,0
tx_legit_007624,0,456.66,6.1261,800,1,0,3,1,0,0
tx_legit_008053,0,601.05,6.4003,708,1,0,1,1,0,0
tx_legit_001496,0,707.97,6.5638,654,1,0,1,2,0,0
tx_legit_001120,0,677.87,6.5204,188,1,0,1,3,0,0
tx_legit_008078,0,1365.83,7.2202,356,1,0,1,1,0,0
tx_legit_000586,0,190.22,5.2534,454,1,0,1,4,0,0
tx_legit_003082,0,265.53,5.5855,402,1,0,3,3,0,0
tx_legit_007480,0,674.36,6.5152,503,2,0,1,1,0,0
tx_legit_003730,0,987.95,6.8966,67,1,1,1,2,0,0
tx_legit_005252,0,485.35,6.1869,315,2,0,1,1,0,0
tx_legit_003691,0,770.08,6.6478,583,1,0,1,1,0,0
tx_legit_005242,0,251.8,5.5326,141,3,0,1,2,0,0
tx_legit_000270,0,393.63,5.9779,209,1,0,1,1,0,0
tx_legit_007623,0,599.53,6.3978,729,2,0,1,2,0,0
tx_legit_001484,0,194.62,5.2762,819,1,0,1,1,0,0
tx_legit_005256,0,2180.86,7.6879,756,2,0,1,1,0,0
tx_legit_006637,0,350.2,5.8614,661,2,0,1,1,0,0
tx_legit_001848,0,319.59,5.7702,884,2,1,1,1,0,0
tx_legit_007240,0,731.63,6.5966,174,1,0,1,1,0,0
tx_legit_005050,0,731.09,6.5959,409,1,0,1,1,0,0
tx_legit_002729,0,256.92,5.5526,486,1,0,1,1,0,0
tx_legit_008158,0,671.58,6.5111,565,1,0,1,1,0,0
tx_legit_006759,0,151.04,5.0241,842,1,0,1,2,0,0
tx_legit_008278,0,265.27,5.5845,466,2,0,3,2,0,0
tx_legit_006287,0,937.15,6.8439,478,2,0,2,1,0,0
tx_legit_002589,0,840.11,6.7347,127,1,0,1,1,0,0
tx_legit_001837,0,1821.36,7.5079,169,2,0,1,3,0,0
tx_legit_000565,0,202.64,5.3164,613,1,0,1,2,0,0
tx_legit_008993,0,925.74,6.8317,83,1,0,1,1,0,0
tx_legit_001031,0,871.51,6.7714,727,1,0,1,1,0,0
tx_fraud_000412,1,16506.6,9.7116,0,8,3,5,3,1,1
tx_legit_008110,0,483.44,6.183,432,1,0,1,1,0,0
tx_legit_000350,0,201.45,5.3105,427,3,0,1,3,0,0
tx_legit_005259,0,273.03,5.6132,548,1,0,1,1,0,0
tx_fraud_000337,1,17201.25,9.7528,4,6,2,5,6,1,1
tx_legit_000084,0,594.07,6.3887,305,1,0,1,2,0,0
tx_legit_004219,0,3561.85,8.1783,707,1,0,1,1,0,0
tx_fraud_000313,1,3011.89,8.0107,26,10,8,1,19,0,1
tx_legit_001772,0,764.9,6.6411,650,1,0,1,2,0,0
tx_legit_001016,0,109.91,4.7087,356,1,0,1,3,0,0
tx_legit_001189,0,715.5,6.5744,173,1,0,1,1,0,0
tx_legit_005318,0,324.09,5.7841,173,2,0,1,1,0,0
tx_legit_000087,0,892.8,6.7955,768,2,0,1,1,0,0
tx_legit_008650,0,511.62,6.2395,354,1,1,1,1,0,0
tx_legit_000285,0,1654.82,7.4121,622,2,0,2,1,0,0
tx_legit_009100,0,804.07,6.6909,501,3,0,1,2,0,0
tx_legit_001126,0,2377.36,7.7742,803,1,1,2,2,0,0
tx_legit_007469,0,125.41,4.8395,373,2,0,1,2,0,0
tx_legit_001649,0,877.15,6.7778,683,2,0,1,1,0,0
tx_legit_003563,0,1698.45,7.4381,406,1,1,1,1,0,0
tx_legit_004624,0,284.03,5.6526,641,1,0,1,4,0,0
tx_legit_008681,0,469.36,6.1535,748,1,0,3,1,0,0
tx_legit_004718,0,754.78,6.6278,483,1,0,1,1,0,0
tx_legit_006454,0,369.92,5.916,879,1,0,1,1,0,0
tx_legit_006486,0,300.43,5.7085,369,2,0,1,1,0,0
tx_legit_007670,0,765.32,6.6416,214,1,0,1,1,0,0
tx_legit_007159,0,749.62,6.6209,466,1,0,1,1,0,0
tx_legit_007760,0,328.16,5.7965,99,1,0,2,1,0,0
tx_legit_004361,0,391.15,5.9716,795,2,1,1,1,0,0
tx_fraud_000359,1,10282.15,9.2383,2,3,2,5,6,1,0
tx_legit_000437,0,524.5,6.2644,864,1,0,1,5,0,0
tx_legit_005932,0,756.43,6.6299,546,1,0,1,1,0,0
tx_legit_008363,0,1810.31,7.5018,684,2,0,1,4,0,0
tx_legit_000866,0,373.97,5.9268,63,1,0,2,1,0,0
tx_legit_001803,0,713.53,6.5716,201,1,2,1,2,0,0
tx_legit_000145,0,1254.17,7.135,34,3,0,1,1,0,0
tx_legit_002761,0,948.44,6.8559,368,2,1,3,2,0,0
tx_legit_001290,0,512.53,6.2413,695,1,0,1,1,0,0
tx_legit_003699,0,255.69,5.5479,390,1,2,1,3,0,0
tx_legit_002801,0,474.19,6.1637,146,1,0,1,1,0,0
tx_legit_005967,0,363.97,5.8998,743,2,0,1,4,0,0
tx_legit_005394,0,494.39,6.2053,121,2,0,2,1,0,0
tx_legit_005610,0,2228.94,7.7097,200,1,0,1,2,0,0
tx_legit_006444,0,310.29,5.7407,809,3,0,1,1,0,0
tx_legit_003553,0,202.57,5.316,353,2,0,1,1,0,0
tx_legit_007313,0,1618.15,7.3897,687,1,0,1,1,0,0
tx_legit_000102,0,217.16,5.3852,621,2,0,2,3,0,0
tx_legit_007695,0,1009.08,6.9178,161,1,0,1,1,0,0
tx_fraud_000461,1,17339.67,9.7608,2,3,3,5,5,1,0
tx_legit_003698,0,168.89,5.1352,838,1,0,1,1,0,0
tx_legit_007997,0,428.06,6.0616,654,1,1,1,3,0,0
tx_fraud_000037,1,8282.52,9.022,11,8,4,16,6,0,1
tx_legit_008827,0,1329.45,7.1933,62,1,0,1,1,0,0
tx_legit_004197,0,616.54,6.4257,654,2,1,1,1,0,0
tx_legit_002026,0,1065.22,6.9719,738,1,0,1,1,0,0
tx_legit_008984,0,790.75,6.6742,350,1,0,1,1,0,0
tx_legit_006806,0,388.47,5.9648,886,1,0,1,2,0,0
tx_legit_000187,0,357.23,5.8812,723,3,0,1,3,0,0
tx_legit_003478,0,1084.74,6.99,605,2,0,1,1,0,0
tx_legit_005001,0,840.58,6.7353,420,1,0,1,2,0,0
tx_legit_002758,0,286.0,5.6595,131,1,0,1,1,0,0
tx_legit_002904,0,294.91,5.6901,241,1,0,1,2,0,0
tx_fraud_000175,1,7812.96,8.9637,14,20,3,1,22,0,1
tx_legit_007124,0,125.83,4.8428,326,1,0,1,2,0,0
tx_legit_005328,0,389.25,5.9668,157,1,0,2,3,0,0
tx_legit_004771,0,380.4,5.9438,868,2,0,1,1,0,0
tx_legit_007976,0,155.79,5.0549,723,1,0,1,1,0,0
tx_legit_004644,0,855.56,6.7529,298,1,0,1,5,0,0
tx_legit_003881,0,856.31,6.7538,39,3,0,1,1,0,0
tx_legit_005774,0,149.46,5.0137,305,1,0,1,1,0,0
tx_fraud_000219,1,8505.71,9.0486,22,16,6,3,12,0,1
tx_fraud_000297,1,9825.21,9.1928,6,21,8,2,31,1,1
tx_legit_000894,0,605.46,6.4076,258,1,0,1,1,0,0
tx_legit_007980,0,1145.23,7.0442,356,1,0,1,1,0,0
tx_legit_003470,0,549.97,6.3117,70,1,0,1,1,0,0
tx_legit_001940,0,603.53,6.4045,63,1,0,1,1,0,0
tx_legit_008240,0,520.54,6.2568,767,2,0,1,1,0,0
tx_legit_001321,0,507.11,6.2307,330,1,0,1,1,0,0
tx_legit_002177,0,342.18,5.8383,187,1,0,1,3,0,0
tx_legit_002314,0,650.35,6.479,261,1,0,1,1,0,0
tx_legit_004426,0,639.94,6.4629,616,2,0,1,2,0,0
tx_legit_006965,0,1062.16,6.969,581,1,0,1,1,0,0
tx_legit_000737,0,713.82,6.572,817,1,0,1,1,0,0
tx_legit_002471,0,252.98,5.5373,587,4,0,1,3,0,0
tx_legit_006626,0,484.59,6.1854,272,1,0,1,2,0,0
tx_legit_008541,0,1015.36,6.924,517,1,0,2,1,0,0
tx_fraud_000029,1,4156.36,8.3326,1,11,1,13,5,1,1
tx_legit_001954,0,293.34,5.6847,896,1,0,1,4,0,0
tx_legit_002486,0,395.47,5.9826,353,1,0,1,2,0,0
tx_legit_008184,0,1064.05,6.9708,622,1,0,1,1,0,0
tx_legit_006067,0,341.13,5.8352,407,1,0,1,3,0,0
tx_legit_006548,0,994.67,6.9034,566,1,0,1,2,0,0
tx_legit_008955,0,358.02,5.8834,63,1,0,1,1,0,0
tx_legit_008858,0,647.87,6.4752,309,1,0,1,2,0,0
tx_legit_004789,0,292.6,5.6822,688,1,0,1,1,0,0
tx_legit_007901,0,980.37,6.8889,297,2,0,1,1,0,0
tx_legit_000889,0,479.87,6.1756,240,1,0,2,1,0,0
tx_legit_009193,0,612.87,6.4198,512,1,0,1,1,0,0
tx_legit_007957,0,334.4,5.8153,187,1,0,1,1,0,0
tx_legit_000156,0,373.51,5.9256,36,1,1,1,1,0,0
tx_fraud_000063,1,7387.26,8.9076,13,5,2,11,2,0,1
tx_legit_004516,0,581.58,6.3675,350,3,0,1,2,0,0
tx_legit_001975,0,596.77,6.3932,414,1,0,1,1,0,0
tx_legit_001594,0,778.31,6.6584,324,1,0,1,1,0,0
tx_legit_006034,0,1516.81,7.325,749,1,0,1,4,0,0
tx_legit_009007,0,309.88,5.7394,591,1,0,1,1,0,0
tx_legit_000153,0,492.57,6.2017,780,1,0,1,2,0,0
tx_fraud_000247,1,2345.16,7.7605,23,11,3,2,34,0,1
tx_legit_000068,0,1048.32,6.9559,758,1,0,1,1,0,0
tx_legit_005979,0,424.74,6.0538,301,1,0,1,2,0,0
tx_legit_000597,0,490.02,6.1965,442,1,0,1,2,0,0
tx_legit_008269,0,336.76,5.8223,643,2,0,1,1,0,0
tx_legit_008651,0,577.21,6.3599,685,1,0,1,1,0,0
tx_legit_000409,0,330.88,5.8048,411,3,0,2,1,0,0
tx_legit_007323,0,262.65,5.5746,634,1,0,1,2,0,0
tx_legit_005866,0,1208.3,7.0978,615,2,0,1,1,0,0
tx_legit_002708,0,531.1,6.2768,601,1,0,1,1,0,0
tx_legit_003951,0,760.09,6.6348,546,1,1,1,2,0,0
tx_legit_001590,0,259.87,5.564,141,1,0,1,1,0,0
tx_legit_000831,0,413.97,6.0282,479,1,0,1,3,0,0
tx_legit_002660,0,824.2,6.7156,152,1,0,1,1,0,0
tx_legit_007664,0,667.43,6.5049,590,1,0,1,1,0,0
tx_legit_001969,0,278.71,5.6338,166,1,0,1,1,0,0
tx_legit_001335,0,455.87,6.1244,613,1,0,1,1,0,0
tx_legit_006008,0,632.12,6.4507,756,1,1,1,1,0,0
tx_fraud_000306,1,9712.4,9.1813,22,22,3,2,20,0,1
tx_legit_001403,0,1057.7,6.9648,215,1,0,1,1,0,0
tx_legit_002973,0,319.24,5.7691,63,1,0,1,2,0,0
tx_legit_008754,0,267.42,5.5926,269,1,0,1,1,0,0
tx_legit_008343,0,1312.07,7.1801,604,1,0,1,2,0,0
tx_legit_005493,0,472.8,6.1608,590,1,0,2,1,0,0
tx_fraud_000427,1,14063.89,9.5514,4,8,1,2,2,1,1
tx_legit_003489,0,460.59,6.1347,194,2,0,1,2,0,0
tx_fraud_000229,1,6960.6,8.8482,8,17,2,1,16,0,1
tx_legit_005227,0,183.48,5.2175,841,2,0,1,3,0,0
tx_legit_007343,0,231.05,5.447,110,1,0,1,3,0,0
tx_legit_006647,0,324.43,5.7851,688,2,0,1,1,0,0
tx_legit_006196,0,301.55,5.7122,291,2,0,1,1,0,0
tx_legit_003543,0,185.17,5.2267,39,2,0,2,2,0,0
tx_legit_007799,0,462.46,6.1387,842,1,0,2,3,0,0
tx_legit_004626,0,383.2,5.9512,572,1,0,1,2,0,0
tx_legit_000789,0,210.76,5.3555,827,1,0,1,1,0,0
tx_legit_000530,0,1302.65,7.1729,92,2,0,2,1,0,0
tx_legit_002320,0,2248.74,7.7186,183,1,1,1,3,0,0
tx_legit_002567,0,235.67,5.4667,219,2,0,1,2,0,0
tx_legit_000743,0,155.53,5.0532,307,1,0,1,1,0,0
tx_legit_004965,0,358.39,5.8844,389,1,0,1,3,0,0
tx_fraud_000099,1,12673.31,9.4473,11,11,4,15,4,0,1
tx_legit_005602,0,1136.74,7.0368,121,1,0,1,4,0,0
tx_fraud_000328,1,3279.07,8.0956,1,7,1,4,4,1,1
tx_legit_008489,0,503.44,6.2234,458,2,0,1,2,0,0
tx_legit_001830,0,328.75,5.7983,262,1,0,1,1,0,0
tx_legit_007999,0,467.32,6.1492,700,1,0,1,2,0,0
tx_legit_005691,0,1070.21,6.9765,223,1,1,1,1,0,0
tx_legit_001452,0,802.17,6.6886,218,2,0,1,2,0,0
tx_legit_001316,0,617.27,6.4269,479,2,0,1,1,0,0
tx_legit_005910,0,590.8,6.3832,219,1,0,2,1,0,0
tx_legit_005474,0,194.46,5.2754,394,1,0,1,2,0,0
tx_fraud_000380,1,8740.35,9.0758,3,4,2,5,4,1,0
tx_legit_001268,0,668.33,6.5063,323,1,0,1,1,0,0
tx_legit_003564,0,467.01,6.1485,604,1,0,1,1,0,0
tx_legit_003728,0,706.61,6.5619,241,1,0,1,1,0,0
tx_legit_000593,0,231.54,5.4491,781,1,0,1,1,0,0
tx_legit_004555,0,1730.14,7.4565,86,1,0,2,3,0,0
tx_fraud_000608,1,63779.8,11.0632,10,10,3,2,3,0,1
tx_legit_004450,0,242.53,5.4952,435,1,0,1,1,0,0
tx_legit_001251,0,376.75,5.9342,360,1,0,1,1,0,0
tx_legit_005537,0,646.38,6.4729,534,1,0,1,1,0,0
tx_legit_006805,0,1351.75,7.2099,151,1,0,2,2,0,0
tx_legit_006598,0,555.71,6.322,740,3,0,1,3,0,0
tx_legit_008188,0,669.69,6.5083,170,1,0,1,2,0,0
tx_legit_003210,0,316.5,5.7605,787,1,1,1,1,0,0
tx_fraud_000256,1,6250.41,8.7406,28,17,6,1,16,0,1
tx_legit_000853,0,388.23,5.9642,591,2,0,1,1,0,0
tx_legit_002681,0,441.23,6.0918,274,1,1,1,1,0,0
tx_legit_002498,0,2018.54,7.6106,481,2,0,1,1,0,0
tx_legit_002212,0,654.52,6.4854,827,2,0,1,1,0,0
tx_legit_003228,0,405.73,6.0081,470,3,0,3,2,0,0
tx_legit_004930,0,151.37,5.0263,617,2,0,1,4,0,0
tx_fraud_000156,1,14203.84,9.5613,10,8,3,14,3,0,1
tx_legit_003886,0,620.48,6.4321,458,1,0,1,1,0,0
tx_fraud_000072,1,5753.01,8.6577,14,9,1,17,2,0,1
tx_legit_008173,0,118.53,4.7836,415,1,0,1,1,0,0
tx_legit_003084,0,673.43,6.5139,490,1,0,1,1,0,0
tx_legit_002091,0,278.21,5.632,414,2,0,1,1,0,0
tx_legit_007300,0,906.51,6.8107,41,1,0,1,1,0,0
tx_legit_004619,0,214.01,5.3707,695,3,0,1,1,0,0
tx_legit_003745,0,506.46,6.2294,886,1,0,1,3,0,0
tx_legit_001297,0,378.19,5.938,110,2,0,1,1,0,0
tx_legit_002435,0,337.05,5.8232,790,1,0,1,4,0,0
tx_legit_006656,0,486.93,6.1902,680,2,1,3,1,0,0
tx_legit_003919,0,286.61,5.6616,860,1,0,1,3,0,0
tx_legit_000140,0,809.39,6.6975,664,1,0,1,2,0,0
tx_legit_005593,0,381.32,5.9463,571,1,0,1,1,0,0
tx_legit_008678,0,896.82,6.8,483,1,0,1,1,0,0
tx_legit_001769,0,532.95,6.2803,412,1,0,1,3,0,0
tx_legit_003957,0,963.08,6.8712,418,3,0,1,1,0,0
tx_legit_007270,0,1755.6,7.4711,526,3,0,1,1,0,0
tx_legit_003711,0,617.24,6.4269,84,2,0,1,3,0,0
tx_legit_003804,0,512.48,6.2412,870,1,0,2,1,0,0
tx_legit_003629,0,1080.56,6.9862,274,1,0,1,1,0,0
tx_legit_004988,0,155.71,5.0544,893,2,0,1,1,0,0
tx_legit_000364,0,186.39,5.2332,297,1,0,1,2,0,0
tx_legit_001396,0,700.69,6.5535,173,1,1,1,2,0,0
tx_fraud_000082,1,8010.39,8.9886,5,8,4,17,3,1,1
tx_legit_008573,0,124.65,4.8335,78,1,0,2,1,0,0
tx_legit_004763,0,2392.51,7.7805,35,1,0,2,1,0,0
tx_legit_000946,0,207.49,5.3399,334,2,0,1,1,0,0
tx_legit_001018,0,512.7,6.2416,125,3,0,2,1,0,0
tx_legit_006608,0,387.74,5.9629,331,1,0,1,4,0,0
tx_legit_002855,0,435.3,6.0783,164,2,0,1,2,0,0
tx_legit_000627,0,185.47,5.2283,74,1,0,1,1,0,0
tx_legit_006218,0,373.34,5.9252,466,3,0,1,1,0,0
tx_legit_004500,0,236.77,5.4713,191,1,0,2,2,0,0
tx_legit_007196,0,303.73,5.7194,881,1,0,1,1,0,0
tx_legit_003494,0,233.1,5.4557,893,1,0,1,1,0,0
tx_legit_004695,0,1816.41,7.5052,816,1,0,1,1,0,0
tx_legit_001266,0,598.13,6.3955,797,1,0,1,3,0,0
tx_legit_002194,0,450.67,6.113,688,1,0,1,1,0,0
tx_legit_008210,0,556.8,6.324,46,1,1,1,1,0,0
tx_legit_007094,0,1230.29,7.1158,170,1,0,1,2,0,0
tx_legit_007029,0,604.23,6.4056,234,1,0,1,1,0,0
tx_legit_003143,0,2007.19,7.605,658,4,0,1,1,0,0
tx_legit_005480,0,87.58,4.4839,354,1,0,1,3,0,0
tx_legit_004804,0,484.29,6.1847,193,1,0,1,5,0,0
tx_legit_000271,0,777.17,6.6569,233,1,0,1,1,0,0
tx_legit_004269,0,782.72,6.6641,583,1,0,1,4,0,0
tx_legit_005434,0,273.12,5.6136,645,1,0,1,1,0,0
tx_legit_002860,0,105.95,4.6724,597,1,0,1,2,0,0
tx_legit_005181,0,1404.38,7.2481,591,1,0,1,1,0,0
tx_fraud_000351,1,6319.36,8.7515,4,3,2,4,5,1,0
tx_legit_002122,0,413.86,6.0279,777,1,1,1,1,0,0
tx_legit_001331,0,267.2,5.5917,768,1,0,2,1,0,0
tx_legit_008059,0,908.55,6.8129,661,1,0,1,4,0,0
tx_legit_007092,0,437.16,6.0826,416,1,0,1,1,0,0
tx_legit_002656,0,982.3,6.8909,153,1,0,1,1,0,0
tx_legit_005632,0,711.82,6.5692,394,1,0,1,3,0,0
tx_legit_009065,0,514.16,6.2445,141,1,0,1,4,0,0
tx_fraud_000069,1,8264.1,9.0198,8,5,1,18,3,0,1
tx_legit_000278,0,153.97,5.0432,471,1,0,2,1,0,0
tx_legit_004591,0,524.3,6.264,729,1,0,1,1,0,0
tx_legit_007012,0,689.28,6.5371,883,1,0,1,1,0,0
tx_fraud_000039,1,7530.35,8.9268,2,10,4,15,3,1,1
tx_legit_007357,0,1282.9,7.1577,871,2,0,1,1,0,0
tx_legit_003068,0,205.74,5.3315,803,1,0,1,1,0,0
tx_legit_004733,0,1593.75,7.3745,705,3,0,1,1,0,0
tx_legit_003170,0,844.14,6.7395,841,1,0,2,2,0,0
tx_legit_002722,0,751.19,6.623,402,1,0,1,1,0,0
tx_legit_008090,0,288.02,5.6665,807,2,2,1,4,0,0
tx_legit_002505,0,186.41,5.2333,319,1,0,1,1,0,0
tx_legit_007833,0,123.2,4.8219,140,1,0,1,1,0,0
tx_legit_004058,0,1232.91,7.1179,672,4,0,2,1,0,0
tx_legit_008270,0,869.65,6.7692,187,3,0,1,1,0,0
tx_fraud_000187,1,13525.49,9.5124,28,19,6,4,19,0,1
tx_legit_004210,0,147.74,5.0022,45,1,0,2,1,0,0
tx_legit_002843,0,401.07,5.9966,479,1,0,1,1,0,0
tx_legit_000154,0,602.27,6.4024,161,1,0,3,1,0,0
tx_legit_008903,0,423.1,6.05,622,2,0,1,2,0,0
tx_legit_007705,0,305.65,5.7257,744,1,0,1,1,0,0
tx_legit_005966,0,699.72,6.5521,266,1,0,1,1,0,0
tx_legit_004694,0,828.74,6.7211,572,1,0,1,1,0,0
tx_legit_007200,0,628.36,6.4447,335,2,1,1,1,0,0
tx_legit_000981,0,129.03,4.8678,49,1,0,1,3,0,0
tx_legit_008316,0,388.42,5.9647,804,1,0,1,2,0,0
tx_legit_002937,0,377.21,5.9354,269,1,0,1,4,0,0
tx_legit_006796,0,546.68,6.3057,256,1,0,1,1,0,0
tx_legit_004996,0,944.26,6.8515,663,2,1,1,1,0,0
tx_legit_003757,0,489.48,6.1954,847,1,0,1,3,0,0
tx_legit_003906,0,578.02,6.3613,416,1,0,1,1,0,0
tx_legit_006117,0,445.46,6.1013,237,1,0,1,1,0,0
tx_legit_003056,0,360.84,5.8912,380,2,0,1,1,0,0
tx_legit_001984,0,613.81,6.4213,741,2,0,1,1,0,0
tx_legit_005302,0,740.47,6.6086,639,2,0,1,1,0,0
tx_legit_003942,0,893.03,6.7957,723,1,0,1,1,0,0
tx_legit_003961,0,173.53,5.1621,665,1,0,1,1,0,0
tx_legit_000609,0,737.86,6.6051,413,1,0,2,1,0,0
tx_legit_004823,0,311.3,5.744,394,2,0,1,4,0,0
tx_legit_007189,0,1553.13,7.3487,579,2,0,1,1,0,0
tx_legit_003988,0,274.98,5.6203,748,1,0,1,1,0,0
tx_legit_001305,0,243.21,5.498,796,1,0,1,1,0,0
tx_legit_002382,0,316.31,5.7599,819,1,0,1,1,0,0
tx_legit_003037,0,486.57,6.1894,213,1,1,1,1,0,0
tx_legit_006707,0,278.43,5.6328,817,2,0,1,2,0,0
tx_legit_003324,0,344.89,5.8461,688,1,0,1,3,0,0
tx_legit_008357,0,347.49,5.8536,478,4,0,1,2,0,0
tx_legit_005991,0,341.17,5.8353,318,1,0,1,1,0,0
tx_legit_003465,0,284.95,5.6558,620,1,0,1,1,0,0
tx_legit_003539,0,482.07,6.1802,415,1,0,1,2,0,0
tx_legit_001693,0,461.04,6.1357,706,1,0,1,1,0,0
tx_legit_003630,0,209.26,5.3483,756,1,0,1,5,0,0
tx_legit_008223,0,306.31,5.7279,630,1,0,2,3,0,0
tx_legit_008132,0,542.82,6.2986,541,1,0,1,1,0,0
tx_legit_005439,0,695.48,6.546,46,2,0,1,1,0,0
tx_legit_008606,0,441.62,6.0927,664,3,0,1,5,0,0
tx_legit_003203,0,403.08,6.0016,475,1,1,1,1,0,0
tx_legit_007220,0,936.57,6.8433,309,1,0,2,1,0,0
tx_legit_009139,0,619.73,6.4309,369,2,0,1,1,0,0
tx_legit_001849,0,814.4,6.7037,461,1,0,1,2,0,0
tx_legit_005194,0,114.7,4.751,449,1,0,1,2,0,0
tx_legit_002897,0,613.81,6.4213,76,1,0,1,1,0,0
tx_legit_005451,0,268.71,5.5973,181,1,0,1,4,0,0
tx_legit_006169,0,346.0,5.8493,197,1,0,1,1,0,0
tx_legit_008570,0,281.75,5.6446,590,1,0,1,1,0,0
tx_legit_003860,0,481.76,6.1795,539,1,0,1,1,0,0
tx_legit_001706,0,444.06,6.0982,758,1,0,1,1,0,0
tx_fraud_000093,1,6264.17,8.7428,13,6,3,7,2,0,1
tx_legit_008120,0,467.71,6.15,501,1,0,1,1,0,0
tx_legit_005999,0,135.88,4.9191,193,1,0,1,1,0,0
tx_legit_008349,0,123.42,4.8237,193,1,0,2,2,0,0
tx_legit_001123,0,114.37,4.7481,475,2,1,1,1,0,0
tx_legit_006370,0,1401.6,7.2461,834,1,0,1,2,0,0
tx_legit_001833,0,2449.63,7.8041,305,1,0,1,3,0,0
tx_fraud_000123,1,16193.57,9.6924,3,7,3,16,6,1,1
tx_legit_003962,0,151.0,5.0239,814,1,0,1,1,0,0
tx_legit_005119,0,430.86,6.0681,860,1,0,1,1,0,0
tx_legit_001286,0,1500.68,7.3143,406,1,0,1,3,0,0
tx_legit_004243,0,680.9,6.5249,423,1,0,2,1,0,0
tx_legit_002051,0,345.11,5.8468,831,1,0,1,1,0,0
tx_fraud_000152,1,14742.14,9.5985,4,11,2,18,5,1,1
tx_legit_003799,0,465.58,6.1454,167,1,0,1,3,0,0
tx_fraud_000470,1,16656.34,9.7206,5,4,0,5,5,1,0
tx_legit_001945,0,1694.23,7.4356,657,2,0,1,4,0,0
tx_legit_009152,0,1659.77,7.415,574,1,0,2,1,0,0
tx_legit_000927,0,845.18,6.7407,336,1,1,1,1,0,0
tx_legit_007745,0,323.71,5.7829,287,1,0,1,2,0,0
tx_legit_004533,0,270.74,5.6048,59,1,0,3,1,0,0
tx_legit_004902,0,428.26,6.0621,276,3,0,1,1,0,0
tx_legit_005406,0,715.13,6.5739,148,1,0,1,4,0,0
tx_legit_008891,0,192.27,5.2641,786,1,0,2,3,0,0
tx_fraud_000535,1,76157.64,11.2406,9,7,3,2,2,0,1
tx_legit_007398,0,215.54,5.3778,643,1,0,2,2,0,0
tx_legit_003888,0,559.71,6.3292,320,2,0,1,1,0,0
tx_legit_008081,0,1398.74,7.244,892,2,0,1,1,0,0
tx_legit_004863,0,967.37,6.8756,255,1,0,2,1,0,0
tx_legit_000505,0,227.81,5.4329,790,1,0,1,1,0,0
tx_legit_006432,0,385.17,5.9563,740,1,0,1,1,0,0
tx_legit_006282,0,1264.91,7.1435,487,1,0,1,2,0,0
tx_legit_005539,0,763.92,6.6398,114,1,1,1,1,0,0
tx_legit_005351,0,232.64,5.4538,789,1,0,2,1,0,0
tx_legit_006696,0,268.86,5.5979,129,1,0,1,1,0,0
tx_legit_002383,0,214.76,5.3742,697,2,0,1,2,0,0
tx_legit_004073,0,365.24,5.9033,418,1,0,1,1,0,0
tx_legit_008032,0,748.24,6.6191,607,1,0,2,2,0,0
tx_legit_008474,0,838.66,6.733,592,1,0,1,3,0,0
tx_legit_004435,0,1243.25,7.1263,627,1,0,2,1,0,0
tx_legit_003055,0,1477.78,7.299,157,1,0,1,1,0,0
tx_legit_002643,0,789.4,6.6725,309,1,0,1,1,0,0
tx_legit_002542,0,459.34,6.132,321,1,0,1,4,0,0
tx_legit_003976,0,738.09,6.6054,167,1,0,1,1,0,0
tx_legit_005645,0,1611.8,7.3857,584,1,1,1,1,0,0
tx_legit_004325,0,284.95,5.6558,431,1,1,1,2,0,0
tx_legit_002981,0,473.68,6.1626,659,1,0,1,3,0,0
tx_legit_006382,0,381.26,5.9461,267,1,0,1,2,0,0
tx_fraud_000293,1,8238.02,9.0166,3,9,3,4,33,1,1
tx_legit_004651,0,1646.81,7.4072,187,1,0,1,1,0,0
tx_legit_008634,0,379.23,5.9408,524,1,2,1,3,0,0
tx_legit_004639,0,270.63,5.6044,533,1,0,2,1,0,0
tx_legit_001378,0,584.56,6.3726,70,1,0,1,1,0,0
tx_legit_001250,0,483.91,6.184,876,1,0,1,1,0,0
tx_legit_008959,0,397.61,5.988,456,1,0,1,1,0,0
tx_legit_001796,0,441.76,6.093,251,2,0,1,1,0,0
tx_legit_001255,0,423.23,6.0503,744,2,0,1,2,0,0
tx_legit_008798,0,381.43,5.9465,783,3,0,1,2,0,0
tx_legit_001244,0,262.74,5.575,562,1,0,1,1,0,0
tx_legit_005773,0,499.41,6.2154,274,3,0,2,2,0,0
tx_legit_000014,0,986.34,6.895,781,2,1,1,1,0,0
tx_legit_001529,0,615.63,6.4243,159,1,0,1,1,0,0
tx_legit_007406,0,491.05,6.1986,685,1,0,1,2,0,0
tx_legit_005190,0,433.06,6.0732,855,2,0,1,2,0,0
tx_legit_001043,0,226.29,5.4262,298,2,0,1,3,0,0
tx_legit_006860,0,268.2,5.5955,251,1,0,1,1,0,0
tx_legit_006885,0,363.94,5.8997,854,1,0,1,3,0,0
tx_legit_003990,0,981.85,6.8905,58,1,0,1,1,0,0
tx_legit_009076,0,447.01,6.1048,241,1,0,2,1,0,0
tx_legit_001524,0,295.29,5.6913,269,1,0,1,1,0,0
tx_legit_003285,0,268.46,5.5964,542,1,1,1,1,0,0
tx_legit_009052,0,315.33,5.7568,396,1,0,1,2,0,0
tx_legit_000528,0,213.19,5.3669,97,2,0,2,2,0,0
tx_legit_006170,0,461.55,6.1368,227,1,0,3,2,0,0
tx_legit_006201,0,421.69,6.0466,561,2,0,3,3,0,0
tx_legit_007931,0,519.92,6.2556,712,2,0,1,1,0,0
tx_legit_001176,0,1228.19,7.1141,538,1,0,1,1,0,0
tx_legit_004945,0,1678.33,7.4262,565,2,0,1,1,0,0
tx_legit_004254,0,261.39,5.5698,688,1,0,1,1,0,0
tx_legit_001285,0,394.19,5.9794,672,1,0,1,1,0,0
tx_legit_008261,0,145.03,4.9838,707,2,0,2,3,0,0
tx_legit_003971,0,273.46,5.6148,596,1,0,1,1,0,0
tx_legit_001538,0,1906.76,7.5537,68,2,0,1,1,0,0
tx_fraud_000203,1,9334.58,9.1416,16,17,5,3,20,0,1
tx_legit_000155,0,2372.43,7.7721,475,4,0,1,5,0,0
tx_legit_008799,0,490.97,6.1984,99,2,0,1,1,0,0
tx_legit_006850,0,498.94,6.2145,170,1,0,1,1,0,0
tx_legit_001119,0,1087.05,6.9921,466,2,0,2,2,0,0
tx_legit_006704,0,666.43,6.5034,394,1,0,1,4,0,0
tx_legit_005404,0,2814.69,7.943,326,2,0,2,1,0,0
tx_legit_006049,0,343.81,5.843,582,1,0,1,1,0,0
tx_legit_006701,0,258.67,5.5594,116,1,0,1,1,0,0
tx_legit_005669,0,235.85,5.4674,594,1,0,1,1,0,0
tx_legit_006769,0,477.49,6.1706,191,1,0,1,1,0,0
tx_legit_006071,0,523.8,6.263,826,1,1,1,1,0,0
tx_legit_003744,0,565.94,6.3403,406,1,0,3,1,0,0
tx_legit_006910,0,452.11,6.1161,268,1,0,1,2,0,0
tx_legit_001328,0,1007.37,6.9161,762,1,1,1,1,0,0
tx_legit_002147,0,238.57,5.4788,34,2,0,1,2,0,0
tx_legit_001424,0,350.27,5.8616,170,1,0,1,1,0,0
tx_legit_005864,0,479.7,6.1752,781,2,0,2,2,0,0
tx_legit_004656,0,181.27,5.2055,595,1,0,1,3,0,0
tx_legit_005251,0,198.57,5.2962,471,1,0,2,2,0,0
tx_legit_000442,0,471.31,6.1576,766,1,0,1,1,0,0
tx_legit_008044,0,596.15,6.3922,551,1,0,1,2,0,0
tx_legit_008407,0,1670.63,7.4216,873,1,0,2,1,0,0
tx_legit_003968,0,3253.42,8.0878,549,1,2,1,1,0,0
tx_legit_000962,0,458.37,6.1299,268,1,1,1,1,0,0
tx_legit_002928,0,207.36,5.3393,444,4,0,1,1,0,0
tx_fraud_000018,1,5401.05,8.5945,12,12,2,16,6,0,1
tx_legit_001841,0,321.13,5.775,359,1,1,1,2,0,0
tx_legit_008139,0,649.45,6.4777,825,3,0,1,1,0,0
tx_legit_003908,0,200.61,5.3063,146,1,1,1,1,0,0
tx_fraud_000303,1,12105.14,9.4015,2,16,2,2,19,1,1
tx_legit_002562,0,351.97,5.8664,882,1,0,1,1,0,0
tx_legit_006074,0,366.77,5.9075,854,1,0,2,2,0,0
tx_legit_004382,0,1080.43,6.986,273,1,0,1,2,0,0
tx_legit_003500,0,339.42,5.8302,52,2,0,1,2,0,0
tx_fraud_000188,1,3599.61,8.1889,12,20,4,2,32,0,1
tx_legit_001069,0,500.19,6.217,702,2,0,1,1,0,0
tx_legit_002170,0,374.77,5.929,167,1,0,2,1,0,0
tx_legit_008809,0,590.1,6.382,151,1,0,1,1,0,0
tx_legit_007018,0,433.35,6.0739,504,1,0,1,1,0,0
tx_legit_000126,0,253.43,5.539,900,2,0,3,2,0,0
tx_legit_001001,0,284.02,5.6526,263,1,0,2,1,0,0
tx_legit_005019,0,293.07,5.6838,369,1,0,1,1,0,0
tx_legit_000205,0,139.43,4.9447,35,1,0,2,1,0,0
tx_legit_007221,0,609.7,6.4146,566,2,0,1,1,0,0
tx_legit_008335,0,688.93,6.5366,821,1,0,1,5,0,0
tx_legit_003986,0,920.13,6.8256,320,2,0,1,2,0,0
tx_legit_006895,0,882.4,6.7838,52,3,0,1,1,0,0
tx_legit_009129,0,547.32,6.3069,568,1,0,1,1,0,0
tx_legit_000232,0,385.72,5.9577,684,2,0,2,2,0,0
tx_legit_002299,0,132.46,4.8938,202,1,0,2,2,0,0
tx_legit_006593,0,171.74,5.1518,113,1,0,1,5,0,0
tx_fraud_000548,1,88518.43,11.391,5,15,6,1,4,1,1
tx_legit_006551,0,721.34,6.5825,116,2,1,1,3,0,0
tx_legit_000854,0,557.59,6.3254,156,1,0,1,1,0,0
tx_legit_005272,0,457.76,6.1285,321,1,0,1,1,0,0
tx_legit_003861,0,1493.57,7.3096,703,2,0,1,1,0,0
tx_fraud_000144,1,6474.78,8.7758,10,7,3,16,3,0,1
tx_legit_007167,0,732.73,6.5981,147,1,0,1,1,0,0
tx_legit_000159,0,230.74,5.4456,447,1,1,1,1,0,0
tx_legit_000107,0,286.26,5.6604,358,1,0,1,1,0,0
tx_legit_003049,0,964.57,6.8727,498,2,0,1,1,0,0
tx_legit_008051,0,560.81,6.3312,654,3,1,1,1,0,0
tx_legit_006513,0,3686.48,8.2127,687,1,0,1,1,0,0
tx_legit_001806,0,552.49,6.3162,70,1,0,1,3,0,0
tx_legit_001876,0,230.65,5.4452,141,3,0,1,1,0,0
tx_legit_004610,0,439.05,6.0869,541,1,0,1,1,0,0
tx_legit_004242,0,201.78,5.3121,381,1,0,1,2,0,0
tx_legit_007519,0,348.75,5.8572,170,1,0,1,2,0,0
tx_fraud_000255,1,3608.99,8.1915,23,9,6,2,28,0,1
tx_legit_007590,0,883.76,6.7853,289,4,0,1,3,0,0
tx_fraud_000440,1,4364.99,8.3816,2,6,0,4,4,1,1
tx_fraud_000288,1,10275.84,9.2376,6,21,5,2,14,1,1
tx_legit_007395,0,535.26,6.2846,521,1,2,1,1,0,0
tx_legit_005955,0,873.53,6.7737,477,2,0,1,1,0,0
tx_legit_007875,0,232.04,5.4512,70,1,0,3,3,0,0
tx_legit_007987,0,963.83,6.872,528,2,0,2,1,0,0
tx_legit_007756,0,375.61,5.9312,733,1,0,1,2,0,0
tx_legit_002892,0,299.17,5.7043,420,1,0,1,1,0,0
tx_legit_005547,0,938.34,6.8452,503,1,0,1,1,0,0
tx_legit_001361,0,848.82,6.745,615,1,0,1,2,0,0
tx_legit_000061,0,525.68,6.2666,107,1,2,1,1,0,0
tx_legit_006672,0,1195.26,7.087,244,2,0,1,1,0,0
tx_legit_005235,0,297.54,5.6989,369,1,0,1,1,0,0
tx_legit_003644,0,325.66,5.7889,323,1,0,2,2,0,0
tx_legit_008187,0,411.02,6.0211,340,1,0,1,1,0,0
tx_legit_003514,0,433.03,6.0731,272,1,0,1,1,0,0
tx_fraud_000228,1,10688.46,9.277,18,20,4,2,12,0,1
tx_legit_003200,0,1880.86,7.54,113,1,0,1,1,0,0
tx_legit_004141,0,316.93,5.7618,539,3,0,1,2,0,0
tx_legit_001177,0,221.55,5.4052,494,1,0,1,1,0,0
tx_legit_008691,0,607.47,6.4109,493,1,0,1,1,0,0
tx_legit_005093,0,619.59,6.4307,313,1,0,1,2,0,0
tx_legit_000900,0,308.04,5.7335,93,1,0,1,1,0,0
tx_legit_003259,0,1030.92,6.9392,601,1,0,1,1,0,0
tx_legit_007234,0,594.12,6.3888,637,1,0,1,1,0,0
tx_legit_001229,0,604.27,6.4057,200,1,0,1,1,0,0
tx_legit_008146,0,128.79,4.8659,168,1,0,1,1,0,0
tx_legit_008478,0,248.78,5.5206,750,1,0,2,1,0,0
tx_legit_003193,0,525.24,6.2658,641,1,0,1,1,0,0
tx_legit_008092,0,1275.79,7.1521,355,3,0,2,1,0,0
tx_legit_003841,0,1540.64,7.3406,307,1,0,1,1,0,0
tx_legit_008987,0,282.88,5.6486,481,2,0,1,1,0,0
tx_legit_005769,0,1254.24,7.1351,571,1,0,1,1,0,0
tx_fraud_000185,1,8789.63,9.0814,13,11,8,4,23,0,1
tx_legit_000302,0,1159.75,7.0568,197,1,0,1,2,0,0
tx_legit_008176,0,118.17,4.7806,661,1,0,1,1,0,0
tx_legit_004531,0,114.84,4.7522,677,1,0,1,1,0,0
tx_legit_003410,0,193.86,5.2723,626,1,0,2,1,0,0
tx_legit_006993,0,509.95,6.2363,628,1,0,1,2,0,0
tx_legit_008467,0,708.82,6.565,466,1,1,1,1,0,0
tx_legit_001360,0,2326.18,7.7524,487,1,0,1,3,0,0
tx_fraud_000537,1,82245.62,11.3175,4,10,5,1,4,1,1
tx_legit_002615,0,579.63,6.3641,269,1,0,1,2,0,0
tx_legit_006289,0,399.86,5.9936,470,1,0,1,1,0,0
tx_legit_000895,0,2556.42,7.8468,498,1,0,2,1,0,0
tx_legit_005193,0,594.51,6.3894,316,1,0,1,1,0,0
tx_legit_002957,0,481.95,6.1799,483,1,0,1,2,0,0
tx_legit_006693,0,611.24,6.4171,436,1,1,1,4,0,0
tx_legit_001365,0,237.47,5.4742,504,1,0,3,1,0,0
tx_legit_005838,0,253.33,5.5386,595,1,0,1,5,0,0
tx_legit_007332,0,314.01,5.7526,751,1,0,2,1,0,0
tx_fraud_000437,1,11108.51,9.3156,2,7,1,5,4,1,1
tx_legit_002962,0,370.29,5.917,626,1,0,1,1,0,0
tx_legit_000965,0,381.76,5.9474,759,1,0,1,1,0,0
tx_fraud_000124,1,12277.5,9.4156,14,10,3,14,3,0,1
tx_legit_002961,0,690.08,6.5383,661,1,0,2,1,0,0
tx_legit_006627,0,158.09,5.0695,788,1,1,1,1,0,0
tx_legit_008854,0,574.88,6.3559,199,1,0,2,3,0,0
tx_legit_007314,0,971.46,6.8798,854,4,0,1,1,0,0
tx_legit_005634,0,76.75,4.3535,194,1,0,1,1,0,0
tx_legit_002870,0,510.57,6.2375,342,1,0,1,3,0,0
tx_legit_006897,0,403.0,6.0014,700,1,0,1,1,0,0
tx_legit_000796,0,1087.14,6.9922,532,4,0,1,1,0,0
tx_legit_003987,0,642.18,6.4664,181,1,0,1,1,0,0
tx_legit_002867,0,913.88,6.8188,152,1,0,1,3,0,0
tx_legit_005737,0,669.43,6.5079,730,1,0,1,2,0,0
tx_legit_002490,0,889.6,6.7919,179,1,0,2,2,0,0
tx_legit_008745,0,333.28,5.812,815,1,0,1,1,0,0
tx_legit_007361,0,645.89,6.4722,197,2,1,1,1,0,0
tx_legit_000542,0,460.15,6.1337,472,1,0,1,1,0,0
tx_legit_005011,0,1442.06,7.2745,547,2,0,3,2,0,0
tx_legit_003088,0,351.28,5.8644,540,4,0,1,1,0,0
tx_legit_006323,0,324.42,5.7851,221,1,0,2,1,0,0
tx_legit_001465,0,402.72,6.0007,125,1,1,2,2,0,0
tx_legit_004267,0,217.71,5.3877,899,1,0,2,1,0,0
tx_legit_005649,0,1469.04,7.293,96,1,0,1,1,0,0
tx_legit_000691,0,1384.98,7.2342,595,1,0,2,3,0,0
tx_legit_001597,0,332.22,5.8088,263,1,0,1,2,0,0
tx_legit_005350,0,726.13,6.5891,491,1,0,1,1,0,0
tx_legit_007602,0,902.06,6.8058,134,1,0,1,1,0,0
tx_legit_003549,0,620.72,6.4325,149,1,0,1,1,0,0
tx_legit_002536,0,523.96,6.2633,821,1,0,1,1,0,0
tx_legit_003805,0,563.74,6.3364,326,1,0,1,4,0,0
tx_legit_000655,0,869.07,6.7686,598,1,0,1,1,0,0
tx_legit_008939,0,917.28,6.8225,866,1,1,1,3,0,0
tx_legit_004401,0,424.94,6.0543,590,1,0,1,1,0,0
tx_legit_009077,0,669.96,6.5087,719,1,0,1,1,0,0
tx_legit_003983,0,738.06,6.6054,289,1,0,1,1,0,0
tx_legit_007522,0,504.28,6.2251,56,1,0,1,2,0,0
tx_legit_002977,0,721.4,6.5826,313,1,0,1,1,0,0
tx_legit_007093,0,337.98,5.8259,708,1,0,1,2,0,0
tx_legit_004910,0,282.44,5.647,777,1,0,1,1,0,0
tx_legit_006131,0,696.34,6.5473,589,1,0,1,2,0,0
tx_legit_008299,0,126.18,4.8456,833,1,0,1,2,0,0
tx_legit_000744,0,112.65,4.7331,222,1,0,1,2,0,0
tx_legit_004016,0,1137.07,7.0371,79,2,1,2,2,0,0
tx_legit_003880,0,224.6,5.4188,275,3,0,2,1,0,0
tx_legit_005061,0,201.02,5.3084,196,1,0,1,1,0,0
tx_legit_007378,0,395.19,5.9819,517,1,0,1,1,0,0
tx_legit_003026,0,482.43,6.1809,118,1,0,1,2,0,0
tx_legit_007191,0,540.98,6.2952,67,1,0,3,2,0,0
tx_legit_003418,0,1260.45,7.14,397,1,0,2,2,0,0
tx_legit_002062,0,1109.85,7.0129,160,2,0,1,1,0,0
tx_legit_006964,0,269.19,5.5991,803,1,0,1,1,0,0
tx_legit_000598,0,797.87,6.6832,305,1,0,1,2,0,0
tx_legit_001680,0,559.77,6.3293,350,1,0,1,3,0,0
tx_fraud_000768,1,23686.16,10.0727,7,17,4,16,34,1,1
tx_legit_004860,0,1514.4,7.3234,326,1,0,1,1,0,0
tx_legit_004130,0,148.89,5.0099,530,2,0,1,1,0,0
tx_legit_001656,0,1003.96,6.9127,601,2,0,1,3,0,0
tx_legit_005230,0,579.85,6.3645,482,1,0,1,1,0,0
tx_legit_001344,0,540.55,6.2944,58,2,0,1,1,0,0
tx_legit_003255,0,1570.01,7.3595,61,1,0,1,1,0,0
tx_fraud_000216,1,8591.97,9.0587,23,12,6,4,19,0,1
tx_legit_004283,0,655.63,6.4871,394,1,0,1,2,0,0
tx_legit_002811,0,538.21,6.2901,193,2,0,1,1,0,0
tx_legit_001511,0,192.39,5.2647,858,1,0,3,1,0,0
tx_legit_007482,0,506.73,6.2299,76,1,1,1,3,0,0
tx_legit_006527,0,381.59,5.947,743,1,0,1,2,0,0
tx_legit_001616,0,644.83,6.4705,666,1,0,1,3,0,0
tx_legit_008688,0,282.12,5.6459,331,1,0,1,1,0,0
tx_legit_004279,0,876.63,6.7772,604,1,1,1,1,0,0
tx_fraud_000474,1,19975.97,9.9023,5,5,2,5,6,1,1
tx_legit_002621,0,312.29,5.7471,389,1,0,1,1,0,0
tx_legit_007945,0,698.69,6.5506,154,1,0,1,1,0,0
tx_fraud_000258,1,3087.57,8.0355,7,22,2,3,25,1,1
tx_legit_000630,0,1210.84,7.0999,756,1,0,1,3,0,0
tx_fraud_000734,1,50648.67,10.8327,6,13,10,10,40,1,1
tx_legit_008014,0,756.94,6.6306,168,1,0,1,3,0,0
tx_legit_002011,0,154.75,5.0483,433,1,1,3,2,0,0
tx_legit_001340,0,203.94,5.3227,108,1,0,2,1,0,0
tx_legit_003526,0,867.92,6.7673,841,1,0,1,1,0,0
tx_legit_001797,0,303.22,5.7178,141,1,0,1,1,0,0
tx_legit_002896,0,494.19,6.2049,846,1,0,1,1,0,0
tx_legit_006177,0,435.38,6.0785,732,2,1,1,1,0,0
tx_fraud_000363,1,20533.24,9.9298,1,6,3,5,3,1,1
tx_legit_001903,0,582.6,6.3692,722,1,0,1,1,0,0
tx_legit_008037,0,1341.75,7.2025,871,1,0,1,3,0,0
tx_legit_006185,0,1145.19,7.0442,704,1,0,1,1,0,0
tx_fraud_000244,1,11382.0,9.3399,6,21,8,4,29,1,1
tx_legit_000274,0,326.77,5.7923,454,1,0,2,2,0,0
tx_legit_005978,0,691.29,6.54,276,1,0,1,2,0,0
tx_legit_004711,0,340.41,5.8331,566,1,1,1,1,0,0
tx_legit_005004,0,1084.84,6.9901,326,1,0,2,1,0,0
tx_fraud_000026,1,15063.71,9.6201,11,4,1,7,3,0,0
tx_legit_004457,0,555.4,6.3215,722,1,0,2,1,0,0
tx_legit_009165,0,364.54,5.9014,259,1,0,1,1,0,0
tx_legit_002394,0,219.16,5.3944,340,1,0,2,1,0,0
tx_legit_007570,0,1200.97,7.0917,88,1,0,1,1,0,0
tx_legit_003308,0,805.71,6.693,499,1,0,1,2,0,0
tx_fraud_000462,1,9570.14,9.1665,2,9,0,3,5,1,1
tx_legit_006657,0,660.0,6.4938,289,3,0,1,1,0,0
tx_legit_002103,0,248.63,5.52,235,2,0,1,1,0,0
tx_legit_007744,0,826.26,6.7181,328,1,0,1,1,0,0
tx_legit_001019,0,604.28,6.4057,202,1,1,1,1,0,0
tx_legit_003678,0,485.55,6.1873,788,2,0,1,1,0,0
tx_legit_001572,0,985.3,6.894,564,1,0,1,2,0,0
tx_legit_004200,0,392.98,5.9763,670,3,2,1,1,0,0
tx_legit_002156,0,459.97,6.1333,488,1,0,1,1,0,0
tx_legit_002189,0,405.32,6.0071,170,1,0,2,1,0,0
tx_legit_004223,0,501.3,6.2192,339,1,0,1,3,0,0
tx_legit_001607,0,1576.26,7.3634,498,1,2,2,2,0,0
tx_legit_006480,0,408.63,6.0153,402,1,0,2,2,0,0
tx_legit_000338,0,194.21,5.2741,869,2,0,1,1,0,0
tx_legit_001852,0,407.77,6.0132,792,1,0,2,1,0,0
tx_fraud_000499,1,55749.45,10.9286,3,7,5,3,1,1,1
tx_legit_005984,0,828.89,6.7213,688,1,0,1,2,0,0
tx_legit_003790,0,1068.64,6.9751,492,1,0,1,1,0,0
tx_legit_009044,0,391.87,5.9735,740,1,0,2,1,0,0
tx_legit_000960,0,687.45,6.5344,42,1,0,1,1,0,0
tx_legit_007853,0,414.53,6.0296,858,1,0,1,1,0,0
tx_fraud_000280,1,9239.95,9.1314,7,13,7,3,13,1,1
tx_legit_002080,0,564.57,6.3378,596,2,0,2,2,0,0
tx_legit_008381,0,569.84,6.3471,862,2,0,1,3,0,0
tx_fraud_000415,1,17162.06,9.7505,0,8,3,5,2,1,1
tx_legit_003227,0,2015.67,7.6092,145,1,1,1,1,0,0
tx_legit_007272,0,290.39,5.6747,97,1,2,1,2,0,0
tx_legit_002532,0,370.21,5.9168,259,2,0,1,1,0,0
tx_legit_000215,0,1007.42,6.9161,181,1,0,1,1,0,0
tx_fraud_000668,1,47032.25,10.7586,0,13,7,20,17,1,1
tx_legit_003314,0,1019.63,6.9282,826,3,0,1,1,0,0
tx_fraud_000235,1,8217.13,9.0141,8,14,5,1,31,0,1
tx_legit_001734,0,703.83,6.558,315,1,0,1,1,0,0
tx_legit_001979,0,854.02,6.7511,777,1,0,1,2,0,0
tx_legit_002083,0,170.65,5.1455,360,3,0,1,1,0,0
tx_legit_000508,0,491.99,6.2005,561,1,0,1,1,0,0
tx_legit_005306,0,624.47,6.4385,663,1,0,1,2,0,0
tx_legit_003566,0,640.0,6.463,379,1,0,1,4,0,0
tx_legit_000776,0,380.08,5.943,857,2,0,1,1,0,0
tx_fraud_000067,1,5560.23,8.6236,6,7,3,17,4,1,1
tx_fraud_000739,1,49199.6,10.8037,5,17,9,25,37,1,1
tx_legit_003253,0,527.62,6.2703,612,1,0,2,2,0,0
tx_legit_005640,0,1063.05,6.9698,758,1,0,1,2,0,0
tx_legit_008015,0,197.28,5.2897,106,3,1,2,1,0,0
tx_legit_003409,0,141.28,4.9578,119,1,0,1,1,0,0
tx_legit_007017,0,252.1,5.5338,862,3,0,1,2,0,0
tx_legit_000649,0,496.72,6.21,874,1,0,1,1,0,0
tx_legit_006095,0,391.03,5.9713,178,1,0,1,1,0,0
tx_fraud_000774,1,50190.07,10.8236,4,16,9,10,32,1,1
tx_fraud_000717,1,49027.47,10.8002,4,21,8,23,28,1,1
tx_legit_009119,0,1825.36,7.5101,347,1,0,1,1,0,0
tx_legit_000463,0,194.81,5.2771,249,2,1,1,2,0,0
tx_legit_004222,0,304.72,5.7227,409,3,0,2,3,0,0
tx_fraud_000044,1,6216.96,8.7352,5,11,1,13,6,1,1
tx_legit_009045,0,425.16,6.0548,900,1,0,1,1,0,0
tx_fraud_000058,1,4558.63,8.425,11,12,4,7,3,0,1
tx_legit_001759,0,876.81,6.7774,152,1,0,1,2,0,0
tx_legit_003792,0,657.33,6.4897,809,2,0,1,1,0,0
tx_legit_001180,0,307.19,5.7307,649,1,0,1,1,0,0
tx_legit_000660,0,227.07,5.4297,767,2,0,1,2,0,0
tx_fraud_000399,1,5202.14,8.557,1,3,3,4,6,1,0
tx_legit_000615,0,263.94,5.5795,847,2,0,1,1,0,0
tx_legit_006920,0,418.04,6.038,70,1,0,1,1,0,0
tx_legit_002741,0,216.44,5.3819,373,2,0,1,1,0,0
tx_legit_000387,0,394.72,5.9807,187,1,0,1,1,0,0
tx_legit_000493,0,384.74,5.9552,170,1,0,1,2,0,0
tx_legit_000362,0,314.24,5.7533,252,1,0,1,1,0,0
tx_legit_006816,0,1638.5,7.4021,62,2,1,1,2,0,0
tx_legit_002511,0,383.79,5.9527,287,1,1,1,1,0,0
tx_legit_004867,0,1016.33,6.9249,157,1,1,1,1,0,0
tx_legit_005721,0,313.51,5.751,787,2,1,1,2,0,0
tx_fraud_000795,1,60655.64,11.013,2,17,6,20,21,1,1
tx_legit_004318,0,469.02,6.1528,496,1,0,1,1,0,0
tx_legit_002385,0,489.79,6.196,316,1,0,1,1,0,0
tx_legit_004092,0,310.31,5.7408,241,1,0,1,2,0,0
tx_legit_003261,0,197.69,5.2917,893,1,0,1,3,0,0
tx_legit_007924,0,745.24,6.615,221,1,1,1,1,0,0
tx_fraud_000559,1,81019.07,11.3025,6,15,6,1,3,1,1
tx_legit_003454,0,257.15,5.5535,826,1,1,1,2,0,0
tx_legit_008941,0,732.69,6.5981,894,1,0,1,1,0,0
tx_legit_000864,0,848.84,6.745,884,2,0,1,1,0,0
tx_fraud_000420,1,15037.55,9.6184,4,5,1,3,2,1,1
tx_fraud_000107,1,9754.52,9.1856,2,7,3,15,3,1,1
tx_legit_003452,0,322.49,5.7792,701,2,0,3,1,0,0
tx_legit_008872,0,274.2,5.6175,111,1,0,1,2,0,0
tx_legit_001996,0,1171.98,7.0673,590,3,0,1,1,0,0
tx_legit_007545,0,487.5,6.1913,881,1,2,1,1,0,0
tx_legit_006788,0,267.17,5.5916,189,2,0,1,1,0,0
tx_legit_005609,0,684.51,6.5302,672,2,0,1,3,0,0
tx_legit_006873,0,797.68,6.683,533,1,0,1,1,0,0
tx_legit_004101,0,974.34,6.8828,427,4,0,1,1,0,0
tx_legit_008742,0,558.06,6.3263,233,1,0,1,1,0,0
tx_legit_004414,0,1469.37,7.2933,114,1,0,1,1,0,0
tx_legit_000237,0,538.08,6.2899,105,1,1,3,1,0,0
tx_legit_004360,0,219.6,5.3964,180,1,0,1,1,0,0
tx_legit_002866,0,791.03,6.6746,146,1,0,1,1,0,0
tx_legit_006443,0,278.11,5.6316,590,3,0,1,4,0,0
tx_legit_003595,0,320.62,5.7734,418,1,0,1,1,0,0
tx_legit_000924,0,330.74,5.8044,212,1,0,1,1,0,0
tx_legit_001079,0,962.92,6.871,823,1,0,1,1,0,0
tx_legit_009175,0,247.03,5.5135,506,1,0,1,1,0,0
tx_legit_001951,0,486.01,6.1883,744,3,0,1,1,0,0
tx_legit_003800,0,1632.34,7.3984,650,2,0,1,1,0,0
tx_legit_000127,0,698.04,6.5497,833,3,0,1,1,0,0
tx_legit_001352,0,560.01,6.3297,657,1,0,1,2,0,0
tx_legit_003570,0,672.09,6.5119,342,1,0,1,2,0,0
tx_legit_008126,0,322.66,5.7797,577,2,0,1,2,0,0
tx_fraud_000326,1,4018.35,8.2989,0,7,3,3,3,1,1
tx_legit_008920,0,184.4,5.2225,597,1,0,1,1,0,0
tx_legit_004407,0,384.35,5.9542,102,1,0,1,1,0,0
tx_legit_005180,0,282.59,5.6475,433,1,0,1,1,0,0
tx_legit_001449,0,590.11,6.382,641,1,0,1,3,0,0
tx_legit_006349,0,704.19,6.5585,498,1,0,1,2,0,0
tx_legit_001516,0,1016.34,6.9249,742,1,0,1,1,0,0
tx_legit_005482,0,919.37,6.8248,160,1,0,1,1,0,0
tx_legit_006051,0,202.7,5.3166,853,1,0,1,2,0,0
tx_legit_006167,0,417.53,6.0367,682,2,0,1,1,0,0
tx_legit_006425,0,363.99,5.8999,215,2,0,1,1,0,0
tx_legit_004824,0,249.66,5.5241,670,1,0,2,2,0,0
tx_legit_008417,0,476.99,6.1696,212,2,0,1,1,0,0
tx_legit_001085,0,56.07,4.0443,494,1,0,1,1,0,0
tx_legit_007308,0,218.62,5.3919,711,1,0,1,1,0,0
tx_legit_001807,0,610.2,6.4154,898,1,0,1,2,0,0
tx_legit_000781,0,804.84,6.6919,322,3,0,1,2,0,0
tx_legit_004649,0,4430.29,8.3964,423,1,0,1,3,0,0
tx_legit_008760,0,1162.5,7.0592,272,1,0,1,2,0,0
tx_legit_006951,0,831.25,6.7241,665,4,0,1,1,0,0
tx_legit_002094,0,385.62,5.9574,86,1,0,1,1,0,0
tx_legit_001497,0,445.06,6.1005,804,1,0,1,1,0,0
tx_legit_009176,0,278.66,5.6336,723,1,0,1,1,0,0
tx_legit_008154,0,322.4,5.7789,283,1,0,1,3,0,0
tx_legit_005333,0,653.28,6.4835,305,1,1,1,1,0,0
tx_legit_002354,0,257.12,5.5534,530,2,0,1,2,0,0
tx_legit_007822,0,489.08,6.1946,583,1,0,2,3,0,0
tx_legit_008682,0,804.96,6.692,358,1,1,1,1,0,0
tx_legit_002544,0,258.79,5.5599,722,4,1,1,1,0,0
tx_fraud_000553,1,57722.76,10.9634,1,8,6,1,1,1,1
tx_legit_002230,0,533.56,6.2814,323,1,0,1,5,0,0
tx_fraud_000741,1,26008.6,10.1662,3,14,4,24,40,1,1
tx_legit_002206,0,2109.27,7.6546,64,1,0,3,3,0,0
tx_legit_000599,0,333.13,5.8115,279,1,0,1,1,0,0
tx_legit_008197,0,288.72,5.6689,451,1,0,3,3,0,0
tx_legit_004730,0,343.05,5.8408,478,1,0,1,3,0,0
tx_legit_003617,0,382.78,5.9501,458,1,0,1,1,0,0
tx_legit_000517,0,694.72,6.5449,894,1,0,2,1,0,0
tx_fraud_000073,1,14566.42,9.5865,11,4,4,14,5,0,0
tx_legit_007815,0,386.48,5.9597,862,1,0,1,2,0,0
tx_legit_004064,0,132.32,4.8928,457,1,0,1,1,0,0
tx_legit_005056,0,313.29,5.7503,176,3,0,1,1,0,0
tx_legit_005113,0,2692.67,7.8987,218,2,0,1,1,0,0
tx_legit_009096,0,308.05,5.7335,272,1,0,1,3,0,0
tx_legit_000795,0,802.51,6.689,299,1,0,1,1,0,0
tx_legit_005694,0,484.34,6.1848,185,1,0,3,2,0,0
tx_legit_009150,0,688.66,6.5362,456,1,0,1,4,0,0
tx_legit_001084,0,1168.04,7.0639,106,1,0,1,1,0,0
tx_legit_006680,0,141.63,4.9603,289,1,0,1,2,0,0
tx_legit_003281,0,234.07,5.4599,449,1,0,1,2,0,0
tx_fraud_000064,1,10989.53,9.3048,6,10,1,14,4,1,1
tx_legit_007697,0,227.72,5.4325,381,1,0,2,1,0,0
tx_legit_003310,0,1111.02,7.0139,618,1,0,1,2,0,0
tx_fraud_000776,1,20382.06,9.9225,6,28,6,12,36,1,1
tx_legit_002305,0,684.51,6.5302,308,1,0,1,3,0,0
tx_legit_006325,0,1769.46,7.479,338,2,1,1,1,0,0
tx_legit_000884,0,567.23,6.3425,513,1,0,1,1,0,0
tx_legit_001657,0,365.65,5.9044,748,1,0,3,1,0,0
tx_fraud_000777,1,32939.95,10.4025,0,20,4,21,20,1,1
tx_legit_008436,0,832.96,6.7262,790,1,1,1,1,0,0
tx_legit_005231,0,589.17,6.3804,528,2,0,1,1,0,0
tx_legit_001081,0,689.05,6.5368,256,1,0,1,1,0,0
tx_legit_001143,0,761.28,6.6363,581,1,0,1,1,0,0
tx_legit_000685,0,262.0,5.5722,184,1,0,1,2,0,0
tx_legit_006300,0,170.69,5.1457,852,1,0,1,1,0,0
tx_legit_006237,0,204.52,5.3255,196,1,0,1,1,0,0
tx_legit_006861,0,355.53,5.8764,578,1,1,1,1,0,0
tx_legit_007158,0,161.64,5.0915,174,1,1,1,1,0,0
tx_legit_000080,0,694.49,6.5446,265,1,0,1,1,0,0
tx_legit_008401,0,1601.76,7.3795,642,1,1,1,2,0,0
tx_fraud_000781,1,19629.34,9.8848,0,29,6,23,31,1,1
tx_fraud_000744,1,27195.57,10.2108,4,26,9,24,22,1,1
tx_legit_000343,0,258.46,5.5586,809,1,0,1,2,0,0
tx_legit_003625,0,940.11,6.8471,323,1,0,1,2,0,0
tx_fraud_000760,1,16998.71,9.741,1,10,6,23,36,1,1
tx_legit_002154,0,670.43,6.5094,582,1,0,1,1,0,0
tx_legit_003276,0,420.96,6.0449,233,1,0,1,1,0,0
tx_legit_008333,0,1117.22,7.0195,215,1,0,1,1,0,0
tx_legit_007350,0,761.05,6.636,162,1,0,2,1,0,0
tx_legit_001410,0,593.28,6.3874,61,2,0,1,2,0,0
tx_legit_006857,0,561.05,6.3316,583,2,0,1,1,0,0
tx_legit_000614,0,559.63,6.3291,893,1,0,1,1,0,0
tx_fraud_000792,1,15666.84,9.6594,4,18,7,23,31,1,1
tx_legit_006453,0,819.31,6.7097,181,1,0,2,1,0,0
tx_legit_000756,0,82.43,4.424,170,1,0,1,1,0,0
tx_fraud_000616,1,75208.86,11.228,7,10,3,2,3,1,1
tx_fraud_000231,1,6778.03,8.8216,22,23,5,4,26,0,1
tx_legit_004404,0,295.9,5.6934,835,1,2,1,1,0,0
tx_legit_000239,0,797.69,6.683,316,1,0,1,2,0,0
tx_legit_008472,0,449.88,6.1112,206,1,0,1,1,0,0
tx_legit_004580,0,738.97,6.6066,528,1,0,2,1,0,0
tx_legit_003528,0,206.79,5.3365,879,1,0,2,3,0,0
tx_legit_001477,0,1205.57,7.0955,559,1,0,2,1,0,0
tx_legit_001108,0,752.95,6.6253,121,2,0,1,1,0,0
tx_legit_000248,0,429.26,6.0644,219,1,0,1,1,0,0
tx_legit_009021,0,762.91,6.6384,161,1,0,1,1,0,0
tx_legit_007517,0,412.44,6.0245,577,1,2,1,1,0,0
tx_legit_000520,0,263.74,5.5787,86,3,0,2,1,0,0
tx_legit_005053,0,406.38,6.0097,832,1,0,1,1,0,0
tx_legit_007955,0,236.58,5.4705,623,1,0,1,1,0,0
tx_legit_006322,0,1401.63,7.2461,279,1,0,1,2,0,0
tx_legit_005646,0,220.75,5.4016,282,1,0,1,1,0,0
tx_legit_007894,0,230.03,5.4425,737,1,0,3,1,0,0
tx_legit_002568,0,225.4,5.4223,94,1,1,2,1,0,0
tx_legit_006497,0,196.26,5.2845,173,1,0,1,1,0,0
tx_legit_005484,0,89.46,4.5049,502,2,0,1,1,0,0
tx_fraud_000146,1,9474.58,9.1565,9,5,3,9,6,0,1
tx_legit_003924,0,994.1,6.9028,197,1,1,1,1,0,0
tx_legit_006522,0,671.44,6.5109,672,1,0,1,2,0,0
tx_legit_004409,0,416.39,6.034,155,1,2,1,2,0,0
tx_legit_007685,0,922.13,6.8278,451,1,0,1,2,0,0
tx_legit_000984,0,803.18,6.6898,376,1,0,1,2,0,0
tx_legit_002715,0,797.85,6.6832,869,1,0,1,1,0,0
tx_legit_002682,0,360.05,5.889,356,3,0,1,1,0,0
tx_legit_008787,0,1709.77,7.4447,341,2,0,1,1,0,0
tx_legit_009000,0,433.0,6.073,866,2,0,1,1,0,0
tx_fraud_000724,1,45788.32,10.7318,5,26,10,20,33,1,1
tx_legit_008214,0,827.42,6.7195,596,1,0,1,1,0,0
tx_legit_000881,0,1264.52,7.1432,282,1,0,1,2,0,0
tx_legit_003270,0,275.24,5.6213,658,1,0,1,2,0,0
tx_fraud_000669,1,54564.02,10.9071,0,26,4,22,33,1,1
tx_legit_005010,0,181.65,5.2076,139,1,0,1,1,0,0
tx_legit_008498,0,609.64,6.4145,141,1,0,1,1,0,0
tx_legit_003062,0,1062.63,6.9694,797,3,0,2,1,0,0
tx_legit_007365,0,153.71,5.0416,723,1,0,2,4,0,0
tx_legit_005925,0,1107.44,7.0107,900,1,0,1,1,0,0
tx_legit_003535,0,325.01,5.7869,154,1,0,1,2,0,0
tx_legit_007177,0,300.74,5.7096,539,1,0,1,1,0,0
tx_legit_003802,0,193.85,5.2722,660,1,0,1,1,0,0
tx_legit_001187,0,290.61,5.6754,853,1,0,1,1,0,0
tx_legit_002478,0,918.18,6.8235,61,3,0,2,3,0,0
tx_legit_002163,0,183.65,5.2185,767,2,0,2,1,0,0
tx_fraud_000515,1,94242.92,11.4536,8,8,5,2,1,0,1
tx_legit_004835,0,389.38,5.9671,137,1,0,2,2,0,0
tx_legit_001066,0,1618.68,7.39,162,1,0,1,2,0,0
tx_legit_002186,0,683.64,6.5289,330,1,0,1,3,0,0
tx_legit_002092,0,2292.64,7.7379,452,1,0,1,2,0,0
tx_legit_005327,0,202.18,5.3141,628,1,0,1,1,0,0
tx_legit_003030,0,821.07,6.7118,584,1,0,1,1,0,0
tx_legit_001899,0,553.15,6.3174,792,1,0,1,1,0,0
tx_legit_007754,0,270.39,5.6036,495,1,0,1,2,0,0
tx_legit_008849,0,340.17,5.8324,554,2,0,1,3,0,0
tx_legit_008088,0,630.6,6.4483,150,1,0,1,2,0,0
tx_legit_000146,0,413.26,6.0265,356,1,0,1,2,0,0
tx_legit_004630,0,166.56,5.1213,532,2,0,1,1,0,0
tx_legit_008949,0,1422.88,7.2611,523,3,0,3,1,0,0
tx_fraud_000266,1,13751.57,9.529,18,22,8,1,26,0,1
tx_legit_002628,0,433.05,6.0732,520,2,0,1,3,0,0
tx_legit_006331,0,863.68,6.7624,52,2,0,1,1,0,0
tx_legit_005735,0,459.11,6.1315,677,1,0,1,2,0,0
tx_legit_007217,0,275.84,5.6234,41,1,0,1,1,0,0
tx_legit_005232,0,154.5,5.0466,268,2,0,1,1,0,0
tx_legit_001122,0,334.64,5.816,308,2,0,1,2,0,0
tx_legit_006539,0,932.55,6.839,451,1,0,2,1,0,0
tx_legit_003317,0,1076.34,6.9823,569,3,0,1,1,0,0
tx_legit_004367,0,271.07,5.6061,153,2,0,1,2,0,0
tx_legit_007511,0,526.82,6.2688,381,1,0,1,1,0,0
tx_legit_001893,0,227.0,5.4293,259,1,0,1,2,0,0
tx_legit_001602,0,912.77,6.8176,469,1,0,1,1,0,0
tx_legit_001165,0,250.59,5.5278,104,1,0,1,1,0,0
tx_legit_004423,0,822.86,6.714,46,1,0,1,1,0,0
tx_legit_000312,0,834.4,6.7279,832,1,0,3,3,0,0
tx_legit_000521,0,658.99,6.4922,858,1,0,1,1,0,0
tx_fraud_000101,1,14644.41,9.5919,11,12,2,17,5,0,1
tx_legit_006086,0,146.94,4.9968,546,2,0,1,2,0,0
tx_legit_009102,0,193.72,5.2716,670,2,0,1,1,0,0
tx_legit_008513,0,538.3,6.2903,636,1,0,1,1,0,0
tx_fraud_000800,1,55873.06,10.9309,3,25,9,23,25,1,1
tx_legit_008250,0,134.29,4.9074,100,1,0,1,2,0,0
tx_fraud_000783,1,22420.89,10.0178,2,11,6,20,29,1,1
tx_legit_003291,0,334.44,5.8154,316,1,0,1,3,0,0
tx_legit_006852,0,344.41,5.8447,171,1,0,1,1,0,0
tx_legit_001842,0,255.1,5.5456,259,1,0,2,2,0,0
tx_fraud_000060,1,4231.03,8.3504,4,9,1,11,3,1,1
tx_legit_009058,0,1405.47,7.2488,280,1,0,1,2,0,0
tx_fraud_000358,1,12283.27,9.4161,1,9,0,2,3,1,1
tx_legit_000558,0,296.55,5.6956,371,2,0,1,1,0,0
tx_legit_005968,0,777.3,6.6571,118,1,0,1,1,0,0
tx_legit_001645,0,384.71,5.9551,889,1,0,1,1,0,0
tx_legit_004171,0,393.05,5.9765,857,2,0,1,2,0,0
tx_legit_005114,0,350.02,5.8608,300,1,0,1,1,0,0
tx_legit_003648,0,685.33,6.5314,897,1,0,1,1,0,0
tx_fraud_000708,1,62985.93,11.0507,2,16,4,24,35,1,1
tx_legit_000444,0,400.44,5.9951,389,1,0,1,1,0,0
tx_legit_008676,0,292.34,5.6813,413,1,0,1,2,0,0
tx_legit_002612,0,664.22,6.5001,416,1,0,1,1,0,0
tx_legit_006234,0,198.21,5.2944,141,1,0,1,1,0,0
tx_legit_007653,0,1139.39,7.0391,487,1,0,1,1,0,0
tx_legit_000778,0,157.33,5.0647,500,1,0,1,1,0,0
tx_legit_001625,0,833.41,6.7267,871,1,0,2,1,0,0
tx_legit_004960,0,2358.25,7.7661,618,1,0,1,2,0,0
tx_legit_005473,0,153.49,5.0401,194,1,2,2,1,0,0
tx_legit_005900,0,507.54,6.2315,290,1,0,1,2,0,0
tx_legit_002205,0,166.17,5.119,817,1,0,1,2,0,0
tx_legit_009109,0,277.79,5.6305,542,1,0,1,1,0,0
tx_legit_000707,0,422.22,6.0479,373,1,0,1,3,0,0
tx_legit_004037,0,294.94,5.6902,639,3,0,1,1,0,0
tx_legit_007810,0,137.04,4.9275,812,1,0,1,1,0,0
tx_legit_003613,0,1096.42,7.0007,90,1,0,1,2,0,0
tx_fraud_000210,1,2942.57,7.9874,25,21,4,2,23,0,1
tx_legit_008463,0,897.37,6.8006,291,1,0,1,2,0,0
tx_legit_001428,0,1063.93,6.9707,492,1,0,1,1,0,0
tx_legit_000972,0,1200.11,7.091,684,2,0,2,1,0,0
tx_legit_003434,0,274.53,5.6187,659,1,0,1,1,0,0
tx_legit_001898,0,225.21,5.4215,85,2,0,1,1,0,0
tx_legit_008242,0,408.69,6.0154,373,1,1,1,1,0,0
tx_legit_008464,0,600.16,6.3989,686,1,0,1,1,0,0
tx_legit_007051,0,209.19,5.348,396,2,0,1,1,0,0
tx_legit_001072,0,299.97,5.707,748,2,0,1,3,0,0
tx_legit_006711,0,219.29,5.3949,457,1,0,1,1,0,0
tx_legit_002734,0,790.2,6.6736,620,1,0,1,1,0,0
tx_legit_003063,0,164.2,5.1072,146,1,0,1,1,0,0
tx_legit_001010,0,978.86,6.8874,759,1,0,1,1,0,0
tx_legit_007185,0,406.18,6.0093,473,1,0,1,1,0,0
tx_legit_006388,0,799.33,6.685,849,1,0,1,1,0,0
tx_legit_004040,0,741.6,6.6102,628,1,0,1,1,0,0
tx_legit_004551,0,993.99,6.9027,899,1,0,1,2,0,0
tx_legit_006428,0,378.61,5.9391,599,2,0,1,1,0,0
tx_legit_004613,0,1240.59,7.1241,200,1,0,1,1,0,0
tx_legit_006347,0,532.91,6.2802,377,1,0,1,2,0,0
tx_legit_007099,0,899.61,6.8031,186,2,0,2,4,0,0
tx_legit_002592,0,1245.95,7.1285,747,2,0,1,1,0,0
tx_legit_001183,0,4219.47,8.3477,558,1,0,1,1,0,0
tx_legit_008279,0,714.99,6.5737,373,1,0,1,1,0,0
tx_legit_004826,0,574.83,6.3558,88,3,1,1,2,0,0
tx_legit_001901,0,703.45,6.5574,574,1,0,1,1,0,0
tx_legit_001672,0,482.25,6.1805,298,2,0,1,1,0,0
tx_legit_005081,0,362.58,5.896,556,2,0,1,2,0,0
tx_legit_003397,0,357.66,5.8824,771,1,0,1,1,0,0
tx_legit_007375,0,544.37,6.3015,725,1,0,1,1,0,0
tx_legit_004809,0,377.42,5.936,482,2,0,1,3,0,0
tx_fraud_000100,1,14814.23,9.6034,11,11,4,18,2,0,1
tx_legit_005118,0,1557.92,7.3517,209,1,0,1,1,0,0
tx_legit_007238,0,926.8,6.8328,495,1,0,1,1,0,0
tx_legit_007882,0,1951.51,7.5769,515,2,0,1,1,0,0
tx_legit_005348,0,311.39,5.7443,484,1,0,1,3,0,0
tx_legit_008589,0,388.05,5.9637,136,2,0,1,1,0,0
tx_legit_002162,0,1468.54,7.2927,744,1,0,1,2,0,0
tx_legit_007817,0,325.54,5.7886,130,1,0,1,2,0,0
tx_legit_002352,0,802.15,6.6885,611,1,0,1,1,0,0
tx_legit_008111,0,738.54,6.606,896,2,0,1,3,0,0
tx_fraud_000005,1,5199.98,8.5566,13,7,1,10,4,0,1
tx_fraud_000033,1,15269.87,9.6337,2,11,2,8,3,1,1
tx_legit_000399,0,268.07,5.595,463,2,0,1,1,0,0
tx_legit_000292,0,218.79,5.3927,297,1,0,1,2,0,0
tx_legit_001671,0,175.95,5.1759,776,2,0,1,1,0,0
tx_legit_001068,0,795.81,6.6806,408,2,0,1,2,0,0
tx_legit_007252,0,903.43,6.8073,70,1,0,1,3,0,0
tx_legit_009195,0,590.13,6.382,879,1,0,1,3,0,0
tx_legit_007527,0,291.78,5.6794,382,1,0,1,1,0,0
tx_legit_006514,0,543.06,6.2991,827,2,0,1,1,0,0
tx_legit_001658,0,214.26,5.3718,124,1,1,1,1,0,0
tx_legit_007467,0,805.2,6.6923,583,1,0,1,1,0,0
tx_legit_007499,0,1955.13,7.5787,320,1,0,1,1,0,0
tx_legit_002472,0,555.65,6.3219,183,1,0,1,1,0,0
tx_legit_002591,0,1164.9,7.0612,805,1,0,1,4,0,0
tx_legit_004887,0,813.47,6.7025,698,1,0,2,1,0,0
tx_legit_003520,0,430.18,6.0665,373,1,1,1,1,0,0
tx_legit_003853,0,395.48,5.9826,757,2,0,1,1,0,0
tx_legit_002273,0,146.0,4.9904,815,1,0,1,1,0,0
tx_fraud_000707,1,15131.57,9.6246,0,25,4,23,34,1,1
tx_legit_003392,0,2067.17,7.6344,356,1,0,1,2,0,0
tx_legit_008479,0,536.74,6.2874,425,1,0,1,1,0,0
tx_legit_003864,0,2656.91,7.8853,542,1,0,1,2,0,0
tx_legit_004859,0,276.41,5.6255,152,1,0,1,1,0,0
tx_legit_004976,0,416.33,6.0339,724,1,0,1,1,0,0
tx_legit_008544,0,724.94,6.5875,81,1,0,1,1,0,0
tx_legit_006631,0,723.41,6.5854,835,1,1,1,3,0,0
tx_legit_008978,0,742.84,6.6118,813,1,0,2,2,0,0
tx_legit_006537,0,411.62,6.0225,622,2,0,3,1,0,0
tx_legit_001827,0,2076.56,7.6389,161,2,1,1,2,0,0
tx_legit_008441,0,1440.76,7.2736,245,1,0,2,1,0,0
tx_legit_005848,0,275.27,5.6214,692,2,0,1,4,0,0
tx_fraud_000054,1,8960.41,9.1007,10,5,3,18,6,0,1
tx_legit_000538,0,1428.81,7.2653,618,2,0,1,1,0,0
tx_legit_007258,0,688.68,6.5362,852,1,0,1,2,0,0
tx_legit_006941,0,514.72,6.2456,136,1,0,1,2,0,0
tx_legit_008769,0,264.53,5.5817,528,1,0,1,2,0,0
tx_legit_006350,0,699.59,6.5519,578,2,0,1,1,0,0
tx_legit_007910,0,260.8,5.5676,668,1,0,1,2,0,0
tx_legit_001138,0,1237.06,7.1213,642,3,0,1,3,0,0
tx_legit_007619,0,897.68,6.8009,855,2,0,1,1,0,0
tx_legit_005722,0,265.12,5.5839,858,1,0,1,1,0,0
tx_fraud_000047,1,17934.4,9.7945,3,9,3,10,6,1,1
tx_legit_008490,0,960.21,6.8682,52,1,1,1,1,0,0
tx_legit_004607,0,1537.4,7.3385,538,2,0,1,2,0,0
tx_legit_008144,0,1203.06,7.0935,250,1,0,1,1,0,0
tx_legit_004979,0,424.86,6.0541,867,1,0,1,1,0,0
tx_fraud_000468,1,21425.26,9.9724,1,8,0,3,5,1,1
tx_fraud_000149,1,11571.67,9.3564,11,10,4,7,4,0,1
tx_legit_003442,0,879.79,6.7808,805,2,0,1,2,0,0
tx_legit_006073,0,308.51,5.735,151,1,0,1,1,0,0
tx_legit_000261,0,396.44,5.985,149,1,0,1,2,0,0
tx_legit_001209,0,1170.7,7.0662,41,1,0,1,1,0,0
tx_fraud_000113,1,9264.61,9.1341,9,5,1,8,6,0,1
tx_legit_008713,0,284.77,5.6552,526,1,0,2,3,0,0
tx_fraud_000225,1,11414.58,9.3427,18,15,2,4,32,0,1
tx_legit_005831,0,619.86,6.4311,504,1,0,1,3,0,0
tx_legit_007897,0,98.49,4.6001,781,1,0,1,4,0,0
tx_legit_002738,0,2146.82,7.6722,641,4,0,1,1,0,0
tx_legit_008930,0,767.04,6.6438,589,1,0,1,1,0,0
tx_legit_000265,0,161.79,5.0925,486,1,1,2,1,0,0
tx_legit_007956,0,1860.89,7.5293,409,1,0,1,1,0,0
tx_legit_007692,0,592.73,6.3864,596,1,0,1,1,0,0
tx_legit_002107,0,300.71,5.7095,559,2,0,1,2,0,0
tx_legit_002296,0,753.96,6.6267,272,1,0,1,5,0,0
tx_legit_001968,0,403.86,6.0035,819,2,0,3,1,0,0
tx_legit_001997,0,191.86,5.262,326,2,0,1,2,0,0
tx_legit_004461,0,1222.46,7.1094,763,1,0,1,1,0,0
tx_legit_008819,0,783.92,6.6656,757,1,0,3,5,0,0
tx_legit_002557,0,2035.21,7.6188,824,1,0,1,1,0,0
tx_legit_001246,0,296.8,5.6964,646,1,2,3,1,0,0
tx_legit_005438,0,194.35,5.2748,542,1,0,1,1,0,0
tx_legit_006867,0,1065.49,6.9721,166,1,0,1,1,0,0
tx_fraud_000023,1,16281.76,9.6979,10,4,2,14,2,0,0
tx_legit_001231,0,1086.12,6.9913,546,1,0,1,1,0,0
tx_legit_006717,0,364.53,5.9013,827,1,0,1,1,0,0
tx_legit_005742,0,213.72,5.3693,125,1,0,1,4,0,0
tx_legit_002290,0,1090.36,6.9952,100,1,0,2,2,0,0
tx_legit_006516,0,138.32,4.9368,713,1,0,2,1,0,0
tx_legit_004415,0,277.49,5.6294,358,1,0,1,2,0,0
tx_fraud_000342,1,11572.67,9.3565,2,5,2,5,4,1,1
tx_legit_008878,0,660.43,6.4944,323,1,0,1,1,0,0
tx_legit_005299,0,407.78,6.0132,523,1,0,1,1,0,0
tx_legit_000667,0,193.75,5.2717,416,1,0,1,1,0,0
tx_fraud_000727,1,53927.49,10.8954,4,10,4,16,40,1,1
tx_legit_005618,0,1084.69,6.99,604,1,0,1,2,0,0
tx_legit_004915,0,262.89,5.5755,272,1,2,1,4,0,0
tx_legit_003867,0,188.06,5.2421,119,1,0,2,1,0,0
tx_fraud_000709,1,57431.6,10.9584,7,19,4,22,36,1,1
tx_fraud_000771,1,23571.49,10.0678,2,19,8,23,40,1,1
tx_fraud_000685,1,59104.09,10.9871,3,25,10,13,40,1,1
tx_fraud_000111,1,10515.4,9.2607,12,7,1,12,4,0,1
tx_legit_003761,0,1052.31,6.9597,202,2,0,1,1,0,0
tx_legit_000007,0,112.36,4.7306,59,1,0,1,1,0,0
tx_fraud_000323,1,13952.3,9.5435,0,3,1,3,5,1,0
tx_fraud_000633,1,49909.82,10.818,5,11,6,2,4,1,1
tx_legit_008934,0,85.3,4.4578,805,1,0,1,1,0,0
tx_fraud_000711,1,32751.7,10.3967,0,30,9,25,32,1,1
tx_legit_004001,0,367.51,5.9095,316,3,0,1,1,0,0
tx_legit_007464,0,336.03,5.8202,855,1,0,1,2,0,0
tx_legit_008841,0,1136.5,7.0366,620,1,0,1,1,0,0
tx_legit_001337,0,1826.31,7.5106,586,1,0,2,1,0,0
tx_legit_005975,0,398.26,5.9896,617,1,0,1,1,0,0
tx_legit_008438,0,551.41,6.3143,379,1,0,1,4,0,0
tx_legit_005541,0,424.86,6.0541,340,1,0,1,2,0,0
tx_legit_008864,0,946.49,6.8538,558,1,0,3,1,0,0
tx_legit_004595,0,405.7,6.0081,39,1,0,1,1,0,0
tx_legit_001302,0,990.33,6.899,160,2,0,1,1,0,0
tx_legit_007587,0,564.42,6.3376,67,1,0,1,2,0,0
tx_legit_007077,0,295.2,5.691,582,2,0,1,3,0,0
tx_legit_000907,0,419.86,6.0423,490,1,0,1,1,0,0
tx_legit_004908,0,363.26,5.8979,835,1,0,1,1,0,0
tx_fraud_000135,1,3186.03,8.0668,4,12,4,15,4,1,1
tx_legit_002339,0,130.69,4.8805,882,1,2,1,1,0,0
tx_legit_001048,0,369.86,5.9158,39,1,0,2,1,0,0
tx_legit_006451,0,1413.91,7.2548,161,1,0,1,1,0,0
tx_legit_001679,0,191.32,5.2592,256,1,0,1,2,0,0
tx_legit_006220,0,890.81,6.7933,550,1,1,1,1,0,0
tx_legit_007742,0,969.04,6.8773,389,1,0,1,2,0,0
tx_legit_004548,0,451.41,6.1146,464,1,0,1,1,0,0
tx_legit_000562,0,607.62,6.4112,240,1,0,1,1,0,0
tx_legit_001700,0,504.52,6.2256,461,1,0,1,2,0,0
tx_fraud_000267,1,3180.72,8.0652,16,12,3,1,28,0,1
tx_legit_001972,0,168.97,5.1356,687,1,0,1,2,0,0
tx_legit_002632,0,1266.5,7.1448,538,2,0,1,2,0,0
tx_legit_000668,0,1438.1,7.2718,616,1,1,1,4,0,0
tx_legit_000879,0,410.32,6.0194,451,1,0,2,1,0,0
tx_legit_001564,0,371.08,5.9191,278,2,0,2,1,0,0
tx_legit_001752,0,247.7,5.5162,491,1,0,3,1,0,0
tx_legit_005840,0,362.36,5.8954,404,1,0,1,3,0,0
tx_legit_007164,0,538.36,6.2904,263,2,0,1,1,0,0
tx_legit_003335,0,818.45,6.7086,296,1,0,1,1,0,0
tx_legit_000342,0,319.74,5.7706,590,2,0,1,1,0,0
tx_legit_002652,0,412.59,6.0249,430,1,0,1,1,0,0
tx_legit_001149,0,265.9,5.5869,456,1,1,1,1,0,0
tx_legit_007568,0,736.3,6.603,663,1,0,3,2,0,0
tx_legit_001811,0,321.79,5.777,758,1,0,1,2,0,0
tx_fraud_000588,1,80284.17,11.2933,6,7,4,3,3,1,1
tx_legit_005362,0,104.75,4.6611,838,1,0,1,1,0,0
tx_legit_001518,0,499.55,6.2157,222,1,0,1,2,0,0
tx_legit_003282,0,683.89,6.5293,328,3,0,1,2,0,0
tx_legit_003943,0,294.68,5.6893,102,1,0,1,1,0,0
tx_legit_006157,0,1140.23,7.0399,742,1,0,1,1,0,0
tx_legit_007007,0,333.8,5.8135,873,1,0,1,1,0,0
tx_legit_004652,0,505.92,6.2284,436,1,0,1,1,0,0
tx_legit_007573,0,439.58,6.0881,58,1,0,1,1,0,0
tx_legit_006258,0,1045.34,6.9531,515,1,0,1,2,0,0
tx_legit_003117,0,532.08,6.2787,182,1,0,2,4,0,0
tx_legit_002350,0,1616.86,7.3889,631,1,0,1,1,0,0
tx_legit_003416,0,495.93,6.2084,787,1,0,1,1,0,0
tx_legit_004485,0,367.85,5.9104,756,1,0,1,1,0,0
tx_legit_007148,0,579.55,6.364,817,2,0,1,1,0,0
tx_legit_004837,0,723.64,6.5857,517,2,0,1,1,0,0
tx_legit_002370,0,262.56,5.5743,545,1,0,1,1,0,0
tx_legit_004820,0,87.21,4.4797,788,1,0,1,2,0,0
tx_legit_000857,0,345.43,5.8477,347,2,0,1,4,0,0
tx_legit_004507,0,285.11,5.6564,827,3,0,1,1,0,0
tx_legit_006072,0,317.14,5.7625,120,2,0,1,1,0,0
tx_legit_007578,0,853.32,6.7503,727,2,0,1,4,0,0
tx_fraud_000393,1,19408.34,9.8735,1,3,3,3,4,1,0
tx_fraud_000635,1,77227.62,11.2545,7,8,5,2,1,1,1
tx_legit_000070,0,126.79,4.8504,332,1,1,2,2,0,0
tx_legit_002233,0,889.11,6.7913,323,1,0,2,2,0,0
tx_legit_005179,0,493.26,6.2031,246,1,0,1,4,0,0
tx_fraud_000232,1,3887.03,8.2657,5,12,7,2,33,1,1
tx_legit_007503,0,366.53,5.9068,808,1,0,1,1,0,0
tx_legit_004157,0,1863.66,7.5308,562,1,0,1,1,0,0
tx_legit_006517,0,520.04,6.2558,722,2,0,2,1,0,0
tx_legit_004123,0,1078.46,6.9842,187,1,0,1,1,0,0
tx_fraud_000006,1,13871.34,9.5377,7,9,3,16,2,1,1
tx_legit_001722,0,222.16,5.4079,541,1,0,1,1,0,0
tx_legit_000496,0,1699.31,7.4386,340,4,0,1,1,0,0
tx_legit_008558,0,270.33,5.6033,297,1,0,2,1,0,0
tx_legit_000073,0,422.08,6.0476,322,1,0,2,1,0,0
tx_legit_001676,0,309.94,5.7396,720,1,0,2,1,0,0
tx_legit_006558,0,1587.06,7.3703,321,1,0,1,1,0,0
tx_legit_004158,0,582.92,6.3698,477,2,0,1,4,0,0
tx_legit_008011,0,557.07,6.3245,86,3,0,1,1,0,0
tx_legit_007216,0,216.51,5.3822,340,1,0,1,1,0,0
tx_legit_004877,0,636.82,6.4581,727,1,0,1,1,0,0
tx_legit_000290,0,902.55,6.8063,96,1,0,2,2,0,0
tx_legit_008788,0,376.45,5.9334,621,1,0,1,1,0,0
tx_fraud_000209,1,13976.6,9.5452,10,16,2,4,27,0,1
tx_legit_003334,0,591.42,6.3842,147,1,0,1,1,0,0
tx_legit_009155,0,276.52,5.6259,193,1,0,1,2,0,0
tx_legit_003252,0,310.12,5.7402,456,1,0,1,3,0,0
tx_legit_008311,0,868.15,6.7675,670,1,0,1,2,0,0
tx_legit_004808,0,355.81,5.8772,547,1,0,1,1,0,0
tx_legit_007801,0,278.38,5.6326,563,1,0,1,1,0,0
tx_legit_008360,0,571.56,6.3501,635,1,0,1,1,0,0
tx_legit_004346,0,609.69,6.4146,458,1,0,1,1,0,0
tx_legit_007520,0,368.33,5.9117,571,2,0,2,4,0,0
tx_legit_008988,0,71.5,4.2836,222,1,0,1,1,0,0
tx_legit_006636,0,707.53,6.5632,869,1,0,1,1,0,0
tx_legit_006775,0,556.05,6.3227,269,1,2,1,3,0,0
tx_legit_001882,0,514.27,6.2447,146,1,0,1,2,0,0
tx_legit_003260,0,774.55,6.6536,182,1,0,1,1,0,0
tx_legit_000317,0,916.78,6.822,322,1,0,1,4,0,0
tx_legit_006301,0,669.51,6.508,703,2,0,3,2,0,0
tx_legit_005298,0,321.71,5.7768,704,1,0,1,3,0,0
tx_legit_005440,0,347.12,5.8525,253,1,0,1,1,0,0
tx_legit_006573,0,1315.22,7.1825,70,1,0,2,2,0,0
tx_legit_005947,0,514.72,6.2456,821,2,0,1,2,0,0
tx_legit_005577,0,439.09,6.087,435,1,0,1,2,0,0
tx_fraud_000782,1,32967.71,10.4033,6,19,8,14,15,1,1
tx_legit_007491,0,639.41,6.4621,586,1,0,1,1,0,0
tx_legit_002172,0,340.68,5.8339,776,2,0,1,1,0,0
tx_legit_001595,0,262.96,5.5758,570,1,2,1,2,0,0
tx_fraud_000767,1,22702.81,10.0303,2,29,4,23,36,1,1
tx_legit_008535,0,134.71,4.9105,530,1,0,3,3,0,0
tx_legit_000813,0,603.83,6.4049,708,1,1,1,1,0,0
tx_legit_002057,0,470.56,6.156,566,2,0,1,3,0,0
tx_legit_000438,0,889.36,6.7916,272,2,0,1,1,0,0
tx_legit_008113,0,496.01,6.2086,778,1,0,2,1,0,0
tx_legit_009042,0,723.13,6.585,660,1,0,1,1,0,0
tx_legit_001304,0,1011.9,6.9206,848,1,0,1,1,0,0
tx_legit_000130,0,145.73,4.9886,523,1,0,2,2,0,0
tx_legit_000588,0,121.35,4.8069,136,1,1,2,4,0,0
tx_legit_004432,0,208.9,5.3466,132,2,1,1,3,0,0
tx_legit_003395,0,215.09,5.3757,356,1,0,1,2,0,0
tx_fraud_000478,1,13796.6,9.5322,5,9,2,2,4,1,1
tx_fraud_000602,1,58589.21,10.9783,8,13,6,1,4,0,1
tx_legit_005465,0,440.62,6.0904,403,2,0,1,1,0,0
tx_legit_009159,0,872.15,6.7721,776,1,0,2,2,0,0
tx_legit_000465,0,375.69,5.9314,758,1,0,1,1,0,0
tx_legit_005281,0,1227.98,7.1139,268,1,0,1,2,0,0
tx_legit_008765,0,294.61,5.689,637,1,0,2,1,0,0
tx_legit_007791,0,357.35,5.8815,198,1,0,1,1,0,0
tx_legit_003398,0,885.56,6.7873,331,1,0,1,2,0,0
tx_legit_004511,0,558.8,6.3276,606,2,0,1,3,0,0
tx_legit_000001,0,485.0,6.1862,515,2,0,1,2,0,0
tx_legit_003530,0,118.4,4.7825,619,3,1,1,2,0,0
tx_fraud_000715,1,36175.44,10.4962,0,16,10,20,28,1,1
tx_legit_002182,0,442.66,6.0951,795,2,0,2,2,0,0
tx_legit_006762,0,330.87,5.8047,837,1,0,1,1,0,0
tx_legit_004348,0,376.1,5.9325,571,2,0,2,1,0,0
tx_legit_000048,0,359.55,5.8876,71,1,0,1,2,0,0
tx_legit_003479,0,348.61,5.8568,784,1,0,1,2,0,0
tx_legit_002445,0,1132.43,7.033,317,3,0,1,1,0,0
tx_legit_004370,0,94.21,4.5561,63,1,0,1,1,0,0
tx_legit_002232,0,191.01,5.2575,443,1,0,2,2,0,0
tx_legit_007338,0,659.66,6.4932,892,1,0,1,1,0,0
tx_legit_005604,0,159.75,5.0799,263,1,0,1,3,0,0
tx_fraud_000319,1,2456.59,7.8069,29,15,6,3,35,0,1
tx_legit_006553,0,182.45,5.2119,504,1,0,1,1,0,0
tx_fraud_000257,1,11900.83,9.3844,9,12,7,4,26,0,1
tx_legit_007082,0,662.29,6.4972,310,1,0,1,1,0,0
tx_legit_000687,0,820.45,6.7111,170,1,0,1,1,0,0
tx_legit_002774,0,784.94,6.6669,35,1,0,1,2,0,0
tx_legit_002619,0,332.4,5.8093,78,1,0,1,1,0,0
tx_legit_007382,0,529.52,6.2739,286,1,0,1,1,0,0
tx_legit_000689,0,672.78,6.5129,824,2,0,1,3,0,0
tx_legit_005051,0,764.41,6.6404,645,1,0,1,1,0,0
tx_legit_002200,0,293.79,5.6863,359,1,0,1,2,0,0
tx_fraud_000766,1,42874.21,10.666,6,15,7,24,15,1,1
tx_fraud_000647,1,37132.86,10.5223,6,11,7,11,28,1,1
tx_legit_000739,0,898.51,6.8019,293,1,0,1,1,0,0
tx_fraud_000447,1,9282.15,9.136,1,6,1,3,4,1,1
tx_legit_003135,0,337.06,5.8232,49,1,1,1,3,0,0
tx_fraud_000436,1,20653.48,9.9357,2,3,0,5,2,1,0
tx_legit_004990,0,652.21,6.4819,369,1,0,1,2,0,0
tx_legit_004472,0,881.37,6.7826,523,1,1,1,1,0,0
tx_legit_008322,0,438.53,6.0857,583,1,0,2,1,0,0
tx_legit_005935,0,566.82,6.3418,540,1,0,1,1,0,0
tx_legit_005927,0,651.4,6.4807,458,1,0,1,3,0,0
tx_legit_005808,0,403.77,6.0033,660,1,0,1,1,0,0
tx_legit_004138,0,1319.0,7.1854,58,3,0,2,2,0,0
tx_fraud_000213,1,4258.84,8.357,13,13,3,1,27,0,1
tx_fraud_000050,1,15667.01,9.6594,6,6,3,10,3,1,1
tx_legit_000665,0,703.18,6.557,662,1,0,1,1,0,0
tx_legit_004508,0,1809.86,7.5016,41,3,0,1,1,0,0
tx_legit_002251,0,601.05,6.4003,473,1,0,1,1,0,0
tx_fraud_000004,1,4066.92,8.3109,9,9,2,8,4,0,1
tx_legit_006416,0,213.78,5.3696,862,1,0,1,3,0,0
tx_legit_004299,0,1038.51,6.9465,749,3,0,1,1,0,0
tx_legit_002009,0,147.79,5.0025,719,1,0,1,2,0,0
tx_legit_002665,0,895.1,6.7981,623,1,0,1,2,0,0
tx_legit_003854,0,192.46,5.2651,818,1,0,1,1,0,0
tx_legit_006458,0,673.13,6.5134,184,2,0,3,4,0,0
tx_legit_005912,0,526.56,6.2683,118,2,0,1,2,0,0
tx_legit_000108,0,774.03,6.6529,747,2,0,1,1,0,0
tx_legit_008750,0,194.77,5.2769,618,1,0,2,2,0,0
tx_legit_002304,0,1206.01,7.0959,826,1,0,1,1,0,0
tx_legit_001577,0,286.36,5.6607,571,1,1,1,1,0,0
tx_legit_001057,0,772.8,6.6513,284,2,0,2,2,0,0
tx_legit_007353,0,404.38,6.0048,641,1,0,1,2,0,0
tx_legit_008130,0,300.49,5.7087,305,1,0,1,1,0,0
tx_legit_004532,0,341.79,5.8371,515,1,0,1,1,0,0
tx_legit_006393,0,131.76,4.8885,672,1,1,1,1,0,0
tx_legit_005633,0,281.31,5.643,338,4,1,1,1,0,0
tx_legit_006144,0,106.82,4.6805,94,1,0,1,1,0,0
tx_fraud_000166,1,12622.64,9.4433,28,9,8,2,34,0,1
tx_legit_003843,0,447.88,6.1068,884,3,0,1,2,0,0
tx_fraud_000092,1,12282.4,9.416,13,8,3,16,5,0,1
tx_legit_002629,0,507.07,6.2306,867,1,0,1,3,0,0
tx_legit_003083,0,491.24,6.199,293,1,0,1,2,0,0
tx_legit_006687,0,386.45,5.9596,668,3,0,1,2,0,0
tx_legit_007722,0,228.34,5.4352,659,2,0,1,1,0,0
tx_legit_003054,0,281.55,5.6439,732,1,0,2,4,0,0
tx_legit_002993,0,498.58,6.2138,593,1,0,1,2,0,0
tx_legit_002116,0,804.74,6.6918,172,1,0,2,1,0,0
tx_fraud_000746,1,15259.96,9.6331,2,10,9,11,22,1,1
tx_legit_002292,0,217.59,5.3872,201,1,2,1,4,0,0
tx_legit_007304,0,535.15,6.2844,440,1,0,1,1,0,0
tx_fraud_000014,1,17858.58,9.7903,13,7,1,15,4,0,1
tx_legit_005946,0,944.41,6.8516,210,1,0,1,1,0,0
tx_fraud_000159,1,6571.97,8.7907,7,5,1,17,5,1,1
tx_legit_008602,0,693.87,6.5437,143,1,0,1,2,0,0
tx_fraud_000226,1,4202.51,8.3437,13,22,8,3,18,0,1
tx_legit_003635,0,203.95,5.3228,630,1,0,2,1,0,0
tx_legit_004989,0,366.97,5.908,183,1,0,1,1,0,0
tx_legit_002657,0,317.69,5.7642,532,1,0,2,1,0,0
tx_legit_008812,0,173.0,5.1591,283,1,0,1,1,0,0
tx_fraud_000025,1,7513.87,8.9246,13,9,1,15,2,0,1
tx_fraud_000221,1,4920.79,8.5014,2,13,5,3,12,1,1
tx_legit_002449,0,480.37,6.1766,273,1,0,1,1,0,0
tx_legit_000733,0,749.83,6.6212,597,1,0,1,1,0,0
tx_legit_005066,0,456.29,6.1253,389,1,0,1,2,0,0
tx_legit_003408,0,437.58,6.0835,453,1,0,2,1,0,0
tx_legit_001828,0,907.5,6.8118,604,1,0,1,2,0,0
tx_legit_002847,0,553.86,6.3187,220,1,0,1,4,0,0
tx_legit_000560,0,1520.51,7.3275,510,3,0,1,2,0,0
tx_legit_008805,0,762.24,6.6376,583,2,0,1,1,0,0
tx_legit_000136,0,1828.62,7.5119,824,1,0,1,2,0,0
tx_legit_008708,0,443.48,6.0969,834,1,0,1,1,0,0
tx_legit_002742,0,977.67,6.8862,867,2,0,1,1,0,0
tx_legit_006122,0,816.12,6.7058,433,2,0,2,2,0,0
tx_legit_007488,0,220.5,5.4004,258,1,0,1,1,0,0
tx_legit_002058,0,1988.75,7.5958,173,2,0,1,2,0,0
tx_fraud_000725,1,46056.16,10.7376,4,15,4,23,17,1,1
tx_legit_001492,0,2024.22,7.6134,244,1,0,2,1,0,0
tx_legit_002160,0,547.52,6.3072,195,4,0,1,1,0,0
tx_fraud_000733,1,61403.79,11.0252,4,27,7,15,35,1,1
tx_legit_006415,0,593.72,6.3881,470,1,1,1,3,0,0
tx_legit_007011,0,907.16,6.8114,136,1,0,1,2,0,0
tx_legit_007264,0,262.22,5.573,420,1,0,1,1,0,0
tx_legit_007278,0,199.14,5.299,740,4,0,1,4,0,0
tx_legit_003351,0,357.42,5.8817,464,1,0,1,3,0,0
tx_legit_004296,0,852.11,6.7489,841,1,0,1,1,0,0
tx_legit_008344,0,213.33,5.3675,363,2,0,1,1,0,0
tx_legit_008948,0,331.45,5.8065,61,1,0,2,2,0,0
tx_legit_008083,0,1641.58,7.404,712,1,0,1,1,0,0
tx_legit_001356,0,955.11,6.8629,657,1,2,1,2,0,0
tx_legit_001859,0,1131.72,7.0324,394,2,0,1,2,0,0
tx_legit_008496,0,70.02,4.263,604,1,0,3,1,0,0
tx_legit_000893,0,678.88,6.5219,301,1,0,1,2,0,0
tx_legit_002135,0,538.31,6.2903,134,3,0,1,1,0,0
tx_legit_003596,0,907.36,6.8116,653,1,0,1,1,0,0
tx_legit_002851,0,668.15,6.506,668,1,0,1,1,0,0
tx_legit_003838,0,244.7,5.5041,558,1,0,2,3,0,0
tx_legit_003696,0,322.95,5.7806,835,1,0,1,1,0,0
tx_legit_004089,0,531.2,6.277,895,1,0,1,1,0,0
tx_legit_006229,0,136.42,4.923,824,1,0,1,5,0,0
tx_legit_007881,0,1863.54,7.5308,307,1,0,1,1,0,0
tx_legit_004159,0,925.98,6.8319,172,1,0,1,1,0,0
tx_legit_004090,0,420.54,6.0439,723,1,0,1,3,0,0
tx_legit_009079,0,712.97,6.5708,824,1,0,1,1,0,0
tx_legit_007110,0,503.27,6.2231,130,2,0,1,1,0,0
tx_legit_003534,0,264.31,5.5809,600,1,0,1,2,0,0
tx_legit_005833,0,544.65,6.302,632,2,0,1,2,0,0
tx_legit_006670,0,206.52,5.3352,274,1,0,1,1,0,0
tx_legit_001992,0,1044.38,6.9521,171,1,0,1,2,0,0
tx_legit_000545,0,393.54,5.9777,315,3,0,3,1,0,0
tx_legit_008101,0,977.92,6.8864,46,1,0,1,2,0,0
tx_legit_008893,0,505.07,6.2267,764,1,0,1,3,0,0
tx_legit_003159,0,1942.19,7.5721,817,3,0,2,1,0,0
tx_legit_007277,0,1927.27,7.5644,596,1,0,1,1,0,0
tx_legit_005121,0,681.37,6.5256,762,1,0,1,1,0,0
tx_legit_008506,0,466.55,6.1475,399,1,0,1,1,0,0
tx_legit_002975,0,200.78,5.3072,743,1,0,1,2,0,0
tx_legit_002879,0,3109.49,8.0425,183,4,1,2,3,0,0
tx_legit_006135,0,408.0,6.0137,884,1,0,1,1,0,0
tx_legit_006375,0,704.86,6.5594,331,1,0,1,1,0,0
tx_legit_004562,0,467.99,6.1506,835,1,0,1,1,0,0
tx_legit_002131,0,650.29,6.479,781,3,0,1,3,0,0
tx_legit_006988,0,1123.69,7.0253,864,1,0,1,2,0,0
tx_legit_004927,0,541.78,6.2967,78,2,0,1,3,0,0
tx_legit_008545,0,903.56,6.8074,181,1,0,2,1,0,0
tx_legit_006081,0,351.05,5.8638,867,1,0,1,1,0,0
tx_legit_007100,0,94.86,4.5629,866,1,0,1,1,0,0
tx_legit_008555,0,233.61,5.4579,556,2,0,1,1,0,0
tx_legit_002495,0,1014.14,6.9228,492,2,0,1,2,0,0
tx_legit_001847,0,2713.95,7.9065,768,1,0,2,1,0,0
tx_fraud_000482,1,53088.87,10.8797,4,11,7,3,4,1,1
tx_legit_008505,0,378.04,5.9376,230,1,0,1,3,0,0
tx_legit_005922,0,617.21,6.4268,729,1,0,2,1,0,0
tx_legit_003731,0,722.38,6.5839,53,1,0,1,2,0,0
tx_legit_001191,0,367.76,5.9101,464,1,0,1,1,0,0
tx_legit_002772,0,176.95,5.1815,299,1,1,1,2,0,0
tx_legit_005829,0,669.96,6.5087,253,2,0,1,1,0,0
tx_legit_008408,0,902.94,6.8068,39,1,0,1,4,0,0
tx_legit_002101,0,253.11,5.5378,450,1,0,1,2,0,0
tx_legit_008001,0,465.82,6.1459,703,1,0,1,1,0,0
tx_legit_005555,0,451.51,6.1148,316,1,0,1,4,0,0
tx_legit_001892,0,656.57,6.4886,406,1,0,1,1,0,0
tx_legit_000203,0,288.87,5.6694,245,1,0,2,1,0,0
tx_legit_005178,0,968.75,6.877,389,2,0,1,1,0,0
tx_legit_005897,0,1354.84,7.2122,771,1,0,2,1,0,0
tx_legit_000326,0,675.08,6.5163,549,2,0,1,1,0,0
tx_legit_001765,0,448.24,6.1076,208,2,0,1,1,0,0
tx_legit_008612,0,436.67,6.0815,551,1,0,2,1,0,0
tx_legit_001814,0,287.98,5.6664,524,2,0,1,3,0,0
tx_legit_004023,0,410.48,6.0198,513,3,0,1,2,0,0
tx_legit_000413,0,259.86,5.564,39,2,0,1,1,0,0
tx_legit_002667,0,922.88,6.8286,443,1,0,1,2,0,0
tx_legit_002674,0,543.41,6.2997,712,3,0,2,1,0,0
tx_legit_007420,0,891.21,6.7937,560,1,0,2,1,0,0
tx_legit_006644,0,1149.39,7.0479,70,2,0,1,2,0,0
tx_legit_008141,0,416.76,6.0349,410,1,0,1,4,0,0
tx_legit_006886,0,371.91,5.9213,289,2,0,1,1,0,0
tx_legit_007932,0,175.48,5.1732,324,1,0,1,1,0,0
tx_legit_001367,0,549.7,6.3112,322,1,0,1,1,0,0
tx_legit_003195,0,726.39,6.5895,738,1,0,1,3,0,0
tx_legit_005778,0,2149.78,7.6736,898,2,0,3,1,0,0
tx_legit_007592,0,1339.62,7.2009,706,1,0,1,2,0,0
tx_fraud_000122,1,10014.55,9.2119,10,10,2,9,3,0,1
tx_legit_007642,0,624.2,6.4381,571,1,0,1,1,0,0
tx_legit_006731,0,625.23,6.4397,722,1,0,1,1,0,0
tx_fraud_000374,1,21708.27,9.9855,1,9,1,2,6,1,1
tx_fraud_000687,1,18489.51,9.825,6,21,4,21,19,1,1
tx_legit_002491,0,429.94,6.066,800,1,0,1,2,0,0
tx_legit_003226,0,1139.79,7.0395,831,1,0,1,1,0,0
tx_legit_004467,0,471.04,6.1571,897,3,0,1,1,0,0
tx_legit_009043,0,332.91,5.8109,284,1,0,1,2,0,0
tx_legit_007825,0,128.96,4.8672,301,1,0,1,1,0,0
tx_legit_007002,0,2384.86,7.7773,464,1,0,1,1,0,0
tx_fraud_000182,1,2109.95,7.6549,9,22,5,4,27,0,1
tx_legit_000052,0,317.08,5.7623,153,2,0,1,3,0,0
tx_legit_004781,0,736.94,6.6039,197,2,0,1,1,0,0
tx_legit_007035,0,614.72,6.4228,539,1,0,1,2,0,0
tx_legit_003944,0,237.13,5.4728,174,3,0,1,1,0,0
tx_legit_006697,0,803.57,6.6903,161,1,0,1,1,0,0
tx_legit_002874,0,103.65,4.6506,91,1,0,1,2,0,0
tx_legit_005590,0,1203.0,7.0934,200,3,0,1,1,0,0
tx_legit_002668,0,257.64,5.5554,79,1,0,1,1,0,0
tx_fraud_000395,1,9165.35,9.1233,0,3,2,3,6,1,0
tx_legit_003396,0,611.4,6.4174,336,3,0,1,2,0,0
tx_legit_005167,0,573.73,6.3539,583,2,0,1,2,0,0
tx_fraud_000011,1,8410.11,9.0373,3,7,2,17,4,1,1
tx_legit_000218,0,341.85,5.8373,152,3,0,1,1,0,0
tx_legit_008274,0,468.95,6.1526,803,1,0,2,1,0,0
tx_legit_003043,0,718.89,6.5791,433,1,0,1,1,0,0
tx_legit_008997,0,1185.43,7.0787,494,1,0,1,1,0,0
tx_legit_006811,0,1633.14,7.3989,162,1,0,1,2,0,0
tx_legit_008958,0,135.86,4.919,487,2,0,1,3,0,0
tx_legit_004245,0,1411.23,7.2529,729,1,0,1,3,0,0
tx_legit_003658,0,504.47,6.2255,212,2,0,2,1,0,0
tx_legit_006321,0,560.33,6.3303,341,1,0,1,1,0,0
tx_legit_002669,0,603.69,6.4047,382,1,0,1,3,0,0
tx_legit_001029,0,1398.53,7.2439,471,1,0,1,1,0,0
tx_legit_007391,0,1182.61,7.0763,630,1,0,1,1,0,0
tx_legit_001462,0,313.99,5.7525,726,1,0,2,1,0,0
tx_legit_003095,0,1394.21,7.2408,706,1,0,1,1,0,0
tx_fraud_000110,1,15938.57,9.6766,8,7,1,8,5,0,1
tx_fraud_000772,1,21218.24,9.9627,5,24,7,18,16,1,1
tx_legit_003503,0,395.34,5.9823,175,1,0,1,1,0,0
tx_legit_004777,0,540.93,6.2951,807,2,0,1,3,0,0
tx_legit_006277,0,286.64,5.6617,742,1,0,1,3,0,0
tx_legit_003852,0,735.39,6.6018,110,1,0,1,1,0,0
tx_legit_000379,0,524.53,6.2644,356,1,0,1,1,0,0
tx_legit_005770,0,690.21,6.5384,818,2,0,1,1,0,0
tx_legit_007963,0,505.54,6.2276,491,1,0,1,2,0,0
tx_legit_003059,0,1476.7,7.2982,255,1,0,1,2,0,0
tx_legit_003173,0,1693.58,7.4352,121,1,1,1,1,0,0
tx_legit_001822,0,315.19,5.7563,561,1,0,1,1,0,0
tx_legit_007362,0,562.15,6.3335,276,1,0,1,1,0,0
tx_legit_002496,0,954.48,6.8622,705,1,0,1,1,0,0
tx_legit_001409,0,476.22,6.168,279,1,0,1,1,0,0
tx_legit_009092,0,277.39,5.629,56,1,0,1,3,0,0
tx_legit_006019,0,129.85,4.8741,540,1,0,1,2,0,0
tx_legit_005937,0,104.94,4.6629,446,1,0,1,1,0,0
tx_fraud_000648,1,32328.58,10.3837,0,22,8,20,21,1,1
tx_legit_001483,0,397.19,5.9869,730,1,0,1,3,0,0
tx_legit_005729,0,275.07,5.6207,571,1,0,1,1,0,0
tx_fraud_000375,1,9034.87,9.109,3,6,0,2,5,1,1
tx_legit_007141,0,306.87,5.7297,89,1,0,1,2,0,0
tx_legit_003358,0,899.18,6.8026,532,2,0,1,1,0,0
tx_legit_006342,0,298.29,5.7014,532,2,0,1,2,0,0
tx_legit_002430,0,290.14,5.6738,67,3,0,1,1,0,0
tx_legit_000094,0,330.01,5.8021,591,1,0,1,1,0,0
tx_legit_008613,0,496.95,6.2105,826,1,0,1,4,0,0
tx_legit_002063,0,268.16,5.5953,729,2,0,1,2,0,0
tx_legit_005212,0,559.71,6.3292,402,1,0,1,3,0,0
tx_legit_003303,0,731.94,6.5971,284,2,0,1,1,0,0
tx_legit_000082,0,1222.89,7.1098,276,1,0,1,4,0,0
tx_legit_002911,0,600.35,6.3992,583,1,0,1,3,0,0
tx_fraud_000500,1,35901.49,10.4886,2,12,6,3,3,1,1
tx_legit_003477,0,521.26,6.2582,601,1,0,1,1,0,0
tx_legit_006420,0,252.33,5.5347,426,1,0,1,1,0,0
tx_legit_001293,0,167.08,5.1244,152,1,0,1,2,0,0
tx_legit_006530,0,609.59,6.4144,523,1,0,1,1,0,0
tx_legit_004962,0,240.13,5.4853,99,1,0,1,3,0,0
tx_legit_006035,0,177.26,5.1832,440,1,1,1,2,0,0
tx_fraud_000603,1,89698.1,11.4042,3,15,6,3,3,1,1
tx_legit_004161,0,1189.22,7.0819,485,1,0,1,2,0,0
tx_legit_001472,0,301.51,5.7121,125,2,0,1,4,0,0
tx_legit_009166,0,1244.75,7.1275,705,1,0,1,2,0,0
tx_legit_004167,0,325.31,5.7878,396,1,0,1,1,0,0
tx_legit_006638,0,265.11,5.5839,847,1,0,1,1,0,0
tx_legit_004387,0,461.77,6.1372,336,1,0,1,1,0,0
tx_legit_004448,0,164.15,5.1069,367,2,0,1,1,0,0
tx_legit_001004,0,323.43,5.7821,551,1,0,1,1,0,0
tx_legit_003266,0,77.37,4.3614,831,1,0,1,3,0,0
tx_fraud_000236,1,12497.74,9.4334,25,19,2,3,20,0,1
tx_legit_007249,0,493.87,6.2043,520,2,0,1,1,0,0
tx_legit_007719,0,445.55,6.1016,125,1,0,1,5,0,0
tx_fraud_000676,1,36196.58,10.4967,3,26,9,21,24,1,1
tx_legit_001169,0,539.93,6.2933,870,1,0,1,2,0,0
tx_legit_003562,0,320.56,5.7732,604,2,0,1,3,0,0
tx_fraud_000502,1,48144.26,10.782,2,11,7,1,1,1,1
tx_legit_003243,0,452.39,6.1168,348,1,0,1,1,0,0
tx_legit_006306,0,2722.61,7.9097,194,1,2,1,1,0,0
tx_legit_007886,0,469.85,6.1545,481,1,0,1,3,0,0
tx_legit_001619,0,1999.51,7.6012,415,1,0,2,1,0,0
tx_legit_007151,0,652.69,6.4826,413,1,0,1,2,0,0
tx_legit_002111,0,1425.52,7.263,532,1,1,1,1,0,0
tx_legit_002439,0,733.26,6.5989,337,1,1,1,1,0,0
tx_legit_002942,0,457.94,6.1289,147,1,2,2,1,0,0
tx_fraud_000333,1,11337.76,9.336,4,3,3,2,5,1,0
tx_legit_007970,0,346.72,5.8514,313,1,0,1,1,0,0
tx_fraud_000048,1,2567.49,7.8511,12,6,4,8,3,0,1
tx_legit_008704,0,586.19,6.3753,814,1,0,1,1,0,0
tx_fraud_000106,1,5821.01,8.6694,13,5,4,11,3,0,1
tx_legit_008919,0,849.84,6.7462,112,3,0,1,1,0,0
tx_fraud_000455,1,13365.9,9.5005,3,5,0,3,6,1,1
tx_legit_002416,0,552.9,6.317,250,1,0,1,1,0,0
tx_legit_002125,0,221.64,5.4056,764,2,0,1,2,0,0
tx_legit_001900,0,1194.31,7.0862,882,1,0,1,2,0,0
tx_fraud_000522,1,76185.3,11.2409,3,9,5,2,4,1,1
tx_legit_004914,0,446.49,6.1037,413,1,0,2,2,0,0
tx_legit_008420,0,359.33,5.887,52,2,1,1,1,0,0
tx_legit_006395,0,877.5,6.7782,42,1,0,2,1,0,0
tx_legit_000507,0,189.82,5.2513,296,1,0,2,1,0,0
tx_legit_007269,0,750.37,6.6219,810,1,1,1,2,0,0
tx_legit_002242,0,217.02,5.3846,148,1,0,1,2,0,0
tx_legit_003628,0,1190.43,7.0829,234,3,0,1,4,0,0
tx_legit_005728,0,213.72,5.3693,898,3,0,1,1,0,0
tx_legit_001273,0,304.86,5.7231,116,1,0,1,1,0,0
tx_legit_000054,0,1649.57,7.4089,91,1,0,1,1,0,0
tx_legit_001448,0,1225.52,7.1119,598,2,0,1,2,0,0
tx_fraud_000089,1,7216.5,8.8843,7,6,4,16,2,1,1
tx_legit_008942,0,284.93,5.6557,134,1,0,1,1,0,0
tx_legit_002079,0,196.93,5.2879,836,2,0,1,1,0,0
tx_legit_002654,0,735.48,6.6019,652,1,0,1,1,0,0
tx_legit_007501,0,1019.91,6.9284,184,1,0,2,1,0,0
tx_legit_000315,0,1027.96,6.9363,175,1,0,3,2,0,0
tx_legit_006047,0,286.17,5.6601,545,1,0,1,1,0,0
tx_legit_005812,0,701.7,6.5549,726,1,0,1,1,0,0
tx_legit_003612,0,940.16,6.8471,823,1,0,1,2,0,0
tx_legit_005570,0,161.99,5.0937,710,1,0,1,1,0,0
tx_legit_006200,0,922.9,6.8286,470,1,0,1,1,0,0
tx_legit_009151,0,1333.06,7.196,122,1,0,1,1,0,0
tx_legit_001897,0,495.98,6.2085,181,1,0,1,1,0,0
tx_legit_005267,0,374.79,5.929,349,1,1,1,4,0,0
tx_fraud_000424,1,5598.06,8.6304,0,5,3,2,2,1,1
tx_fraud_000010,1,12422.4,9.4273,9,11,2,12,6,0,1
tx_legit_008664,0,797.31,6.6825,561,1,0,1,1,0,0
tx_legit_005345,0,1007.52,6.9162,166,1,0,1,1,0,0
tx_legit_005150,0,624.05,6.4378,341,1,0,1,1,0,0
tx_fraud_000597,1,52296.39,10.8647,7,6,7,1,3,1,1
tx_legit_008800,0,288.42,5.6679,263,1,0,1,3,0,0
tx_fraud_000655,1,35955.29,10.4901,3,24,7,12,30,1,1
tx_legit_003347,0,171.17,5.1485,61,2,0,1,1,0,0
tx_legit_000723,0,210.66,5.355,243,1,0,1,1,0,0
tx_fraud_000131,1,5544.44,8.6207,3,11,2,18,4,1,1
tx_legit_000222,0,280.14,5.6389,738,1,0,1,1,0,0
tx_legit_005630,0,704.33,6.5587,125,1,0,1,1,0,0
tx_legit_008835,0,103.87,4.6527,553,2,0,1,2,0,0
tx_legit_005472,0,466.99,6.1484,855,1,0,1,1,0,0
tx_legit_001907,0,614.98,6.4232,175,2,0,2,1,0,0
tx_legit_004391,0,153.51,5.0403,452,1,0,1,3,0,0
tx_legit_008924,0,286.31,5.6606,568,1,0,1,1,0,0
tx_legit_000259,0,931.3,6.8377,353,1,0,1,1,0,0
tx_legit_007263,0,845.66,6.7413,736,1,0,1,2,0,0
tx_legit_002634,0,845.28,6.7409,49,2,0,1,2,0,0
tx_legit_007292,0,292.58,5.6822,503,1,0,2,1,0,0
tx_legit_005731,0,866.01,6.7651,709,1,0,1,1,0,0
tx_legit_000458,0,1353.72,7.2114,448,2,0,1,3,0,0
tx_legit_002814,0,177.33,5.1836,272,1,0,1,1,0,0
tx_legit_004994,0,208.5,5.3447,445,2,0,1,1,0,0
tx_legit_002995,0,284.09,5.6528,114,2,0,1,3,0,0
tx_legit_002986,0,1534.64,7.3367,406,2,0,1,1,0,0
tx_fraud_000202,1,13881.38,9.5384,12,8,8,1,35,0,1
tx_legit_006589,0,3262.91,8.0907,81,1,0,1,1,0,0
tx_legit_000600,0,1961.95,7.5822,428,1,0,1,1,0,0
tx_legit_000730,0,690.01,6.5382,616,1,0,2,1,0,0
tx_legit_006152,0,286.52,5.6613,575,1,0,1,2,0,0
tx_legit_005433,0,506.12,6.2287,265,1,0,1,1,0,0
tx_legit_007293,0,449.53,6.1104,730,1,0,1,1,0,0
tx_fraud_000764,1,49777.91,10.8153,4,11,7,17,27,1,1
tx_legit_007780,0,708.42,6.5644,742,1,1,1,2,0,0
tx_legit_001334,0,1263.85,7.1427,416,1,0,1,2,0,0
tx_legit_002346,0,446.98,6.1047,744,1,0,1,2,0,0
tx_legit_002208,0,614.88,6.4231,81,3,0,1,1,0,0
tx_fraud_000540,1,85312.25,11.3541,4,16,3,1,3,1,1
tx_fraud_000545,1,37903.93,10.5428,8,8,4,2,2,0,1
tx_legit_004706,0,350.84,5.8632,457,1,0,1,2,0,0
tx_legit_008303,0,237.29,5.4735,480,3,0,1,1,0,0
tx_legit_002264,0,282.75,5.6481,173,1,0,1,2,0,0
tx_legit_003071,0,554.3,6.3195,322,2,0,1,2,0,0
tx_fraud_000145,1,7864.97,8.9703,5,11,4,9,3,1,1
tx_fraud_000700,1,61373.89,11.0248,2,15,8,24,23,1,1
tx_legit_004886,0,662.52,6.4976,800,1,0,2,1,0,0
tx_legit_007531,0,186.34,5.2329,87,1,0,1,1,0,0
tx_fraud_000697,1,54508.06,10.9061,7,13,9,23,17,1,1
tx_legit_005003,0,387.78,5.963,496,1,0,1,2,0,0
tx_legit_004761,0,92.6,4.539,289,1,0,1,2,0,0
tx_legit_002476,0,384.22,5.9538,589,2,0,1,2,0,0
tx_fraud_000324,1,18906.23,9.8473,0,6,3,4,4,1,1
tx_legit_005453,0,417.52,6.0367,36,1,0,1,2,0,0
tx_legit_004621,0,483.59,6.1833,396,1,0,3,1,0,0
tx_legit_006488,0,576.61,6.3589,234,1,0,1,3,0,0
tx_fraud_000695,1,40422.24,10.6072,4,25,4,24,25,1,1
tx_legit_003271,0,93.39,4.5474,493,1,0,2,2,0,0
tx_legit_004022,0,453.41,6.119,805,1,0,1,2,0,0
tx_legit_009183,0,1579.29,7.3654,884,1,0,2,1,0,0
tx_fraud_000079,1,8321.49,9.0267,8,10,4,16,5,0,1
tx_legit_000358,0,875.6,6.7761,677,1,1,1,2,0,0
tx_fraud_000021,1,11355.73,9.3376,12,5,3,13,4,0,1
tx_legit_001930,0,1447.97,7.2786,375,1,0,1,1,0,0
tx_legit_002001,0,307.45,5.7316,672,1,0,1,1,0,0
tx_fraud_000086,1,3977.85,8.2887,12,7,3,10,5,0,1
tx_legit_008953,0,2455.57,7.8065,164,1,0,1,1,0,0
tx_legit_009027,0,404.35,6.0048,658,1,0,1,1,0,0
tx_legit_004358,0,997.92,6.9067,457,1,0,1,1,0,0
tx_legit_001178,0,343.46,5.842,866,1,0,1,1,0,0
tx_legit_003741,0,167.34,5.126,713,1,0,1,2,0,0
tx_legit_004395,0,400.41,5.995,842,1,0,1,2,0,0
tx_legit_002114,0,248.15,5.5181,452,1,0,1,1,0,0
tx_legit_002143,0,366.87,5.9077,831,1,0,1,3,0,0
tx_legit_007241,0,324.22,5.7845,594,3,0,2,2,0,0
tx_fraud_000184,1,2895.92,7.9714,29,20,7,1,18,0,1
tx_legit_001988,0,132.93,4.8973,873,1,0,1,1,0,0
tx_legit_000536,0,371.95,5.9214,265,1,0,1,2,0,0
tx_legit_000160,0,226.25,5.4261,434,1,0,1,2,0,0
tx_fraud_000761,1,30271.19,10.318,1,23,7,17,35,1,1
tx_legit_005116,0,403.31,6.0022,560,1,0,1,1,0,0
tx_legit_004574,0,453.17,6.1185,389,1,0,1,1,0,0
tx_legit_007733,0,2737.1,7.915,795,1,0,1,1,0,0
tx_fraud_000118,1,12984.95,9.4716,12,6,1,9,6,0,1
tx_legit_008369,0,692.62,6.5419,181,1,0,1,1,0,0
tx_legit_007284,0,523.8,6.263,269,1,0,3,1,0,0
tx_fraud_000721,1,54484.36,10.9057,5,13,8,15,18,1,1
tx_legit_000151,0,687.0,6.5338,278,1,0,1,2,0,0
tx_legit_007401,0,144.07,4.9772,540,1,0,1,1,0,0
tx_legit_008732,0,510.51,6.2374,49,1,1,1,1,0,0
tx_legit_001418,0,75.28,4.3344,740,1,0,1,1,0,0
tx_fraud_000579,1,48050.25,10.78,4,11,6,3,2,1,1
tx_legit_001799,0,411.03,6.0211,837,1,0,1,1,0,0
tx_legit_001731,0,371.13,5.9192,178,1,1,1,1,0,0
tx_legit_006093,0,318.77,5.7676,819,2,0,1,1,0,0
tx_legit_001721,0,228.97,5.4379,713,1,0,1,1,0,0
tx_legit_006495,0,1003.86,6.9126,495,1,1,1,1,0,0
tx_legit_002276,0,230.97,5.4466,52,1,1,1,2,0,0
tx_legit_007209,0,311.54,5.7447,152,1,0,1,3,0,0
tx_legit_005865,0,430.61,6.0675,448,1,0,1,1,0,0
tx_fraud_000020,1,17802.57,9.7872,12,12,1,11,3,0,1
tx_legit_000254,0,343.66,5.8426,85,2,0,1,2,0,0
tx_fraud_000098,1,6582.35,8.7923,8,4,1,11,2,0,0
tx_legit_008842,0,1053.73,6.961,756,1,0,1,1,0,0
tx_legit_007958,0,80.92,4.4057,155,1,0,1,1,0,0
tx_legit_000657,0,423.83,6.0517,572,1,0,1,4,0,0
tx_legit_006682,0,429.13,6.0641,617,1,0,1,1,0,0
tx_legit_005720,0,217.76,5.388,758,1,0,1,1,0,0
tx_legit_004143,0,235.22,5.4648,39,2,0,1,3,0,0
tx_fraud_000168,1,6182.76,8.7297,23,10,2,4,28,0,1
tx_legit_007169,0,191.91,5.2622,729,1,0,1,1,0,0
tx_legit_006783,0,175.36,5.1725,196,1,0,1,2,0,0
tx_legit_006750,0,887.95,6.79,717,1,0,1,1,0,0
tx_legit_008104,0,855.81,6.7532,699,1,0,1,1,0,0
tx_legit_008283,0,459.28,6.1318,94,1,0,2,1,0,0
tx_legit_002941,0,1538.23,7.339,750,1,0,1,1,0,0
tx_legit_002447,0,938.27,6.8451,563,1,0,1,2,0,0
tx_legit_005447,0,1504.56,7.3169,341,1,0,1,1,0,0
tx_legit_007594,0,649.22,6.4773,827,1,0,1,1,0,0
tx_legit_008072,0,625.37,6.4399,720,1,0,2,1,0,0
tx_legit_002537,0,385.37,5.9568,837,2,0,1,1,0,0
tx_legit_000859,0,287.55,5.6649,542,2,0,1,2,0,0
tx_legit_002910,0,402.68,6.0006,418,2,0,1,1,0,0
tx_legit_003181,0,1263.67,7.1426,168,1,0,2,1,0,0
tx_legit_006001,0,419.61,6.0417,583,1,0,1,1,0,0
tx_legit_008063,0,237.69,5.4752,598,1,0,2,2,0,0
tx_legit_007671,0,761.77,6.637,110,1,0,1,3,0,0
tx_legit_006801,0,374.56,5.9284,458,1,0,1,2,0,0
tx_legit_000172,0,550.45,6.3126,759,1,0,1,2,0,0
tx_fraud_000626,1,47683.77,10.7724,5,15,3,1,2,1,1
tx_legit_007037,0,774.06,6.6529,789,1,2,1,2,0,0
tx_legit_006523,0,1007.52,6.9162,475,1,0,2,3,0,0
tx_legit_003851,0,443.03,6.0959,659,3,0,1,2,0,0
tx_legit_006744,0,1045.26,6.953,356,1,0,2,2,0,0
tx_legit_004330,0,1481.84,7.3017,50,1,1,1,1,0,0
tx_legit_001909,0,249.05,5.5217,435,2,0,1,2,0,0
tx_fraud_000672,1,35105.56,10.4661,7,27,9,23,30,1,1
tx_legit_000474,0,510.33,6.237,824,1,0,1,1,0,0
tx_legit_008598,0,1407.73,7.2504,817,1,0,1,3,0,0
tx_legit_005036,0,726.71,6.5899,640,1,0,1,2,0,0
tx_legit_007633,0,257.89,5.5564,272,1,0,1,3,0,0
tx_legit_001032,0,312.46,5.7477,490,1,0,1,2,0,0
tx_legit_005449,0,852.32,6.7491,41,2,0,1,1,0,0
tx_legit_005262,0,397.47,5.9876,174,1,0,2,1,0,0
tx_legit_000346,0,510.35,6.2371,259,1,0,1,3,0,0
tx_legit_008245,0,957.8,6.8657,521,2,0,2,2,0,0
tx_legit_003945,0,323.25,5.7815,394,1,0,1,2,0,0
tx_legit_004280,0,140.61,4.9531,780,3,1,1,1,0,0
tx_legit_000647,0,1031.67,6.9399,869,1,0,2,1,0,0
tx_legit_003949,0,1195.16,7.0869,612,1,0,1,4,0,0
tx_legit_005969,0,738.17,6.6055,661,1,0,1,4,0,0
tx_legit_001922,0,863.18,6.7618,160,2,0,1,2,0,0
tx_legit_008707,0,594.07,6.3887,800,1,0,1,3,0,0
tx_fraud_000483,1,63697.06,11.0619,3,10,7,1,4,1,1
tx_legit_000537,0,377.65,5.9366,487,1,0,1,2,0,0
tx_legit_006683,0,417.59,6.0369,464,1,0,1,1,0,0
tx_legit_007565,0,182.63,5.2129,895,1,0,1,4,0,0
tx_legit_001395,0,1185.65,7.0789,860,1,0,1,1,0,0
tx_legit_006113,0,514.49,6.2451,805,1,0,1,1,0,0
tx_legit_007254,0,398.56,5.9904,727,1,0,1,4,0,0
tx_legit_003589,0,141.74,4.961,91,1,0,1,1,0,0
tx_legit_004316,0,1415.39,7.2559,463,1,0,2,2,0,0
tx_legit_002069,0,815.35,6.7048,114,2,0,1,3,0,0
tx_legit_005307,0,1321.86,7.1876,469,1,0,1,1,0,0
tx_legit_004204,0,277.14,5.6281,318,1,2,1,2,0,0
tx_fraud_000147,1,10589.16,9.2677,9,7,2,18,3,0,1
tx_legit_008246,0,350.75,5.8629,94,1,0,1,1,0,0
tx_legit_008166,0,977.93,6.8865,273,3,0,1,1,0,0
tx_legit_001221,0,320.85,5.7741,846,1,0,1,1,0,0
tx_legit_002959,0,817.07,6.7069,427,1,0,2,1,0,0
tx_legit_009126,0,240.98,5.4889,206,3,0,1,1,0,0
tx_legit_000603,0,1755.37,7.471,330,1,0,1,4,0,0
tx_fraud_000594,1,91123.13,11.42,3,10,6,2,2,1,1
tx_legit_001690,0,659.3,6.4927,748,1,0,1,2,0,0
tx_legit_002043,0,739.07,6.6067,560,1,0,1,1,0,0
tx_legit_000815,0,66.05,4.2054,835,1,0,1,3,0,0
tx_legit_001963,0,695.57,6.5462,561,1,0,1,3,0,0
tx_legit_000431,0,490.67,6.1978,305,2,0,1,2,0,0
tx_fraud_000119,1,5259.04,8.5679,11,12,2,18,4,0,1
tx_legit_003606,0,955.24,6.863,566,3,0,1,1,0,0
tx_legit_001974,0,408.16,6.0141,157,1,0,1,2,0,0
tx_legit_008324,0,1323.83,7.189,285,1,0,1,1,0,0
tx_legit_002601,0,101.0,4.625,51,1,1,1,1,0,0
tx_legit_002359,0,1045.56,6.9533,70,1,0,1,4,0,0
tx_legit_008734,0,444.17,6.0985,451,1,0,1,1,0,0
tx_legit_008839,0,318.44,5.7666,194,1,0,1,1,0,0
tx_legit_006487,0,699.2,6.5514,626,1,0,1,2,0,0
tx_legit_006410,0,51.38,3.9585,175,1,0,1,2,0,0
tx_legit_003909,0,342.28,5.8385,733,1,0,1,1,0,0
tx_legit_008351,0,1661.39,7.416,309,1,0,1,1,0,0
tx_legit_001311,0,345.29,5.8473,872,1,0,1,1,0,0
tx_fraud_000178,1,11829.79,9.3785,11,13,3,4,32,0,1
tx_fraud_000471,1,18630.7,9.8326,3,7,1,2,2,1,1
tx_legit_000247,0,405.0,6.0064,717,2,0,1,3,0,0
tx_legit_005339,0,926.99,6.833,589,2,0,1,1,0,0
tx_legit_003256,0,516.92,6.2498,426,2,0,1,1,0,0
tx_legit_003382,0,309.98,5.7397,136,1,0,2,2,0,0
tx_legit_000954,0,1330.54,7.1941,184,1,1,1,2,0,0
tx_legit_000101,0,222.0,5.4072,475,1,0,1,3,0,0
tx_legit_000672,0,427.94,6.0613,539,1,0,1,1,0,0
tx_fraud_000379,1,16890.32,9.7346,5,8,1,3,4,1,1
tx_legit_006585,0,99.27,4.6079,710,1,0,2,2,0,0
tx_legit_004341,0,331.36,5.8062,113,2,0,1,4,0,0
tx_legit_006511,0,403.44,6.0025,482,2,0,1,3,0,0
tx_legit_008724,0,369.97,5.9161,577,2,0,2,1,0,0
tx_legit_000705,0,106.15,4.6742,601,1,0,1,1,0,0
tx_legit_000361,0,767.49,6.6444,736,1,0,2,1,0,0
tx_fraud_000673,1,58344.71,10.9741,6,29,10,15,28,1,1
tx_fraud_000661,1,48471.88,10.7888,2,27,9,24,32,1,1
tx_fraud_000405,1,5012.84,8.52,1,5,3,5,3,1,1
tx_legit_002484,0,540.6,6.2945,583,2,0,1,2,0,0
tx_legit_001062,0,555.96,6.3225,169,1,0,1,1,0,0
tx_legit_007839,0,527.22,6.2695,269,1,0,1,1,0,0
tx_fraud_000571,1,85589.43,11.3573,3,12,5,3,2,1,1
tx_legit_004535,0,587.53,6.3776,707,1,0,1,1,0,0
tx_fraud_000670,1,58902.61,10.9837,5,11,7,18,20,1,1
tx_legit_007763,0,967.06,6.8753,80,1,0,2,2,0,0
tx_legit_003770,0,446.41,6.1035,898,1,0,1,1,0,0
tx_fraud_000279,1,1340.63,7.2016,23,14,3,2,16,0,1
tx_legit_008423,0,328.22,5.7967,74,1,1,3,1,0,0
tx_legit_005249,0,1185.39,7.0787,202,2,1,1,2,0,0
tx_legit_005917,0,270.5,5.604,461,2,0,1,1,0,0
tx_legit_004526,0,2320.01,7.7498,571,1,0,1,1,0,0
tx_fraud_000798,1,38155.98,10.5495,3,28,7,18,19,1,1
tx_legit_006709,0,323.94,5.7836,209,1,0,1,2,0,0
tx_legit_007654,0,310.2,5.7404,592,1,0,1,1,0,0
tx_legit_002529,0,769.18,6.6466,627,1,0,1,1,0,0
tx_legit_008226,0,863.68,6.7624,497,1,0,3,1,0,0
tx_legit_000674,0,1042.47,6.9503,496,2,0,1,2,0,0
tx_legit_003372,0,591.93,6.3851,41,1,0,1,1,0,0
tx_legit_003496,0,1960.8,7.5816,697,4,0,1,1,0,0
tx_legit_005816,0,830.52,6.7233,719,2,0,1,2,0,0
tx_fraud_000407,1,3299.55,8.1018,4,8,0,2,6,1,1
tx_fraud_000259,1,14512.6,9.5828,27,20,6,1,12,0,1
tx_legit_008295,0,642.58,6.467,323,1,1,1,1,0,0
tx_legit_005162,0,613.66,6.4211,74,1,0,1,1,0,0
tx_legit_004495,0,273.51,5.615,257,1,0,1,2,0,0
tx_legit_000766,0,691.15,6.5398,455,1,0,1,2,0,0
tx_legit_000779,0,285.55,5.6579,540,4,0,1,3,0,0
tx_legit_006341,0,507.64,6.2317,742,1,0,1,2,0,0
tx_legit_003718,0,425.06,6.0546,670,2,0,1,1,0,0
tx_legit_005017,0,189.63,5.2503,597,1,0,1,1,0,0
tx_legit_009128,0,1369.0,7.2226,81,1,0,1,1,0,0
tx_legit_005130,0,602.77,6.4032,462,1,0,1,1,0,0
tx_legit_001230,0,439.7,6.0884,732,2,0,1,1,0,0
tx_legit_006299,0,158.27,5.0706,842,1,0,1,1,0,0
tx_legit_001401,0,233.98,5.4595,563,1,0,1,1,0,0
tx_legit_008593,0,239.29,5.4818,359,1,0,1,1,0,0
tx_legit_007885,0,1347.14,7.2065,382,1,0,1,1,0,0
tx_legit_003231,0,132.02,4.8905,382,1,0,1,1,0,0
tx_legit_007954,0,275.45,5.622,492,1,0,2,2,0,0
tx_legit_003423,0,325.53,5.7885,607,1,1,1,4,0,0
tx_legit_002552,0,148.22,5.0054,239,1,1,1,2,0,0
tx_legit_007625,0,879.93,6.781,887,1,0,2,4,0,0
tx_legit_003085,0,294.85,5.6899,321,1,0,1,2,0,0
tx_legit_002686,0,467.2,6.1489,703,1,1,1,1,0,0
tx_fraud_000302,1,10358.86,9.2457,8,24,7,3,35,0,1
tx_legit_007004,0,2163.75,7.6801,819,2,0,1,1,0,0
tx_legit_006973,0,449.34,6.11,665,1,0,1,1,0,0
tx_legit_006946,0,278.94,5.6346,83,1,0,1,3,0,0
tx_legit_006571,0,651.85,6.4813,350,1,1,1,1,0,0
tx_fraud_000090,1,10671.15,9.2754,13,12,1,12,4,0,1
tx_legit_005789,0,112.64,4.733,835,1,0,2,1,0,0
tx_legit_007205,0,548.99,6.3099,382,3,0,1,1,0,0
tx_legit_000269,0,334.54,5.8157,210,1,1,2,2,0,0
tx_legit_004088,0,185.35,5.2276,628,1,0,1,1,0,0
tx_legit_006758,0,957.34,6.8652,206,2,0,1,1,0,0
tx_fraud_000620,1,53118.18,10.8803,9,16,6,1,4,0,1
tx_legit_008036,0,226.12,5.4255,658,1,0,1,1,0,0
tx_legit_008432,0,157.68,5.0669,263,1,0,1,2,0,0
tx_legit_005336,0,1426.92,7.264,63,1,1,1,1,0,0
tx_legit_003701,0,548.51,6.309,627,1,0,1,3,0,0
tx_legit_001274,0,270.3,5.6032,377,1,1,1,1,0,0
tx_legit_002917,0,177.35,5.1837,867,3,0,1,1,0,0
tx_legit_007595,0,381.87,5.9477,717,1,0,1,2,0,0
tx_legit_000983,0,540.69,6.2947,575,1,0,1,1,0,0
tx_legit_006742,0,303.14,5.7175,408,1,1,1,1,0,0
tx_legit_002246,0,663.96,6.4997,618,1,0,1,2,0,0
tx_legit_008976,0,220.46,5.4002,340,1,0,1,1,0,0
tx_legit_003436,0,608.98,6.4134,76,1,0,1,1,0,0
tx_legit_004609,0,292.29,5.6812,323,1,0,1,1,0,0
tx_legit_003403,0,580.5,6.3656,800,1,0,1,2,0,0
tx_legit_005211,0,687.93,6.5351,61,1,0,1,3,0,0
tx_legit_008201,0,950.13,6.8577,138,1,0,1,1,0,0
tx_fraud_000292,1,12838.91,9.4603,3,14,4,2,30,1,1
tx_legit_008285,0,333.89,5.8138,553,1,0,1,2,0,0
tx_legit_002582,0,685.56,6.5317,378,1,0,1,2,0,0
tx_legit_008191,0,523.82,6.2631,703,2,0,1,1,0,0
tx_legit_007303,0,171.27,5.1491,661,1,0,1,1,0,0
tx_legit_002816,0,127.07,4.8526,568,1,0,1,1,0,0
tx_legit_008603,0,641.68,6.4656,349,1,0,1,1,0,0
tx_legit_006780,0,720.27,6.581,866,1,0,1,2,0,0
tx_legit_005441,0,1316.81,7.1837,297,1,0,1,2,0,0
tx_legit_002580,0,558.92,6.3278,812,1,0,1,1,0,0
tx_fraud_000388,1,6511.58,8.7815,0,8,1,2,5,1,1
tx_legit_008706,0,836.31,6.7302,860,1,0,1,2,0,0
tx_legit_007915,0,478.04,6.1718,77,2,0,1,3,0,0
tx_legit_007741,0,156.72,5.0608,596,1,0,1,1,0,0
tx_legit_000255,0,198.51,5.2959,724,1,0,1,1,0,0
tx_legit_003997,0,204.11,5.3235,348,1,0,1,4,0,0
tx_legit_005155,0,608.67,6.4129,621,1,0,1,3,0,0
tx_legit_005861,0,677.78,6.5203,374,1,0,1,2,0,0
tx_legit_003476,0,238.62,5.4791,866,1,0,1,1,0,0
tx_legit_000982,0,730.42,6.595,311,1,0,1,1,0,0
tx_legit_007065,0,422.7,6.049,558,1,1,1,3,0,0
tx_legit_008194,0,269.68,5.6009,792,1,2,1,1,0,0
tx_legit_002406,0,438.22,6.085,34,1,0,1,1,0,0
tx_legit_004564,0,362.71,5.8964,383,1,0,1,1,0,0
tx_fraud_000278,1,3996.08,8.2933,16,24,6,1,24,0,1
tx_legit_009140,0,394.71,5.9807,484,2,0,1,1,0,0
tx_legit_006985,0,386.07,5.9586,524,2,0,1,3,0,0
tx_legit_001370,0,725.36,6.588,748,2,0,1,2,0,0
tx_fraud_000171,1,12068.74,9.3985,23,24,4,3,22,0,1
tx_legit_008768,0,203.81,5.3221,251,1,1,3,1,0,0
tx_legit_003727,0,876.28,6.7768,504,1,0,1,1,0,0
tx_legit_007118,0,358.47,5.8846,617,1,2,1,4,0,0
tx_legit_004281,0,569.11,6.3458,487,2,0,1,2,0,0
tx_legit_003959,0,316.8,5.7614,788,1,0,1,1,0,0
tx_legit_002152,0,457.03,6.1269,200,1,0,1,1,0,0
tx_legit_007709,0,2307.61,7.7444,473,1,0,1,1,0,0
tx_legit_004618,0,422.68,6.049,294,1,0,1,3,0,0
tx_fraud_000078,1,7487.86,8.9212,10,8,3,11,3,0,1
tx_legit_006844,0,429.14,6.0641,595,1,0,1,1,0,0
tx_legit_008913,0,625.77,6.4406,688,2,1,2,1,0,0
tx_legit_008067,0,279.19,5.6355,641,1,2,1,2,0,0
tx_legit_002503,0,1174.81,7.0697,381,1,0,1,2,0,0
tx_legit_006273,0,296.63,5.6959,278,1,0,1,1,0,0
tx_fraud_000770,1,35385.3,10.4741,3,24,10,12,25,1,1
tx_legit_005399,0,796.49,6.6815,398,1,0,1,1,0,0
tx_legit_003697,0,1663.7,7.4174,246,1,0,2,1,0,0
tx_legit_006692,0,227.7,5.4324,719,1,0,1,2,0,0
tx_legit_002716,0,273.07,5.6134,808,1,1,1,3,0,0
tx_legit_007490,0,552.48,6.3162,462,2,0,1,1,0,0
tx_legit_006740,0,903.79,6.8077,42,1,0,1,1,0,0
tx_legit_000150,0,650.37,6.4791,559,1,0,2,1,0,0
tx_legit_008568,0,537.62,6.289,288,1,0,1,1,0,0
tx_legit_008608,0,233.35,5.4568,606,2,0,1,3,0,0
tx_fraud_000317,1,9058.15,9.1115,5,14,4,1,27,1,1
tx_legit_004006,0,1659.9,7.4151,731,1,0,1,1,0,0
tx_legit_008766,0,551.34,6.3142,172,1,0,1,1,0,0
tx_legit_005589,0,171.28,5.1491,292,1,0,1,1,0,0
tx_legit_008018,0,375.94,5.9321,894,3,0,1,2,0,0
tx_fraud_000503,1,91817.54,11.4276,5,15,4,2,4,1,1
tx_legit_005738,0,1087.69,6.9927,34,1,0,1,1,0,0
tx_legit_008530,0,574.3,6.3549,385,1,0,1,1,0,0
tx_legit_007806,0,465.34,6.1449,769,1,0,2,1,0,0
tx_legit_000106,0,841.68,6.7366,240,1,0,1,1,0,0
tx_legit_002379,0,126.1,4.845,443,3,0,1,1,0,0
tx_fraud_000164,1,8860.33,9.0895,7,24,8,2,30,1,1
tx_legit_006725,0,311.02,5.7431,145,1,0,1,1,0,0
tx_legit_003960,0,911.01,6.8157,867,1,0,1,1,0,0
tx_legit_005794,0,548.2,6.3085,848,1,0,1,1,0,0
tx_legit_008026,0,578.24,6.3617,171,1,0,3,1,0,0
tx_legit_006340,0,821.3,6.7121,99,1,0,2,2,0,0
tx_legit_004672,0,382.2,5.9486,97,1,0,3,3,0,0
tx_legit_008294,0,147.91,5.0033,516,1,0,2,1,0,0
tx_legit_005644,0,928.6,6.8348,326,1,0,1,1,0,0
tx_legit_009074,0,609.24,6.4139,494,1,0,3,1,0,0
tx_legit_001308,0,1303.17,7.1733,373,1,0,1,2,0,0
tx_legit_005726,0,205.16,5.3287,326,1,0,1,2,0,0
tx_legit_008547,0,892.13,6.7947,864,1,0,1,1,0,0
tx_legit_002321,0,436.59,6.0813,148,1,1,1,2,0,0
tx_legit_005000,0,156.74,5.0609,518,2,0,2,2,0,0
tx_legit_001053,0,1045.64,6.9533,147,1,0,1,2,0,0
tx_legit_005146,0,973.74,6.8822,332,1,0,1,2,0,0
tx_legit_008865,0,834.25,6.7277,215,1,0,1,1,0,0
tx_legit_000801,0,789.04,6.6721,494,2,0,2,1,0,0
tx_legit_001129,0,537.95,6.2896,866,1,0,1,3,0,0
tx_legit_008041,0,258.02,5.5569,257,2,0,2,3,0,0
tx_legit_008334,0,337.01,5.8231,612,1,1,1,1,0,0
tx_fraud_000681,1,19837.91,9.8954,2,17,6,13,28,1,1
tx_legit_007724,0,1460.57,7.2873,41,1,0,1,3,0,0
tx_legit_000193,0,98.36,4.5987,802,1,0,1,1,0,0
tx_legit_000303,0,857.04,6.7547,351,1,1,1,3,0,0
tx_legit_004955,0,709.53,6.566,583,1,1,1,2,0,0
tx_legit_001039,0,282.11,5.6458,482,1,0,1,1,0,0
tx_legit_007823,0,259.44,5.5624,411,1,0,1,3,0,0
tx_legit_005317,0,2288.29,7.736,49,1,0,2,3,0,0
tx_legit_006698,0,442.6,6.0949,552,2,0,1,2,0,0
tx_legit_002637,0,403.56,6.0028,341,1,0,1,1,0,0
tx_fraud_000102,1,2673.46,7.8915,1,8,4,13,4,1,1
tx_legit_008148,0,244.79,5.5045,857,1,0,1,1,0,0
tx_legit_001186,0,166.14,5.1188,819,1,2,1,2,0,0
tx_fraud_000055,1,17929.48,9.7943,13,12,3,9,5,0,1
tx_legit_001864,0,517.33,6.2506,96,2,1,1,1,0,0
tx_legit_004420,0,2195.08,7.6944,273,1,0,1,1,0,0
tx_legit_000629,0,1275.59,7.1519,544,1,1,1,3,0,0
tx_legit_004470,0,465.46,6.1452,320,1,0,1,1,0,0
tx_legit_002791,0,968.51,6.8768,786,1,0,1,4,0,0
tx_legit_006498,0,184.15,5.2212,197,1,0,1,1,0,0
tx_legit_008507,0,392.97,5.9763,611,1,0,1,1,0,0
tx_legit_000207,0,386.24,5.959,157,1,0,1,4,0,0
tx_legit_008183,0,208.25,5.3435,555,1,0,1,1,0,0
tx_legit_003268,0,1718.3,7.4497,475,1,0,1,2,0,0
tx_legit_005326,0,241.34,5.4903,175,1,0,1,1,0,0
tx_fraud_000430,1,13649.15,9.5215,4,8,0,2,4,1,1
tx_fraud_000773,1,38054.75,10.5468,2,16,8,12,35,1,1
tx_legit_005271,0,902.99,6.8068,641,1,0,1,2,0,0
tx_legit_007307,0,460.71,6.1349,546,1,0,1,1,0,0
tx_legit_004074,0,708.75,6.5649,181,1,0,1,4,0,0
tx_legit_002184,0,2050.67,7.6264,285,2,0,1,1,0,0
tx_legit_000936,0,1237.0,7.1213,308,1,0,1,2,0,0
tx_legit_005761,0,183.09,5.2154,373,1,0,1,1,0,0
tx_legit_001323,0,154.17,5.0445,354,1,0,1,1,0,0
tx_legit_007502,0,491.16,6.1988,788,2,0,1,1,0,0
tx_legit_004160,0,571.94,6.3508,245,1,0,1,1,0,0
tx_legit_002266,0,330.44,5.8034,590,2,0,1,3,0,0
tx_legit_000352,0,294.99,5.6903,198,1,0,1,1,0,0
tx_fraud_000435,1,10688.42,9.277,5,8,2,2,4,1,1
tx_legit_003927,0,733.83,6.5996,206,3,0,1,3,0,0
tx_legit_008870,0,572.3,6.3514,565,2,0,1,2,0,0
tx_legit_007758,0,593.15,6.3871,461,2,0,1,1,0,0
tx_legit_004172,0,1309.15,7.1779,443,1,0,1,1,0,0
tx_legit_002813,0,391.79,5.9733,286,1,0,1,2,0,0
tx_legit_002695,0,143.54,4.9736,776,1,2,1,4,0,0
tx_legit_005110,0,716.7,6.5761,50,1,0,1,1,0,0
tx_legit_001586,0,1965.68,7.5841,336,3,0,1,4,0,0
tx_fraud_000566,1,84054.84,11.3392,6,15,4,3,3,1,1
tx_legit_000767,0,262.55,5.5742,825,1,2,1,2,0,0
tx_legit_006438,0,586.97,6.3767,520,1,0,1,1,0,0
tx_legit_003590,0,344.25,5.8443,348,1,0,1,1,0,0
tx_legit_004384,0,1007.88,6.9166,740,1,0,1,3,0,0
tx_legit_001877,0,259.89,5.5641,636,1,0,1,2,0,0
tx_legit_005034,0,390.16,5.9691,617,1,0,1,1,0,0
tx_fraud_000002,1,8140.61,9.0047,10,9,4,12,2,0,1
tx_legit_008062,0,1874.35,7.5366,276,1,0,1,1,0,0
tx_legit_006332,0,421.89,6.0471,272,2,0,1,3,0,0
tx_legit_007672,0,1176.17,7.0709,271,1,0,1,2,0,0
tx_legit_004552,0,707.11,6.5626,595,2,0,1,1,0,0
tx_fraud_000137,1,10844.27,9.2915,1,4,2,16,4,1,0
tx_legit_001955,0,315.55,5.7575,775,1,0,1,1,0,0
tx_fraud_000754,1,21022.6,9.9534,3,22,8,18,38,1,1
tx_legit_008171,0,829.78,6.7224,864,1,0,1,2,0,0
tx_fraud_000080,1,14478.18,9.5805,11,9,3,18,6,0,1
tx_legit_006933,0,390.92,5.9711,184,2,0,1,1,0,0
tx_legit_005873,0,320.65,5.7735,730,1,0,1,1,0,0
tx_legit_007699,0,482.14,6.1803,200,1,0,2,1,0,0
tx_fraud_000457,1,14818.22,9.6037,2,4,0,4,6,1,0
tx_legit_003167,0,390.66,5.9704,750,1,0,1,1,0,0
tx_legit_007615,0,1325.09,7.19,660,1,0,1,2,0,0
tx_legit_005918,0,599.56,6.3979,490,2,0,2,1,0,0
tx_fraud_000030,1,12902.87,9.4653,11,12,2,16,4,0,1
tx_legit_003828,0,215.3,5.3767,157,1,0,1,3,0,0
tx_legit_001872,0,525.13,6.2655,234,1,0,1,1,0,0
tx_legit_000549,0,478.88,6.1735,481,2,0,2,2,0,0
tx_legit_006192,0,2257.37,7.7224,727,1,0,1,1,0,0
tx_legit_005560,0,559.85,6.3295,753,1,0,1,1,0,0
tx_legit_003694,0,372.94,5.9241,88,1,0,1,1,0,0
tx_legit_007282,0,253.9,5.5409,540,2,0,3,1,0,0
tx_legit_001598,0,362.69,5.8963,171,1,0,1,1,0,0
tx_legit_003586,0,997.23,6.906,678,1,1,1,1,0,0
tx_legit_008994,0,303.95,5.7201,473,1,0,1,1,0,0
tx_legit_006327,0,408.2,6.0142,91,1,0,1,1,0,0
tx_legit_003175,0,503.96,6.2245,249,1,0,1,2,0,0
tx_legit_008813,0,451.2,6.1141,882,2,0,1,5,0,0
tx_legit_007805,0,73.91,4.3163,566,1,0,1,1,0,0
tx_legit_007236,0,174.06,5.1651,568,1,0,2,1,0,0
tx_legit_001669,0,482.59,6.1812,85,1,0,1,2,0,0
tx_legit_009130,0,691.34,6.5401,326,1,0,1,1,0,0
tx_legit_005690,0,534.95,6.284,263,2,0,1,1,0,0
tx_legit_002187,0,338.36,5.8271,652,1,0,1,3,0,0
tx_legit_006151,0,499.99,6.2166,823,1,0,1,1,0,0
tx_legit_003420,0,683.57,6.5288,517,1,0,1,1,0,0
tx_legit_006837,0,159.56,5.0787,599,1,0,1,1,0,0
tx_legit_001013,0,1047.4,6.955,590,1,0,1,1,0,0
tx_legit_002193,0,638.89,6.4613,868,1,0,1,1,0,0
tx_legit_005529,0,836.16,6.73,112,1,0,2,1,0,0
tx_legit_002927,0,301.52,5.7121,824,2,0,1,3,0,0
tx_legit_000488,0,451.95,6.1158,322,1,0,1,1,0,0
tx_legit_001269,0,388.87,5.9658,184,1,0,1,1,0,0
tx_fraud_000254,1,1957.18,7.5798,12,22,6,3,29,0,1
tx_legit_002618,0,1130.49,7.0313,660,1,0,1,1,0,0
tx_legit_000956,0,324.26,5.7846,282,1,0,1,1,0,0
tx_legit_001809,0,1677.19,7.4255,256,1,0,1,1,0,0
tx_legit_008292,0,420.74,6.0444,116,1,1,1,2,0,0
tx_legit_003415,0,362.36,5.8954,831,3,0,1,1,0,0
tx_legit_001042,0,391.07,5.9714,706,2,0,1,1,0,0
tx_fraud_000488,1,67494.08,11.1198,5,13,5,3,2,1,1
tx_legit_006310,0,511.18,6.2387,114,1,0,1,2,0,0
tx_fraud_000634,1,75578.86,11.2329,3,8,7,3,4,1,1
tx_legit_000114,0,336.49,5.8215,835,3,0,1,1,0,0
tx_legit_007883,0,475.28,6.166,453,1,0,2,1,0,0
tx_legit_000826,0,766.55,6.6432,583,1,0,1,1,0,0
tx_fraud_000736,1,60582.1,11.0118,0,27,9,10,28,1,1
tx_legit_003937,0,396.14,5.9843,463,3,2,1,2,0,0
tx_legit_009028,0,529.88,6.2745,713,1,0,1,3,0,0
tx_legit_008577,0,539.67,6.2928,471,1,0,1,1,0,0
tx_legit_005279,0,357.03,5.8806,878,1,0,1,1,0,0
tx_legit_005151,0,129.05,4.8679,530,1,0,3,1,0,0
tx_legit_004380,0,630.05,6.4474,218,1,0,1,3,0,0
tx_legit_002159,0,245.48,5.5073,716,1,0,1,2,0,0
tx_legit_000283,0,366.65,5.9071,145,1,0,1,3,0,0
tx_fraud_000183,1,4051.41,8.3071,15,12,5,4,16,0,1
tx_legit_008936,0,190.39,5.2543,776,2,0,1,1,0,0
tx_legit_002087,0,472.31,6.1598,451,1,0,2,1,0,0
tx_legit_003003,0,392.34,5.9747,324,1,0,1,2,0,0
tx_legit_006426,0,216.34,5.3815,104,1,0,1,1,0,0
tx_legit_004558,0,292.76,5.6828,503,1,0,1,1,0,0
tx_legit_000060,0,167.46,5.1267,363,1,0,1,5,0,0
tx_legit_001845,0,1699.89,7.4389,306,1,0,1,2,0,0
tx_legit_000784,0,1117.87,7.0201,418,1,0,1,4,0,0
tx_legit_004132,0,833.76,6.7271,560,2,0,1,2,0,0
tx_legit_006630,0,627.64,6.4436,817,4,1,2,1,0,0
tx_legit_004943,0,343.78,5.8429,546,1,0,1,1,0,0
tx_legit_001834,0,368.17,5.9113,206,2,0,1,2,0,0
tx_legit_008452,0,1334.96,7.1974,758,1,0,2,1,0,0
tx_fraud_000148,1,11430.72,9.3441,4,7,4,11,3,1,1
tx_legit_006069,0,518.74,6.2533,698,1,0,1,1,0,0
tx_legit_002796,0,372.66,5.9233,67,1,0,2,2,0,0
tx_legit_000701,0,1089.15,6.9941,881,1,0,3,1,0,0
tx_legit_001761,0,2175.95,7.6857,580,2,0,1,2,0,0
tx_fraud_000660,1,41055.14,10.6227,7,12,9,22,34,1,1
tx_legit_000553,0,295.68,5.6927,668,1,0,1,1,0,0
tx_fraud_000780,1,32600.0,10.3921,6,24,7,22,30,1,1
tx_legit_007162,0,208.02,5.3424,394,1,0,1,1,0,0
tx_legit_005183,0,743.66,6.6129,181,1,0,1,2,0,0
tx_legit_002818,0,768.34,6.6455,309,1,0,2,2,0,0
tx_legit_004190,0,474.43,6.1642,762,1,0,1,1,0,0
tx_fraud_000389,1,12871.73,9.4629,1,5,1,5,6,1,1
tx_legit_002411,0,2414.69,7.7897,670,1,0,1,2,0,0
tx_legit_003532,0,364.21,5.9005,768,1,0,1,1,0,0
tx_legit_008321,0,259.33,5.562,672,1,0,1,1,0,0
tx_fraud_000691,1,40556.06,10.6105,1,11,9,18,39,1,1
tx_fraud_000239,1,6355.49,8.7572,17,17,4,2,32,0,1
tx_legit_008140,0,1016.08,6.9247,83,1,0,1,1,0,0
tx_fraud_000139,1,6535.06,8.7851,14,11,1,11,2,0,1
tx_legit_008989,0,677.25,6.5195,724,1,0,1,4,0,0
tx_legit_006108,0,906.02,6.8102,145,1,1,1,1,0,0
tx_legit_003446,0,439.09,6.087,741,3,0,1,2,0,0
tx_legit_004717,0,433.81,6.0749,305,1,0,1,1,0,0
tx_legit_003027,0,507.82,6.2321,649,1,0,1,1,0,0
tx_legit_007432,0,419.19,6.0407,482,2,0,1,1,0,0
tx_legit_009061,0,344.4,5.8447,618,2,1,1,2,0,0
tx_legit_008339,0,802.53,6.689,406,4,0,2,2,0,0
tx_legit_003289,0,486.53,6.1894,514,1,0,1,1,0,0
tx_legit_004307,0,183.64,5.2184,855,2,1,1,1,0,0
tx_legit_004416,0,213.92,5.3703,621,1,0,1,2,0,0
tx_legit_004076,0,259.34,5.562,859,1,0,2,1,0,0
tx_legit_004934,0,153.59,5.0408,107,2,0,1,1,0,0
tx_legit_005974,0,1254.38,7.1352,292,1,0,1,1,0,0
tx_legit_000330,0,731.94,6.5971,179,1,0,1,1,0,0
tx_legit_005627,0,516.51,6.249,730,1,0,1,1,0,0
tx_legit_005706,0,392.11,5.9741,34,2,0,1,2,0,0
tx_legit_009046,0,229.78,5.4415,425,1,0,1,2,0,0
tx_fraud_000128,1,15161.67,9.6266,9,9,4,10,5,0,1
tx_legit_004833,0,307.54,5.7319,522,2,0,1,1,0,0
tx_fraud_000240,1,9016.49,9.1069,10,24,2,1,12,0,1
tx_legit_008058,0,247.79,5.5166,780,2,0,1,3,0,0
tx_legit_005274,0,678.23,6.521,842,1,0,1,2,0,0
tx_legit_004628,0,356.34,5.8787,364,1,0,1,3,0,0
tx_fraud_000347,1,18292.61,9.8143,5,4,0,5,5,1,0
tx_legit_003533,0,228.78,5.4371,196,2,0,2,1,0,0
tx_legit_009158,0,299.51,5.7055,186,1,0,1,1,0,0
tx_legit_008648,0,597.95,6.3952,781,3,0,1,2,0,0
tx_legit_003284,0,357.78,5.8827,726,1,0,1,1,0,0
tx_legit_004953,0,536.87,6.2876,834,1,0,1,1,0,0
tx_legit_000263,0,736.84,6.6037,539,1,0,2,1,0,0
tx_legit_003702,0,2366.13,7.7694,586,1,0,1,2,0,0
tx_legit_007516,0,692.92,6.5424,757,1,0,1,1,0,0
tx_legit_008624,0,2283.41,7.7339,731,1,0,1,2,0,0
tx_legit_006447,0,146.37,4.9929,74,2,0,1,1,0,0
tx_legit_007857,0,592.4,6.3859,736,1,0,1,1,0,0
tx_fraud_000492,1,85396.67,11.3551,7,14,5,3,4,1,1
tx_fraud_000762,1,61831.81,11.0322,3,14,5,16,35,1,1
tx_legit_001624,0,402.45,6.0001,845,1,0,1,3,0,0
tx_legit_000852,0,1295.76,7.1676,222,1,0,2,1,0,0
tx_legit_003110,0,123.66,4.8256,306,1,0,1,1,0,0
tx_legit_002578,0,144.99,4.9835,265,1,1,1,2,0,0
tx_legit_005176,0,1320.75,7.1867,200,1,0,1,1,0,0
tx_legit_000901,0,830.01,6.7226,347,2,0,1,1,0,0
tx_legit_008396,0,259.5,5.5626,64,1,0,1,2,0,0
tx_fraud_000732,1,35479.3,10.4767,4,23,6,16,37,1,1
tx_legit_005521,0,831.96,6.725,373,2,0,1,1,0,0
tx_legit_008233,0,420.02,6.0427,301,2,0,1,1,0,0
tx_legit_007441,0,152.72,5.0351,545,1,0,1,2,0,0
tx_legit_006546,0,560.91,6.3313,609,1,0,1,1,0,0
tx_legit_000162,0,337.01,5.8231,322,1,0,1,1,0,0
tx_legit_001479,0,674.71,6.5158,774,1,0,1,1,0,0
tx_legit_003486,0,276.48,5.6257,456,1,0,1,1,0,0
tx_legit_005468,0,334.1,5.8144,188,2,0,1,1,0,0
tx_legit_001227,0,262.31,5.5733,797,2,0,1,3,0,0
tx_fraud_000460,1,15795.47,9.6675,0,3,3,3,6,1,0
tx_fraud_000289,1,8670.9,9.0678,21,10,7,3,27,0,1
tx_legit_004813,0,202.51,5.3157,661,1,1,2,1,0,0
tx_legit_001747,0,726.68,6.5899,58,1,0,1,2,0,0
tx_legit_003192,0,699.64,6.552,186,1,0,1,2,0,0
tx_fraud_000473,1,18911.16,9.8476,3,9,3,4,4,1,1
tx_fraud_000341,1,10016.98,9.2121,5,7,2,3,3,1,1
tx_fraud_000605,1,55615.72,10.9262,7,15,5,2,4,1,1
tx_legit_008411,0,492.48,6.2015,358,1,0,2,4,0,0
tx_legit_004060,0,243.18,5.4979,683,1,0,1,1,0,0
tx_legit_006466,0,545.02,6.3027,444,1,0,1,3,0,0
tx_legit_003424,0,206.69,5.336,336,1,0,2,2,0,0
tx_legit_005949,0,516.6,6.2492,641,2,1,1,1,0,0
tx_legit_002603,0,375.72,5.9315,526,1,0,1,1,0,0
tx_legit_004255,0,412.07,6.0236,652,1,0,2,1,0,0
tx_legit_006865,0,203.79,5.322,692,1,0,1,2,0,0
tx_legit_006888,0,251.7,5.5322,283,2,0,1,3,0,0
tx_legit_001351,0,443.87,6.0978,492,4,0,1,3,0,0
tx_legit_003569,0,186.38,5.2331,59,1,0,1,1,0,0
tx_legit_000079,0,549.12,6.3101,301,1,0,1,5,0,0
tx_legit_008806,0,309.27,5.7374,70,1,0,1,1,0,0
tx_legit_000198,0,253.74,5.5402,475,1,0,1,1,0,0
tx_legit_001871,0,417.45,6.0366,566,2,0,2,2,0,0
tx_legit_002432,0,361.38,5.8927,701,3,0,2,1,0,0
tx_legit_000236,0,275.28,5.6214,520,1,0,1,1,0,0
tx_legit_001937,0,227.86,5.4331,668,1,0,1,1,0,0
tx_legit_005986,0,282.14,5.6459,876,2,0,1,2,0,0
tx_fraud_000521,1,83849.5,11.3368,4,10,6,1,3,1,1
tx_legit_008042,0,277.45,5.6292,31,1,0,1,1,0,0
tx_legit_007150,0,448.58,6.1083,636,3,1,1,1,0,0
tx_legit_002647,0,218.67,5.3921,123,1,0,1,1,0,0
tx_legit_007772,0,337.65,5.825,415,2,0,1,4,0,0
tx_legit_000420,0,226.76,5.4283,52,2,0,1,1,0,0
tx_legit_000793,0,893.05,6.7958,650,1,0,1,1,0,0
tx_fraud_000277,1,2873.33,7.9636,14,24,7,2,14,0,1
tx_legit_000436,0,835.83,6.7296,322,1,0,1,1,0,0
tx_legit_006734,0,635.89,6.4566,852,1,0,1,1,0,0
tx_fraud_000133,1,15280.31,9.6344,4,7,4,12,3,1,1
tx_legit_007147,0,912.93,6.8178,521,1,0,1,1,0,0
tx_legit_002570,0,328.12,5.7964,243,1,0,1,3,0,0
tx_legit_006664,0,335.46,5.8185,442,1,0,1,1,0,0
tx_legit_002834,0,637.89,6.4597,246,2,0,1,2,0,0
tx_legit_005660,0,528.01,6.271,218,2,0,1,1,0,0
tx_legit_002648,0,685.96,6.5323,394,2,0,1,2,0,0
tx_legit_005236,0,956.77,6.8646,409,1,0,1,1,0,0
tx_legit_002267,0,301.15,5.7109,600,1,0,3,1,0,0
tx_legit_002294,0,1055.74,6.9629,702,1,0,1,1,0,0
tx_legit_006402,0,276.27,5.625,482,1,0,1,1,0,0
tx_legit_007677,0,1813.64,7.5036,688,1,0,1,4,0,0
tx_legit_000688,0,764.19,6.6401,744,3,0,1,4,0,0
tx_legit_002792,0,462.97,6.1398,559,2,0,1,2,0,0
tx_fraud_000533,1,84880.33,11.349,4,11,4,1,1,1,1
tx_legit_002164,0,873.87,6.7741,858,1,0,1,3,0,0
tx_legit_008861,0,576.17,6.3581,109,1,0,2,2,0,0
tx_fraud_000260,1,2606.91,7.8663,15,15,2,3,21,0,1
tx_legit_007993,0,506.08,6.2287,857,1,0,1,1,0,0
tx_fraud_000355,1,18588.5,9.8304,1,6,1,5,2,1,1
tx_legit_001631,0,338.71,5.8281,625,2,0,1,2,0,0
tx_legit_000138,0,3968.89,8.2865,252,1,1,1,3,0,0
tx_legit_004388,0,287.36,5.6642,321,2,0,1,1,0,0
tx_fraud_000454,1,21529.77,9.9772,4,8,1,2,2,1,1
tx_legit_002918,0,837.7,6.7319,426,1,0,1,1,0,0
tx_legit_002767,0,675.77,6.5173,587,4,0,1,3,0,0
tx_legit_008298,0,1484.86,7.3037,367,1,0,1,2,0,0
tx_legit_003016,0,643.29,6.4681,307,2,0,2,1,0,0
tx_legit_003114,0,466.1,6.1465,258,1,0,1,2,0,0
tx_legit_001146,0,566.28,6.3409,315,1,0,1,1,0,0
tx_legit_006597,0,613.66,6.4211,842,1,0,1,1,0,0
tx_legit_003560,0,1555.33,7.3501,501,1,0,1,3,0,0
tx_legit_008368,0,1377.41,7.2287,840,2,0,2,2,0,0
tx_legit_007892,0,464.3,6.1427,502,1,0,1,1,0,0
tx_legit_004727,0,402.24,5.9995,52,1,0,1,1,0,0
tx_legit_005308,0,818.18,6.7083,345,1,0,1,1,0,0
tx_legit_000746,0,529.47,6.2738,781,1,1,1,1,0,0
tx_legit_004755,0,585.86,6.3748,586,1,0,1,4,0,0
tx_legit_005777,0,508.0,6.2324,530,1,0,1,1,0,0
tx_legit_004689,0,648.73,6.4766,214,2,0,1,2,0,0
tx_legit_007347,0,142.29,4.9649,234,1,1,1,2,0,0
tx_legit_007494,0,218.66,5.3921,161,1,0,1,1,0,0
tx_legit_002551,0,191.68,5.261,866,2,0,2,1,0,0
tx_legit_002375,0,352.13,5.8668,852,1,0,2,1,0,0
tx_legit_000862,0,783.68,6.6653,499,1,0,2,1,0,0
tx_legit_003878,0,269.02,5.5985,550,1,0,1,1,0,0
tx_legit_008043,0,242.39,5.4947,330,1,0,1,2,0,0
tx_fraud_000295,1,10073.55,9.2178,23,11,7,4,30,0,1
tx_fraud_000696,1,19488.52,9.8776,5,13,5,11,25,1,1
tx_legit_009009,0,489.22,6.1949,118,1,0,1,3,0,0
tx_legit_000942,0,726.55,6.5897,166,1,0,1,1,0,0
tx_legit_005672,0,673.86,6.5145,357,1,0,1,1,0,0
tx_legit_003157,0,137.26,4.9291,360,1,0,1,1,0,0
tx_legit_001990,0,622.27,6.435,178,1,0,1,1,0,0
tx_legit_009173,0,250.68,5.5282,182,2,0,3,1,0,0
tx_legit_006364,0,1158.59,7.0558,781,1,0,1,3,0,0
tx_fraud_000796,1,20591.53,9.9327,2,16,8,19,30,1,1
tx_legit_007160,0,747.02,6.6174,256,1,0,1,2,0,0
tx_legit_002366,0,455.47,6.1235,591,1,0,3,4,0,0
tx_legit_001964,0,526.35,6.2679,723,1,0,1,1,0,0
tx_legit_009008,0,1820.27,7.5073,593,1,0,1,1,0,0
tx_legit_001614,0,116.94,4.7702,472,1,0,1,2,0,0
tx_legit_001832,0,562.94,6.3349,484,2,0,1,2,0,0
tx_legit_001313,0,759.03,6.6334,121,2,0,1,1,0,0
tx_legit_002984,0,1544.66,7.3432,366,1,0,1,1,0,0
tx_legit_005058,0,472.65,6.1605,326,1,0,1,1,0,0
tx_legit_002924,0,336.0,5.8201,191,2,0,1,1,0,0
tx_legit_000868,0,431.12,6.0687,197,1,0,1,1,0,0
tx_legit_001678,0,1866.33,7.5323,403,1,0,3,2,0,0
tx_legit_001755,0,712.14,6.5697,459,1,0,1,1,0,0
tx_legit_004765,0,586.05,6.3751,697,1,0,1,1,0,0
tx_legit_000979,0,259.48,5.5625,532,1,0,1,2,0,0
tx_legit_001402,0,422.15,6.0477,106,1,0,1,2,0,0
tx_legit_005837,0,798.18,6.6836,852,1,0,2,2,0,0
tx_legit_005074,0,210.16,5.3526,756,1,0,1,1,0,0
tx_legit_006506,0,789.58,6.6728,850,1,0,3,1,0,0
tx_legit_007904,0,220.63,5.401,315,1,0,1,3,0,0
tx_legit_001573,0,293.61,5.6857,574,1,0,1,2,0,0
tx_legit_007734,0,131.82,4.889,843,1,0,3,4,0,0
tx_legit_005199,0,578.58,6.3623,117,1,0,1,1,0,0
tx_legit_000368,0,323.77,5.7831,451,1,0,1,1,0,0
tx_legit_001077,0,229.16,5.4388,805,1,0,2,1,0,0
tx_legit_000980,0,292.45,5.6817,237,1,0,1,2,0,0
tx_legit_007380,0,227.85,5.4331,110,2,0,1,1,0,0
tx_legit_002325,0,480.02,6.1759,571,1,0,1,1,0,0
tx_legit_008583,0,1196.02,7.0876,805,1,0,1,1,0,0
tx_legit_007992,0,621.56,6.4338,137,1,0,1,1,0,0
tx_legit_008655,0,647.4,6.4745,168,2,0,1,2,0,0
tx_legit_001689,0,722.38,6.5839,895,1,2,2,1,0,0
tx_legit_003893,0,386.39,5.9594,665,1,0,1,2,0,0
tx_legit_007687,0,1377.03,7.2284,542,4,0,1,1,0,0
tx_fraud_000097,1,6714.36,8.8122,3,5,1,11,2,1,1
tx_legit_004196,0,528.38,6.2717,389,1,0,1,2,0,0
tx_legit_002673,0,670.26,6.5092,705,1,0,2,1,0,0
tx_legit_002858,0,261.19,5.5691,527,1,0,1,1,0,0
tx_fraud_000270,1,4912.17,8.4997,2,8,4,2,13,1,1
tx_legit_001272,0,286.36,5.6607,873,1,0,1,3,0,0
tx_legit_005582,0,1444.49,7.2762,729,2,1,1,1,0,0
tx_legit_001711,0,1311.22,7.1795,763,1,0,2,3,0,0
tx_legit_002133,0,794.0,6.6783,267,1,0,1,3,0,0
tx_legit_006062,0,259.98,5.5644,762,1,1,1,1,0,0
tx_legit_007638,0,450.95,6.1136,432,1,0,1,2,0,0
tx_legit_001891,0,1667.63,7.4198,636,1,0,2,2,0,0
tx_legit_002762,0,531.85,6.2782,617,1,0,1,1,0,0
tx_legit_002651,0,409.09,6.0164,637,1,0,1,1,0,0
tx_legit_001856,0,603.21,6.4039,743,1,1,1,1,0,0
tx_legit_001137,0,1727.17,7.4548,265,1,0,1,2,0,0
tx_legit_000319,0,1045.15,6.9529,130,1,0,1,1,0,0
tx_legit_008034,0,349.04,5.858,545,1,1,1,2,0,0
tx_legit_008205,0,258.14,5.5574,371,1,0,1,1,0,0
tx_legit_002239,0,244.2,5.5021,65,1,0,2,1,0,0
tx_legit_007022,0,336.54,5.8217,616,1,0,1,1,0,0
tx_legit_000613,0,185.61,5.229,604,1,0,1,2,0,0
tx_legit_000200,0,423.18,6.0502,595,1,0,1,2,0,0
tx_legit_005748,0,505.06,6.2267,481,1,1,2,4,0,0
tx_legit_007662,0,267.48,5.5928,822,1,0,1,1,0,0
tx_legit_009082,0,145.63,4.9879,803,1,0,3,1,0,0
tx_legit_004480,0,718.29,6.5783,305,1,0,1,2,0,0
tx_legit_002006,0,462.01,6.1377,498,2,0,1,2,0,0
tx_legit_008649,0,306.73,5.7292,155,1,0,1,1,0,0
tx_legit_002404,0,500.81,6.2182,356,1,0,1,1,0,0
tx_legit_003407,0,406.83,6.0109,174,1,0,1,1,0,0
tx_legit_001491,0,480.43,6.1768,52,1,0,1,2,0,0
tx_legit_001439,0,209.27,5.3484,652,1,0,1,2,0,0
tx_legit_006615,0,532.76,6.2799,692,1,0,1,2,0,0
tx_legit_007059,0,441.75,6.093,432,1,0,1,1,0,0
tx_legit_000762,0,549.36,6.3106,720,1,0,1,1,0,0
tx_legit_002895,0,841.33,6.7362,498,1,0,2,1,0,0
tx_legit_008070,0,1007.37,6.9161,118,2,0,1,1,0,0
tx_legit_000111,0,277.54,5.6296,85,2,0,1,1,0,0
tx_legit_004587,0,1011.09,6.9198,543,3,0,2,1,0,0
tx_fraud_000598,1,36049.36,10.4927,8,8,6,1,3,0,1
tx_legit_003378,0,164.42,5.1085,549,1,0,1,1,0,0
tx_legit_001850,0,1069.07,6.9755,741,1,0,2,3,0,0
tx_fraud_000096,1,15142.82,9.6253,8,5,3,10,5,0,1
tx_legit_004977,0,588.26,6.3789,169,1,0,1,2,0,0
tx_legit_003179,0,315.27,5.7566,321,2,0,1,1,0,0
tx_fraud_000199,1,5600.22,8.6307,17,11,8,1,27,0,1
tx_legit_003345,0,1657.67,7.4138,331,1,0,1,1,0,0
tx_fraud_000155,1,14671.3,9.5937,4,8,3,13,4,1,1
tx_legit_004321,0,464.8,6.1438,568,1,0,1,1,0,0
tx_legit_006748,0,284.54,5.6544,685,1,0,1,1,0,0
tx_legit_007122,0,2086.47,7.6437,70,2,1,1,1,0,0
tx_legit_003172,0,1649.41,7.4088,574,2,0,1,2,0,0
tx_legit_005581,0,478.46,6.1727,408,1,0,1,3,0,0
tx_fraud_000643,1,18218.7,9.8103,0,13,9,16,37,1,1
tx_legit_001451,0,413.18,6.0263,626,1,0,1,1,0,0
tx_legit_006610,0,387.66,5.9627,444,1,0,1,1,0,0
tx_legit_002275,0,641.53,6.4654,146,1,0,1,2,0,0
tx_legit_003440,0,411.12,6.0213,575,2,0,1,2,0,0
tx_legit_008620,0,472.46,6.1601,246,1,0,1,1,0,0
tx_legit_008007,0,671.51,6.511,640,1,0,1,3,0,0
tx_fraud_000238,1,11956.2,9.3891,17,15,3,1,27,0,1
tx_legit_006655,0,824.67,6.7162,869,1,2,1,1,0,0
tx_legit_002992,0,144.77,4.982,464,1,0,1,3,0,0
tx_legit_001005,0,246.28,5.5105,873,4,0,1,2,0,0
tx_legit_000455,0,330.98,5.8051,462,2,0,1,1,0,0
tx_fraud_000406,1,8576.53,9.0569,3,8,1,2,6,1,1
tx_legit_004459,0,330.31,5.8031,34,1,0,2,1,0,0
tx_legit_006272,0,375.88,5.9319,416,1,0,1,1,0,0
tx_legit_005733,0,157.82,5.0678,85,1,1,1,4,0,0
tx_legit_003904,0,452.69,6.1174,200,2,0,1,2,0,0
tx_legit_008611,0,731.89,6.597,221,1,0,1,3,0,0
tx_legit_000579,0,315.88,5.7585,322,2,0,1,1,0,0
tx_legit_006581,0,896.89,6.8,862,1,1,1,3,0,0
tx_fraud_000722,1,62175.92,11.0377,5,11,10,17,21,1,1
tx_legit_001237,0,140.26,4.9506,482,1,0,1,1,0,0
tx_legit_008518,0,903.24,6.8071,269,2,0,1,1,0,0
tx_legit_006422,0,599.77,6.3982,365,1,0,2,1,0,0
tx_legit_001256,0,884.12,6.7857,331,1,0,1,1,0,0
tx_fraud_000593,1,80768.86,11.2994,5,8,7,3,4,1,1
tx_legit_007657,0,184.51,5.2231,350,1,0,1,1,0,0
tx_legit_001086,0,1117.55,7.0198,839,1,0,1,1,0,0
tx_legit_009116,0,307.58,5.732,172,1,0,1,1,0,0
tx_legit_006318,0,1073.4,6.9795,31,1,0,1,1,0,0
tx_legit_005125,0,236.91,5.4719,178,1,0,1,1,0,0
tx_legit_002289,0,425.96,6.0567,173,3,0,1,1,0,0
tx_legit_005059,0,1109.28,7.0124,492,1,0,1,2,0,0
tx_legit_007390,0,478.09,6.1719,166,1,0,1,1,0,0
tx_legit_001613,0,145.61,4.9878,206,1,0,1,1,0,0
tx_legit_008789,0,219.12,5.3942,470,1,0,1,2,0,0
tx_legit_002512,0,786.48,6.6688,821,1,0,2,3,0,0
tx_legit_000932,0,341.1,5.8351,376,1,0,1,1,0,0
tx_legit_000020,0,1823.78,7.5092,859,2,0,1,2,0,0
tx_legit_000339,0,373.75,5.9263,894,1,0,2,1,0,0
tx_legit_005448,0,458.02,6.1291,181,3,0,1,4,0,0
tx_fraud_000394,1,10556.09,9.2646,3,7,1,2,2,1,1
tx_legit_000567,0,270.94,5.6056,716,1,0,1,1,0,0
tx_legit_009094,0,424.66,6.0536,305,1,1,1,2,0,0
tx_legit_001192,0,813.33,6.7024,284,2,2,1,2,0,0
tx_legit_006579,0,478.7,6.1732,473,2,0,1,2,0,0
tx_legit_005666,0,170.38,5.1439,315,1,0,1,1,0,0
tx_legit_004906,0,972.92,6.8813,181,2,0,1,1,0,0
tx_legit_005367,0,324.43,5.7851,350,1,1,1,1,0,0
tx_legit_007393,0,880.0,6.7811,703,2,0,1,2,0,0
tx_legit_004334,0,323.68,5.7828,238,1,0,1,1,0,0
tx_legit_008094,0,297.96,5.7003,399,3,0,1,1,0,0
tx_legit_005822,0,283.87,5.652,884,1,1,1,2,0,0
tx_legit_009063,0,208.51,5.3448,521,1,0,1,1,0,0
tx_legit_008886,0,394.24,5.9795,151,1,0,2,3,0,0
tx_fraud_000053,1,16910.15,9.7357,12,6,1,12,4,0,1
tx_legit_003069,0,1030.72,6.939,389,1,0,1,1,0,0
tx_legit_002778,0,726.43,6.5895,708,1,0,1,1,0,0
tx_legit_007394,0,271.57,5.6079,733,1,0,1,2,0,0
tx_legit_006713,0,1606.02,7.3821,294,1,0,1,2,0,0
tx_legit_002540,0,756.73,6.6303,389,1,0,1,1,0,0
tx_legit_000384,0,661.32,6.4957,617,1,0,1,1,0,0
tx_legit_006055,0,2671.52,7.8908,67,1,0,1,1,0,0
tx_legit_001436,0,708.54,6.5646,212,2,0,1,1,0,0
tx_legit_007579,0,1142.84,7.0421,852,1,0,1,1,0,0
tx_legit_000074,0,721.23,6.5823,558,1,0,2,1,0,0
tx_legit_003258,0,476.4,6.1684,323,1,0,1,1,0,0
tx_legit_000903,0,879.12,6.7801,407,1,0,1,3,0,0
tx_legit_006566,0,564.38,6.3375,187,1,0,2,1,0,0
tx_legit_008815,0,1233.55,7.1185,448,2,0,1,1,0,0
tx_legit_003899,0,813.65,6.7028,406,2,0,1,2,0,0
tx_legit_002698,0,874.96,6.7753,408,1,0,1,1,0,0
tx_legit_008848,0,925.57,6.8315,456,3,0,1,1,0,0
tx_legit_009024,0,657.33,6.4897,486,3,1,1,1,0,0
tx_legit_001249,0,628.87,6.4455,428,1,0,1,1,0,0
tx_legit_002327,0,702.06,6.5554,406,1,0,1,1,0,0
tx_legit_001405,0,424.72,6.0538,759,1,0,1,4,0,0
tx_legit_008504,0,577.05,6.3597,139,1,0,1,1,0,0
tx_legit_004583,0,875.16,6.7755,812,1,0,2,3,0,0
tx_legit_002690,0,244.3,5.5025,274,1,0,1,1,0,0
tx_legit_003034,0,785.98,6.6682,708,1,0,1,2,0,0
tx_fraud_000699,1,47156.43,10.7612,1,23,5,15,17,1,1
tx_legit_001348,0,628.35,6.4447,201,1,0,1,2,0,0
tx_legit_000489,0,1428.16,7.2648,186,1,0,1,1,0,0
tx_legit_006050,0,196.53,5.2859,402,4,0,1,1,0,0
tx_legit_001450,0,1392.68,7.2397,867,1,0,1,1,0,0
tx_legit_001840,0,827.53,6.7197,51,1,0,1,2,0,0
tx_fraud_000706,1,50212.89,10.824,7,26,8,13,27,1,1
tx_legit_007273,0,1150.06,7.0484,512,2,0,2,1,0,0
tx_legit_002560,0,786.54,6.6689,286,1,0,1,1,0,0
tx_legit_006726,0,1031.2,6.9394,883,1,0,2,1,0,0
tx_legit_001364,0,585.81,6.3747,328,2,0,1,2,0,0
tx_legit_003846,0,699.34,6.5516,152,1,0,1,2,0,0
tx_legit_004042,0,250.03,5.5256,776,2,2,1,1,0,0
tx_fraud_000565,1,82169.54,11.3166,3,11,3,3,2,1,1
tx_legit_003025,0,620.33,6.4319,346,1,0,1,2,0,0
tx_legit_006253,0,475.29,6.166,430,1,0,1,3,0,0
tx_legit_005970,0,455.59,6.1238,515,1,0,1,2,0,0
tx_legit_004980,0,592.6,6.3862,265,1,0,1,2,0,0
tx_legit_008375,0,549.8,6.3114,56,2,0,1,1,0,0
tx_fraud_000314,1,13414.68,9.5042,18,19,3,1,12,0,1
tx_legit_006968,0,253.18,5.538,617,1,0,1,1,0,0
tx_legit_003329,0,702.3,6.5558,795,1,0,1,2,0,0
tx_fraud_000208,1,4911.14,8.4995,19,10,3,3,28,0,1
tx_legit_009106,0,182.77,5.2137,81,2,1,1,1,0,0
tx_legit_005736,0,664.24,6.5001,692,1,0,1,1,0,0
tx_legit_000494,0,396.32,5.9847,46,1,0,1,4,0,0
tx_legit_002355,0,482.64,6.1813,720,1,0,1,3,0,0
tx_legit_007893,0,984.25,6.8929,593,1,0,1,2,0,0
tx_legit_003559,0,391.32,5.9721,468,1,0,1,2,0,0
tx_legit_008744,0,294.93,5.6901,451,1,0,1,4,0,0
tx_legit_008440,0,214.98,5.3752,580,1,0,1,3,0,0
tx_legit_005981,0,1023.92,6.9324,562,2,0,1,2,0,0
tx_legit_004565,0,1555.97,7.3505,399,1,0,2,1,0,0
tx_legit_001860,0,933.93,6.8405,864,1,0,1,1,0,0
tx_legit_004893,0,563.48,6.3359,461,1,0,1,1,0,0
tx_legit_005990,0,1726.78,7.4546,341,2,0,1,1,0,0
tx_legit_001406,0,151.26,5.0256,258,1,1,1,1,0,0
tx_legit_003363,0,924.38,6.8302,807,1,0,1,1,0,0
tx_legit_006356,0,731.2,6.5961,145,1,0,2,1,0,0
tx_fraud_000671,1,29039.85,10.2765,0,23,4,12,27,1,1
tx_legit_004729,0,791.81,6.6756,321,1,0,1,1,0,0
tx_legit_000855,0,1049.6,6.9571,570,1,1,1,3,0,0
tx_legit_001193,0,290.74,5.6759,118,1,0,1,2,0,0
tx_legit_001885,0,947.56,6.8549,349,3,0,1,2,0,0
tx_legit_002737,0,975.93,6.8844,748,1,0,1,2,0,0
tx_legit_004769,0,365.43,5.9038,243,1,0,1,1,0,0
tx_legit_005134,0,320.2,5.7721,741,1,1,1,1,0,0
tx_legit_004252,0,225.25,5.4216,336,1,0,1,1,0,0
tx_fraud_000738,1,56310.41,10.9387,1,26,10,15,40,1,1
tx_legit_001447,0,815.48,6.705,122,1,0,1,3,0,0
tx_legit_002824,0,365.76,5.9047,756,1,0,1,1,0,0
tx_legit_008393,0,992.75,6.9015,74,3,0,1,1,0,0
tx_legit_007089,0,234.31,5.4609,209,1,0,1,2,0,0
tx_legit_001104,0,354.22,5.8727,808,2,0,1,1,0,0
tx_legit_000944,0,589.02,6.3802,822,1,2,1,2,0,0
tx_legit_006776,0,962.73,6.8708,252,2,1,1,1,0,0
tx_legit_006471,0,121.72,4.8099,482,1,0,2,2,0,0
tx_legit_000064,0,235.32,5.4652,821,1,0,2,1,0,0
tx_fraud_000315,1,12909.55,9.4658,14,13,8,1,17,0,1
tx_fraud_000425,1,20582.62,9.9323,4,3,1,5,2,1,0
tx_legit_006313,0,220.41,5.4,598,1,0,1,1,0,0
tx_legit_004011,0,785.48,6.6676,807,1,1,1,2,0,0
tx_legit_008680,0,315.97,5.7588,781,1,1,1,1,0,0
tx_legit_002470,0,224.62,5.4189,222,1,0,1,1,0,0
tx_legit_005793,0,206.97,5.3374,474,1,0,1,2,0,0
tx_legit_000534,0,483.84,6.1838,434,1,0,2,2,0,0
tx_legit_003009,0,1836.38,7.5161,237,1,0,1,1,0,0
tx_fraud_000370,1,11635.49,9.3619,0,3,0,4,6,1,0
tx_fraud_000789,1,38047.03,10.5466,7,10,4,16,25,1,1
tx_legit_008694,0,816.56,6.7063,331,1,0,1,1,0,0
tx_fraud_000728,1,33021.67,10.4049,1,22,8,13,23,1,1
tx_legit_003340,0,262.16,5.5728,742,1,0,1,1,0,0
tx_legit_008386,0,1471.58,7.2948,539,1,0,1,1,0,0
tx_legit_003778,0,1201.78,7.0924,776,1,0,1,1,0,0
tx_legit_003634,0,835.46,6.7292,313,1,0,2,2,0,0
tx_legit_007562,0,1636.32,7.4008,271,2,0,1,1,0,0
tx_legit_007608,0,505.24,6.227,458,3,0,1,1,0,0
tx_legit_008460,0,416.52,6.0343,355,1,0,1,2,0,0
tx_fraud_000409,1,14077.86,9.5524,0,7,0,4,2,1,1
tx_legit_005664,0,855.34,6.7527,751,1,0,1,1,0,0
tx_legit_001441,0,454.54,6.1215,331,2,0,2,1,0,0
tx_legit_007053,0,905.69,6.8098,218,1,0,1,4,0,0
tx_legit_005112,0,640.76,6.4642,826,1,0,1,2,0,0
tx_legit_005269,0,495.55,6.2077,744,1,1,1,1,0,0
tx_legit_000774,0,301.11,5.7108,462,1,2,1,2,0,0
tx_legit_007569,0,339.92,5.8316,730,1,0,1,1,0,0
tx_legit_007069,0,1808.12,7.5006,443,1,0,1,3,0,0
tx_legit_008857,0,2359.03,7.7664,899,1,2,1,2,0,0
tx_legit_008455,0,1463.47,7.2892,514,2,0,1,1,0,0
tx_legit_003871,0,509.75,6.2359,136,1,1,2,1,0,0
tx_legit_007105,0,277.55,5.6296,613,1,0,1,2,0,0
tx_legit_003627,0,486.09,6.1884,723,1,0,1,2,0,0
tx_legit_002550,0,503.94,6.2244,315,2,0,1,4,0,0
tx_legit_006421,0,558.13,6.3264,313,2,0,1,1,0,0
tx_legit_007802,0,557.71,6.3256,551,1,1,2,1,0,0
tx_legit_005266,0,419.65,6.0418,757,2,0,1,2,0,0
tx_legit_002819,0,522.56,6.2607,187,1,0,1,2,0,0
tx_legit_001203,0,1193.07,7.0851,892,1,0,1,1,0,0
tx_legit_005208,0,441.62,6.0927,541,1,0,1,1,0,0
tx_legit_006315,0,1015.75,6.9244,821,1,0,1,1,0,0
tx_fraud_000684,1,55392.15,10.9222,4,24,8,16,15,1,1
tx_fraud_000241,1,3556.68,8.1769,12,8,8,4,13,0,1
tx_legit_001908,0,2745.97,7.9183,494,1,0,1,2,0,0
tx_legit_001798,0,165.29,5.1137,521,1,0,1,3,0,0
tx_legit_006982,0,1904.8,7.5527,458,1,0,1,1,0,0
tx_legit_004648,0,707.98,6.5638,551,1,0,1,1,0,0
tx_legit_003381,0,389.1,5.9664,349,1,0,2,2,0,0
tx_legit_007262,0,739.64,6.6075,835,1,1,1,1,0,0
tx_legit_003511,0,284.29,5.6535,220,1,1,1,1,0,0
tx_legit_004517,0,469.94,6.1547,597,1,0,1,2,0,0
tx_legit_000252,0,398.42,5.99,632,1,0,1,1,0,0
tx_legit_009099,0,143.06,4.9702,853,3,1,1,1,0,0
tx_legit_008646,0,441.41,6.0922,60,1,0,1,3,0,0
tx_legit_002337,0,862.36,6.7608,152,1,1,1,2,0,0
tx_legit_005191,0,248.77,5.5205,568,3,0,1,3,0,0
tx_legit_004238,0,153.44,5.0398,584,1,0,1,1,0,0
tx_fraud_000316,1,2204.94,7.6989,17,15,2,2,31,0,1
tx_legit_007424,0,754.85,6.6278,284,1,1,1,1,0,0
tx_legit_006319,0,989.83,6.8985,252,1,0,1,1,0,0
tx_legit_002768,0,699.76,6.5522,404,2,1,2,1,0,0
tx_legit_008447,0,502.86,6.2223,341,1,0,1,1,0,0
tx_legit_006791,0,347.64,5.854,394,2,0,1,1,0,0
tx_legit_007436,0,1240.47,7.1241,816,3,0,1,3,0,0
tx_legit_001398,0,705.69,6.5606,475,1,0,1,1,0,0
tx_legit_000124,0,305.27,5.7245,458,1,0,1,2,0,0
tx_legit_003306,0,1764.6,7.4762,211,1,0,2,1,0,0
tx_legit_003144,0,852.47,6.7493,894,1,0,2,1,0,0
tx_legit_000055,0,1039.34,6.9473,634,2,0,1,1,0,0
tx_legit_008033,0,1169.64,7.0653,540,1,0,1,1,0,0
tx_legit_006214,0,202.5,5.3157,406,1,0,1,2,0,0
tx_legit_003186,0,352.68,5.8684,542,1,0,1,1,0,0
tx_legit_008317,0,340.28,5.8327,463,1,0,1,2,0,0
tx_legit_000135,0,382.38,5.949,853,3,1,1,1,0,0
tx_legit_008473,0,797.24,6.6824,367,1,0,1,2,0,0
tx_legit_008609,0,429.59,6.0652,313,1,0,2,1,0,0
tx_legit_003981,0,212.77,5.3649,125,1,0,1,1,0,0
tx_legit_005420,0,460.48,6.1344,222,1,0,1,1,0,0
tx_legit_002936,0,421.92,6.0472,621,1,0,1,3,0,0
tx_fraud_000466,1,16196.96,9.6926,3,8,0,4,6,1,1
tx_legit_006133,0,618.94,6.4296,299,4,0,1,1,0,0
tx_legit_003722,0,1146.54,7.0454,744,3,0,1,1,0,0
tx_legit_005962,0,557.14,6.3246,373,1,0,1,1,0,0
tx_legit_004086,0,347.27,5.853,802,1,0,1,1,0,0
tx_legit_005347,0,266.5,5.5891,547,4,0,1,2,0,0
tx_legit_008770,0,496.41,6.2094,321,2,0,1,1,0,0
tx_legit_001667,0,1348.96,7.2078,751,1,0,1,1,0,0
tx_legit_001939,0,696.34,6.5473,541,1,0,1,2,0,0
tx_legit_008260,0,1280.48,7.1558,79,1,1,1,2,0,0
tx_legit_000607,0,750.9,6.6226,786,1,0,1,2,0,0
tx_legit_000049,0,764.53,6.6406,172,2,0,1,2,0,0
tx_legit_005743,0,207.55,5.3402,161,4,0,3,1,0,0
tx_legit_007247,0,495.89,6.2084,889,1,0,1,1,0,0
tx_legit_005424,0,377.27,5.9356,389,2,0,1,1,0,0
tx_legit_006224,0,166.18,5.1191,459,1,0,1,1,0,0
tx_legit_001262,0,189.09,5.2475,180,2,1,1,1,0,0
tx_legit_001570,0,639.98,6.463,528,1,1,1,1,0,0
tx_legit_004539,0,359.84,5.8884,463,1,0,1,1,0,0
tx_legit_004633,0,1090.68,6.9955,76,1,0,1,1,0,0
tx_legit_002161,0,156.44,5.059,328,2,1,1,1,0,0
tx_legit_008557,0,485.96,6.1882,422,1,0,1,2,0,0
tx_legit_005013,0,238.12,5.477,355,1,0,1,1,0,0
tx_legit_005750,0,716.54,6.5758,699,1,0,1,1,0,0
tx_legit_008564,0,632.49,6.4512,90,1,0,1,1,0,0
tx_legit_001585,0,242.93,5.4969,181,1,0,1,1,0,0
tx_legit_004107,0,707.44,6.5631,481,2,1,1,1,0,0
tx_legit_002880,0,862.25,6.7607,857,1,0,1,1,0,0
tx_legit_003352,0,643.77,6.4689,635,1,0,1,2,0,0
tx_legit_008510,0,229.99,5.4424,289,1,2,2,2,0,0
tx_legit_005976,0,1752.23,7.4692,740,1,0,1,1,0,0
tx_legit_007682,0,978.53,6.8871,487,1,0,1,2,0,0
tx_legit_006286,0,126.51,4.8482,473,2,0,3,4,0,0
tx_legit_005934,0,223.74,5.4149,213,1,0,3,2,0,0
tx_legit_006817,0,230.34,5.4439,219,1,0,1,1,0,0
tx_fraud_000554,1,83447.03,11.332,1,13,6,3,3,1,1
tx_legit_005319,0,457.4,6.1277,137,1,1,1,1,0,0
tx_legit_001539,0,184.52,5.2232,310,1,0,1,1,0,0
tx_legit_002093,0,976.75,6.8853,182,1,0,1,2,0,0
tx_legit_002548,0,465.53,6.1453,315,3,0,1,1,0,0
tx_legit_003498,0,240.49,5.4868,850,1,0,1,1,0,0
tx_legit_000551,0,348.46,5.8564,564,1,0,1,1,0,0
tx_fraud_000742,1,64772.11,11.0786,1,24,10,17,24,1,1
tx_legit_001111,0,480.13,6.1761,702,1,1,1,2,0,0
tx_legit_005075,0,1372.47,7.2251,203,1,0,1,2,0,0
tx_legit_007757,0,2014.42,7.6086,157,1,0,1,4,0,0
tx_legit_000782,0,830.14,6.7228,161,1,0,1,2,0,0
tx_fraud_000799,1,47500.52,10.7685,4,13,7,16,15,1,1
tx_legit_004429,0,117.58,4.7756,688,1,0,1,1,0,0
tx_legit_002158,0,449.98,6.1114,661,1,0,1,3,0,0
tx_legit_005070,0,611.38,6.4174,440,1,0,1,2,0,0
tx_legit_000430,0,1095.2,6.9996,768,1,1,2,2,0,0
tx_legit_005994,0,253.07,5.5376,458,1,1,1,1,0,0
tx_legit_005173,0,459.59,6.1325,808,1,0,2,1,0,0
tx_legit_005341,0,725.56,6.5883,202,1,0,2,1,0,0
tx_legit_007844,0,91.15,4.5234,640,1,0,1,3,0,0
tx_legit_007929,0,900.37,6.8039,41,2,0,1,2,0,0
tx_legit_004998,0,465.78,6.1459,672,1,1,1,1,0,0
tx_legit_005361,0,305.88,5.7265,435,2,1,1,2,0,0
tx_legit_007622,0,401.7,5.9982,305,1,0,1,1,0,0
tx_legit_007317,0,263.05,5.5761,407,1,0,1,2,0,0
tx_legit_002322,0,384.64,5.9549,414,1,0,1,4,0,0
tx_legit_001994,0,274.85,5.6199,428,2,0,1,2,0,0
tx_legit_002696,0,138.58,4.9386,404,1,0,1,1,0,0
tx_legit_006505,0,316.24,5.7597,195,2,0,1,1,0,0
tx_legit_002820,0,617.96,6.428,702,1,0,1,1,0,0
tx_legit_002038,0,180.01,5.1986,501,1,0,1,2,0,0
tx_legit_008775,0,623.89,6.4376,34,1,0,1,1,0,0
tx_legit_002176,0,452.69,6.1174,748,3,0,1,4,0,0
tx_legit_008377,0,346.8,5.8516,599,1,0,1,1,0,0
tx_legit_005883,0,977.36,6.8859,541,1,0,1,1,0,0
tx_legit_000623,0,1746.9,7.4662,626,1,0,1,1,0,0
tx_legit_004496,0,314.43,5.7539,580,1,0,1,2,0,0
tx_legit_002008,0,306.03,5.7269,251,2,0,3,2,0,0
tx_legit_000276,0,461.12,6.1358,130,3,0,2,1,0,0
tx_legit_006129,0,188.24,5.243,202,1,0,1,2,0,0
tx_legit_002572,0,225.62,5.4233,349,2,0,1,1,0,0
tx_fraud_000495,1,51848.18,10.8561,6,16,5,1,1,1,1
tx_legit_002779,0,573.23,6.353,849,1,0,1,1,0,0
tx_legit_008150,0,157.37,5.0649,659,1,0,1,2,0,0
tx_fraud_000344,1,15941.86,9.6768,5,9,2,5,4,1,1
tx_legit_006996,0,931.06,6.8374,206,1,0,1,1,0,0
tx_legit_001933,0,359.22,5.8867,702,1,0,1,1,0,0
tx_legit_002097,0,321.18,5.7751,50,1,0,1,2,0,0
tx_fraud_000422,1,15840.66,9.6704,0,7,0,2,4,1,1
tx_legit_006345,0,227.54,5.4317,822,1,0,1,1,0,0
tx_fraud_000737,1,38675.19,10.563,5,15,5,10,15,1,1
tx_legit_005575,0,359.68,5.888,332,1,0,1,2,0,0
tx_legit_003413,0,398.51,5.9902,664,4,0,1,2,0,0
tx_legit_004399,0,95.34,4.5679,493,2,0,3,1,0,0
tx_legit_001163,0,415.47,6.0318,407,2,0,1,1,0,0
tx_legit_006435,0,285.1,5.6563,358,1,0,1,1,0,0
tx_legit_007182,0,423.99,6.0521,663,1,0,1,1,0,0
tx_legit_000449,0,295.61,5.6924,624,2,0,1,2,0,0
tx_legit_000690,0,409.63,6.0177,473,1,0,1,1,0,0
tx_legit_000716,0,531.22,6.2771,812,3,0,1,2,0,0
tx_legit_004666,0,1424.71,7.2624,336,1,0,1,1,0,0
tx_legit_000047,0,850.27,6.7467,824,1,0,1,2,0,0
tx_legit_002315,0,2156.53,7.6767,108,1,1,1,1,0,0
tx_legit_004653,0,430.18,6.0665,601,1,0,1,1,0,0
tx_legit_006376,0,1238.36,7.1224,700,2,0,1,1,0,0
tx_legit_007033,0,581.47,6.3673,111,2,2,1,1,0,0
tx_legit_003419,0,606.26,6.409,767,1,0,1,2,0,0
tx_legit_004796,0,90.96,4.5214,256,1,0,1,1,0,0
tx_legit_000601,0,354.79,5.8743,428,1,1,1,3,0,0
tx_legit_004614,0,447.51,6.1059,177,3,0,1,2,0,0
tx_legit_008177,0,388.7,5.9654,301,1,0,2,1,0,0
tx_legit_007125,0,254.78,5.5443,61,1,1,1,1,0,0
tx_legit_000777,0,203.68,5.3214,161,1,0,1,1,0,0
tx_legit_001767,0,695.95,6.5467,610,1,0,1,2,0,0
tx_legit_006255,0,743.42,6.6126,362,2,0,1,1,0,0
tx_legit_002409,0,607.77,6.4114,562,1,0,1,4,0,0
tx_legit_005322,0,669.01,6.5073,187,4,2,1,1,0,0
tx_legit_002433,0,2060.6,7.6312,404,2,0,1,1,0,0
tx_legit_006625,0,911.98,6.8167,779,2,0,1,1,0,0
tx_legit_004080,0,733.95,6.5998,503,2,0,1,2,0,0
tx_legit_008527,0,1035.02,6.9431,288,1,0,3,1,0,0
tx_legit_004024,0,223.44,5.4136,688,1,0,1,1,0,0
tx_legit_009003,0,314.35,5.7537,668,1,0,1,1,0,0
tx_legit_003066,0,260.89,5.5679,237,1,0,1,1,0,0
tx_legit_007529,0,626.4,6.4416,169,2,0,1,1,0,0
tx_legit_000065,0,1443.29,7.2754,747,4,0,2,2,0,0
tx_legit_003277,0,236.28,5.4692,258,1,0,1,2,0,0
tx_legit_001359,0,1984.96,7.5939,110,1,0,1,1,0,0
tx_legit_006400,0,359.03,5.8862,83,1,1,1,2,0,0
tx_legit_008421,0,279.41,5.6363,623,1,2,1,1,0,0
tx_legit_003955,0,410.92,6.0208,494,2,0,1,1,0,0
tx_legit_009084,0,884.78,6.7865,411,1,0,1,1,0,0
tx_legit_001254,0,1025.16,6.9336,551,2,1,2,1,0,0
tx_legit_007330,0,283.54,5.6509,162,2,0,1,2,0,0
tx_fraud_000475,1,17073.4,9.7453,3,8,1,2,4,1,1
tx_fraud_000752,1,38965.36,10.5705,1,26,7,22,27,1,1
tx_legit_002721,0,515.23,6.2466,332,1,1,3,1,0,0
tx_legit_006899,0,661.75,6.4964,776,1,0,1,2,0,0
tx_legit_004093,0,594.06,6.3887,122,1,0,2,1,0,0
tx_legit_000377,0,279.25,5.6357,717,1,0,1,1,0,0
tx_legit_007874,0,840.36,6.735,725,2,0,1,1,0,0
tx_legit_001702,0,1033.05,6.9412,749,2,0,1,2,0,0
tx_legit_001729,0,528.86,6.2726,505,1,0,2,1,0,0
tx_legit_002390,0,708.54,6.5646,155,1,0,1,3,0,0
tx_legit_001374,0,356.26,5.8785,732,1,0,1,4,0,0
tx_legit_007408,0,467.03,6.1485,668,1,0,1,1,0,0
tx_legit_002272,0,1313.48,7.1812,743,3,0,1,1,0,0
tx_legit_001923,0,676.02,6.5177,709,1,0,1,1,0,0
tx_legit_005709,0,282.48,5.6471,415,1,0,1,1,0,0
tx_legit_005797,0,529.34,6.2735,530,1,0,1,4,0,0
tx_legit_000500,0,354.89,5.8746,301,1,0,2,2,0,0
tx_legit_002078,0,441.14,6.0916,787,3,0,1,2,0,0
tx_legit_000372,0,2047.32,7.6248,621,1,0,1,2,0,0
tx_legit_007121,0,524.91,6.2651,64,1,0,1,2,0,0
tx_legit_008143,0,219.83,5.3974,71,1,0,1,1,0,0
tx_legit_005039,0,733.7,6.5995,466,2,0,1,3,0,0
tx_legit_000211,0,1237.81,7.1219,862,1,0,1,1,0,0
tx_legit_003812,0,445.63,6.1017,802,3,2,2,1,0,0
tx_legit_005172,0,283.8,5.6518,462,2,0,2,1,0,0
tx_fraud_000641,1,33236.83,10.4114,3,19,4,13,19,1,1
tx_legit_002190,0,674.83,6.5159,70,2,0,1,2,0,0
tx_legit_006492,0,509.0,6.2344,206,1,0,2,1,0,0
tx_legit_000376,0,446.53,6.1037,316,1,0,1,2,0,0
tx_fraud_000574,1,74579.62,11.2196,6,13,7,1,3,1,1
tx_legit_001326,0,525.66,6.2666,430,1,0,2,1,0,0
tx_legit_006477,0,482.78,6.1816,640,1,0,1,1,0,0
tx_legit_003827,0,381.28,5.9462,520,1,2,1,2,0,0
tx_legit_006243,0,222.91,5.4112,687,1,0,1,1,0,0
tx_legit_007982,0,507.43,6.2313,751,1,0,1,1,0,0
tx_legit_003892,0,1385.61,7.2346,564,1,0,1,2,0,0
tx_legit_006661,0,232.53,5.4533,528,1,0,1,2,0,0
tx_legit_003132,0,571.66,6.3503,261,1,0,1,1,0,0
tx_legit_004705,0,662.16,6.497,751,1,0,1,1,0,0
tx_legit_006291,0,608.68,6.4129,731,2,0,1,1,0,0
tx_legit_006966,0,647.5,6.4747,291,1,0,1,1,0,0
tx_legit_008653,0,451.76,6.1154,827,1,0,1,2,0,0
tx_legit_005309,0,598.79,6.3966,440,1,0,1,2,0,0
tx_legit_002617,0,155.8,5.055,346,3,0,1,3,0,0
tx_fraud_000261,1,5004.61,8.5183,18,13,7,4,29,0,1
tx_legit_005198,0,514.8,6.2457,544,1,0,1,5,0,0
tx_fraud_000653,1,34705.06,10.4547,5,14,8,19,18,1,1
tx_fraud_000369,1,12680.05,9.4479,1,9,3,3,3,1,1
tx_legit_002871,0,774.75,6.6538,483,1,0,1,3,0,0
tx_legit_005958,0,196.13,5.2839,570,1,1,2,1,0,0
tx_legit_008364,0,1037.38,6.9454,269,2,0,1,1,0,0
tx_legit_008066,0,369.37,5.9145,842,2,0,1,1,0,0
tx_legit_001987,0,911.86,6.8166,486,1,0,3,3,0,0
tx_legit_007073,0,1679.43,7.4268,653,1,0,1,1,0,0
tx_legit_006461,0,694.17,6.5442,688,1,0,1,1,0,0
tx_fraud_000688,1,17669.37,9.7796,3,11,5,17,19,1,1
tx_legit_006556,0,112.97,4.7359,154,2,0,1,1,0,0
tx_legit_001983,0,3177.23,8.0641,218,1,1,1,4,0,0
tx_legit_001136,0,580.33,6.3653,35,1,1,1,3,0,0
tx_legit_003825,0,912.28,6.817,519,3,0,1,1,0,0
tx_legit_007154,0,691.48,6.5403,646,1,0,2,1,0,0
tx_legit_005702,0,2349.17,7.7622,738,1,0,2,1,0,0
tx_legit_006658,0,522.77,6.2611,729,1,0,1,1,0,0
tx_legit_006006,0,479.31,6.1744,268,1,0,3,2,0,0
tx_legit_001332,0,3179.45,8.0648,781,3,0,1,1,0,0
tx_legit_005149,0,1162.28,7.059,765,1,0,1,3,0,0
tx_legit_001100,0,478.18,6.1721,723,1,0,1,1,0,0
tx_legit_005652,0,936.65,6.8434,110,1,0,1,2,0,0
tx_legit_007879,0,752.29,6.6245,336,1,0,1,2,0,0
tx_legit_008844,0,141.73,4.961,81,1,0,2,3,0,0
tx_legit_003719,0,193.81,5.272,83,1,0,1,4,0,0
tx_fraud_000666,1,43039.57,10.6699,0,28,6,22,37,1,1
tx_legit_005855,0,900.22,6.8037,587,1,1,3,1,0,0
tx_legit_005711,0,506.45,6.2294,114,1,0,1,2,0,0
tx_legit_006412,0,377.77,5.9369,96,1,0,1,2,0,0
tx_legit_001298,0,424.35,6.0529,742,1,0,1,2,0,0
tx_fraud_000730,1,16276.72,9.6976,5,15,4,12,16,1,1
tx_legit_000092,0,443.89,6.0978,867,2,0,1,3,0,0
tx_legit_005346,0,688.45,6.5359,654,1,0,1,1,0,0
tx_fraud_000408,1,16668.99,9.7214,2,4,0,2,4,1,0
tx_legit_002492,0,584.07,6.3717,899,1,0,1,1,0,0
tx_legit_000180,0,411.85,6.0231,250,2,0,1,4,0,0
tx_legit_004297,0,1327.22,7.1916,495,1,0,1,4,0,0
tx_legit_001097,0,285.77,5.6587,730,2,0,1,1,0,0
tx_legit_000833,0,656.81,6.4889,453,3,1,1,1,0,0
tx_legit_002415,0,726.87,6.5901,498,1,0,1,1,0,0
tx_legit_002760,0,765.66,6.642,397,1,0,1,2,0,0
tx_legit_002577,0,349.89,5.8605,227,3,1,1,2,0,0
tx_legit_000695,0,1134.23,7.0346,413,1,1,1,1,0,0
tx_legit_006617,0,738.57,6.6061,566,2,0,1,1,0,0
tx_legit_001993,0,276.69,5.6265,756,1,0,1,1,0,0
tx_legit_004506,0,1253.52,7.1345,35,1,0,1,1,0,0
tx_legit_005049,0,185.61,5.229,321,1,0,1,2,0,0
tx_legit_004403,0,528.25,6.2715,572,1,0,1,1,0,0
tx_legit_007415,0,136.08,4.9206,93,2,0,2,2,0,0
tx_legit_001635,0,746.62,6.6169,239,2,0,1,1,0,0
tx_fraud_000233,1,10280.72,9.2381,25,18,3,3,22,0,1
tx_legit_006905,0,212.13,5.3619,418,1,0,1,2,0,0
tx_legit_006009,0,276.9,5.6273,850,1,0,1,2,0,0
tx_legit_003053,0,350.62,5.8626,408,1,0,1,1,0,0
tx_fraud_000659,1,60137.95,11.0044,7,14,6,22,29,1,1
tx_legit_004440,0,968.47,6.8767,402,1,0,1,1,0,0
tx_legit_000622,0,487.08,6.1905,869,1,0,1,1,0,0
tx_legit_005462,0,625.74,6.4405,331,1,0,1,1,0,0
tx_legit_005804,0,929.85,6.8361,394,2,1,1,1,0,0
tx_legit_001327,0,102.74,4.6419,661,1,0,1,1,0,0
tx_legit_008301,0,722.48,6.5841,599,3,0,1,2,0,0
tx_legit_006106,0,376.7,5.9341,182,2,0,1,1,0,0
tx_legit_007385,0,883.6,6.7851,726,1,0,1,1,0,0
tx_legit_005290,0,548.2,6.3085,234,1,0,1,1,0,0
tx_legit_003380,0,616.88,6.4263,322,1,0,1,3,0,0
tx_legit_007871,0,459.58,6.1325,46,1,1,1,1,0,0
tx_legit_000272,0,227.48,5.4314,121,1,0,1,1,0,0
tx_legit_004838,0,253.76,5.5403,283,1,0,1,4,0,0
tx_legit_001823,0,876.28,6.7768,354,1,0,1,5,0,0
tx_legit_004849,0,333.55,5.8128,702,1,1,3,1,0,0
tx_fraud_000298,1,6114.78,8.7186,15,21,6,3,22,0,1
tx_legit_007430,0,2560.1,7.8482,873,2,0,1,2,0,0
tx_legit_009115,0,290.79,5.676,403,1,0,2,2,0,0
tx_legit_006834,0,969.22,6.8775,876,1,0,1,1,0,0
tx_legit_000757,0,834.1,6.7276,39,2,1,1,1,0,0
tx_legit_000179,0,437.62,6.0836,827,1,0,1,1,0,0
tx_legit_007798,0,712.99,6.5709,601,1,0,1,2,0,0
tx_legit_004235,0,866.35,6.7654,331,1,0,1,2,0,0
tx_legit_003393,0,323.75,5.7831,885,1,0,1,1,0,0
tx_legit_000422,0,1806.16,7.4995,313,2,0,2,5,0,0
tx_legit_006392,0,336.64,5.822,191,2,0,1,1,0,0
tx_legit_005213,0,787.54,6.6702,521,1,0,1,1,0,0
tx_legit_003178,0,730.79,6.5955,463,1,0,1,1,0,0
tx_legit_000380,0,1034.75,6.9429,125,2,0,1,2,0,0
tx_legit_008488,0,602.76,6.4032,475,1,0,1,1,0,0
tx_legit_004393,0,537.94,6.2896,267,1,0,1,1,0,0
tx_fraud_000186,1,7719.4,8.9516,9,14,5,3,27,0,1
tx_legit_008337,0,192.82,5.2669,482,2,0,1,2,0,0
tx_legit_007635,0,2593.67,7.8612,800,1,0,1,1,0,0
tx_legit_001375,0,540.82,6.2949,224,1,0,1,2,0,0
tx_legit_003332,0,510.09,6.2365,219,1,0,1,2,0,0
tx_fraud_000189,1,2983.41,8.0012,27,24,6,3,16,0,1
tx_legit_008253,0,1335.62,7.1979,725,1,0,1,1,0,0
tx_fraud_000308,1,11512.7,9.3513,21,8,5,4,27,0,1
tx_fraud_000487,1,82471.57,11.3202,5,15,5,1,4,1,1
tx_fraud_000201,1,7698.57,8.9489,7,13,8,1,23,1,1
tx_legit_002302,0,557.79,6.3258,194,2,0,1,1,0,0
tx_legit_000592,0,201.2,5.3093,663,1,0,1,3,0,0
tx_legit_001985,0,270.0,5.6021,881,1,0,1,2,0,0
tx_legit_006913,0,590.01,6.3818,740,2,0,2,1,0,0
tx_legit_006667,0,426.95,6.059,876,1,0,1,1,0,0
tx_legit_009125,0,140.28,4.9507,132,1,0,1,1,0,0
tx_legit_000423,0,549.09,6.3101,518,2,0,1,2,0,0
tx_legit_001740,0,724.25,6.5865,498,1,0,1,1,0,0
tx_fraud_000497,1,55265.36,10.9199,7,7,6,1,2,1,1
tx_legit_001175,0,327.96,5.7959,108,4,0,1,1,0,0
tx_legit_003301,0,713.99,6.5723,139,1,0,1,1,0,0
tx_legit_007523,0,221.19,5.4035,472,2,0,1,1,0,0
tx_legit_004620,0,218.98,5.3935,270,2,0,2,1,0,0
tx_legit_006098,0,842.0,6.737,154,1,0,1,2,0,0
tx_legit_002482,0,342.67,5.8397,466,1,1,1,2,0,0
tx_legit_005998,0,308.57,5.7352,382,4,0,1,1,0,0
tx_legit_003133,0,499.42,6.2154,636,1,0,2,1,0,0
tx_legit_001784,0,397.53,5.9878,317,1,0,1,1,0,0
tx_legit_002497,0,386.17,5.9589,540,1,0,1,3,0,0
tx_legit_002123,0,458.05,6.1292,261,4,0,1,1,0,0
tx_legit_006159,0,708.97,6.5652,301,1,0,2,2,0,0
tx_legit_006365,0,1231.4,7.1167,253,1,1,1,1,0,0
tx_legit_006368,0,215.57,5.3779,596,1,0,1,1,0,0
tx_legit_005776,0,131.71,4.8882,396,1,0,3,3,0,0
tx_legit_002769,0,537.25,6.2883,106,1,2,1,1,0,0
tx_legit_004471,0,741.15,6.6096,317,3,0,1,2,0,0
tx_fraud_000731,1,55252.93,10.9197,5,15,6,20,38,1,1
tx_legit_005954,0,362.7,5.8963,604,1,0,1,1,0,0
tx_legit_005849,0,116.67,4.7679,63,1,0,1,1,0,0
tx_legit_000262,0,528.53,6.272,491,1,0,1,1,0,0
tx_legit_006716,0,429.89,6.0659,131,1,0,1,3,0,0
tx_legit_000168,0,439.69,6.0883,803,1,1,1,1,0,0
tx_legit_003710,0,765.17,6.6414,470,1,0,1,1,0,0
tx_legit_003369,0,1267.91,7.1459,482,1,0,2,1,0,0
tx_legit_004339,0,745.49,6.6154,628,1,0,1,1,0,0
tx_legit_003221,0,143.91,4.9761,223,1,0,1,1,0,0
tx_legit_002675,0,282.44,5.647,187,1,0,1,1,0,0
tx_legit_000305,0,787.4,6.67,451,2,0,2,2,0,0
tx_legit_005222,0,648.65,6.4764,459,3,0,1,1,0,0
tx_legit_002764,0,2627.11,7.874,740,2,0,1,1,0,0
tx_legit_005097,0,111.8,4.7256,113,2,0,1,1,0,0
tx_legit_007260,0,301.94,5.7135,222,1,0,1,1,0,0
tx_legit_003272,0,682.29,6.5269,411,1,0,1,2,0,0
tx_legit_002167,0,426.44,6.0578,150,1,0,1,1,0,0
tx_legit_001795,0,352.54,5.868,240,2,0,1,2,0,0
tx_legit_003653,0,620.5,6.4321,492,1,0,1,1,0,0
tx_legit_003292,0,594.06,6.3887,333,1,0,2,1,0,0
tx_legit_002932,0,482.62,6.1813,382,1,0,1,4,0,0
tx_legit_007691,0,129.63,4.8724,109,1,1,1,3,0,0
tx_legit_003541,0,471.69,6.1584,341,1,0,1,1,0,0
tx_legit_007285,0,791.54,6.6752,85,1,0,1,1,0,0
tx_legit_006866,0,329.8,5.8015,579,2,0,1,2,0,0
tx_legit_000250,0,633.36,6.4526,624,1,0,1,2,0,0
tx_legit_002712,0,675.48,6.5169,416,1,0,1,2,0,0
tx_legit_000890,0,248.44,5.5192,777,1,0,1,1,0,0
tx_legit_000930,0,716.83,6.5762,407,1,0,1,1,0,0
tx_legit_004847,0,1832.27,7.5139,130,1,0,1,3,0,0
tx_legit_001235,0,267.8,5.594,575,1,0,1,1,0,0
tx_legit_000345,0,414.98,6.0306,895,4,0,2,1,0,0
tx_legit_002547,0,1019.69,6.9282,267,2,0,1,1,0,0
tx_legit_005455,0,551.37,6.3142,431,2,0,1,1,0,0
tx_legit_008248,0,289.64,5.6721,121,2,0,1,2,0,0
tx_legit_001534,0,337.01,5.8231,826,2,0,1,1,0,0
tx_legit_000320,0,903.16,6.807,245,1,0,1,1,0,0
tx_legit_005841,0,248.77,5.5205,516,1,0,1,1,0,0
tx_legit_005717,0,885.48,6.7873,703,1,0,1,1,0,0
tx_legit_002070,0,803.0,6.6896,34,1,0,2,1,0,0
tx_legit_006671,0,745.74,6.6157,813,1,0,2,2,0,0
tx_fraud_000181,1,3792.2,8.241,25,8,8,2,24,0,1
tx_legit_003233,0,312.72,5.7485,466,1,0,1,1,0,0
tx_legit_004272,0,523.85,6.2631,670,1,0,1,1,0,0
tx_legit_004986,0,448.2,6.1075,482,1,0,1,1,0,0
tx_fraud_000450,1,18875.74,9.8457,0,8,1,3,5,1,1
tx_legit_008897,0,459.17,6.1316,842,2,0,1,1,0,0
tx_legit_004913,0,435.27,6.0783,357,1,0,1,1,0,0
tx_legit_001632,0,1374.48,7.2266,262,1,0,1,3,0,0
tx_legit_001174,0,1204.33,7.0945,808,1,0,1,1,0,0
tx_legit_008816,0,786.28,6.6686,152,1,0,3,1,0,0
tx_fraud_000250,1,2466.72,7.811,22,12,2,3,17,0,1
tx_legit_001182,0,236.17,5.4688,586,1,0,1,4,0,0
tx_legit_009145,0,357.95,5.8832,90,1,0,1,2,0,0
tx_legit_007645,0,517.82,6.2516,195,1,0,2,1,0,0
tx_legit_004268,0,440.79,6.0908,486,1,0,1,1,0,0
tx_legit_007693,0,481.65,6.1793,164,1,1,1,4,0,0
tx_legit_005856,0,278.86,5.6343,456,3,0,1,1,0,0
tx_fraud_000190,1,8195.48,9.0115,4,12,4,2,34,1,1
tx_legit_001513,0,2489.32,7.8202,144,2,0,1,2,0,0
tx_legit_008616,0,1974.18,7.5884,170,2,0,2,2,0,0
tx_legit_003139,0,233.82,5.4588,389,1,0,1,3,0,0
tx_legit_004454,0,339.26,5.8297,666,1,0,1,1,0,0
tx_legit_005574,0,428.7,6.0631,376,1,0,1,4,0,0
tx_legit_002077,0,1326.08,7.1907,758,1,0,1,3,0,0
tx_legit_008512,0,1325.47,7.1903,119,2,0,1,3,0,0
tx_legit_006515,0,133.25,4.8997,457,2,0,1,4,0,0
tx_legit_007784,0,519.4,6.2546,416,1,0,3,1,0,0
tx_fraud_000217,1,1683.94,7.4295,20,14,4,1,13,0,1
tx_legit_006572,0,1088.19,6.9932,208,1,0,1,3,0,0
tx_legit_002431,0,1665.63,7.4186,406,1,1,2,1,0,0
tx_legit_006110,0,2004.89,7.6038,175,1,0,1,3,0,0
tx_legit_008652,0,679.18,6.5224,437,1,0,1,1,0,0
tx_legit_004344,0,263.57,5.5781,236,1,0,3,1,0,0
tx_legit_004675,0,235.44,5.4657,163,1,0,1,2,0,0
tx_legit_008880,0,525.98,6.2672,154,1,1,1,1,0,0
tx_legit_004052,0,307.32,5.7311,672,2,0,1,1,0,0
tx_legit_009105,0,252.89,5.5369,522,2,0,1,3,0,0
tx_legit_002972,0,443.2,6.0963,570,3,0,1,1,0,0
tx_legit_007178,0,560.64,6.3309,265,1,1,1,1,0,0
tx_legit_008888,0,172.71,5.1574,575,4,0,3,2,0,0
tx_legit_008902,0,493.28,6.2031,477,1,0,1,1,0,0
tx_legit_005700,0,1181.66,7.0755,310,1,0,1,2,0,0
tx_legit_006916,0,255.28,5.5463,833,1,0,2,1,0,0
tx_legit_008325,0,930.49,6.8368,141,1,0,1,1,0,0
tx_legit_004892,0,473.17,6.1616,376,1,0,1,1,0,0
tx_legit_003294,0,228.74,5.4369,719,1,0,2,2,0,0
tx_legit_002399,0,392.51,5.9751,765,1,0,1,1,0,0
tx_legit_006999,0,204.82,5.327,130,1,0,1,1,0,0
tx_legit_009123,0,340.45,5.8332,221,4,1,3,1,0,0
tx_legit_004732,0,230.85,5.4461,416,1,0,1,1,0,0
tx_legit_002402,0,195.51,5.2807,387,1,0,1,1,0,0
tx_legit_005899,0,514.58,6.2453,638,2,0,1,1,0,0
tx_legit_002530,0,566.8,6.3418,307,1,1,1,2,0,0
tx_legit_008086,0,661.15,6.4955,146,1,0,1,1,0,0
tx_legit_004030,0,1037.11,6.9452,523,1,0,1,1,0,0
tx_legit_008639,0,1079.48,6.9852,62,1,0,1,1,0,0
tx_legit_007005,0,1436.29,7.2705,422,3,1,1,1,0,0
tx_legit_008910,0,577.26,6.36,565,1,1,1,2,0,0
tx_legit_001748,0,67.15,4.2217,224,3,1,2,2,0,0
tx_fraud_000207,1,8520.32,9.0503,20,10,2,4,29,0,1
tx_legit_002453,0,517.88,6.2517,885,3,0,1,1,0,0
tx_legit_004390,0,465.34,6.1449,727,1,1,1,1,0,0
tx_legit_007632,0,550.74,6.3131,341,1,0,1,1,0,0
tx_legit_007376,0,732.66,6.598,445,3,0,1,2,0,0
tx_legit_007186,0,297.86,5.7,358,1,0,2,1,0,0
tx_legit_001214,0,1257.88,7.138,824,1,0,1,1,0,0
tx_fraud_000215,1,12423.76,9.4274,3,14,2,2,34,1,1
tx_legit_001105,0,277.44,5.6292,574,1,0,1,2,0,0
tx_legit_000397,0,839.32,6.7338,145,1,0,1,1,0,0
tx_legit_007180,0,193.54,5.2706,488,1,0,1,2,0,0
tx_legit_006344,0,1155.97,7.0536,803,1,0,1,2,0,0
tx_legit_004655,0,366.67,5.9072,257,1,0,1,2,0,0
tx_legit_007965,0,457.08,6.127,641,1,0,1,1,0,0
tx_legit_005868,0,218.77,5.3926,74,2,0,1,1,0,0
tx_legit_000310,0,228.45,5.4357,814,1,0,1,1,0,0
tx_legit_008329,0,374.02,5.927,355,1,0,1,1,0,0
tx_legit_002039,0,87.16,4.4792,672,1,0,1,2,0,0
tx_legit_001478,0,1008.18,6.9169,818,1,0,1,1,0,0
tx_fraud_000223,1,1408.0,7.2506,22,21,3,2,19,0,1
tx_fraud_000299,1,5706.11,8.6495,14,9,8,1,18,0,1
tx_legit_001486,0,1627.81,7.3956,160,1,0,2,1,0,0
tx_legit_006639,0,1310.12,7.1786,543,1,0,1,1,0,0
tx_legit_006261,0,203.73,5.3217,214,1,0,1,1,0,0
tx_legit_000468,0,652.68,6.4826,591,1,0,1,1,0,0
tx_legit_001941,0,2338.14,7.7575,332,1,0,1,2,0,0
tx_legit_001309,0,1295.19,7.1672,347,1,0,1,1,0,0
tx_legit_007333,0,654.94,6.4861,442,1,0,1,2,0,0
tx_legit_005509,0,370.31,5.917,406,1,0,1,2,0,0
tx_legit_003985,0,488.87,6.1941,534,2,1,1,1,0,0
tx_legit_005417,0,508.82,6.2341,451,1,0,1,2,0,0
tx_legit_003847,0,136.22,4.9216,289,2,0,1,2,0,0
tx_fraud_000301,1,12166.64,9.4065,22,15,8,2,14,0,1
tx_legit_002356,0,447.23,6.1053,398,1,0,1,2,0,0
tx_fraud_000311,1,11955.0,9.389,11,23,4,2,12,0,1
tx_legit_004742,0,236.65,5.4708,428,1,0,1,3,0,0
tx_legit_005443,0,386.96,5.9609,507,1,0,1,1,0,0
tx_legit_002388,0,337.56,5.8247,621,1,0,1,2,0,0
tx_legit_000133,0,425.46,6.0555,606,1,0,1,1,0,0
tx_legit_008200,0,411.52,6.0223,605,1,0,1,1,0,0
tx_legit_007386,0,215.51,5.3776,758,2,0,1,1,0,0
tx_fraud_000451,1,11339.06,9.3361,4,5,0,5,3,1,1
tx_legit_003948,0,810.08,6.6984,58,2,0,1,1,0,0
tx_legit_001781,0,915.44,6.8205,62,1,0,1,1,0,0
tx_legit_005047,0,206.75,5.3363,472,1,0,1,1,0,0
tx_legit_004494,0,535.4,6.2849,852,1,0,1,1,0,0
tx_legit_006501,0,1270.56,7.148,541,1,0,1,1,0,0
tx_legit_001300,0,790.54,6.674,814,1,0,1,1,0,0
tx_legit_002821,0,2080.63,7.6409,450,1,0,1,2,0,0
tx_legit_006503,0,451.19,6.1141,568,1,0,1,1,0,0
tx_legit_004003,0,291.02,5.6768,530,1,1,1,2,0,0
tx_legit_008834,0,567.32,6.3427,476,1,0,1,1,0,0
tx_legit_007947,0,483.27,6.1826,541,1,0,1,2,0,0
tx_legit_004385,0,224.92,5.4202,449,3,0,1,2,0,0
tx_legit_006267,0,1038.89,6.9469,125,1,1,1,1,0,0
tx_legit_007938,0,256.09,5.5494,740,1,0,1,1,0,0
tx_legit_006587,0,821.07,6.7118,657,1,0,1,1,0,0
tx_legit_007265,0,281.06,5.6421,41,1,1,1,4,0,0
tx_legit_006028,0,611.34,6.4173,826,1,0,1,2,0,0
tx_legit_003693,0,173.19,5.1601,69,2,0,1,1,0,0
tx_legit_008099,0,773.23,6.6519,404,1,1,1,2,0,0
tx_legit_000019,0,520.56,6.2568,548,1,1,1,4,0,0
tx_legit_003821,0,834.79,6.7284,356,1,0,1,1,0,0
tx_legit_002262,0,60.26,4.1151,757,1,0,1,2,0,0
tx_legit_007143,0,133.6,4.9023,327,1,0,1,1,0,0
tx_legit_002746,0,230.66,5.4453,81,1,0,3,1,0,0
tx_legit_000408,0,202.79,5.3171,860,2,0,1,2,0,0
tx_legit_000873,0,125.58,4.8409,521,1,0,2,2,0,0
tx_legit_003466,0,430.02,6.0662,110,1,0,1,1,0,0
tx_fraud_000749,1,45456.61,10.7245,7,24,10,13,20,1,1
tx_legit_007891,0,439.34,6.0875,205,1,0,1,1,0,0
tx_legit_004968,0,331.43,5.8064,590,1,0,1,1,0,0
tx_legit_004716,0,242.53,5.4952,576,1,0,1,1,0,0
tx_legit_002506,0,503.33,6.2232,630,2,1,1,1,0,0
tx_legit_004540,0,1137.84,7.0378,617,1,1,1,3,0,0
tx_legit_001829,0,642.09,6.4663,873,2,0,1,2,0,0
tx_legit_005040,0,578.33,6.3619,411,1,0,1,1,0,0
tx_legit_007973,0,786.4,6.6687,202,1,0,1,1,0,0
tx_legit_002920,0,451.57,6.1149,404,1,0,1,1,0,0
tx_legit_008514,0,348.59,5.8568,870,2,0,1,1,0,0
tx_fraud_000439,1,18043.59,9.8006,4,8,3,3,2,1,1
tx_legit_001208,0,500.08,6.2168,337,1,0,2,4,0,0
tx_legit_003214,0,270.7,5.6047,181,1,0,1,2,0,0
tx_legit_000394,0,585.41,6.374,367,4,0,3,1,0,0
tx_legit_008095,0,1248.79,7.1307,369,1,0,1,1,0,0
tx_legit_000129,0,616.38,6.4255,814,1,0,1,2,0,0
tx_legit_004958,0,1163.37,7.0599,353,1,0,1,1,0,0
tx_fraud_000729,1,49163.22,10.8029,5,21,7,24,26,1,1
tx_legit_007518,0,522.42,6.2604,503,1,0,1,1,0,0
tx_legit_005409,0,885.37,6.7871,836,1,0,1,1,0,0
tx_fraud_000281,1,8134.2,9.004,9,14,3,2,25,0,1
tx_legit_007933,0,220.12,5.3987,530,2,1,1,3,0,0
tx_legit_004185,0,489.92,6.1963,417,1,0,1,1,0,0
tx_legit_007487,0,173.78,5.1635,481,1,0,1,2,0,0
tx_legit_004392,0,227.81,5.4329,892,2,1,1,1,0,0
tx_fraud_000392,1,18786.57,9.841,1,3,0,2,5,1,0
tx_legit_005030,0,607.9,6.4117,162,2,0,2,2,0,0
tx_legit_002518,0,426.94,6.059,578,1,0,1,2,0,0
tx_legit_006372,0,288.19,5.6671,269,2,0,1,1,0,0
tx_legit_007792,0,312.67,5.7483,720,3,0,1,2,0,0
tx_legit_008419,0,901.4,6.8051,687,1,0,1,1,0,0
tx_legit_004018,0,533.09,6.2806,751,4,0,1,2,0,0
tx_legit_005895,0,583.24,6.3703,182,1,0,1,1,0,0
tx_legit_004856,0,284.58,5.6545,693,1,0,1,1,0,0
tx_legit_003359,0,86.88,4.476,898,2,0,1,2,0,0
tx_legit_002812,0,853.81,6.7509,709,1,0,1,2,0,0
tx_legit_008867,0,1007.85,6.9166,364,1,0,2,1,0,0
tx_legit_004005,0,544.72,6.3021,611,4,0,1,1,0,0
tx_legit_007903,0,280.16,5.6389,719,1,0,1,1,0,0
tx_legit_008404,0,533.1,6.2806,59,1,0,1,1,0,0
tx_legit_005535,0,248.49,5.5194,581,1,0,1,1,0,0
tx_legit_004270,0,176.13,5.1769,175,1,1,1,1,0,0
tx_legit_007612,0,644.01,6.4693,347,3,0,2,1,0,0
tx_legit_007936,0,628.87,6.4455,492,1,0,1,2,0,0
tx_fraud_000657,1,20525.83,9.9295,6,24,7,21,19,1,1
tx_fraud_000755,1,63847.82,11.0643,0,10,8,10,23,1,1
tx_legit_002666,0,570.53,6.3483,409,1,0,1,2,0,0
tx_legit_006439,0,373.61,5.9259,323,1,0,1,1,0,0
tx_legit_003036,0,200.86,5.3076,122,1,0,1,5,0,0
tx_legit_007239,0,1010.63,6.9193,440,1,0,1,1,0,0
tx_legit_005670,0,292.49,5.6818,234,1,0,1,2,0,0
tx_legit_001831,0,637.22,6.4587,469,3,0,1,1,0,0
tx_legit_004418,0,271.01,5.6058,153,1,0,1,3,0,0
tx_legit_007078,0,415.6,6.0321,418,1,0,1,1,0,0
tx_legit_001443,0,985.13,6.8938,541,1,0,2,3,0,0
tx_legit_003021,0,170.07,5.1421,756,4,0,1,1,0,0
tx_legit_005853,0,1192.11,7.0843,381,2,0,1,1,0,0
tx_legit_006914,0,106.94,4.6816,701,1,1,1,2,0,0
tx_legit_001217,0,1126.16,7.0275,326,1,0,1,2,0,0
tx_legit_004645,0,882.82,6.7843,257,1,0,1,2,0,0
tx_legit_006673,0,466.94,6.1483,116,1,0,1,1,0,0
tx_legit_005752,0,268.24,5.5956,521,1,0,1,1,0,0
tx_legit_006390,0,1246.23,7.1287,382,1,0,1,1,0,0
tx_legit_004888,0,146.56,4.9942,224,1,0,1,3,0,0
tx_legit_003406,0,328.37,5.7972,312,1,0,2,1,0,0
tx_legit_001931,0,762.1,6.6374,817,1,0,1,1,0,0
tx_legit_001895,0,334.63,5.816,778,2,0,1,2,0,0
tx_legit_005771,0,420.64,6.0442,136,1,0,1,1,0,0
tx_legit_001476,0,853.51,6.7505,876,2,0,1,1,0,0
tx_legit_004425,0,434.25,6.0759,297,2,0,1,1,0,0
tx_legit_000697,0,205.16,5.3287,821,3,0,1,1,0,0
tx_legit_006613,0,1702.74,7.4406,497,2,0,1,2,0,0
tx_legit_008089,0,252.06,5.5336,855,1,0,1,2,0,0
tx_legit_007796,0,1477.85,7.299,152,1,0,1,1,0,0
tx_legit_003706,0,303.53,5.7188,747,2,0,2,1,0,0
tx_fraud_000264,1,13982.79,9.5457,27,18,3,1,33,0,1
tx_legit_000220,0,556.06,6.3227,402,2,0,1,3,0,0
tx_fraud_000625,1,73457.51,11.2045,9,10,6,2,1,0,1
tx_legit_002377,0,357.77,5.8827,245,1,0,1,2,0,0
tx_legit_002636,0,192.23,5.2639,399,1,0,2,1,0,0
tx_legit_008970,0,433.77,6.0748,141,1,0,1,1,0,0
tx_legit_005756,0,463.02,6.1399,607,1,0,1,1,0,0
tx_legit_008178,0,117.27,4.773,308,1,0,1,2,0,0
tx_legit_004952,0,664.89,6.5011,684,1,0,1,1,0,0
tx_legit_002223,0,844.91,6.7404,854,1,0,1,1,0,0
tx_fraud_000458,1,15088.7,9.6218,0,7,0,5,2,1,1
tx_legit_007836,0,378.48,5.9388,154,1,0,1,1,0,0
tx_legit_003763,0,395.05,5.9815,458,4,0,1,1,0,0
tx_legit_002284,0,283.15,5.6495,583,1,0,1,1,0,0
tx_legit_007826,0,617.35,6.4271,865,2,0,1,2,0,0
tx_legit_005614,0,548.01,6.3081,258,1,0,1,1,0,0
tx_fraud_000658,1,43667.81,10.6844,0,17,5,22,22,1,1
tx_legit_004431,0,375.73,5.9315,443,1,0,1,1,0,0
tx_legit_001205,0,984.12,6.8928,487,1,0,1,1,0,0
tx_legit_001431,0,566.23,6.3408,121,1,0,1,1,0,0
tx_legit_007492,0,590.88,6.3833,167,1,0,1,1,0,0
tx_legit_001723,0,686.01,6.5323,471,2,0,1,2,0,0
tx_legit_000921,0,171.04,5.1477,893,1,0,2,1,0,0
tx_legit_005791,0,1677.58,7.4257,854,1,0,2,2,0,0
tx_legit_007778,0,290.21,5.674,778,1,0,1,1,0,0
tx_legit_004519,0,587.77,6.378,627,2,0,1,1,0,0
tx_fraud_000400,1,15228.89,9.631,4,4,1,2,5,1,0
tx_legit_004592,0,1258.74,7.1387,660,1,0,1,1,0,0
tx_legit_002806,0,539.28,6.2921,365,2,0,1,1,0,0
tx_legit_003149,0,114.36,4.7481,375,2,0,1,1,0,0
tx_legit_006570,0,1102.45,7.0062,616,1,0,1,1,0,0
tx_legit_004262,0,861.47,6.7598,705,1,0,1,2,0,0
tx_legit_003207,0,515.71,6.2475,162,1,0,3,1,0,0
tx_fraud_000275,1,8378.15,9.0335,16,10,6,3,34,0,1
tx_legit_007601,0,353.5,5.8707,305,2,0,1,2,0,0
tx_legit_005714,0,1949.45,7.5758,597,1,1,1,1,0,0
tx_legit_008845,0,1746.11,7.4657,546,1,0,1,1,0,0
tx_legit_003447,0,1040.35,6.9483,506,1,0,1,1,0,0
tx_legit_007286,0,468.07,6.1508,180,2,1,1,1,0,0
tx_fraud_000387,1,16002.67,9.6806,3,7,0,2,6,1,1
tx_legit_006268,0,629.83,6.447,91,2,0,1,3,0,0
tx_legit_002561,0,792.02,6.6758,527,1,1,1,1,0,0
tx_legit_007854,0,1060.02,6.967,418,1,0,3,1,0,0
tx_legit_005381,0,473.78,6.1629,318,3,0,1,1,0,0
tx_legit_005546,0,342.06,5.8379,331,2,0,1,1,0,0
tx_fraud_000581,1,38077.06,10.5474,8,12,4,3,4,0,1
tx_legit_007324,0,674.88,6.516,703,1,0,1,1,0,0
tx_fraud_000421,1,16899.21,9.7351,3,6,1,3,6,1,1
tx_fraud_000797,1,36021.06,10.4919,6,27,7,25,22,1,1
tx_fraud_000220,1,6880.29,8.8366,30,24,7,4,30,0,1
tx_legit_005516,0,548.54,6.3091,149,1,0,2,3,0,0
tx_legit_003468,0,601.19,6.4006,236,1,1,1,1,0,0
tx_legit_002999,0,258.16,5.5574,179,2,0,1,1,0,0
tx_legit_008379,0,620.47,6.4321,218,2,0,1,1,0,0
tx_legit_005796,0,519.69,6.2552,97,2,0,1,1,0,0
tx_legit_000363,0,296.86,5.6966,726,2,0,1,3,0,0
tx_legit_005896,0,692.5,6.5418,855,1,0,1,4,0,0
tx_legit_001426,0,544.39,6.3015,442,1,0,1,1,0,0
tx_legit_002134,0,728.16,6.5919,161,1,0,2,1,0,0
tx_legit_007199,0,947.22,6.8546,377,3,2,1,1,0,0
tx_legit_008914,0,1013.15,6.9218,628,1,0,1,1,0,0
tx_legit_003460,0,488.78,6.194,862,1,0,1,1,0,0
tx_legit_007845,0,903.73,6.8076,817,1,0,1,1,0,0
tx_legit_001792,0,983.21,6.8918,561,1,1,2,1,0,0
tx_legit_003902,0,406.92,6.0111,730,1,0,1,1,0,0
tx_fraud_000665,1,22654.12,10.0281,3,23,10,13,25,1,1
tx_legit_004646,0,530.89,6.2764,141,2,0,1,1,0,0
tx_legit_008225,0,306.75,5.7293,461,3,0,1,3,0,0
tx_legit_006653,0,849.97,6.7464,783,1,0,1,2,0,0
tx_fraud_000224,1,8747.31,9.0766,28,12,2,1,30,0,1
tx_legit_002579,0,531.84,6.2782,440,1,0,2,1,0,0
tx_legit_007026,0,1236.44,7.1208,125,1,0,1,1,0,0
tx_legit_001612,0,94.1,4.5549,554,1,1,1,1,0,0
tx_legit_005692,0,446.65,6.104,86,1,0,1,1,0,0
tx_fraud_000194,1,14365.59,9.5727,29,22,2,4,28,0,1
tx_legit_002507,0,353.03,5.8694,346,1,1,1,5,0,0
tx_legit_007208,0,1800.56,7.4964,144,1,0,1,2,0,0
tx_legit_008330,0,1135.71,7.0359,138,2,1,1,4,0,0
tx_legit_004273,0,266.7,5.5899,280,1,0,1,4,0,0
tx_legit_004747,0,1061.81,6.9687,808,1,0,1,4,0,0
tx_legit_001696,0,1059.17,6.9662,730,1,0,1,1,0,0
tx_legit_003515,0,291.3,5.6778,369,2,0,1,1,0,0
tx_legit_003044,0,65.56,4.1981,815,1,0,1,4,0,0
tx_legit_001101,0,663.83,6.4995,61,2,1,1,1,0,0
tx_legit_002201,0,1109.54,7.0126,39,2,0,1,2,0,0
tx_legit_000527,0,340.74,5.8341,576,1,0,1,1,0,0
tx_legit_008060,0,440.74,6.0907,740,2,0,2,2,0,0
tx_fraud_000248,1,2657.28,7.8854,9,8,5,2,13,0,1
tx_legit_003999,0,578.46,6.3621,297,1,0,1,1,0,0
tx_legit_004671,0,393.07,5.9765,389,1,0,1,3,0,0
tx_legit_002726,0,1288.01,7.1616,526,2,1,3,1,0,0
tx_legit_000700,0,630.71,6.4484,891,1,0,2,2,0,0
tx_legit_004082,0,343.25,5.8414,420,1,1,1,1,0,0
tx_legit_001665,0,351.92,5.8662,106,2,2,1,1,0,0
tx_legit_001878,0,573.58,6.3536,86,1,0,1,1,0,0
tx_legit_007842,0,984.73,6.8934,854,1,0,1,4,0,0
tx_legit_004353,0,141.69,4.9607,73,1,0,1,3,0,0
tx_legit_005992,0,1076.84,6.9827,49,2,0,1,1,0,0
tx_legit_003022,0,1397.25,7.243,547,1,0,1,2,0,0
tx_fraud_000169,1,7818.73,8.9644,22,20,5,4,32,0,1
tx_legit_000922,0,427.99,6.0614,858,2,0,1,1,0,0
tx_legit_004453,0,217.02,5.3846,347,1,0,1,2,0,0
tx_legit_008010,0,1186.11,7.0793,181,1,0,1,1,0,0
tx_legit_006838,0,571.33,6.3497,363,1,0,1,1,0,0
tx_fraud_000327,1,7491.78,8.9217,1,4,1,3,4,1,0
tx_legit_000439,0,247.67,5.5161,825,1,2,1,3,0,0
tx_legit_003019,0,369.88,5.9159,114,1,0,1,2,0,0
tx_fraud_000759,1,18043.72,9.8006,1,19,5,25,24,1,1
tx_fraud_000304,1,2712.1,7.9058,9,19,2,1,21,0,1
tx_legit_007786,0,394.21,5.9794,98,1,0,1,2,0,0
tx_legit_007515,0,332.08,5.8084,842,3,0,1,1,0,0
tx_legit_002587,0,263.84,5.5791,454,1,1,1,1,0,0
tx_legit_004304,0,906.83,6.8111,34,1,0,2,1,0,0
tx_legit_007473,0,295.59,5.6924,287,1,0,2,1,0,0
tx_legit_003023,0,107.96,4.691,234,3,0,1,1,0,0
tx_legit_008824,0,603.84,6.405,483,1,0,2,1,0,0
tx_legit_006383,0,1224.52,7.1111,617,1,0,1,1,0,0
tx_legit_007896,0,235.25,5.4649,384,1,0,1,2,0,0
tx_legit_003509,0,468.57,6.1518,154,1,1,3,2,0,0
tx_legit_007960,0,128.58,4.8643,65,1,0,2,2,0,0
tx_legit_004858,0,788.23,6.6711,621,1,1,1,1,0,0
tx_legit_002067,0,1077.95,6.9837,128,2,0,1,2,0,0
tx_legit_002279,0,758.11,6.6321,452,2,0,1,1,0,0
tx_legit_000321,0,588.92,6.38,756,1,0,1,1,0,0
tx_legit_007736,0,445.58,6.1016,540,1,0,2,1,0,0
tx_legit_005607,0,884.72,6.7864,409,2,0,1,1,0,0
tx_legit_004866,0,592.19,6.3855,630,3,0,1,1,0,0
tx_legit_005325,0,371.62,5.9206,245,1,0,1,1,0,0
tx_legit_008471,0,288.19,5.6671,414,1,0,1,1,0,0
tx_legit_000886,0,444.44,6.0991,196,1,0,1,1,0,0
tx_fraud_000179,1,8722.92,9.0738,17,14,7,4,22,0,1
tx_legit_003621,0,443.68,6.0974,672,1,0,1,2,0,0
tx_legit_005278,0,402.02,5.999,444,1,0,1,2,0,0
tx_legit_004659,0,326.92,5.7928,337,1,0,1,2,0,0
tx_legit_005446,0,2009.68,7.6062,240,1,0,1,1,0,0
tx_legit_007331,0,146.24,4.9921,61,2,0,1,1,0,0
tx_legit_007041,0,589.28,6.3806,90,1,0,1,1,0,0
tx_legit_000486,0,384.86,5.9555,538,1,0,1,2,0,0
tx_legit_005321,0,365.14,5.903,744,1,0,1,1,0,0
tx_fraud_000271,1,3444.57,8.1448,17,14,7,4,34,0,1
tx_legit_007336,0,177.97,5.1872,301,1,0,1,1,0,0
tx_fraud_000686,1,46929.0,10.7564,0,15,5,20,27,1,1
tx_legit_003700,0,645.96,6.4723,814,3,0,1,1,0,0
tx_legit_004049,0,654.14,6.4848,831,4,0,2,1,0,0
tx_legit_006210,0,364.37,5.9009,358,1,0,1,3,0,0
tx_legit_008508,0,109.1,4.7014,466,1,0,1,1,0,0
tx_fraud_000568,1,92239.21,11.4322,7,8,6,2,1,1,1
tx_fraud_000723,1,52312.07,10.865,6,16,8,22,27,1,1
tx_fraud_000682,1,64867.36,11.0801,4,16,8,15,17,1,1
tx_legit_004256,0,544.86,6.3024,150,1,0,1,1,0,0
tx_legit_006090,0,563.98,6.3368,111,1,0,1,1,0,0
tx_legit_009161,0,325.75,5.7892,319,1,0,2,3,0,0
tx_legit_004181,0,382.42,5.9491,563,2,0,1,2,0,0
tx_legit_006187,0,178.17,5.1883,337,2,0,1,2,0,0
tx_legit_004102,0,174.8,5.1693,499,1,0,2,2,0,0
tx_fraud_000174,1,12759.59,9.4541,18,21,6,3,20,0,1
tx_legit_002717,0,221.17,5.4034,180,1,0,1,1,0,0
tx_legit_005478,0,985.38,6.894,487,1,0,1,2,0,0
tx_legit_006389,0,1277.19,7.1532,221,1,0,1,1,0,0
tx_legit_009039,0,203.48,5.3205,148,1,0,1,1,0,0
tx_legit_006359,0,516.12,6.2483,495,1,0,1,1,0,0
tx_legit_007944,0,138.37,4.9371,612,3,0,2,2,0,0
tx_legit_003907,0,679.04,6.5222,638,1,0,1,4,0,0
tx_legit_005120,0,378.09,5.9378,546,1,0,1,1,0,0
tx_legit_002010,0,1069.94,6.9763,452,1,1,2,1,0,0
tx_legit_002554,0,264.87,5.583,824,1,0,1,3,0,0
tx_legit_004919,0,138.45,4.9377,389,1,0,1,4,0,0
tx_legit_006665,0,425.18,6.0549,712,3,0,1,2,0,0
tx_legit_000909,0,704.47,6.5589,607,1,0,1,1,0,0
tx_legit_003974,0,219.01,5.3937,305,1,0,1,3,0,0
tx_fraud_000291,1,13274.54,9.4937,7,21,3,2,35,1,1
tx_legit_001771,0,1037.15,6.9452,834,3,0,1,1,0,0
tx_legit_003764,0,356.76,5.8799,235,1,0,1,1,0,0
tx_legit_004604,0,397.27,5.9871,172,1,0,1,1,0,0
tx_legit_002004,0,540.81,6.2949,546,1,0,1,1,0,0
tx_legit_004094,0,1636.1,7.4007,110,1,0,1,1,0,0
tx_legit_006343,0,605.99,6.4085,297,1,0,3,1,0,0
tx_legit_006900,0,729.13,6.5932,410,1,0,1,2,0,0
tx_legit_004278,0,540.09,6.2936,486,1,0,1,2,0,0
tx_legit_000698,0,349.23,5.8586,49,2,1,1,1,0,0
tx_legit_003879,0,229.76,5.4414,625,1,0,1,2,0,0
tx_legit_000414,0,603.99,6.4052,598,2,0,1,1,0,0
tx_legit_005764,0,1024.8,6.9332,609,1,0,1,3,0,0
tx_fraud_000263,1,8886.94,9.0925,22,12,7,1,34,0,1
tx_legit_007368,0,54.97,4.0248,889,2,0,1,1,0,0
tx_legit_000053,0,1225.79,7.1122,428,3,0,3,2,0,0
tx_legit_005779,0,393.11,5.9766,124,1,0,1,3,0,0
tx_legit_005460,0,902.86,6.8067,521,1,1,1,2,0,0
tx_legit_005513,0,165.08,5.1125,297,1,0,1,3,0,0
tx_legit_002075,0,261.76,5.5712,637,3,0,1,1,0,0
tx_fraud_000510,1,50079.29,10.8214,9,15,3,3,4,0,1
tx_legit_006684,0,316.71,5.7611,702,1,0,1,2,0,0
tx_legit_003162,0,1192.39,7.0846,309,3,0,2,3,0,0
tx_legit_008138,0,496.88,6.2104,297,1,0,2,1,0,0
tx_legit_005534,0,442.65,6.095,687,1,0,1,1,0,0
tx_legit_007794,0,1041.23,6.9491,407,1,0,1,1,0,0
tx_legit_004530,0,380.02,5.9429,49,1,0,1,1,0,0
tx_legit_008868,0,1045.86,6.9536,35,1,0,3,1,0,0
tx_legit_003921,0,388.48,5.9648,451,1,0,1,1,0,0
tx_legit_002400,0,534.42,6.2831,583,2,0,1,1,0,0
tx_legit_001699,0,220.09,5.3986,67,1,0,1,1,0,0
tx_legit_008000,0,198.0,5.2933,408,2,0,1,3,0,0
tx_legit_003977,0,286.18,5.6601,544,2,0,1,1,0,0
tx_legit_001234,0,406.22,6.0094,661,1,0,1,1,0,0
tx_legit_008818,0,112.42,4.7311,492,1,0,1,1,0,0
tx_legit_003194,0,264.61,5.582,634,2,0,1,1,0,0
tx_legit_007884,0,475.66,6.1668,899,1,0,1,1,0,0
tx_legit_006595,0,243.17,5.4979,443,1,0,1,1,0,0
tx_legit_005919,0,1242.2,7.1254,167,1,0,1,2,0,0
tx_legit_003349,0,442.88,6.0956,239,2,1,3,2,0,0
tx_legit_005801,0,1157.28,7.0547,821,2,0,1,2,0,0
tx_legit_001288,0,360.43,5.8901,680,1,1,2,1,0,0
tx_legit_002971,0,193.17,5.2687,541,1,0,1,1,0,0
tx_legit_009107,0,393.02,5.9764,440,1,1,1,2,0,0
tx_legit_007626,0,1030.98,6.9392,74,3,0,2,3,0,0
tx_legit_002368,0,444.97,6.1003,299,1,0,1,2,0,0
tx_legit_008947,0,223.42,5.4135,269,1,0,1,1,0,0
tx_legit_007978,0,1277.31,7.1533,463,1,0,1,1,0,0
tx_legit_000115,0,608.61,6.4128,492,1,0,1,1,0,0
tx_fraud_000242,1,11784.58,9.3746,20,14,2,1,13,0,1
tx_legit_007306,0,306.55,5.7286,858,1,0,1,1,0,0
tx_fraud_000577,1,43375.59,10.6777,1,14,7,1,3,1,1
tx_legit_007422,0,320.16,5.7719,554,2,0,1,1,0,0
tx_legit_009098,0,365.8,5.9048,702,1,0,1,1,0,0
tx_legit_004868,0,756.3,6.6298,849,1,0,3,1,0,0
tx_legit_003325,0,872.06,6.772,578,1,0,1,2,0,0
tx_legit_007720,0,571.64,6.3503,705,1,0,1,1,0,0
tx_legit_006703,0,240.17,5.4855,110,1,0,1,2,0,0
tx_legit_005280,0,498.45,6.2135,477,1,0,1,1,0,0
tx_legit_001284,0,218.94,5.3934,756,1,0,1,1,0,0
tx_legit_007726,0,340.59,5.8336,486,1,0,1,1,0,0
tx_legit_007496,0,360.53,5.8903,398,2,0,1,1,0,0
tx_fraud_000531,1,78408.32,11.2697,2,6,7,3,3,1,1
tx_legit_008500,0,166.49,5.1209,822,1,0,1,1,0,0
tx_legit_003337,0,1228.58,7.1144,654,3,0,2,1,0,0
tx_legit_003126,0,1404.52,7.2482,171,1,0,1,1,0,0
tx_legit_000487,0,756.35,6.6298,622,1,0,2,4,0,0
tx_fraud_000756,1,19684.77,9.8877,5,22,7,11,19,1,1
tx_legit_007644,0,2033.5,7.618,660,2,0,2,1,0,0
tx_legit_003426,0,966.65,6.8749,321,1,0,2,1,0,0
tx_legit_003643,0,325.12,5.7873,186,2,0,1,1,0,0
tx_legit_003290,0,741.71,6.6103,216,1,0,1,2,0,0
tx_legit_001166,0,570.98,6.3491,659,1,1,1,2,0,0
tx_legit_002815,0,254.57,5.5435,194,2,0,1,1,0,0
tx_legit_001718,0,1120.7,7.0226,881,1,0,2,1,0,0
tx_legit_008243,0,1069.84,6.9762,470,1,0,1,3,0,0
tx_legit_003365,0,535.42,6.2849,489,2,0,1,3,0,0
tx_legit_001383,0,914.2,6.8191,39,1,0,1,1,0,0
tx_legit_000385,0,208.1,5.3428,815,1,0,1,1,0,0
tx_legit_000502,0,163.35,5.102,174,1,0,1,2,0,0
tx_legit_000260,0,725.93,6.5888,69,1,0,1,1,0,0
tx_legit_005187,0,750.24,6.6217,521,2,0,2,1,0,0
tx_legit_005401,0,428.62,6.0629,97,1,1,1,1,0,0
tx_legit_001708,0,623.29,6.4366,736,3,0,1,1,0,0
tx_legit_006053,0,575.69,6.3573,397,1,0,1,2,0,0
tx_legit_004253,0,451.85,6.1156,597,1,0,1,1,0,0
tx_legit_004114,0,780.66,6.6614,91,2,0,1,1,0,0
tx_legit_004513,0,1124.08,7.0256,125,1,0,1,1,0,0
tx_legit_006577,0,52.61,3.9817,601,1,0,1,2,0,0
tx_legit_000702,0,1078.64,6.9844,234,1,0,1,1,0,0
tx_legit_006508,0,332.86,5.8107,313,2,1,1,3,0,0
tx_legit_006483,0,516.72,6.2494,128,3,0,1,2,0,0
tx_legit_002658,0,551.28,6.3141,713,1,0,1,1,0,0
tx_legit_005940,0,274.19,5.6175,750,1,0,1,4,0,0
tx_legit_003972,0,181.88,5.2088,802,1,0,1,2,0,0
tx_legit_002676,0,681.74,6.5261,434,1,0,1,1,0,0
tx_legit_001253,0,504.13,6.2248,276,1,0,1,1,0,0
tx_fraud_000751,1,55468.57,10.9236,7,18,10,12,23,1,1
tx_legit_004062,0,1277.31,7.1533,566,1,0,1,2,0,0
tx_legit_005567,0,288.45,5.668,289,3,1,1,2,0,0
tx_legit_002178,0,498.18,6.213,52,2,0,1,1,0,0
tx_legit_008049,0,1003.43,6.9122,283,2,0,1,1,0,0
tx_legit_008823,0,354.16,5.8726,553,1,0,1,3,0,0
tx_legit_005082,0,503.53,6.2236,662,1,0,1,1,0,0
tx_legit_000011,0,254.37,5.5427,187,1,0,1,1,0,0
tx_legit_002705,0,713.29,6.5713,827,2,0,1,2,0,0
tx_fraud_000572,1,77616.21,11.2595,3,10,7,3,3,1,1
tx_legit_000971,0,229.04,5.4383,100,1,0,2,2,0,0
tx_fraud_000251,1,12407.75,9.4262,24,22,3,3,29,0,1
tx_legit_002626,0,586.39,6.3757,177,1,0,1,2,0,0
tx_legit_002605,0,131.16,4.884,700,1,0,1,1,0,0
tx_legit_006112,0,222.1,5.4076,309,2,0,2,1,0,0
tx_legit_001641,0,256.02,5.5492,77,2,0,1,3,0,0
tx_legit_000727,0,358.15,5.8837,748,1,0,1,2,0,0
tx_legit_000178,0,586.97,6.3767,350,2,0,1,1,0,0
tx_legit_007136,0,574.74,6.3557,366,1,0,1,2,0,0
tx_legit_003052,0,218.28,5.3903,659,1,0,1,1,0,0
tx_legit_000763,0,569.47,6.3465,601,1,0,2,2,0,0
tx_legit_008079,0,198.79,5.2973,682,1,0,1,1,0,0
tx_fraud_000786,1,61950.58,11.0341,0,28,6,22,38,1,1
tx_legit_005072,0,79.76,4.3915,620,2,0,2,1,0,0
tx_legit_007244,0,2214.98,7.7035,49,1,0,2,1,0,0
tx_legit_007319,0,715.77,6.5748,214,1,0,1,1,0,0
tx_legit_007457,0,473.75,6.1628,349,1,0,1,1,0,0
tx_legit_003438,0,111.09,4.7193,712,1,0,1,2,0,0
tx_legit_006591,0,1505.98,7.3179,466,1,0,1,3,0,0
tx_legit_007804,0,269.36,5.5998,221,1,0,1,3,0,0
tx_legit_008615,0,989.71,6.8984,757,1,0,1,1,0,0
tx_legit_003497,0,680.26,6.5239,383,1,0,2,1,0,0
tx_legit_000120,0,1037.37,6.9454,481,1,0,1,1,0,0
tx_legit_002002,0,590.44,6.3826,510,1,0,1,2,0,0
tx_fraud_000785,1,33031.46,10.4052,3,18,6,17,19,1,1
tx_legit_003642,0,585.4,6.374,617,1,0,1,2,0,0
tx_legit_004780,0,236.58,5.4705,842,1,0,1,4,0,0
tx_legit_004951,0,216.08,5.3803,68,1,0,1,1,0,0
tx_legit_009062,0,432.95,6.0729,413,1,0,1,1,0,0
tx_fraud_000205,1,13230.45,9.4904,14,8,3,1,18,0,1
tx_legit_005638,0,775.72,6.6551,482,1,0,1,2,0,0
tx_legit_002730,0,367.12,5.9084,778,1,0,1,1,0,0
tx_legit_006842,0,193.95,5.2727,539,2,0,1,1,0,0
tx_legit_008426,0,224.43,5.418,67,1,0,1,1,0,0
tx_legit_008690,0,304.6,5.7223,122,1,0,1,4,0,0
tx_legit_002916,0,240.77,5.488,201,1,0,1,1,0,0
tx_legit_003366,0,398.04,5.9891,448,1,0,1,2,0,0
tx_legit_006952,0,345.09,5.8467,840,1,0,1,2,0,0
tx_legit_005741,0,1557.66,7.3516,457,1,0,1,2,0,0
tx_legit_005768,0,2060.63,7.6313,35,1,0,3,1,0,0
tx_legit_008619,0,422.29,6.0481,367,1,0,1,1,0,0
tx_legit_004581,0,241.69,5.4918,355,2,0,1,1,0,0
tx_legit_003070,0,371.15,5.9193,866,4,2,2,2,0,0
tx_legit_007539,0,818.08,6.7082,45,1,0,1,1,0,0
tx_legit_008926,0,1055.81,6.963,80,3,0,1,2,0,0
tx_legit_004468,0,138.15,4.9356,169,2,1,1,1,0,0
tx_legit_001589,0,384.42,5.9543,593,1,0,1,1,0,0
tx_legit_001630,0,528.12,6.2712,271,3,0,3,3,0,0
tx_legit_005603,0,541.27,6.2958,183,1,0,1,1,0,0
tx_legit_004992,0,516.53,6.2491,152,1,0,1,3,0,0
tx_legit_001554,0,432.56,6.072,61,1,0,1,1,0,0
tx_legit_003603,0,326.61,5.7918,177,1,0,3,1,0,0
tx_legit_003626,0,220.93,5.4024,425,1,0,1,1,0,0
tx_legit_002770,0,538.64,6.2909,866,1,0,1,1,0,0
tx_legit_001035,0,1016.87,6.9255,406,2,0,1,2,0,0
tx_legit_004483,0,453.11,6.1183,705,2,0,1,2,0,0
tx_legit_007770,0,192.52,5.2654,357,3,0,1,2,0,0
tx_legit_005708,0,166.39,5.1203,287,4,0,1,1,0,0
tx_legit_002378,0,327.89,5.7957,177,1,1,1,1,0,0
tx_fraud_000212,1,8725.93,9.0742,16,10,6,3,20,0,1
tx_legit_007275,0,364.16,5.9003,406,1,0,2,2,0,0
tx_legit_000132,0,500.47,6.2175,708,1,0,1,1,0,0
tx_legit_002988,0,363.14,5.8975,775,1,0,1,1,0,0
tx_legit_000032,0,472.14,6.1594,240,1,2,2,1,0,0
tx_legit_006194,0,372.92,5.924,604,2,0,1,1,0,0
tx_legit_007696,0,408.18,6.0142,692,1,0,1,2,0,0
tx_legit_003305,0,268.35,5.596,271,1,0,1,1,0,0
tx_fraud_000693,1,16098.31,9.6865,2,15,9,23,19,1,1
tx_legit_004737,0,299.24,5.7046,309,1,0,1,1,0,0
tx_fraud_000694,1,27807.05,10.2331,3,17,6,17,18,1,1
tx_legit_004202,0,218.58,5.3917,501,1,0,1,4,0,0
tx_legit_006275,0,419.59,6.0417,347,1,0,2,1,0,0
tx_legit_006213,0,238.39,5.4781,805,2,0,1,4,0,0
tx_fraud_000611,1,82397.08,11.3193,10,13,5,2,3,0,1
tx_legit_005135,0,183.36,5.2169,317,1,0,3,2,0,0
tx_legit_004520,0,995.72,6.9045,327,1,0,1,2,0,0
tx_legit_005313,0,156.27,5.058,316,1,0,1,1,0,0
tx_legit_009029,0,684.98,6.5308,496,1,0,1,1,0,0
tx_legit_005334,0,395.25,5.982,445,1,0,1,1,0,0
tx_legit_002872,0,659.18,6.4925,162,1,0,1,1,0,0
tx_legit_000225,0,673.17,6.5135,331,1,1,1,1,0,0
tx_fraud_000617,1,69890.41,11.1547,9,6,6,3,1,0,1
tx_legit_006279,0,144.17,4.9779,312,1,0,2,3,0,0
tx_fraud_000294,1,14019.97,9.5483,9,9,6,3,26,0,1
tx_fraud_000628,1,48820.63,10.7959,5,8,3,2,4,1,1
tx_legit_003182,0,609.19,6.4138,268,1,0,1,1,0,0
tx_legit_008932,0,1003.28,6.912,321,1,0,1,1,0,0
tx_legit_003844,0,621.4,6.4336,789,1,0,1,1,0,0
tx_legit_006118,0,1768.65,7.4785,809,3,0,1,1,0,0
tx_legit_001867,0,1809.7,7.5015,378,1,0,1,1,0,0
tx_fraud_000630,1,94695.29,11.4584,4,9,7,2,4,1,1
tx_legit_007163,0,516.03,6.2481,499,2,0,1,1,0,0
tx_legit_007665,0,1470.47,7.294,528,1,0,1,1,0,0
tx_legit_004156,0,1214.84,7.1032,256,1,0,1,1,0,0
tx_legit_004816,0,742.89,6.6119,321,2,2,1,1,0,0
tx_fraud_000690,1,17561.74,9.7735,2,19,5,17,26,1,1
tx_legit_006557,0,607.34,6.4107,63,2,0,1,1,0,0
tx_legit_003946,0,456.44,6.1256,497,1,0,1,2,0,0
tx_legit_004493,0,278.34,5.6324,535,1,0,1,2,0,0
tx_legit_005983,0,1426.99,7.264,453,1,0,1,2,0,0
tx_legit_006609,0,747.69,6.6183,373,2,0,1,1,0,0
tx_legit_002181,0,985.68,6.8943,139,2,0,1,1,0,0
tx_legit_002427,0,1260.76,7.1403,83,2,0,1,1,0,0
tx_legit_004439,0,592.93,6.3868,839,1,0,1,1,0,0
tx_legit_003865,0,582.15,6.3684,899,2,0,1,3,0,0
tx_legit_009004,0,386.91,5.9608,182,1,0,1,2,0,0
tx_legit_004536,0,670.94,6.5102,738,2,0,1,1,0,0
tx_legit_008660,0,161.08,5.0881,218,1,0,2,4,0,0
tx_legit_004009,0,657.41,6.4898,246,2,0,1,1,0,0
tx_legit_007906,0,93.87,4.5525,451,1,0,1,1,0,0
tx_legit_005189,0,381.87,5.9477,542,1,0,1,1,0,0
tx_legit_008281,0,438.28,6.0851,404,2,0,1,1,0,0
tx_legit_008005,0,156.52,5.0596,646,1,0,1,1,0,0
tx_legit_001883,0,3464.24,8.1505,511,1,0,1,1,0,0
tx_legit_002222,0,740.17,6.6082,143,1,0,1,2,0,0
tx_legit_007342,0,697.29,6.5486,894,1,0,1,1,0,0
tx_legit_000843,0,575.05,6.3562,255,1,0,1,1,0,0
tx_legit_002662,0,738.39,6.6058,546,1,0,2,1,0,0
tx_legit_007984,0,277.79,5.6305,187,3,0,1,1,0,0
tx_legit_009089,0,730.24,6.5947,565,1,0,1,1,0,0
tx_fraud_000549,1,39689.65,10.5889,5,8,3,2,2,1,1
tx_legit_001695,0,855.65,6.753,369,1,0,1,1,0,0
tx_legit_002865,0,668.09,6.5059,763,2,0,1,2,0,0
tx_fraud_000222,1,1508.82,7.3197,21,12,2,1,19,0,1
tx_legit_001222,0,328.19,5.7966,592,1,0,1,1,0,0
tx_legit_002706,0,573.63,6.3537,532,2,0,1,3,0,0
tx_legit_001552,0,545.65,6.3038,815,1,0,1,1,0,0
tx_legit_007813,0,1443.78,7.2757,77,2,0,1,1,0,0
tx_legit_003185,0,602.04,6.402,201,1,0,1,1,0,0
tx_legit_004939,0,1169.4,7.0651,196,1,0,1,1,0,0
tx_legit_005168,0,95.85,4.5732,547,2,0,1,1,0,0
tx_legit_001819,0,454.14,6.1206,809,1,0,1,1,0,0
tx_legit_007887,0,1289.08,7.1625,96,2,0,1,1,0,0
tx_legit_004549,0,178.43,5.1898,743,1,0,1,3,0,0
tx_legit_006810,0,260.07,5.5648,356,1,1,1,2,0,0
tx_legit_003001,0,264.09,5.5801,341,1,1,1,5,0,0
tx_legit_008373,0,352.58,5.8681,803,1,0,1,2,0,0
tx_legit_004046,0,547.69,6.3075,451,1,0,1,1,0,0
tx_legit_003638,0,281.6,5.644,59,1,0,2,1,0,0
tx_legit_005544,0,511.42,6.2391,320,1,0,1,2,0,0
tx_fraud_000750,1,23509.4,10.0652,4,21,6,16,28,1,1
tx_legit_009078,0,137.09,4.9279,345,1,0,1,1,0,0
tx_legit_008492,0,769.25,6.6467,165,1,0,1,1,0,0
tx_legit_001550,0,751.77,6.6238,545,1,0,1,3,0,0
tx_legit_002923,0,978.39,6.8869,547,1,1,1,2,0,0
tx_legit_007866,0,299.78,5.7064,285,1,0,1,1,0,0
tx_legit_006854,0,1541.1,7.3409,577,1,0,1,1,0,0
tx_legit_002563,0,103.9,4.653,622,1,0,1,1,0,0
tx_legit_004593,0,303.03,5.7171,181,1,0,1,2,0,0
tx_fraud_000790,1,38117.72,10.5485,4,20,10,15,20,1,1
tx_legit_004208,0,775.43,6.6547,583,2,0,1,1,0,0
tx_legit_005429,0,770.08,6.6478,326,1,0,1,1,0,0
tx_legit_002137,0,142.08,4.9634,50,2,0,1,3,0,0
tx_legit_001393,0,1212.7,7.1014,268,1,0,1,2,0,0
tx_legit_008483,0,185.38,5.2278,781,1,0,1,1,0,0
tx_fraud_000664,1,38770.73,10.5654,3,21,10,25,20,1,1
tx_fraud_000656,1,41700.44,10.6383,4,26,7,14,38,1,1
tx_legit_004449,0,266.37,5.5886,547,1,0,1,2,0,0
tx_legit_008137,0,429.8,6.0656,235,1,0,1,2,0,0
tx_fraud_000237,1,4519.01,8.4163,10,19,5,2,29,0,1
tx_legit_004825,0,209.6,5.35,704,3,0,1,1,0,0
tx_legit_004617,0,548.19,6.3084,278,2,0,1,3,0,0
tx_legit_003077,0,272.32,5.6106,375,1,0,2,1,0,0
tx_fraud_000285,1,1949.85,7.576,17,17,7,1,32,0,1
tx_legit_004364,0,409.83,6.0182,814,2,0,3,1,0,0
tx_legit_003183,0,270.61,5.6044,494,1,0,1,4,0,0
tx_legit_000356,0,672.88,6.5131,866,1,0,1,1,0,0
tx_legit_007688,0,182.13,5.2102,430,1,0,2,1,0,0
tx_legit_003401,0,1006.07,6.9148,682,1,0,1,1,0,0
tx_legit_001245,0,146.27,4.9923,731,1,0,1,2,0,0
tx_legit_003891,0,716.6,6.5759,234,1,0,1,1,0,0
tx_legit_000089,0,848.22,6.7443,744,1,0,1,1,0,0
tx_fraud_000652,1,47624.86,10.7711,0,25,8,14,34,1,1
tx_legit_007228,0,227.99,5.4337,395,1,0,1,2,0,0
tx_legit_005662,0,265.27,5.5845,416,2,0,1,1,0,0
tx_legit_009196,0,161.35,5.0898,294,1,2,1,2,0,0
tx_legit_001858,0,436.1,6.0802,240,2,0,1,2,0,0
tx_legit_005452,0,787.54,6.6702,592,1,1,3,1,0,0
tx_legit_009148,0,625.36,6.4399,255,1,0,1,1,0,0
tx_legit_002684,0,237.54,5.4745,616,1,2,1,1,0,0
tx_legit_001965,0,462.6,6.139,296,1,0,1,1,0,0
tx_legit_002935,0,726.04,6.589,411,1,1,1,2,0,0
tx_legit_003264,0,1228.01,7.114,323,1,0,2,1,0,0
tx_legit_003387,0,844.29,6.7397,268,1,0,1,2,0,0
tx_legit_004828,0,740.06,6.6081,822,1,1,1,2,0,0
tx_legit_005408,0,1152.12,7.0502,498,3,0,1,4,0,0
tx_legit_004413,0,659.91,6.4936,253,2,0,1,2,0,0
tx_fraud_000701,1,31501.87,10.3578,0,23,8,14,27,1,1
tx_legit_005734,0,622.52,6.4354,73,1,0,1,1,0,0
tx_legit_008522,0,1184.63,7.078,288,1,0,1,4,0,0
tx_legit_000109,0,133.33,4.9003,386,1,0,1,1,0,0
tx_legit_006732,0,1258.94,7.1388,822,1,1,1,1,0,0
tx_fraud_000536,1,86878.68,11.3723,8,8,7,1,1,0,1
tx_legit_004146,0,891.87,6.7944,181,2,0,1,1,0,0
tx_legit_003155,0,386.82,5.9605,803,1,0,1,1,0,0
tx_legit_000994,0,732.56,6.5979,858,1,0,1,3,0,0
tx_legit_002765,0,396.66,5.9856,355,2,0,1,1,0,0
tx_legit_009091,0,391.22,5.9718,672,1,0,1,1,0,0
tx_legit_000554,0,769.58,6.6471,509,1,0,1,1,0,0
tx_legit_003106,0,468.81,6.1523,476,4,0,1,2,0,0
tx_legit_007233,0,1519.33,7.3267,824,1,0,1,1,0,0
tx_legit_000990,0,305.24,5.7244,793,1,0,1,2,0,0
tx_legit_003357,0,387.41,5.9621,857,2,0,1,1,0,0
tx_legit_008588,0,1055.79,6.963,311,1,0,1,2,0,0
tx_legit_007064,0,484.73,6.1857,565,2,0,1,3,0,0
tx_legit_000365,0,520.84,6.2574,445,1,0,1,1,0,0
tx_legit_008305,0,719.35,6.5797,838,1,0,1,1,0,0
tx_legit_002428,0,739.64,6.6075,345,1,0,1,3,0,0
tx_legit_004460,0,891.36,6.7939,440,1,1,1,1,0,0
tx_legit_004502,0,751.58,6.6235,825,1,0,1,1,0,0
tx_legit_002153,0,240.22,5.4857,788,1,0,1,2,0,0
tx_fraud_000523,1,82782.57,11.324,5,8,5,3,3,1,1
tx_legit_002096,0,558.14,6.3264,604,3,0,1,1,0,0
tx_fraud_000719,1,42904.08,10.6667,1,19,5,19,34,1,1
tx_fraud_000778,1,49738.25,10.8145,0,26,10,11,37,1,1
tx_legit_002003,0,1056.39,6.9636,432,1,1,2,1,0,0
tx_legit_008782,0,2507.06,7.8273,239,1,0,1,3,0,0
tx_legit_000514,0,1845.2,7.5209,136,2,0,1,1,0,0
tx_legit_005080,0,195.67,5.2815,338,2,0,2,2,0,0
tx_legit_003373,0,1133.34,7.0338,191,2,1,1,1,0,0
tx_legit_007880,0,161.2,5.0888,42,1,2,1,1,0,0
tx_legit_000149,0,313.46,5.7509,643,3,0,1,3,0,0
tx_legit_000485,0,535.14,6.2844,564,3,0,1,2,0,0
tx_legit_007589,0,720.61,6.5815,665,1,0,1,3,0,0
tx_legit_000038,0,441.97,6.0935,114,1,0,1,1,0,0
tx_fraud_000556,1,54113.71,10.8989,3,11,4,1,2,1,1
tx_legit_002556,0,344.66,5.8455,586,1,0,1,1,0,0
tx_legit_002480,0,603.6,6.4046,67,2,0,1,2,0,0
tx_legit_004589,0,156.3,5.0582,825,1,0,1,1,0,0
tx_legit_001981,0,54.1,4.0091,601,2,0,3,1,0,0
tx_legit_008105,0,658.38,6.4913,341,1,0,1,3,0,0
tx_legit_007325,0,110.83,4.717,54,1,2,1,2,0,0
tx_legit_003024,0,378.55,5.939,842,1,0,1,1,0,0
tx_fraud_000320,1,2920.7,7.9799,13,10,7,3,32,0,1
tx_legit_001440,0,434.8,6.0772,827,1,0,1,3,0,0
tx_legit_001299,0,1474.94,7.2971,883,1,0,1,2,0,0
tx_legit_003673,0,487.55,6.1914,394,2,0,2,3,0,0
tx_legit_000495,0,1171.6,7.067,298,1,0,1,2,0,0
tx_legit_007176,0,276.21,5.6248,94,1,0,1,2,0,0
tx_legit_007231,0,678.52,6.5214,609,1,0,1,1,0,0
tx_legit_000583,0,344.54,5.8451,182,1,2,1,1,0,0
tx_legit_008571,0,462.05,6.1378,180,1,0,1,3,0,0
tx_legit_005658,0,68.49,4.2412,445,1,0,1,1,0,0
tx_legit_000666,0,285.44,5.6575,432,1,0,1,5,0,0
tx_legit_003119,0,236.6,5.4706,738,1,0,1,1,0,0
tx_legit_005084,0,1266.26,7.1446,492,1,1,1,1,0,0
tx_legit_008825,0,331.87,5.8078,169,1,0,1,1,0,0
tx_legit_007072,0,252.02,5.5335,358,1,0,1,2,0,0
tx_legit_002044,0,201.44,5.3104,196,1,0,1,1,0,0
tx_legit_001620,0,422.33,6.0482,649,1,0,1,1,0,0
tx_legit_008118,0,421.41,6.046,513,1,2,1,3,0,0
tx_legit_003551,0,666.83,6.504,144,2,0,1,2,0,0
tx_legit_004571,0,667.56,6.5051,321,2,0,1,1,0,0
tx_legit_005566,0,555.25,6.3212,622,1,0,1,3,0,0
tx_legit_001566,0,782.25,6.6635,596,1,0,1,1,0,0
tx_legit_008582,0,278.44,5.6328,861,1,0,1,1,0,0
tx_legit_007052,0,647.41,6.4745,550,1,0,1,2,0,0
tx_legit_007728,0,433.5,6.0742,524,2,0,1,2,0,0
tx_legit_006821,0,1050.0,6.9575,855,1,0,1,3,0,0
tx_legit_007505,0,940.26,6.8472,309,1,0,1,2,0,0
tx_legit_003208,0,477.4,6.1704,850,1,0,3,2,0,0
tx_legit_000023,0,825.79,6.7176,680,2,0,1,1,0,0
tx_legit_005844,0,486.33,6.1889,349,1,0,1,1,0,0
tx_legit_000544,0,267.03,5.5911,449,1,0,1,4,0,0
tx_legit_003929,0,513.78,6.2437,68,1,0,1,1,0,0
tx_legit_006280,0,102.38,4.6384,67,1,0,1,2,0,0
tx_legit_004572,0,210.88,5.356,670,1,0,1,2,0,0
tx_legit_004690,0,887.96,6.7901,235,1,0,1,3,0,0
tx_legit_002326,0,812.43,6.7013,291,1,0,1,2,0,0
tx_legit_000787,0,306.47,5.7284,145,1,0,1,2,0,0
tx_legit_008074,0,269.13,5.5989,80,1,0,1,1,0,0
tx_legit_009060,0,413.13,6.0262,840,1,0,2,1,0,0
tx_legit_004801,0,539.56,6.2926,893,1,0,1,1,0,0
tx_legit_001870,0,535.78,6.2856,486,2,0,1,1,0,0
tx_legit_006681,0,355.96,5.8776,879,1,0,1,1,0,0
tx_fraud_000227,1,8685.16,9.0695,24,19,3,4,27,0,1
tx_legit_001622,0,793.18,6.6773,65,1,0,1,1,0,0
tx_legit_003298,0,1046.02,6.9537,251,1,0,3,2,0,0
tx_legit_001888,0,1626.22,7.3946,620,1,0,1,1,0,0
tx_legit_003046,0,620.79,6.4326,221,1,0,1,2,0,0
tx_legit_005526,0,1110.96,7.0139,136,1,1,1,1,0,0
tx_legit_006223,0,513.56,6.2433,541,1,0,1,3,0,0
tx_legit_002899,0,629.42,6.4464,718,1,0,1,1,0,0
tx_legit_003269,0,537.28,6.2884,658,1,0,1,2,0,0
tx_legit_002718,0,247.37,5.5149,552,1,0,1,1,0,0
tx_legit_002373,0,191.12,5.2581,722,1,0,1,1,0,0
tx_legit_007054,0,417.02,6.0355,464,3,0,1,1,0,0
tx_legit_008077,0,868.89,6.7684,664,2,0,1,3,0,0
tx_legit_000844,0,574.98,6.3561,271,2,0,1,4,0,0
tx_legit_001427,0,1452.16,7.2815,60,2,0,1,1,0,0
tx_legit_003527,0,103.09,4.6453,510,1,0,1,1,0,0
tx_legit_007779,0,475.82,6.1671,609,1,2,1,1,0,0
tx_legit_007809,0,178.7,5.1913,774,2,0,1,1,0,0
tx_legit_005174,0,684.17,6.5297,240,1,0,1,1,0,0
tx_fraud_000489,1,79785.68,11.2871,3,6,7,1,2,1,1
tx_legit_000035,0,418.48,6.039,595,1,1,1,1,0,0
tx_legit_003453,0,1180.13,7.0742,740,1,0,1,1,0,0
tx_legit_005877,0,486.19,6.1887,156,1,0,2,2,0,0
tx_legit_003579,0,321.53,5.7762,406,1,0,2,1,0,0
tx_legit_005037,0,439.7,6.0884,132,1,0,2,1,0,0
tx_legit_001563,0,338.67,5.828,435,1,0,1,2,0,0
tx_legit_002408,0,374.46,5.9282,511,2,0,1,2,0,0
tx_legit_006366,0,1148.01,7.0467,741,1,0,1,1,0,0
tx_legit_006138,0,637.71,6.4595,322,1,0,1,1,0,0
tx_legit_007085,0,789.87,6.6731,106,1,0,1,1,0,0
tx_legit_005219,0,264.25,5.5807,475,1,0,1,2,0,0
tx_legit_008999,0,219.23,5.3947,409,2,0,1,2,0,0
tx_legit_005746,0,733.32,6.5989,153,1,0,2,1,0,0
tx_legit_008663,0,612.75,6.4196,181,2,0,1,1,0,0
tx_legit_006980,0,168.45,5.1326,282,1,0,1,1,0,0
tx_legit_002280,0,1334.54,7.1971,336,1,0,1,2,0,0
tx_legit_003375,0,172.74,5.1576,698,1,0,3,1,0,0
tx_legit_001201,0,246.65,5.512,609,1,0,1,4,0,0
tx_legit_008931,0,240.43,5.4866,866,2,0,1,1,0,0
tx_legit_006238,0,627.78,6.4438,219,1,0,3,1,0,0
tx_legit_008289,0,2256.06,7.7218,255,1,0,1,3,0,0
tx_legit_001330,0,300.17,5.7077,379,1,1,1,2,0,0
tx_legit_009053,0,1259.63,7.1394,222,1,0,1,1,0,0
tx_legit_008444,0,1279.99,7.1554,601,2,0,1,2,0,0
tx_fraud_000735,1,47966.13,10.7783,6,20,6,22,21,1,1
tx_fraud_000564,1,37026.71,10.5194,1,6,4,1,3,1,1
tx_legit_008795,0,387.5,5.9623,473,1,0,1,1,0,0
tx_legit_002508,0,457.76,6.1285,555,2,0,1,3,0,0
tx_legit_006485,0,274.56,5.6188,363,2,0,3,3,0,0
tx_legit_005209,0,476.4,6.1684,596,1,0,1,2,0,0
tx_legit_005426,0,1251.91,7.1332,641,1,0,1,3,0,0
tx_legit_007856,0,129.13,4.8685,738,4,0,1,1,0,0
tx_legit_001637,0,656.07,6.4878,373,1,1,1,3,0,0
tx_legit_005951,0,539.24,6.292,70,1,0,2,1,0,0
tx_legit_005540,0,656.78,6.4889,452,1,0,1,2,0,0
tx_legit_001838,0,893.82,6.7966,496,1,0,1,1,0,0
tx_legit_008345,0,342.29,5.8386,222,1,1,2,3,0,0
tx_legit_006929,0,358.23,5.884,566,2,0,1,2,0,0
tx_legit_001875,0,1501.83,7.3151,499,1,0,1,1,0,0
tx_legit_003222,0,642.8,6.4674,440,1,2,3,1,0,0
tx_legit_005101,0,402.1,5.9992,464,1,0,1,1,0,0
tx_legit_007058,0,599.95,6.3985,550,1,0,1,2,0,0
tx_legit_003124,0,728.58,6.5925,276,1,0,2,1,0,0
tx_legit_002727,0,903.8,6.8077,148,1,0,1,2,0,0
tx_legit_001546,0,253.41,5.5389,404,1,0,1,3,0,0
tx_legit_007749,0,284.35,5.6537,509,1,0,1,1,0,0
tx_legit_002627,0,958.29,6.8662,451,2,0,1,1,0,0
tx_legit_005997,0,337.05,5.8232,553,1,0,1,1,0,0
tx_legit_003320,0,177.07,5.1822,466,1,0,2,2,0,0
tx_legit_008982,0,299.1,5.7041,867,2,0,1,3,0,0
tx_legit_003912,0,626.95,6.4425,145,1,0,1,1,0,0
tx_legit_008422,0,1041.02,6.9489,727,1,0,1,2,0,0
tx_legit_001522,0,175.6,5.1739,650,1,0,1,4,0,0
tx_legit_007388,0,1500.88,7.3145,805,1,0,1,1,0,0
tx_legit_001521,0,1273.64,7.1504,341,1,0,3,2,0,0
tx_legit_005625,0,123.54,4.8246,541,1,0,1,1,0,0
tx_legit_001880,0,647.58,6.4748,659,2,0,2,1,0,0
tx_legit_006417,0,2507.11,7.8273,458,1,0,1,1,0,0
tx_legit_009025,0,60.57,4.1202,875,1,0,1,1,0,0
tx_legit_001720,0,210.27,5.3531,840,1,0,1,4,0,0
tx_legit_007055,0,397.54,5.9878,463,2,0,1,1,0,0
tx_legit_002522,0,137.98,4.9343,257,1,0,1,1,0,0
tx_legit_004676,0,582.74,6.3695,539,1,0,1,2,0,0
tx_legit_001495,0,565.42,6.3393,562,1,0,1,2,0,0
tx_legit_006324,0,468.05,6.1507,212,1,0,2,1,0,0
tx_legit_004758,0,879.87,6.7809,763,3,0,1,2,0,0
tx_legit_006262,0,473.05,6.1613,767,2,1,1,1,0,0
tx_legit_002358,0,469.42,6.1536,454,1,0,1,1,0,0
tx_legit_001558,0,576.03,6.3579,591,1,0,1,1,0,0
tx_legit_008309,0,713.31,6.5713,85,2,0,1,2,0,0
tx_legit_005291,0,603.52,6.4044,249,1,0,3,2,0,0
tx_legit_005115,0,736.93,6.6038,224,3,0,1,2,0,0
tx_legit_006912,0,217.07,5.3848,711,2,0,1,1,0,0
tx_fraud_000284,1,4319.79,8.3712,26,17,5,4,34,0,1
tx_legit_004873,0,850.14,6.7466,628,1,0,1,1,0,0
tx_fraud_000775,1,19824.32,9.8947,2,16,7,24,35,1,1
tx_legit_002903,0,111.28,4.721,347,2,0,1,2,0,0
tx_legit_002474,0,753.87,6.6265,331,2,1,1,3,0,0
tx_legit_009083,0,517.17,6.2503,878,1,0,1,1,0,0
tx_legit_008974,0,821.57,6.7124,486,1,0,1,1,0,0
tx_legit_009157,0,734.48,6.6005,842,3,0,2,1,0,0
tx_legit_002348,0,602.28,6.4024,775,3,0,1,3,0,0
tx_legit_002048,0,714.08,6.5724,454,1,0,1,5,0,0
tx_legit_008832,0,605.92,6.4084,316,1,0,1,2,0,0
tx_legit_000872,0,630.29,6.4478,209,2,0,1,4,0,0
tx_fraud_000282,1,8453.36,9.0424,27,24,8,3,30,0,1
tx_legit_003032,0,142.55,4.9667,654,1,0,2,1,0,0
tx_legit_006877,0,1296.58,7.1683,129,1,0,1,1,0,0
tx_legit_007862,0,315.41,5.757,581,2,0,1,2,0,0
tx_legit_000045,0,826.26,6.7181,899,1,0,1,1,0,0
tx_legit_006308,0,101.08,4.6258,182,1,0,1,2,0,0
tx_legit_007466,0,2025.62,7.6141,65,2,0,2,2,0,0
tx_legit_007014,0,471.34,6.1577,323,2,0,1,2,0,0
tx_fraud_000204,1,6860.22,8.8336,15,13,8,1,31,0,1
tx_legit_006153,0,851.56,6.7482,118,1,0,1,1,0,0
tx_legit_005103,0,429.29,6.0645,186,1,0,1,1,0,0
tx_legit_008106,0,880.21,6.7813,561,1,0,1,2,0,0
tx_legit_000814,0,372.2,5.9221,641,1,1,1,1,0,0
tx_fraud_000651,1,63011.18,11.0511,0,12,8,22,38,1,1
tx_legit_008826,0,516.33,6.2487,301,1,0,1,1,0,0
tx_legit_005444,0,1015.67,6.9243,34,1,0,1,2,0,0
tx_legit_009073,0,732.32,6.5976,143,1,0,1,1,0,0
tx_legit_003684,0,323.07,5.781,621,2,0,1,2,0,0
tx_legit_004875,0,573.87,6.3541,860,1,1,1,4,0,0
tx_legit_004053,0,120.39,4.799,701,2,0,1,1,0,0
tx_legit_003223,0,289.48,5.6715,268,1,0,1,1,0,0
tx_legit_004757,0,470.65,6.1562,451,1,0,1,2,0,0
tx_legit_001155,0,577.6,6.3606,77,2,2,1,1,0,0
tx_fraud_000610,1,36391.18,10.5021,1,8,6,3,3,1,1
tx_legit_004602,0,355.0,5.8749,275,1,2,1,2,0,0
tx_legit_000226,0,222.44,5.4091,168,1,0,1,1,0,0
tx_legit_005139,0,427.78,6.0609,380,2,0,1,1,0,0
tx_legit_007440,0,378.79,5.9396,298,2,2,1,1,0,0
tx_legit_008410,0,142.08,4.9634,150,1,0,1,1,0,0
tx_fraud_000272,1,8614.77,9.0613,15,8,4,1,22,0,1
tx_legit_005795,0,221.75,5.4061,566,1,0,1,1,0,0
tx_legit_000511,0,532.03,6.2786,379,1,0,1,3,0,0
tx_legit_001270,0,249.39,5.523,767,1,0,1,1,0,0
tx_legit_002966,0,1143.34,7.0426,125,1,0,1,1,0,0
tx_legit_006078,0,473.68,6.1626,200,1,0,1,1,0,0
tx_legit_000043,0,454.68,6.1218,581,1,0,1,2,0,0
tx_legit_006206,0,237.34,5.4737,692,1,0,1,2,0,0
tx_legit_008911,0,469.3,6.1534,451,3,0,1,1,0,0
tx_legit_008610,0,345.74,5.8486,818,1,0,1,2,0,0
tx_legit_003051,0,697.67,6.5492,534,1,0,1,1,0,0
tx_legit_004095,0,472.62,6.1604,394,1,0,1,1,0,0
tx_legit_007495,0,1180.51,7.0745,854,2,0,1,2,0,0
tx_legit_001213,0,359.3,5.8869,576,1,0,1,2,0,0
tx_legit_008227,0,957.5,6.8654,670,1,0,1,3,0,0
tx_legit_003615,0,258.0,5.5568,719,1,0,1,1,0,0
tx_legit_000416,0,857.22,6.7549,273,1,2,1,1,0,0
tx_legit_005993,0,219.56,5.3962,862,3,0,1,2,0,0
tx_legit_004398,0,512.26,6.2408,849,1,0,1,2,0,0
tx_fraud_000505,1,47909.12,10.7771,6,12,7,3,2,1,1
tx_legit_004563,0,445.38,6.1012,637,1,1,1,1,0,0
tx_fraud_000539,1,51257.23,10.8446,6,9,4,1,2,1,1
tx_fraud_000654,1,43399.19,10.6782,3,29,6,10,34,1,1
tx_legit_006162,0,511.17,6.2387,407,1,0,1,2,0,0
tx_legit_008712,0,774.42,6.6534,736,1,0,3,2,0,0
tx_fraud_000230,1,10275.3,9.2376,25,18,2,4,13,0,1
tx_legit_005839,0,364.0,5.8999,220,1,0,2,1,0,0
tx_legit_001503,0,472.55,6.1603,417,1,0,1,1,0,0
tx_legit_004829,0,447.11,6.105,808,1,0,1,3,0,0
tx_legit_004728,0,367.62,5.9098,711,2,0,1,2,0,0
tx_legit_006938,0,230.45,5.4444,823,3,0,1,1,0,0
tx_legit_009101,0,564.07,6.3369,819,1,0,1,2,0,0
tx_legit_002611,0,227.33,5.4308,349,2,0,1,1,0,0
tx_legit_004894,0,481.01,6.178,814,1,1,1,2,0,0
tx_legit_008168,0,186.97,5.2363,522,1,0,1,1,0,0
tx_legit_001588,0,478.36,6.1725,817,1,0,1,1,0,0
tx_legit_004663,0,499.35,6.2153,456,1,0,1,1,0,0
tx_legit_002839,0,281.9,5.6451,540,1,0,1,1,0,0
tx_legit_007925,0,544.7,6.3021,34,1,0,1,1,0,0
tx_legit_004259,0,1274.41,7.151,220,1,0,1,1,0,0
tx_legit_003033,0,693.47,6.5431,63,1,0,1,1,0,0
tx_legit_001904,0,1359.02,7.2153,640,1,0,1,1,0,0
tx_legit_005819,0,1117.43,7.0197,517,2,0,1,4,0,0
tx_fraud_000609,1,64210.08,11.0699,2,7,7,1,3,1,1
tx_legit_002268,0,255.92,5.5488,385,2,0,3,1,0,0
tx_legit_006403,0,847.85,6.7439,514,1,0,2,1,0,0
tx_legit_000081,0,182.06,5.2098,434,2,0,1,2,0,0
tx_legit_004422,0,949.02,6.8565,598,1,0,1,1,0,0
tx_legit_000427,0,295.24,5.6912,349,1,0,3,1,0,0
tx_legit_002990,0,750.66,6.6223,39,1,0,1,1,0,0
tx_legit_004194,0,292.19,5.6808,298,2,1,1,2,0,0
tx_legit_005265,0,589.37,6.3807,871,1,0,1,2,0,0
tx_legit_008501,0,1209.79,7.099,70,1,0,1,2,0,0
tx_legit_003160,0,258.87,5.5602,349,2,0,3,2,0,0
tx_legit_005428,0,967.74,6.876,513,1,0,1,2,0,0
tx_fraud_000274,1,3124.18,8.0472,25,14,6,3,20,0,1
tx_legit_000559,0,473.18,6.1616,548,3,0,1,1,0,0
tx_legit_008459,0,366.26,5.9061,705,2,0,1,2,0,0
tx_legit_000341,0,540.38,6.2941,819,1,0,1,2,0,0
tx_legit_004726,0,1328.81,7.1928,356,1,2,1,2,0,0
tx_legit_005275,0,355.91,5.8775,108,1,0,1,1,0,0
tx_legit_006358,0,1503.99,7.3165,64,1,0,1,1,0,0
tx_legit_003670,0,352.42,5.8677,824,1,0,1,1,0,0
tx_fraud_000712,1,63709.5,11.0621,2,13,9,21,34,1,1
tx_legit_004465,0,75.07,4.3317,561,1,0,1,2,0,0
tx_fraud_000273,1,1976.19,7.5894,4,19,4,1,18,1,1
tx_legit_004295,0,736.34,6.603,357,2,0,1,1,0,0
tx_legit_002609,0,499.59,6.2158,700,1,0,1,2,0,0
tx_legit_000353,0,1247.17,7.1294,399,1,0,1,3,0,0
tx_legit_007750,0,275.55,5.6224,399,1,0,2,2,0,0
tx_legit_008147,0,361.16,5.8921,845,1,0,1,1,0,0
tx_legit_004698,0,443.54,6.097,675,1,0,1,1,0,0
tx_legit_008802,0,517.0,6.25,879,1,0,1,1,0,0
tx_fraud_000176,1,3666.79,8.2073,16,24,8,3,28,0,1
tx_legit_004277,0,473.15,6.1615,323,1,1,1,1,0,0
tx_legit_003795,0,221.31,5.4041,731,2,0,1,2,0,0
tx_legit_000165,0,695.29,6.5458,552,1,0,3,1,0,0
tx_legit_000472,0,409.69,6.0178,409,1,0,1,2,0,0
tx_legit_006616,0,1098.04,7.0022,525,2,0,2,1,0,0
tx_legit_001435,0,708.47,6.5645,122,1,0,1,2,0,0
tx_legit_008497,0,769.73,6.6473,440,1,0,1,4,0,0
tx_legit_002566,0,546.75,6.3058,309,1,0,1,2,0,0
tx_legit_000719,0,343.51,5.8421,875,1,1,1,3,0,0
tx_legit_000267,0,853.49,6.7505,661,1,2,1,1,0,0
tx_legit_004433,0,270.59,5.6043,847,1,0,1,1,0,0
tx_legit_008909,0,388.31,5.9644,657,2,0,1,1,0,0
tx_legit_005383,0,257.93,5.5566,653,1,0,1,3,0,0
tx_fraud_000218,1,7091.11,8.8667,30,15,5,2,19,0,1
tx_legit_005160,0,986.27,6.8949,504,1,0,2,1,0,0
tx_legit_008486,0,304.71,5.7226,262,1,0,1,1,0,0
tx_legit_001683,0,274.95,5.6202,259,1,0,1,1,0,0
tx_legit_002059,0,969.36,6.8777,312,2,0,1,1,0,0
tx_legit_003212,0,465.66,6.1456,191,1,0,1,1,0,0
tx_legit_004782,0,702.8,6.5565,411,3,1,1,2,0,0
tx_legit_000790,0,282.38,5.6468,85,1,0,1,1,0,0
tx_legit_000031,0,449.28,6.1099,50,2,0,2,2,0,0
tx_legit_007927,0,1013.68,6.9223,364,1,0,1,1,0,0
tx_legit_005533,0,450.6,6.1128,71,1,0,1,1,0,0
tx_legit_004632,0,217.45,5.3866,819,1,0,1,4,0,0
tx_legit_001862,0,763.63,6.6394,558,2,0,1,1,0,0
tx_legit_007972,0,989.23,6.8979,171,2,0,1,1,0,0
tx_legit_004776,0,257.51,5.5549,648,1,0,1,1,0,0
tx_legit_008272,0,861.0,6.7593,402,2,0,1,2,0,0
tx_legit_005161,0,722.76,6.5845,418,1,0,1,1,0,0
tx_legit_004811,0,517.86,6.2516,792,2,0,1,2,0,0
tx_legit_004115,0,614.68,6.4227,692,1,0,1,2,0,0
tx_legit_001780,0,964.08,6.8722,326,1,0,2,3,0,0
tx_legit_004880,0,251.14,5.53,165,2,0,1,2,0,0
tx_legit_001061,0,445.34,6.1011,873,1,0,1,1,0,0
tx_legit_005370,0,937.91,6.8447,805,2,0,1,2,0,0
tx_legit_001196,0,803.65,6.6904,104,1,0,3,1,0,0
tx_fraud_000692,1,57291.95,10.9559,3,19,10,25,15,1,1
tx_legit_007656,0,1034.33,6.9425,784,2,0,1,2,0,0
tx_legit_001295,0,1098.16,7.0023,61,1,0,1,1,0,0
tx_legit_005254,0,329.6,5.8009,621,1,0,1,3,0,0
tx_fraud_000582,1,47503.43,10.7686,6,9,7,3,2,1,1
tx_legit_003641,0,265.66,5.586,360,1,0,1,4,0,0
tx_legit_006316,0,301.83,5.7132,85,1,0,1,3,0,0
tx_legit_008454,0,445.6,6.1017,174,1,0,1,1,0,0
tx_legit_002539,0,2124.63,7.6618,100,1,1,3,2,0,0
tx_legit_001505,0,588.44,6.3792,288,1,0,1,2,0,0
tx_fraud_000514,1,83749.26,11.3356,5,12,6,2,4,1,1
tx_fraud_000587,1,60287.56,11.0069,6,13,3,1,3,1,1
tx_legit_000174,0,949.2,6.8567,347,2,0,2,2,0,0
tx_legit_006521,0,332.91,5.8109,70,1,0,3,1,0,0
tx_legit_001485,0,1587.04,7.3703,104,1,0,1,1,0,0
tx_legit_006199,0,609.3,6.414,664,2,0,1,1,0,0
tx_legit_001067,0,110.41,4.7132,296,1,0,1,1,0,0
tx_legit_005818,0,385.85,5.958,176,1,0,1,4,0,0
tx_legit_006632,0,293.23,5.6844,326,1,1,3,2,0,0
tx_legit_002460,0,386.04,5.9585,693,1,0,1,1,0,0
tx_legit_007591,0,1266.84,7.1451,215,1,0,1,2,0,0
tx_legit_003789,0,1139.58,7.0393,869,1,1,1,1,0,0
tx_legit_005177,0,1606.26,7.3823,415,1,0,1,1,0,0
tx_legit_002517,0,1754.67,7.4706,765,2,0,1,2,0,0
tx_legit_006352,0,299.12,5.7042,873,1,0,1,4,0,0
tx_legit_003599,0,550.64,6.3129,76,1,0,1,4,0,0
tx_legit_008840,0,311.66,5.7451,607,3,0,1,1,0,0
tx_legit_006436,0,1273.85,7.1506,132,1,0,1,1,0,0
tx_legit_000703,0,295.76,5.6929,709,4,0,1,1,0,0
tx_legit_004108,0,308.32,5.7344,526,1,0,1,1,0,0
tx_legit_003984,0,286.03,5.6596,35,1,0,1,2,0,0
tx_legit_001207,0,407.85,6.0133,41,1,0,1,1,0,0
tx_legit_000026,0,792.99,6.6771,219,1,0,1,1,0,0
tx_legit_005957,0,443.79,6.0976,356,1,0,1,1,0,0
tx_legit_009085,0,466.11,6.1466,409,1,2,1,2,0,0
tx_legit_003933,0,358.89,5.8858,414,1,0,1,2,0,0
tx_legit_001363,0,1442.43,7.2748,705,1,1,1,1,0,0
tx_legit_005594,0,770.67,6.6486,380,1,0,1,1,0,0
tx_legit_007198,0,581.93,6.3681,716,1,0,1,3,0,0
tx_legit_001961,0,328.83,5.7986,775,1,0,1,1,0,0
tx_legit_004328,0,774.06,6.6529,258,1,0,2,2,0,0
tx_legit_007647,0,985.82,6.8945,185,1,0,1,1,0,0
tx_legit_001844,0,536.1,6.2862,203,1,0,1,1,0,0
tx_legit_000039,0,915.07,6.8201,63,1,0,1,1,0,0
tx_legit_007762,0,255.1,5.5456,777,1,0,2,1,0,0
tx_legit_006249,0,532.31,6.2791,91,3,0,1,1,0,0
tx_legit_002638,0,478.55,6.1728,561,2,0,1,1,0,0
tx_legit_005140,0,291.03,5.6769,219,1,0,1,1,0,0
tx_legit_005686,0,640.66,6.4641,200,1,0,1,1,0,0
tx_legit_001063,0,262.67,5.5747,812,2,0,1,3,0,0
tx_legit_006971,0,1334.34,7.1969,504,1,0,2,2,0,0
tx_legit_008414,0,510.94,6.2382,549,2,0,1,4,0,0
tx_legit_001342,0,109.77,4.7075,797,2,0,1,2,0,0
tx_legit_004177,0,1271.8,7.149,762,1,0,1,4,0,0
tx_legit_000182,0,201.15,5.309,533,2,0,1,2,0,0
tx_legit_002000,0,285.83,5.6589,170,1,0,1,1,0,0
tx_legit_002642,0,819.04,6.7094,621,2,0,1,4,0,0
tx_legit_001442,0,822.66,6.7138,89,3,0,1,2,0,0
tx_legit_003732,0,138.49,4.938,151,3,0,1,2,0,0
tx_legit_003353,0,361.89,5.8941,719,1,0,1,1,0,0
tx_legit_002424,0,391.34,5.9721,820,2,0,1,2,0,0
tx_legit_004402,0,122.1,4.813,718,1,0,1,4,0,0
tx_legit_005214,0,146.8,4.9959,389,1,0,1,2,0,0
tx_legit_000885,0,611.23,6.4171,246,1,0,1,1,0,0
tx_legit_002901,0,498.66,6.2139,528,1,0,1,2,0,0
tx_legit_006293,0,429.02,6.0638,765,1,1,1,1,0,0
tx_fraud_000710,1,31942.08,10.3717,6,10,6,19,31,1,1
tx_legit_007534,0,1450.76,7.2805,451,1,0,2,3,0,0
tx_legit_004743,0,1059.84,6.9668,559,1,1,1,1,0,0
tx_legit_002739,0,1393.98,7.2406,335,1,0,1,1,0,0
tx_legit_001760,0,601.77,6.4015,867,2,1,2,1,0,0
tx_legit_008257,0,790.15,6.6735,702,1,0,1,2,0,0
tx_legit_008764,0,438.65,6.086,332,3,0,1,1,0,0
tx_legit_003482,0,281.86,5.645,884,1,0,1,2,0,0
tx_legit_005228,0,697.44,6.5488,41,2,0,2,1,0,0
tx_legit_004778,0,440.51,6.0902,456,1,0,1,1,0,0
tx_legit_000754,0,834.07,6.7275,780,2,0,1,4,0,0
tx_legit_002271,0,372.9,5.924,724,3,0,1,1,0,0
tx_legit_005740,0,120.93,4.8034,792,1,0,1,1,0,0
tx_legit_007521,0,149.61,5.0147,273,1,0,1,1,0,0
tx_legit_005901,0,729.74,6.5941,898,1,2,1,2,0,0
tx_legit_008983,0,334.43,5.8154,222,3,0,1,1,0,0
tx_legit_006336,0,1632.68,7.3986,751,1,0,1,1,0,0
tx_legit_001493,0,806.57,6.694,70,1,0,1,1,0,0
tx_legit_000453,0,628.75,6.4453,586,1,0,1,3,0,0
tx_legit_007451,0,618.59,6.4291,824,1,2,1,1,0,0
tx_legit_008526,0,765.34,6.6416,852,1,0,1,2,0,0
tx_legit_003028,0,439.08,6.087,271,1,0,1,2,0,0
tx_legit_003915,0,494.01,6.2046,472,1,0,1,2,0,0
tx_legit_007535,0,668.77,6.5069,631,1,0,1,1,0,0
tx_fraud_000312,1,1450.41,7.2803,4,11,6,4,27,1,1
tx_legit_000221,0,1754.53,7.4705,762,1,0,1,1,0,0
tx_legit_002013,0,782.82,6.6642,166,1,0,1,1,0,0
tx_legit_000729,0,454.89,6.1223,837,1,0,1,2,0,0
tx_legit_002803,0,731.11,6.5959,895,1,0,1,2,0,0
tx_legit_005681,0,1997.8,7.6003,533,2,0,1,1,0,0
tx_legit_000929,0,583.47,6.3707,637,1,0,1,1,0,0
tx_legit_005263,0,827.69,6.7198,504,1,0,1,1,0,0
tx_legit_007001,0,380.45,5.944,515,1,0,2,1,0,0
tx_legit_007991,0,230.76,5.4457,469,4,0,1,3,0,0
tx_legit_006070,0,1106.12,7.0095,591,2,0,1,1,0,0
tx_fraud_000793,1,55135.44,10.9176,2,19,8,20,26,1,1
tx_fraud_000650,1,62051.64,11.0357,3,12,10,23,34,1,1
tx_legit_002574,0,1443.29,7.2754,166,1,0,2,1,0,0
tx_legit_008080,0,297.92,5.7002,185,1,0,1,2,0,0
tx_legit_005944,0,210.55,5.3545,315,1,1,1,2,0,0
tx_legit_002588,0,192.3,5.2642,356,1,0,1,2,0,0
tx_legit_002105,0,859.45,6.7575,808,1,0,1,4,0,0
tx_legit_007541,0,237.29,5.4735,833,1,0,1,3,0,0
tx_legit_003304,0,393.15,5.9767,276,1,0,1,1,0,0
tx_legit_000590,0,323.71,5.7829,703,3,2,1,1,0,0
tx_fraud_000193,1,13924.74,9.5415,17,19,3,4,18,0,1
tx_legit_009080,0,308.05,5.7335,68,1,0,1,1,0,0
tx_fraud_000162,1,3712.49,8.2197,22,18,3,1,15,0,1
tx_legit_007712,0,822.69,6.7138,571,1,0,1,2,0,0
tx_legit_008898,0,235.3,5.4651,114,1,0,1,1,0,0
tx_legit_006582,0,1063.83,6.9706,527,1,0,1,2,0,0
tx_legit_007119,0,311.06,5.7432,653,1,0,1,1,0,0
tx_legit_003091,0,273.43,5.6147,376,1,0,1,1,0,0
tx_legit_000287,0,188.2,5.2428,495,3,0,1,4,0,0
tx_legit_003926,0,179.25,5.1943,81,2,0,1,1,0,0
tx_legit_002064,0,285.41,5.6574,164,1,0,1,1,0,0
tx_legit_001967,0,242.2,5.4939,838,1,0,1,1,0,0
tx_legit_004681,0,683.09,6.5281,348,1,0,1,1,0,0
tx_legit_008306,0,773.04,6.6516,578,1,0,1,2,0,0
tx_legit_006225,0,653.47,6.4838,323,1,0,1,1,0,0
tx_legit_008182,0,981.98,6.8906,682,1,0,1,1,0,0
tx_legit_003954,0,341.19,5.8354,39,1,0,2,1,0,0
tx_legit_003414,0,108.86,4.6992,881,1,0,1,4,0,0
tx_legit_002244,0,543.68,6.3002,542,1,0,1,2,0,0
tx_legit_007114,0,740.7,6.6089,596,1,0,1,2,0,0
tx_legit_001536,0,217.74,5.3879,758,2,0,2,1,0,0
tx_legit_007918,0,850.57,6.7471,77,1,0,1,2,0,0
tx_legit_005596,0,475.13,6.1657,67,2,0,1,4,0,0
tx_legit_003485,0,1925.47,7.5634,125,1,0,1,2,0,0
tx_legit_002514,0,163.56,5.1033,499,1,0,1,1,0,0
tx_legit_002417,0,2221.61,7.7064,539,1,0,1,2,0,0
tx_legit_001501,0,372.69,5.9234,702,1,0,1,1,0,0
tx_legit_004214,0,336.52,5.8216,77,1,0,1,1,0,0
tx_legit_005972,0,298.21,5.7011,643,3,0,1,1,0,0
tx_legit_005432,0,370.4,5.9173,641,1,0,1,1,0,0
tx_legit_006030,0,635.24,6.4556,470,2,0,1,2,0,0
tx_legit_008320,0,394.06,5.979,306,1,0,1,1,0,0
tx_legit_009147,0,327.04,5.7931,587,1,0,2,3,0,0
tx_legit_004469,0,910.72,6.8153,74,2,0,1,1,0,0
tx_legit_002565,0,623.98,6.4377,817,1,0,1,1,0,0
tx_legit_001394,0,2182.34,7.6886,385,1,0,1,1,0,0
tx_legit_006026,0,1071.51,6.9778,522,1,0,1,3,0,0
tx_legit_002386,0,491.44,6.1994,96,3,0,2,4,0,0
tx_legit_000402,0,748.75,6.6197,583,1,0,2,1,0,0
tx_legit_002144,0,266.38,5.5887,592,4,0,1,1,0,0
tx_legit_008162,0,343.66,5.8426,586,2,0,1,1,0,0
tx_legit_005077,0,909.1,6.8136,434,1,0,1,1,0,0
tx_legit_007559,0,1098.56,7.0027,512,1,0,1,1,0,0
tx_legit_001185,0,168.1,5.1305,64,1,1,1,1,0,0
tx_legit_004233,0,702.14,6.5556,219,1,0,1,1,0,0
tx_legit_003938,0,201.24,5.3095,357,1,0,3,1,0,0
tx_legit_008153,0,552.45,6.3162,479,3,1,1,2,0,0
tx_legit_002307,0,899.74,6.8032,240,1,0,1,1,0,0
tx_legit_007181,0,616.34,6.4254,653,4,1,3,1,0,0
tx_fraud_000576,1,90766.11,11.4161,3,14,3,3,4,1,1
tx_fraud_000663,1,63252.37,11.0549,2,15,10,13,27,1,1
tx_legit_007096,0,677.83,6.5204,183,1,1,1,1,0,0
tx_legit_008020,0,2044.72,7.6235,514,4,0,1,2,0,0
tx_legit_000768,0,308.4,5.7346,85,1,0,1,4,0,0
tx_legit_002374,0,616.99,6.4265,362,1,0,1,2,0,0
tx_legit_007783,0,555.61,6.3219,530,1,1,1,1,0,0
tx_legit_002788,0,1107.27,7.0106,336,4,0,1,1,0,0
tx_fraud_000197,1,12725.54,9.4514,6,14,4,1,19,1,1
tx_legit_004021,0,223.51,5.4139,779,1,0,1,2,0,0
tx_fraud_000638,1,70658.36,11.1656,7,6,3,1,4,1,1
tx_legit_002185,0,896.94,6.8001,858,1,0,1,1,0,0
tx_legit_001303,0,317.23,5.7628,805,2,0,1,4,0,0
tx_fraud_000596,1,50049.14,10.8208,6,9,4,1,3,1,1
tx_legit_001608,0,325.12,5.7873,833,1,0,1,2,0,0
tx_legit_005137,0,1249.21,7.1311,758,1,0,1,1,0,0
tx_legit_007583,0,530.2,6.2751,546,1,2,1,1,0,0
tx_legit_003437,0,1920.96,7.5611,698,2,0,1,1,0,0
tx_legit_001482,0,1906.91,7.5538,212,1,1,1,2,0,0
tx_legit_002513,0,220.54,5.4006,805,2,0,1,1,0,0
tx_legit_005210,0,1803.22,7.4979,241,1,0,1,2,0,0
tx_legit_003772,0,466.06,6.1465,373,1,0,1,3,0,0
tx_legit_002214,0,929.61,6.8358,219,1,0,1,1,0,0
tx_legit_000952,0,407.61,6.0128,201,2,1,2,2,0,0
tx_legit_001473,0,358.47,5.8846,206,3,0,1,1,0,0
tx_legit_007431,0,333.88,5.8138,738,1,0,1,1,0,0
tx_legit_006567,0,1008.14,6.9169,449,2,0,2,1,0,0
tx_legit_001150,0,99.35,4.6087,498,2,1,1,2,0,0
tx_legit_000284,0,150.66,5.0216,245,1,1,1,1,0,0
tx_legit_000264,0,671.88,6.5116,530,2,0,1,3,0,0
tx_legit_002211,0,113.16,4.7376,173,1,0,1,1,0,0
tx_legit_008735,0,371.15,5.9193,110,1,0,1,2,0,0
tx_legit_008869,0,606.3,6.409,619,1,0,1,1,0,0
tx_legit_001467,0,431.14,6.0687,222,2,0,1,2,0,0
tx_legit_005184,0,2637.37,7.8779,661,2,0,1,2,0,0
tx_legit_004734,0,117.14,4.7719,99,2,0,1,1,0,0
tx_legit_000481,0,556.39,6.3233,309,2,0,1,1,0,0
tx_legit_007010,0,1012.6,6.9213,336,1,0,1,1,0,0
tx_legit_008907,0,423.17,6.0501,771,1,0,2,1,0,0
tx_legit_002759,0,174.36,5.1668,170,1,0,1,2,0,0
tx_legit_000989,0,366.62,5.907,866,2,1,1,1,0,0
tx_legit_003833,0,188.15,5.2425,880,1,2,1,1,0,0
tx_legit_002231,0,1704.15,7.4414,734,1,2,2,1,0,0
tx_legit_005264,0,1188.87,7.0816,122,1,0,1,2,0,0
tx_legit_009055,0,119.77,4.7939,34,1,0,1,1,0,0
tx_legit_006211,0,243.34,5.4986,252,1,0,1,1,0,0
tx_legit_003588,0,142.98,4.9697,574,1,0,1,1,0,0
tx_legit_002261,0,331.8,5.8075,256,1,1,1,1,0,0
tx_legit_000518,0,700.14,6.5527,620,1,0,1,2,0,0
tx_legit_009135,0,772.21,6.6506,291,2,0,1,1,0,0
tx_legit_005727,0,295.29,5.6913,882,1,0,1,2,0,0
tx_legit_006797,0,618.72,6.4293,283,1,0,1,1,0,0
tx_legit_002912,0,487.74,6.1918,312,2,0,1,4,0,0
tx_legit_003849,0,896.89,6.8,162,1,0,1,1,0,0
tx_legit_006385,0,295.8,5.6931,442,1,0,1,1,0,0
tx_legit_000904,0,428.12,6.0617,70,1,0,1,2,0,0
tx_legit_001455,0,939.99,6.8469,635,1,0,1,1,0,0
tx_legit_008763,0,505.41,6.2273,235,2,0,1,1,0,0
tx_legit_006401,0,447.82,6.1066,591,2,0,1,1,0,0
tx_legit_005303,0,381.33,5.9463,479,2,0,1,1,0,0
tx_legit_005169,0,1116.57,7.0189,125,2,0,1,2,0,0
tx_fraud_000490,1,51163.09,10.8428,2,10,5,1,4,1,1
tx_legit_002881,0,742.91,6.6119,143,1,0,1,3,0,0
tx_legit_008256,0,718.23,6.5782,867,2,0,1,1,0,0
tx_legit_005996,0,449.08,6.1094,882,1,2,1,1,0,0
tx_legit_001387,0,286.62,5.6616,793,1,0,1,1,0,0
tx_legit_003826,0,1523.36,7.3293,121,1,0,2,1,0,0
tx_legit_007174,0,219.05,5.3939,145,1,2,1,1,0,0
tx_legit_002869,0,366.9,5.9078,340,1,0,2,1,0,0
tx_legit_007232,0,847.17,6.7431,835,1,0,1,1,0,0
tx_legit_005076,0,390.67,5.9704,878,2,0,3,1,0,0
tx_legit_007867,0,272.02,5.6095,244,1,0,3,1,0,0
tx_legit_002931,0,518.19,6.2523,703,1,0,3,3,0,0
tx_legit_008580,0,1344.46,7.2045,272,1,0,1,2,0,0
tx_legit_007974,0,304.55,5.7221,767,1,0,1,2,0,0
tx_legit_002203,0,112.69,4.7335,112,1,0,1,1,0,0
tx_legit_005024,0,402.54,6.0003,249,2,0,1,1,0,0
tx_legit_003421,0,688.95,6.5366,227,1,0,1,4,0,0
tx_legit_007187,0,596.73,6.3931,870,1,0,1,1,0,0
tx_legit_006456,0,825.43,6.7171,301,2,0,3,3,0,0
tx_legit_006642,0,368.64,5.9125,39,1,0,1,1,0,0
tx_legit_008267,0,1098.58,7.0027,131,2,0,1,1,0,0
tx_fraud_000791,1,45399.97,10.7233,4,12,8,13,40,1,1
tx_legit_001219,0,445.61,6.1017,730,1,0,1,3,0,0
tx_legit_000119,0,455.39,6.1233,858,1,0,1,2,0,0
tx_legit_003013,0,741.08,6.6095,787,1,0,1,1,0,0
tx_legit_000021,0,1793.65,7.4926,234,1,0,1,1,0,0
tx_legit_002947,0,947.04,6.8544,224,2,0,1,1,0,0
tx_legit_007371,0,358.13,5.8837,826,1,0,1,2,0,0
tx_legit_004019,0,315.5,5.7573,512,1,0,1,1,0,0
tx_legit_002502,0,1348.78,7.2077,738,1,0,1,1,0,0
tx_legit_000715,0,224.74,5.4194,627,1,0,1,1,0,0
tx_legit_007281,0,865.77,6.7648,123,1,0,3,1,0,0
tx_legit_003257,0,871.08,6.7709,297,1,0,1,4,0,0
tx_fraud_000601,1,57874.37,10.966,8,14,5,2,2,0,1
tx_fraud_000276,1,14109.25,9.5547,19,17,2,4,26,0,1
tx_legit_003788,0,241.29,5.4901,735,1,0,1,2,0,0
tx_legit_007797,0,649.83,6.4782,494,1,0,2,2,0,0
tx_fraud_000496,1,79234.5,11.2802,9,9,5,3,3,0,1
tx_legit_007777,0,109.14,4.7018,850,1,0,1,2,0,0
tx_fraud_000165,1,11907.11,9.385,10,15,8,3,28,0,1
tx_legit_003096,0,546.95,6.3062,463,1,0,1,2,0,0
tx_legit_001540,0,1030.94,6.9392,795,1,0,1,1,0,0
tx_legit_003620,0,931.81,6.8382,627,1,0,1,3,0,0
tx_legit_005234,0,374.44,5.9281,591,3,1,1,2,0,0
tx_legit_004179,0,874.05,6.7743,550,1,0,1,1,0,0
tx_legit_008927,0,361.08,5.8919,741,1,0,1,1,0,0
tx_legit_002457,0,1033.44,6.9416,326,1,0,2,1,0,0
tx_legit_003574,0,477.18,6.17,251,1,0,2,4,0,0
tx_legit_002800,0,616.88,6.4263,406,1,0,1,1,0,0
tx_legit_000313,0,1049.58,6.9571,696,2,0,2,1,0,0
tx_legit_001415,0,1187.07,7.0801,244,1,0,1,2,0,0
tx_legit_007088,0,1048.39,6.956,817,1,0,1,2,0,0
tx_legit_008686,0,209.84,5.3511,273,1,0,1,1,0,0
tx_legit_004883,0,843.1,6.7383,674,1,0,2,3,0,0
tx_legit_001179,0,669.56,6.5081,87,1,0,1,2,0,0
tx_fraud_000253,1,4372.17,8.3832,24,18,8,1,25,0,1
tx_legit_002747,0,164.57,5.1094,57,1,0,1,3,0,0
tx_legit_007400,0,218.43,5.391,109,1,0,1,1,0,0
tx_legit_002032,0,214.2,5.3716,550,3,0,1,1,0,0
tx_legit_000920,0,495.46,6.2075,771,1,1,1,1,0,0
tx_legit_003008,0,656.78,6.4889,772,1,1,1,1,0,0
tx_fraud_000618,1,64331.07,11.0718,6,7,5,1,3,1,1
tx_legit_006678,0,1360.82,7.2166,606,2,0,1,1,0,0
tx_legit_000324,0,286.14,5.66,294,2,0,2,4,0,0
tx_legit_002775,0,414.02,6.0283,709,1,0,1,1,0,0
tx_legit_003619,0,466.16,6.1467,778,2,0,1,3,0,0
tx_legit_003591,0,438.22,6.085,380,1,0,1,2,0,0
tx_legit_002970,0,482.73,6.1815,444,1,0,1,1,0,0
tx_legit_005241,0,359.81,5.8884,748,1,0,1,1,0,0
tx_legit_007627,0,849.69,6.746,591,1,0,1,2,0,0
tx_legit_000103,0,256.55,5.5512,662,1,0,1,2,0,0
tx_legit_002316,0,284.88,5.6556,858,1,0,1,1,0,0
tx_legit_002344,0,331.38,5.8063,250,1,0,1,1,0,0
tx_legit_002968,0,724.44,6.5868,737,1,2,1,2,0,0
tx_legit_001315,0,692.89,6.5423,546,1,1,1,1,0,0
tx_legit_000410,0,482.07,6.1802,253,1,0,1,1,0,0
tx_legit_005552,0,650.22,6.4788,487,1,0,1,4,0,0
tx_legit_004750,0,915.18,6.8202,432,1,0,1,1,0,0
tx_legit_006955,0,1171.81,7.0672,57,2,0,1,1,0,0
tx_legit_005043,0,668.21,6.5061,670,1,0,1,2,0,0
tx_legit_006208,0,4422.17,8.3946,743,1,0,1,1,0,0
tx_legit_007498,0,1405.53,7.2489,234,1,0,1,2,0,0
tx_fraud_000269,1,11942.15,9.3879,11,16,7,4,21,0,1
tx_legit_005914,0,1072.14,6.9783,155,2,0,1,1,0,0
tx_legit_007634,0,218.21,5.39,590,2,0,1,2,0,0
tx_legit_004357,0,281.8,5.6447,80,3,0,1,2,0,0
tx_legit_002005,0,801.83,6.6881,832,2,0,1,1,0,0
tx_legit_001794,0,348.11,5.8554,257,1,0,1,4,0,0
tx_fraud_000167,1,6813.42,8.8268,12,9,4,3,21,0,1
tx_legit_001267,0,1447.29,7.2781,654,1,0,2,1,0,0
tx_legit_006959,0,472.62,6.1604,169,1,0,2,1,0,0
tx_fraud_000645,1,38466.18,10.5576,6,29,8,23,39,1,1
tx_legit_005888,0,207.54,5.3401,404,1,1,1,1,0,0
tx_legit_002118,0,339.26,5.8297,566,2,0,1,1,0,0
tx_legit_005920,0,556.53,6.3235,292,1,0,1,1,0,0
tx_legit_003241,0,705.32,6.5601,427,1,0,1,1,0,0
tx_legit_003771,0,277.0,5.6276,641,1,0,1,1,0,0
tx_legit_004355,0,567.54,6.3431,748,1,0,1,1,0,0
tx_legit_000809,0,840.36,6.735,587,1,1,1,1,0,0
tx_legit_008894,0,1894.39,7.5472,694,1,0,1,1,0,0
tx_legit_006281,0,313.93,5.7524,379,1,0,1,2,0,0
tx_legit_005763,0,245.26,5.5064,244,1,0,1,1,0,0
tx_legit_004665,0,679.42,6.5227,525,1,1,1,2,0,0
tx_legit_008560,0,258.88,5.5602,489,1,0,2,2,0,0
tx_legit_004038,0,158.03,5.0691,744,1,0,1,2,0,0
tx_legit_002907,0,243.52,5.4993,74,2,1,1,3,0,0
tx_fraud_000743,1,26335.22,10.1787,4,26,5,11,35,1,1
tx_legit_004234,0,569.87,6.3472,376,1,0,1,1,0,0
tx_legit_003947,0,826.26,6.7181,309,1,0,1,1,0,0
tx_legit_006126,0,409.51,6.0174,899,1,0,1,1,0,0
tx_legit_003783,0,1053.91,6.9612,616,2,0,1,4,0,0
tx_legit_000184,0,344.66,5.8455,499,1,0,1,1,0,0
tx_legit_002235,0,1557.62,7.3516,473,2,0,2,4,0,0
tx_legit_004152,0,634.26,6.454,496,2,0,1,3,0,0
tx_legit_005514,0,373.89,5.9266,277,1,0,1,1,0,0
tx_legit_002151,0,631.83,6.4502,251,3,0,1,1,0,0
tx_legit_006440,0,2107.32,7.6536,139,1,0,1,1,0,0
tx_legit_004488,0,596.64,6.393,617,1,0,1,1,0,0
tx_legit_007107,0,1237.55,7.1217,132,1,0,1,1,0,0
tx_legit_005730,0,643.63,6.4687,781,2,0,1,2,0,0
tx_legit_006247,0,512.32,6.2409,168,1,0,1,4,0,0
tx_legit_004901,0,54.79,4.0216,154,1,0,1,2,0,0
tx_legit_007399,0,504.24,6.225,273,1,0,1,2,0,0
tx_legit_004978,0,947.23,6.8546,576,2,0,1,1,0,0
tx_legit_006104,0,277.93,5.631,484,1,0,1,2,0,0
tx_legit_007507,0,221.52,5.405,137,2,0,1,1,0,0
tx_legit_000710,0,1652.44,7.4106,788,2,0,1,3,0,0
tx_legit_008885,0,3722.29,8.2224,562,1,0,1,2,0,0
tx_legit_007863,0,250.38,5.527,821,2,0,1,1,0,0
tx_legit_008370,0,682.68,6.5275,153,1,0,1,1,0,0
tx_legit_004736,0,485.53,6.1873,530,1,0,1,1,0,0
tx_legit_009177,0,177.27,5.1833,719,1,0,1,1,0,0
tx_legit_005192,0,275.12,5.6208,251,1,0,1,1,0,0
tx_legit_004192,0,136.48,4.9235,512,1,0,1,3,0,0
tx_legit_005568,0,735.23,6.6015,358,1,0,1,1,0,0
tx_legit_005753,0,441.62,6.0927,636,1,0,1,3,0,0
tx_legit_006908,0,3039.82,8.0199,395,1,0,1,1,0,0
tx_legit_004928,0,203.08,5.3185,866,1,0,1,2,0,0
tx_legit_003386,0,600.5,6.3994,708,1,0,1,1,0,0
tx_legit_006463,0,276.04,5.6242,854,1,0,1,1,0,0
tx_legit_007115,0,185.44,5.2281,613,3,0,1,1,0,0
tx_legit_007902,0,276.51,5.6259,259,1,0,1,1,0,0
tx_legit_001715,0,665.69,6.5023,359,1,0,1,2,0,0
tx_legit_006720,0,778.9,6.6592,52,1,0,1,1,0,0
tx_legit_003128,0,626.55,6.4418,213,1,0,1,2,0,0
tx_legit_009136,0,417.78,6.0373,162,1,0,1,1,0,0
tx_legit_008917,0,403.67,6.0031,378,1,0,1,1,0,0
tx_fraud_000296,1,10020.93,9.2125,11,18,3,4,31,0,1
tx_fraud_000200,1,5726.98,8.6531,2,19,2,4,35,1,1
tx_legit_000788,0,397.51,5.9877,121,1,0,1,2,0,0
tx_legit_007500,0,1844.1,7.5203,863,1,0,2,1,0,0
tx_legit_006195,0,329.52,5.8007,825,3,0,1,1,0,0
tx_legit_007156,0,169.87,5.1409,841,2,0,1,1,0,0
tx_legit_006010,0,1005.91,6.9146,426,1,0,1,1,0,0
tx_legit_007320,0,410.84,6.0206,511,2,0,1,1,0,0
tx_legit_008576,0,533.22,6.2808,779,1,0,1,3,0,0
tx_legit_000714,0,396.14,5.9843,256,1,0,1,1,0,0
tx_legit_003803,0,755.77,6.6291,389,2,1,2,2,0,0
tx_legit_005388,0,460.24,6.1339,389,1,0,1,1,0,0
tx_legit_005296,0,895.18,6.7981,730,1,1,1,1,0,0
tx_legit_000819,0,333.96,5.814,664,2,1,1,1,0,0
tx_legit_003686,0,1072.45,6.9786,824,1,0,2,1,0,0
tx_legit_004313,0,1413.06,7.2542,743,1,0,1,3,0,0
tx_legit_006058,0,270.8,5.6051,85,1,0,1,2,0,0
tx_legit_001474,0,448.02,6.1071,486,1,0,2,1,0,0
tx_legit_001582,0,759.31,6.6337,748,1,0,1,1,0,0
tx_legit_008785,0,11209.99,9.3246,253,1,0,1,1,0,0
tx_legit_004163,0,2447.58,7.8033,692,1,0,1,1,0,0
tx_legit_008228,0,266.94,5.5908,486,3,0,1,2,0,0
tx_legit_003894,0,287.89,5.666,687,1,0,1,2,0,0
tx_legit_007081,0,336.42,5.8213,116,3,0,1,2,0,0
tx_fraud_000748,1,53139.94,10.8807,3,26,6,23,19,1,1
tx_legit_006292,0,149.16,5.0117,596,3,0,1,2,0,0
tx_legit_005854,0,585.5,6.3742,201,1,0,3,1,0,0
tx_legit_007462,0,261.36,5.5697,490,2,0,1,1,0,0
tx_legit_005569,0,847.17,6.7431,613,1,0,1,2,0,0
tx_fraud_000683,1,30478.1,10.3248,5,25,9,18,37,1,1
tx_legit_003169,0,714.11,6.5724,504,3,0,1,1,0,0
tx_legit_005811,0,1429.71,7.2659,114,2,0,1,1,0,0
tx_legit_005515,0,516.51,6.249,463,1,0,1,1,0,0
tx_legit_007767,0,530.82,6.2763,484,1,0,1,1,0,0
tx_legit_002215,0,822.98,6.7141,724,1,0,1,1,0,0
tx_legit_008866,0,197.56,5.2911,313,1,1,1,2,0,0
tx_legit_000650,0,589.98,6.3818,519,1,0,1,1,0,0
tx_legit_005397,0,483.47,6.1831,672,1,0,1,1,0,0
tx_legit_006787,0,1106.62,7.01,39,1,0,1,1,0,0
tx_legit_005372,0,153.29,5.0388,449,1,0,1,1,0,0
tx_legit_007681,0,770.48,6.6483,688,2,0,1,2,0,0
tx_legit_006362,0,303.26,5.7179,173,1,0,1,1,0,0
tx_legit_005561,0,318.76,5.7676,445,1,1,1,3,0,0
tx_legit_006782,0,242.5,5.4951,561,1,0,1,1,0,0
tx_legit_001774,0,1185.31,7.0786,146,2,0,1,4,0,0
tx_legit_001660,0,199.82,5.3024,354,1,0,1,4,0,0
tx_legit_006948,0,468.43,6.1515,624,4,0,2,1,0,0
tx_legit_007009,0,569.74,6.3469,428,1,0,1,1,0,0
tx_legit_000412,0,576.46,6.3586,795,4,0,1,2,0,0
tx_legit_004025,0,279.01,5.6348,137,1,0,1,2,0,0
tx_legit_006190,0,440.81,6.0909,744,1,0,1,1,0,0
tx_legit_006766,0,255.57,5.5474,220,1,0,1,1,0,0
tx_legit_005845,0,332.93,5.8109,273,1,0,1,2,0,0
tx_legit_007334,0,518.65,6.2532,743,1,0,1,1,0,0
tx_legit_000548,0,352.17,5.8669,57,1,1,1,1,0,0
tx_legit_002263,0,525.49,6.2662,675,1,0,1,2,0,0
tx_legit_002323,0,544.5,6.3017,321,2,0,1,3,0,0
tx_legit_008365,0,240.73,5.4878,481,1,0,1,1,0,0
tx_legit_004713,0,557.33,6.325,765,2,0,2,1,0,0
tx_legit_009034,0,906.98,6.8112,427,1,0,1,1,0,0
tx_legit_006679,0,928.98,6.8352,173,3,0,1,5,0,0
tx_legit_004855,0,1621.41,7.3917,881,1,0,1,2,0,0
tx_legit_007643,0,1733.61,7.4585,175,2,0,1,1,0,0
tx_legit_005488,0,699.92,6.5524,482,1,0,1,3,0,0
tx_legit_002458,0,668.94,6.5072,713,4,0,2,2,0,0
tx_legit_005532,0,467.76,6.1501,523,1,0,1,1,0,0
tx_legit_008756,0,939.71,6.8466,412,1,0,1,1,0,0
tx_legit_005501,0,1320.9,7.1868,661,1,0,1,2,0,0
tx_legit_000293,0,520.35,6.2564,544,3,0,1,1,0,0
tx_legit_006145,0,474.34,6.164,426,3,0,1,1,0,0
tx_legit_000244,0,648.46,6.4761,385,1,0,2,1,0,0
tx_legit_008216,0,1487.46,7.3055,843,2,0,1,1,0,0
tx_legit_006240,0,172.37,5.1554,809,1,0,1,1,0,0
tx_legit_001881,0,571.84,6.3506,246,1,0,1,1,0,0
tx_legit_008656,0,405.42,6.0074,893,2,0,1,2,0,0
tx_legit_002748,0,507.52,6.2315,837,1,0,1,2,0,0
tx_legit_004869,0,642.07,6.4663,871,1,0,1,3,0,0
tx_legit_004715,0,683.18,6.5282,475,2,0,1,3,0,0
tx_legit_008121,0,1551.18,7.3474,858,1,0,1,1,0,0
tx_legit_000512,0,572.96,6.3526,757,3,0,1,1,0,0
tx_legit_001754,0,407.45,6.0124,605,1,0,1,1,0,0
tx_legit_009190,0,298.59,5.7024,750,2,0,1,1,0,0
tx_legit_000869,0,1109.62,7.0127,854,1,0,1,1,0,0
tx_legit_007668,0,208.87,5.3465,540,1,0,1,3,0,0
tx_legit_006235,0,545.99,6.3044,86,1,0,1,2,0,0
tx_legit_006641,0,924.96,6.8308,661,4,0,3,1,0,0
tx_legit_004995,0,489.12,6.1947,481,1,0,1,1,0,0
tx_legit_001919,0,391.52,5.9726,708,1,0,1,1,0,0
tx_legit_004554,0,444.45,6.0991,311,1,0,1,1,0,0
tx_legit_003371,0,104.02,4.6542,463,4,0,1,1,0,0
tx_legit_002840,0,1344.61,7.2046,271,1,0,1,1,0,0
tx_legit_007074,0,225.52,5.4228,172,2,0,1,2,0,0
tx_legit_009154,0,592.55,6.3861,898,1,0,1,1,0,0
tx_legit_007858,0,3037.71,8.0192,334,2,0,1,1,0,0
tx_legit_009179,0,474.23,6.1638,497,3,0,1,2,0,0
tx_legit_001636,0,236.57,5.4705,96,1,0,1,2,0,0
tx_legit_000058,0,855.24,6.7526,867,3,0,2,2,0,0
tx_legit_003885,0,745.94,6.616,668,1,0,1,5,0,0
tx_legit_002822,0,457.41,6.1278,893,1,0,1,1,0,0
tx_legit_001547,0,348.62,5.8568,350,2,0,1,4,0,0
tx_legit_006745,0,386.55,5.9598,139,1,0,1,1,0,0
tx_legit_001596,0,396.06,5.9841,120,1,0,1,1,0,0
tx_legit_008968,0,488.59,6.1936,653,3,0,1,1,0,0
tx_legit_004898,0,897.97,6.8012,612,2,0,1,2,0,0
tx_legit_004187,0,517.57,6.2511,235,1,0,1,1,0,0
tx_legit_008753,0,265.48,5.5853,169,1,0,1,1,0,0
tx_legit_000840,0,248.77,5.5205,810,1,0,3,3,0,0
tx_legit_008529,0,439.8,6.0886,757,1,0,1,2,0,0
tx_legit_002372,0,798.01,6.6834,774,3,0,1,2,0,0
tx_legit_008520,0,1281.86,7.1568,889,1,1,1,1,0,0
tx_legit_001517,0,373.26,5.925,292,1,0,1,3,0,0
tx_fraud_000662,1,35621.97,10.4807,5,22,9,20,27,1,1
tx_legit_001921,0,485.97,6.1882,70,3,0,1,3,0,0
tx_legit_006271,0,299.59,5.7057,159,1,0,1,3,0,0
tx_legit_000325,0,677.89,6.5205,898,1,0,2,2,0,0
tx_legit_007157,0,781.77,6.6628,774,4,0,1,1,0,0
tx_legit_003042,0,520.12,6.256,630,1,0,1,1,0,0
tx_legit_000584,0,167.75,5.1284,533,1,0,1,2,0,0
tx_legit_004002,0,2141.94,7.6699,494,1,0,1,1,0,0
tx_legit_008199,0,2827.33,7.9474,837,1,0,1,2,0,0
tx_legit_005258,0,731.21,6.5961,504,2,0,1,2,0,0
tx_fraud_000613,1,66286.42,11.1018,8,9,3,1,1,0,1
tx_legit_003377,0,739.85,6.6078,566,1,0,1,1,0,0
tx_legit_003751,0,206.38,5.3346,510,1,0,1,2,0,0
tx_legit_002776,0,405.52,6.0076,128,1,1,1,1,0,0
tx_legit_000808,0,807.71,6.6954,132,1,0,1,1,0,0
tx_legit_000969,0,534.84,6.2838,141,1,0,1,1,0,0
tx_legit_005892,0,673.47,6.5139,475,1,0,1,1,0,0
tx_legit_000612,0,266.02,5.5873,767,2,0,1,3,0,0
tx_legit_007916,0,264.02,5.5798,149,1,0,1,1,0,0
tx_legit_004818,0,548.69,6.3094,565,2,0,1,1,0,0
tx_fraud_000675,1,16339.62,9.7014,0,22,10,17,15,1,1
tx_legit_006645,0,734.94,6.6011,367,1,0,1,2,0,0
tx_legit_005878,0,165.06,5.1123,336,1,0,1,3,0,0
tx_legit_002425,0,876.64,6.7772,463,1,1,2,1,0,0
tx_legit_000067,0,395.26,5.9821,643,1,0,3,1,0,0
tx_legit_005875,0,868.72,6.7682,395,4,0,2,1,0,0
tx_legit_008167,0,685.45,6.5315,595,2,0,1,2,0,0
tx_fraud_000569,1,41484.14,10.6331,1,8,7,1,4,1,1
tx_legit_005342,0,1046.23,6.9539,336,1,0,2,1,0,0
tx_legit_006259,0,487.12,6.1906,515,1,0,1,3,0,0
tx_legit_000973,0,475.88,6.1673,449,4,2,1,1,0,0
tx_legit_006649,0,177.82,5.1864,743,1,0,1,2,0,0
tx_legit_007597,0,1247.4,7.1296,708,1,0,1,1,0,0
tx_legit_008391,0,367.24,5.9087,492,1,0,1,3,0,0
tx_legit_003561,0,1166.4,7.0625,458,1,1,1,1,0,0
tx_legit_004889,0,573.71,6.3539,321,2,0,1,2,0,0
tx_legit_006845,0,3351.61,8.1175,668,1,0,1,1,0,0
tx_legit_000176,0,2907.48,7.9754,164,2,0,1,1,0,0
tx_legit_004055,0,475.03,6.1655,722,1,0,1,1,0,0
tx_legit_002630,0,760.62,6.6354,244,1,0,1,2,0,0
tx_legit_007790,0,717.09,6.5766,778,4,0,2,1,0,0
tx_legit_000466,0,226.89,5.4289,184,1,0,1,1,0,0
tx_legit_000569,0,1214.04,7.1025,336,1,0,1,1,0,0
tx_legit_004466,0,653.33,6.4836,334,2,0,1,1,0,0
tx_legit_008129,0,622.24,6.4349,570,1,0,3,3,0,0
tx_legit_008881,0,633.39,6.4527,860,1,0,1,2,0,0
tx_legit_001438,0,782.52,6.6638,39,1,0,2,1,0,0
tx_legit_006822,0,245.98,5.5093,309,1,0,1,3,0,0
tx_fraud_000794,1,30977.17,10.341,4,14,6,16,39,1,1
tx_legit_001874,0,543.32,6.2995,101,1,0,1,2,0,0
tx_legit_005846,0,183.37,5.2169,289,1,1,1,1,0,0
tx_legit_006525,0,546.53,6.3054,780,2,0,1,2,0,0
tx_legit_004917,0,258.18,5.5575,150,1,0,1,4,0,0
tx_legit_007847,0,1097.11,7.0013,695,1,0,1,1,0,0
tx_legit_000663,0,1631.79,7.398,709,2,0,1,2,0,0
tx_fraud_000677,1,22589.1,10.0253,6,23,9,19,15,1,1
tx_legit_002700,0,471.68,6.1584,636,1,0,1,4,0,0
tx_legit_008779,0,248.58,5.5198,678,2,0,1,2,0,0
tx_legit_008388,0,401.21,5.997,315,1,0,1,2,0,0
tx_legit_001206,0,489.65,6.1957,553,1,0,2,1,0,0
tx_legit_005391,0,316.21,5.7596,758,1,0,1,1,0,0
tx_legit_002756,0,670.98,6.5102,408,1,0,1,1,0,0
tx_legit_000846,0,983.95,6.8926,128,1,0,3,4,0,0
tx_legit_002915,0,325.72,5.7891,211,1,0,1,2,0,0
tx_legit_006849,0,521.28,6.2582,141,1,2,3,1,0,0
tx_legit_000432,0,205.57,5.3306,758,1,0,1,1,0,0
tx_legit_000015,0,1462.0,7.2882,584,1,0,1,1,0,0
tx_legit_002451,0,1085.68,6.9909,635,2,0,1,3,0,0
tx_legit_004045,0,154.76,5.0483,758,1,0,1,1,0,0
tx_legit_000286,0,1733.62,7.4585,817,1,0,1,1,0,0
tx_legit_002168,0,135.6,4.9171,59,1,0,1,2,0,0
tx_legit_002397,0,501.42,6.2194,90,2,0,1,1,0,0
tx_legit_005148,0,677.74,6.5202,39,1,0,2,1,0,0
tx_legit_002564,0,606.9,6.41,53,1,0,1,1,0,0
tx_legit_004738,0,154.53,5.0468,177,1,0,1,1,0,0
tx_fraud_000765,1,31130.1,10.346,5,25,8,12,18,1,1
tx_legit_001863,0,600.68,6.3997,611,3,0,1,1,0,0
tx_legit_005659,0,334.97,5.817,729,2,0,1,3,0,0
tx_legit_005619,0,655.17,6.4864,369,2,0,1,1,0,0
tx_legit_006802,0,233.37,5.4569,404,2,0,2,3,0,0
tx_legit_006871,0,227.19,5.4302,219,1,0,2,2,0,0
tx_legit_007311,0,492.26,6.201,514,1,1,1,2,0,0
tx_legit_005948,0,347.16,5.8527,482,1,0,1,1,0,0
tx_legit_006307,0,592.75,6.3865,800,1,0,1,1,0,0
tx_legit_005696,0,467.59,6.1497,355,1,0,3,1,0,0
tx_legit_006512,0,178.8,5.1918,649,2,0,1,1,0,0
tx_fraud_000570,1,39908.98,10.5944,10,14,3,3,1,0,1
tx_legit_004149,0,209.39,5.349,347,1,0,1,1,0,0
tx_legit_004309,0,453.69,6.1196,662,1,0,1,1,0,0
tx_legit_005483,0,1391.98,7.2392,463,1,0,2,1,0,0
tx_legit_006635,0,2131.57,7.6651,316,1,0,1,1,0,0
tx_legit_001843,0,381.74,5.9474,290,1,1,1,4,0,0
tx_legit_005617,0,571.63,6.3502,530,1,0,1,1,0,0
tx_legit_001949,0,978.26,6.8868,771,1,1,1,2,0,0
tx_legit_007213,0,747.6,6.6182,810,1,1,1,2,0,0
tx_legit_007761,0,625.16,6.4396,341,3,0,1,4,0,0
tx_legit_005858,0,708.21,6.5642,731,1,0,1,1,0,0
tx_legit_009164,0,604.95,6.4068,546,1,0,1,2,0,0
tx_legit_006884,0,316.43,5.7603,496,1,0,1,2,0,0
tx_legit_001725,0,1120.96,7.0228,209,1,0,2,1,0,0
tx_legit_001116,0,682.22,6.5268,321,1,0,2,1,0,0
tx_legit_001009,0,167.48,5.1268,664,1,0,1,2,0,0
tx_legit_008342,0,600.05,6.3987,406,1,0,1,2,0,0
tx_legit_004534,0,2788.16,7.9335,136,1,0,1,2,0,0
tx_legit_004793,0,1001.76,6.9105,561,1,1,1,1,0,0
tx_legit_008990,0,846.38,6.7421,399,4,0,1,1,0,0
tx_legit_006156,0,397.98,5.9889,128,1,0,1,1,0,0
tx_legit_008485,0,579.54,6.364,341,1,0,1,1,0,0
tx_legit_002141,0,272.42,5.611,793,1,0,1,1,0,0
tx_fraud_000678,1,61282.24,11.0233,2,21,4,17,21,1,1
tx_legit_003746,0,1431.06,7.2669,373,1,0,2,1,0,0
tx_legit_006295,0,433.64,6.0745,210,1,0,1,1,0,0
tx_legit_005755,0,520.75,6.2572,800,2,0,3,2,0,0
tx_legit_002593,0,745.76,6.6157,98,1,0,1,1,0,0
tx_legit_006835,0,619.09,6.4299,237,3,0,2,1,0,0
tx_fraud_000674,1,64737.94,11.0781,4,22,6,19,34,1,1
tx_legit_007230,0,311.17,5.7435,417,1,0,1,4,0,0
tx_legit_002138,0,194.56,5.2759,86,1,0,1,1,0,0
tx_legit_000483,0,248.23,5.5184,280,1,0,1,1,0,0
tx_legit_005558,0,751.67,6.6236,414,2,0,1,1,0,0
tx_legit_000653,0,886.28,6.7882,215,1,0,1,1,0,0
tx_legit_005414,0,189.15,5.2478,826,1,0,1,3,0,0
tx_legit_008209,0,89.12,4.5011,349,1,0,1,2,0,0
tx_legit_000189,0,204.09,5.3234,125,1,0,1,1,0,0
tx_legit_005823,0,490.66,6.1978,583,1,0,1,1,0,0
tx_legit_003823,0,645.42,6.4714,130,1,0,1,2,0,0
tx_legit_006202,0,209.19,5.348,39,2,0,1,1,0,0
tx_legit_006155,0,666.17,6.503,233,1,0,1,3,0,0
tx_legit_006294,0,200.54,5.306,206,2,1,1,3,0,0
tx_legit_000066,0,109.26,4.7028,628,1,0,1,2,0,0
tx_legit_004063,0,396.12,5.9842,582,1,0,1,1,0,0
tx_legit_004544,0,391.37,5.9722,118,1,0,2,2,0,0
tx_legit_006859,0,698.9,6.5509,625,1,0,1,1,0,0
tx_legit_008477,0,463.85,6.1417,34,1,0,1,1,0,0
tx_legit_007652,0,192.14,5.2634,645,1,0,1,1,0,0
tx_legit_000503,0,234.35,5.4611,125,1,0,1,1,0,0
tx_legit_006128,0,515.74,6.2475,360,3,0,1,2,0,0
tx_legit_007384,0,1261.83,7.1411,542,1,0,1,1,0,0
tx_legit_004451,0,3027.71,8.0159,35,1,1,1,1,0,0
tx_legit_008739,0,501.87,6.2203,861,1,0,1,1,0,0
tx_legit_006763,0,1810.82,7.5021,144,1,0,2,2,0,0
tx_legit_002398,0,625.52,6.4402,35,3,0,1,1,0,0
tx_legit_000513,0,688.41,6.5358,818,1,0,1,3,0,0
tx_legit_002412,0,831.77,6.7248,268,1,0,1,1,0,0
tx_legit_000708,0,870.21,6.7699,166,1,0,1,3,0,0
tx_legit_007472,0,412.31,6.0242,748,1,0,1,5,0,0
tx_legit_004560,0,114.78,4.7517,574,1,0,1,2,0,0
tx_legit_009194,0,184.58,5.2235,702,1,1,2,1,0,0
tx_legit_006981,0,905.46,6.8095,847,1,1,1,1,0,0
tx_legit_003775,0,1440.57,7.2735,718,1,0,1,4,0,0
tx_legit_006892,0,778.25,6.6583,496,2,0,2,2,0,0
tx_legit_005710,0,121.25,4.8061,404,1,0,1,1,0,0
tx_legit_005792,0,340.53,5.8334,403,1,0,1,1,0,0
tx_legit_002493,0,308.09,5.7336,770,1,0,1,1,0,0
tx_legit_007086,0,604.86,6.4066,141,1,1,1,1,0,0
tx_legit_000658,0,727.35,6.5908,341,1,1,1,2,0,0
tx_legit_008179,0,897.48,6.8007,556,1,0,1,3,0,0
tx_legit_007544,0,176.61,5.1796,803,2,0,1,1,0,0
tx_legit_001318,0,384.42,5.9543,891,1,0,1,1,0,0
tx_legit_008820,0,373.4,5.9253,882,1,0,1,1,0,0
tx_legit_008591,0,466.72,6.1479,654,1,0,1,1,0,0
tx_legit_000865,0,853.84,6.7509,305,2,1,1,1,0,0
tx_legit_001377,0,349.99,5.8608,685,2,0,1,1,0,0
tx_legit_002610,0,363.05,5.8973,402,1,0,1,1,0,0
tx_legit_001184,0,287.28,5.6639,164,1,0,1,1,0,0
tx_legit_007194,0,171.37,5.1496,666,2,0,1,1,0,0
tx_legit_006815,0,998.39,6.9071,817,2,0,1,2,0,0
tx_legit_004026,0,121.79,4.8105,39,1,0,1,1,0,0
tx_legit_002623,0,772.88,6.6514,42,1,0,1,1,0,0
tx_legit_006102,0,451.06,6.1138,385,1,0,1,1,0,0
tx_legit_005436,0,323.6,5.7826,278,1,0,1,1,0,0
tx_fraud_000788,1,46584.04,10.749,6,25,5,11,36,1,1
tx_legit_000749,0,542.17,6.2974,110,2,0,1,2,0,0
tx_legit_000794,0,298.88,5.7034,161,1,0,1,1,0,0
tx_legit_006188,0,464.61,6.1433,154,3,0,1,1,0,0
tx_legit_003598,0,207.78,5.3413,538,2,0,1,2,0,0
tx_legit_002037,0,1762.84,7.4752,383,1,0,1,2,0,0
tx_legit_006876,0,285.82,5.6589,729,2,0,1,4,0,0
tx_legit_002332,0,2334.38,7.7559,231,2,0,1,1,0,0
tx_legit_006889,0,174.53,5.1678,638,1,0,2,2,0,0
tx_legit_001353,0,1080.08,6.9857,546,1,0,1,2,0,0
tx_legit_001816,0,1267.61,7.1457,623,1,0,1,1,0,0
tx_legit_000968,0,636.7,6.4579,170,1,0,1,1,0,0
tx_legit_009088,0,506.53,6.2296,406,1,0,1,1,0,0
tx_legit_000424,0,762.29,6.6376,110,1,0,1,1,0,0
tx_legit_005713,0,544.93,6.3025,607,1,0,2,2,0,0
tx_legit_005835,0,835.58,6.7293,839,1,0,1,2,0,0
tx_legit_006967,0,1281.97,7.1569,414,1,0,1,1,0,0
tx_legit_000641,0,854.64,6.7518,584,1,0,1,1,0,0
tx_legit_006387,0,437.08,6.0824,623,3,0,1,2,0,0
tx_legit_007130,0,465.65,6.1456,892,2,0,1,3,0,0
tx_legit_006578,0,70.61,4.2712,503,3,0,1,4,0,0
tx_legit_004999,0,289.81,5.6727,353,1,0,1,1,0,0
tx_legit_003806,0,467.67,6.1499,104,3,0,1,1,0,0
tx_legit_000941,0,1301.55,7.1721,289,1,0,1,2,0,0
tx_legit_008491,0,350.69,5.8628,835,4,0,1,1,0,0
tx_legit_008877,0,803.48,6.6902,534,3,1,2,4,0,0
tx_legit_002525,0,970.84,6.8792,502,4,0,1,2,0,0
tx_legit_008019,0,212.07,5.3616,484,1,0,1,1,0,0
tx_legit_004490,0,849.9,6.7463,324,2,0,1,1,0,0
tx_legit_003384,0,559.79,6.3293,889,1,1,1,3,0,0
tx_legit_001980,0,221.54,5.4051,521,2,0,1,1,0,0
tx_legit_006921,0,959.62,6.8676,808,1,0,2,1,0,0
tx_legit_001565,0,741.07,6.6094,835,1,0,1,1,0,0
tx_legit_002269,0,576.16,6.3581,713,1,0,1,1,0,0
tx_legit_007003,0,2111.69,7.6557,645,2,0,1,1,0,0
tx_legit_002728,0,832.87,6.7261,753,1,0,1,2,0,0
tx_legit_000396,0,952.75,6.8604,793,1,0,1,1,0,0
tx_legit_000297,0,2812.51,7.9422,222,1,0,1,1,0,0
tx_legit_003689,0,1172.39,7.0677,618,1,0,1,1,0,0
tx_legit_006116,0,448.01,6.107,817,2,0,1,3,0,0
tx_legit_002750,0,1207.06,7.0968,568,2,0,1,1,0,0
tx_legit_001578,0,383.47,5.9519,786,2,0,1,4,0,0
tx_legit_004912,0,2119.59,7.6594,285,2,0,1,1,0,0
tx_legit_007225,0,539.39,6.2923,807,1,0,1,2,0,0
tx_legit_001156,0,680.52,6.5243,200,1,0,1,1,0,0
tx_legit_001770,0,682.13,6.5267,838,2,0,2,2,0,0
tx_legit_003604,0,184.56,5.2234,898,3,0,1,2,0,0
tx_legit_003958,0,927.96,6.8341,212,1,0,3,1,0,0
tx_legit_003267,0,1162.52,7.0592,113,1,0,1,1,0,0
tx_legit_004529,0,248.19,5.5182,98,1,0,1,1,0,0
tx_legit_005323,0,762.02,6.6373,600,1,0,2,1,0,0
tx_legit_002357,0,457.04,6.127,516,1,0,2,2,0,0
tx_legit_000675,0,956.6,6.8644,883,2,0,1,1,0,0
tx_legit_007227,0,371.82,5.9211,127,1,0,1,2,0,0
tx_legit_004800,0,2371.68,7.7718,178,1,0,1,1,0,0
tx_legit_000642,0,293.61,5.6857,118,1,0,1,2,0,0
tx_legit_008759,0,98.16,4.5967,729,1,0,1,4,0,0
tx_legit_001560,0,558.38,6.3268,271,3,0,1,1,0,0
tx_legit_004924,0,355.86,5.8773,154,1,0,3,1,0,0
tx_legit_005035,0,796.59,6.6816,858,1,0,1,1,0,0
tx_legit_001216,0,833.48,6.7268,618,4,0,1,1,0,0
tx_legit_003491,0,380.05,5.9429,576,1,0,3,3,0,0
tx_legit_008232,0,702.98,6.5567,665,2,0,1,4,0,0
tx_legit_003931,0,607.69,6.4113,826,3,0,1,1,0,0
tx_legit_003417,0,345.94,5.8492,852,3,0,1,1,0,0
tx_legit_001869,0,383.35,5.9516,638,2,0,1,1,0,0
tx_legit_008304,0,1209.75,7.099,895,1,0,1,1,0,0
tx_legit_005913,0,337.18,5.8236,263,2,1,1,1,0,0
tx_legit_004670,0,555.65,6.3219,626,1,1,1,4,0,0
tx_legit_006015,0,156.12,5.057,203,1,1,1,1,0,0
tx_legit_006870,0,742.16,6.6109,136,4,0,1,2,0,0
tx_legit_002072,0,866.94,6.7661,762,1,0,1,1,0,0
tx_legit_000693,0,1940.8,7.5714,222,2,0,1,1,0,0
tx_legit_008521,0,337.86,5.8256,762,1,0,1,1,0,0
tx_legit_001324,0,950.22,6.8577,576,1,0,1,1,0,0
tx_legit_006469,0,363.87,5.8995,840,1,0,1,2,0,0
tx_legit_001686,0,454.17,6.1207,503,1,0,1,2,0,0
tx_legit_005887,0,213.1,5.3664,259,1,0,1,1,0,0
tx_legit_003567,0,829.56,6.7221,423,2,0,2,2,0,0
tx_legit_000987,0,545.21,6.303,426,2,0,1,1,0,0
tx_legit_000845,0,578.08,6.3614,660,1,1,3,1,0,0
tx_legit_001603,0,648.02,6.4755,175,1,0,1,1,0,0
tx_legit_002671,0,314.69,5.7548,591,2,0,1,2,0,0
tx_fraud_000740,1,51345.31,10.8463,2,22,4,16,39,1,1
tx_legit_004701,0,523.05,6.2616,46,1,0,1,3,0,0
tx_legit_002521,0,697.96,6.5496,273,2,0,1,1,0,0
tx_legit_003884,0,2050.03,7.6261,601,1,0,1,1,0,0
tx_legit_001498,0,118.83,4.7861,767,1,0,1,1,0,0
tx_legit_001519,0,529.01,6.2729,168,2,0,1,1,0,0
tx_legit_001434,0,424.72,6.0538,243,1,0,1,1,0,0
tx_legit_004336,0,1127.7,7.0288,445,1,0,1,2,0,0
tx_legit_009178,0,255.18,5.5459,463,1,0,1,1,0,0
tx_legit_002894,0,674.75,6.5158,595,3,0,1,1,0,0
tx_legit_003247,0,226.79,5.4284,551,1,2,1,1,0,0
tx_legit_005205,0,2885.08,7.9677,458,1,0,1,1,0,0
tx_legit_005788,0,256.13,5.5496,730,1,0,1,2,0,0
tx_legit_003993,0,257.33,5.5542,443,1,0,1,4,0,0
tx_legit_004561,0,666.0,6.5028,565,4,0,1,1,0,0
tx_legit_005363,0,432.72,6.0724,583,1,0,1,1,0,0
tx_legit_006749,0,930.8,6.8371,110,2,0,1,1,0,0
tx_legit_008516,0,3296.33,8.1009,90,1,0,1,2,0,0
tx_legit_003967,0,806.99,6.6945,113,1,0,1,1,0,0
tx_fraud_000528,1,79826.68,11.2876,1,15,6,1,2,1,1
tx_legit_006547,0,470.02,6.1549,540,2,0,1,1,0,0
tx_legit_006276,0,153.4,5.0395,717,1,0,1,1,0,0
tx_legit_002789,0,598.33,6.3958,452,1,0,1,1,0,0
tx_legit_002659,0,678.0,6.5206,118,2,0,1,2,0,0
tx_legit_008271,0,451.19,6.1141,117,1,0,3,1,0,0
tx_legit_002624,0,298.38,5.7017,494,2,0,1,1,0,0
tx_legit_000926,0,696.44,6.5474,212,2,0,1,1,0,0
tx_legit_006003,0,120.04,4.7961,566,1,2,1,1,0,0
tx_legit_001510,0,462.63,6.1391,122,1,0,2,1,0,0
tx_legit_001414,0,225.74,5.4238,609,1,0,2,1,0,0
tx_legit_005117,0,215.37,5.377,236,1,0,1,1,0,0
tx_fraud_000716,1,51054.82,10.8407,4,17,4,15,30,1,1
tx_legit_005379,0,648.42,6.4761,577,1,0,1,2,0,0
tx_legit_005879,0,1132.17,7.0328,53,1,0,2,1,0,0
tx_fraud_000494,1,60860.58,11.0164,9,12,6,2,3,0,1
tx_legit_002614,0,674.35,6.5152,810,1,0,2,2,0,0
tx_legit_000208,0,360.94,5.8915,624,1,0,1,1,0,0
tx_legit_003989,0,176.12,5.1768,743,1,0,1,1,0,0
tx_legit_003558,0,111.84,4.726,805,1,0,1,1,0,0
tx_legit_001942,0,125.64,4.8413,346,1,0,1,2,0,0
tx_legit_000177,0,955.99,6.8638,427,2,0,1,1,0,0
tx_legit_001118,0,237.18,5.473,590,1,0,2,3,0,0
tx_legit_002939,0,732.87,6.5983,833,1,0,3,1,0,0
tx_legit_002089,0,392.75,5.9757,838,3,0,1,1,0,0
tx_legit_002633,0,328.19,5.7966,458,3,0,3,2,0,0
tx_legit_000740,0,1572.63,7.3611,437,1,0,2,1,0,0
tx_legit_005396,0,207.46,5.3397,350,1,1,1,1,0,0
tx_legit_008091,0,375.04,5.9297,268,1,0,1,1,0,0
tx_legit_001376,0,213.18,5.3668,106,1,0,2,2,0,0
tx_legit_008366,0,225.75,5.4238,866,2,0,1,1,0,0
tx_legit_004300,0,308.37,5.7345,843,1,0,2,1,0,0
tx_legit_002692,0,410.41,6.0196,416,1,0,1,2,0,0
tx_legit_002802,0,509.5,6.2354,852,2,2,1,1,0,0
tx_legit_007729,0,538.73,6.2911,625,1,0,1,1,0,0
tx_legit_004891,0,701.78,6.555,468,1,0,1,1,0,0
tx_legit_007243,0,1178.18,7.0726,191,1,0,2,1,0,0
tx_legit_009087,0,274.06,5.617,334,1,0,1,2,0,0
tx_legit_007295,0,1519.7,7.3269,132,1,0,2,2,0,0
tx_legit_004703,0,564.62,6.3379,559,2,0,1,2,0,0
tx_legit_002095,0,575.97,6.3578,738,2,0,1,1,0,0
tx_legit_000797,0,90.71,4.5186,77,1,0,1,1,0,0
tx_legit_001279,0,507.72,6.2319,349,1,0,2,1,0,0
tx_legit_000938,0,670.0,6.5088,273,2,0,1,3,0,0
tx_legit_003076,0,556.18,6.3229,809,1,0,1,3,0,0
tx_legit_008218,0,363.76,5.8992,621,1,1,2,1,0,0
tx_legit_006423,0,612.81,6.4197,591,1,0,1,1,0,0
tx_legit_006989,0,477.18,6.17,484,1,0,2,1,0,0
tx_legit_007640,0,933.58,6.8401,638,1,0,1,1,0,0
tx_legit_004085,0,197.05,5.2885,521,1,0,1,2,0,0
tx_legit_003897,0,863.37,6.762,622,1,1,1,1,0,0
tx_fraud_000642,1,37390.39,10.5292,3,25,9,20,15,1,1
tx_fraud_000529,1,93239.08,11.4429,10,15,5,3,3,0,1
tx_legit_006843,0,594.71,6.3898,68,1,0,1,2,0,0
tx_legit_006695,0,396.88,5.9862,399,1,0,1,1,0,0
tx_legit_004065,0,195.95,5.2829,415,1,0,1,1,0,0
tx_legit_008622,0,189.78,5.2511,92,1,0,2,1,0,0
tx_legit_007168,0,1628.38,7.396,169,2,0,1,1,0,0
tx_legit_007348,0,430.03,6.0662,86,1,0,1,1,0,0
tx_legit_005012,0,762.32,6.6377,700,2,0,1,2,0,0
tx_fraud_000763,1,63464.55,11.0583,0,20,7,24,29,1,1
tx_legit_004746,0,660.64,6.4947,418,1,0,1,1,0,0
tx_legit_004822,0,169.23,5.1372,313,1,0,1,1,0,0
tx_legit_008211,0,386.33,5.9593,623,1,0,1,3,0,0
tx_legit_003196,0,200.21,5.3043,636,3,2,1,1,0,0
tx_legit_005055,0,356.99,5.8805,285,1,0,1,2,0,0
tx_legit_002997,0,367.81,5.9103,881,3,0,1,1,0,0
tx_legit_004846,0,1575.59,7.363,323,4,1,1,1,0,0
tx_legit_004198,0,313.81,5.752,551,1,0,1,1,0,0
tx_legit_005657,0,510.02,6.2364,558,1,0,1,1,0,0
tx_legit_006037,0,637.1,6.4585,659,2,0,1,2,0,0
tx_legit_007413,0,121.04,4.8043,512,1,0,1,3,0,0
tx_legit_000699,0,664.5,6.5005,875,1,0,1,1,0,0
tx_legit_002793,0,464.77,6.1437,386,1,0,1,1,0,0
tx_fraud_000718,1,21877.91,9.9933,4,15,8,24,29,1,1
tx_legit_004010,0,1782.11,7.4861,572,1,0,1,1,0,0
tx_fraud_000680,1,41671.61,10.6376,4,14,9,18,29,1,1
tx_legit_004759,0,329.47,5.8005,106,2,0,1,1,0,0
tx_legit_004343,0,373.38,5.9253,235,3,0,1,3,0,0
tx_legit_001083,0,232.05,5.4513,99,1,1,1,3,0,0
tx_legit_008633,0,740.13,6.6082,685,1,0,1,2,0,0
tx_legit_003748,0,1153.89,7.0518,31,1,0,2,1,0,0
tx_legit_001188,0,427.0,6.0591,805,1,0,1,1,0,0
tx_legit_006183,0,739.44,6.6072,478,1,0,2,1,0,0
tx_legit_008288,0,372.1,5.9218,668,1,2,1,1,0,0
tx_fraud_000498,1,84262.66,11.3417,3,10,7,3,3,1,1
tx_legit_000277,0,574.71,6.3556,410,2,0,1,2,0,0
tx_legit_002166,0,897.73,6.801,357,1,0,1,3,0,0
tx_legit_006334,0,1277.04,7.1531,653,2,0,2,1,0,0
tx_legit_004116,0,296.01,5.6938,152,1,0,1,1,0,0
tx_legit_003360,0,1191.99,7.0842,893,1,0,1,2,0,0
tx_legit_003250,0,880.72,6.7819,678,4,0,3,1,0,0
tx_legit_004682,0,450.42,6.1124,750,1,0,1,1,0,0
tx_legit_007288,0,494.57,6.2057,63,1,0,1,2,0,0
tx_legit_004895,0,779.55,6.66,749,3,0,1,1,0,0
tx_legit_006193,0,607.82,6.4115,521,1,0,1,1,0,0
tx_legit_007872,0,465.2,6.1446,521,1,0,1,1,0,0
tx_legit_004991,0,817.31,6.7072,568,1,0,1,1,0,0
tx_legit_006398,0,270.59,5.6043,867,4,0,1,4,0,0
tx_legit_003922,0,439.33,6.0875,205,1,0,2,1,0,0
tx_fraud_000704,1,45590.54,10.7275,2,15,5,14,37,1,1
tx_legit_002342,0,1083.94,6.9893,396,1,0,1,1,0,0
tx_legit_006549,0,259.38,5.5621,63,2,2,1,3,0,0
tx_legit_008781,0,603.74,6.4048,341,2,0,1,4,0,0
tx_legit_006807,0,423.88,6.0518,692,1,0,1,3,0,0
tx_legit_002944,0,449.69,6.1108,729,1,0,1,1,0,0
tx_legit_000661,0,1719.14,7.4502,177,1,1,1,1,0,0
tx_legit_003522,0,301.69,5.7127,132,2,0,1,1,0,0
tx_legit_002479,0,194.55,5.2758,389,1,0,2,2,0,0
tx_legit_005355,0,1851.38,7.5242,155,4,0,1,1,0,0
tx_legit_001714,0,519.64,6.2551,153,2,0,1,2,0,0
tx_legit_005270,0,204.71,5.3265,118,1,0,2,1,0,0
tx_legit_004510,0,118.23,4.7811,843,1,0,1,1,0,0
tx_legit_005018,0,899.38,6.8028,436,1,0,1,1,0,0
tx_legit_005989,0,655.83,6.4874,145,1,0,1,1,0,0
tx_legit_005226,0,722.57,6.5842,640,1,0,1,2,0,0
tx_legit_005469,0,1276.94,7.153,350,2,0,1,1,0,0
tx_legit_005956,0,491.51,6.1995,108,1,0,1,3,0,0
tx_legit_005904,0,943.47,6.8506,641,2,0,1,1,0,0
tx_legit_004944,0,466.87,6.1482,297,1,2,1,1,0,0
tx_legit_001109,0,1906.9,7.5538,49,2,0,1,1,0,0
tx_legit_004959,0,619.88,6.4311,735,1,0,1,2,0,0
tx_legit_004246,0,496.59,6.2098,547,1,0,1,4,0,0
tx_legit_008699,0,637.38,6.4589,212,4,0,1,1,0,0
tx_legit_005635,0,514.39,6.2449,205,1,0,1,1,0,0
tx_legit_003994,0,371.41,5.92,661,1,0,2,3,0,0
tx_legit_008164,0,530.39,6.2755,35,4,0,2,1,0,0
tx_legit_006648,0,1210.73,7.0998,106,1,2,1,1,0,0
tx_legit_000959,0,997.35,6.9061,86,1,0,1,2,0,0
tx_legit_007219,0,447.35,6.1056,373,1,0,1,3,0,0
tx_legit_007000,0,290.2,5.674,273,1,0,1,1,0,0
tx_legit_002310,0,506.62,6.2297,858,2,0,1,1,0,0
tx_legit_003858,0,406.57,6.0102,703,2,0,1,2,0,0
tx_legit_004974,0,691.15,6.5398,34,1,0,1,1,0,0
tx_fraud_000644,1,17548.47,9.7728,7,10,10,14,32,1,1
tx_legit_000619,0,1129.48,7.0304,630,1,0,1,3,0,0
tx_legit_007474,0,1281.75,7.1568,232,1,0,1,4,0,0
tx_fraud_000779,1,37127.01,10.5221,6,15,7,16,21,1,1
tx_legit_007188,0,1058.13,6.9652,61,2,0,1,2,0,0
tx_legit_007983,0,266.17,5.5879,507,1,0,2,2,0,0
tx_legit_008085,0,676.46,6.5184,470,2,0,3,3,0,0
tx_legit_005987,0,273.74,5.6158,114,1,1,1,4,0,0
tx_fraud_000726,1,19351.0,9.8706,2,30,9,10,36,1,1
tx_legit_002994,0,254.81,5.5444,391,1,0,1,3,0,0
tx_legit_007935,0,2727.2,7.9114,542,1,0,1,2,0,0
tx_legit_003158,0,792.12,6.676,402,1,1,3,1,0,0
tx_legit_008035,0,292.35,5.6814,34,1,0,1,2,0,0
tx_legit_000912,0,967.38,6.8756,173,1,0,1,3,0,0
tx_legit_006260,0,574.06,6.3545,805,2,0,1,1,0,0
tx_legit_006730,0,285.7,5.6584,706,1,0,3,2,0,0
tx_legit_002240,0,325.05,5.7871,762,3,0,1,2,0,0
tx_legit_007814,0,411.65,6.0226,182,1,0,1,3,0,0
tx_legit_008853,0,853.7,6.7508,730,1,0,1,2,0,0
tx_legit_006574,0,437.84,6.0841,795,1,0,1,1,0,0
tx_legit_004661,0,1225.81,7.1122,837,2,0,1,1,0,0
tx_legit_006236,0,312.42,5.7475,546,2,0,1,3,0,0
tx_legit_001926,0,309.54,5.7383,643,1,0,1,4,0,0
tx_legit_004790,0,672.19,6.512,660,2,0,2,1,0,0
tx_legit_009111,0,362.4,5.8955,346,1,0,1,1,0,0
tx_legit_003538,0,860.5,6.7587,315,1,0,1,1,0,0
tx_legit_006583,0,440.06,6.0892,577,1,0,1,1,0,0
tx_legit_003431,0,711.54,6.5688,803,1,0,1,1,0,0
tx_legit_005316,0,1043.87,6.9516,727,1,0,1,1,0,0
tx_legit_001824,0,568.29,6.3444,554,1,0,1,1,0,0
tx_legit_007604,0,860.22,6.7583,615,1,0,1,1,0,0
tx_legit_004151,0,215.19,5.3762,241,2,0,1,2,0,0
tx_legit_003555,0,511.86,6.24,487,1,0,1,2,0,0
tx_legit_005616,0,955.52,6.8633,459,2,0,1,1,0,0
tx_legit_008222,0,2020.91,7.6118,283,1,0,1,1,0,0
tx_legit_000585,0,417.99,6.0378,473,1,0,1,4,0,0
tx_legit_004097,0,457.17,6.1272,518,1,0,1,2,0,0
tx_legit_007865,0,580.36,6.3654,590,2,0,1,2,0,0
tx_legit_001130,0,736.65,6.6035,592,1,0,1,1,0,0
tx_legit_003296,0,698.78,6.5508,219,1,0,1,2,0,0
tx_legit_004473,0,443.62,6.0972,542,1,0,1,1,0,0
tx_legit_007599,0,399.48,5.9927,499,1,0,2,1,0,0
tx_legit_007727,0,95.6,4.5706,459,1,0,1,3,0,0
tx_legit_006509,0,1660.92,7.4157,812,1,0,1,3,0,0
tx_legit_006060,0,377.38,5.9359,127,3,0,1,2,0,0
tx_legit_006960,0,319.79,5.7708,420,1,0,1,2,0,0
tx_legit_002516,0,552.07,6.3155,700,1,1,2,1,0,0
tx_legit_006756,0,967.41,6.8757,300,1,0,1,1,0,0
tx_legit_005376,0,270.72,5.6048,81,1,0,1,1,0,0
tx_legit_004528,0,422.66,6.0489,185,2,0,1,1,0,0
tx_legit_001055,0,964.9,6.8731,521,3,0,1,1,0,0
tx_legit_007636,0,586.33,6.3756,885,2,0,1,4,0,0
tx_legit_007846,0,506.38,6.2293,574,1,0,1,2,0,0
tx_legit_004878,0,578.05,6.3614,840,1,1,1,1,0,0
tx_legit_002465,0,209.61,5.35,203,2,1,1,1,0,0
tx_legit_006337,0,808.77,6.6968,97,1,0,1,1,0,0
tx_legit_004567,0,422.67,6.049,61,1,0,1,1,0,0
tx_legit_005885,0,700.29,6.5529,842,1,0,1,2,0,0
tx_legit_001020,0,540.7,6.2947,92,1,0,1,1,0,0
tx_legit_001040,0,1086.53,6.9917,152,1,0,2,1,0,0
tx_legit_007112,0,592.66,6.3863,704,1,0,1,2,0,0
tx_fraud_000747,1,39090.16,10.5737,7,20,8,23,18,1,1
tx_legit_001437,0,804.07,6.6909,731,1,0,1,2,0,0
tx_legit_007596,0,215.08,5.3756,526,2,1,1,1,0,0
tx_legit_005400,0,298.55,5.7023,870,1,0,1,1,0,0
tx_legit_003164,0,773.67,6.6524,215,1,0,1,1,0,0
tx_legit_004707,0,190.86,5.2568,809,1,1,1,1,0,0
tx_fraud_000720,1,22529.39,10.0226,2,12,8,11,20,1,1
tx_legit_005392,0,257.99,5.5568,808,1,0,2,3,0,0
tx_legit_008087,0,445.36,6.1011,110,1,0,1,2,0,0
tx_legit_008637,0,341.89,5.8374,741,2,0,1,2,0,0
tx_legit_007530,0,489.09,6.1946,407,1,0,2,3,0,0
tx_legit_004501,0,718.68,6.5788,556,2,0,1,1,0,0
tx_legit_000525,0,965.47,6.8737,858,1,0,1,1,0,0
tx_legit_001046,0,471.14,6.1573,200,4,0,1,2,0,0
tx_legit_007341,0,534.22,6.2827,874,1,0,1,3,0,0
tx_legit_006328,0,71.7,4.2863,266,1,0,1,2,0,0
tx_legit_004349,0,303.32,5.7181,873,3,0,1,2,0,0
tx_legit_007532,0,339.33,5.8299,209,1,0,1,2,0,0
tx_legit_002987,0,608.36,6.4124,845,1,0,1,1,0,0
tx_legit_002407,0,286.7,5.6619,181,4,0,2,1,0,0
tx_legit_005238,0,596.85,6.3933,583,1,0,1,1,0,0
tx_legit_000802,0,792.26,6.6762,194,1,0,1,3,0,0
tx_legit_004542,0,445.01,6.1003,117,1,0,1,1,0,0
tx_legit_001030,0,487.67,6.1917,663,1,0,1,3,0,0
tx_legit_006404,0,714.67,6.5732,898,1,0,1,2,0,0
tx_legit_006977,0,450.99,6.1137,74,1,0,3,2,0,0
tx_legit_008212,0,1512.96,7.3225,722,1,0,3,1,0,0
tx_legit_004843,0,651.68,6.4811,301,1,0,1,1,0,0
tx_legit_008935,0,320.99,5.7745,776,1,0,1,1,0,0
tx_legit_004704,0,898.96,6.8024,373,1,0,1,2,0,0
tx_legit_000841,0,837.27,6.7313,818,1,0,1,1,0,0
tx_legit_007211,0,1091.76,6.9965,749,1,0,3,1,0,0
tx_legit_004301,0,249.11,5.5219,835,1,0,1,2,0,0
tx_legit_005631,0,772.33,6.6507,762,1,0,1,1,0,0
tx_legit_008400,0,229.56,5.4405,626,1,0,1,1,0,0
tx_legit_001469,0,474.07,6.1635,466,1,0,1,1,0,0
tx_legit_002646,0,1214.07,7.1026,653,1,0,1,2,0,0
tx_legit_000810,0,718.8,6.579,542,1,0,1,1,0,0
tx_legit_000210,0,369.42,5.9146,637,3,1,1,2,0,0
tx_legit_005862,0,234.96,5.4637,835,1,0,2,1,0,0
tx_legit_007133,0,943.4,6.8505,792,4,0,1,2,0,0
tx_legit_007283,0,926.16,6.8321,860,1,0,1,1,0,0
tx_legit_004188,0,210.17,5.3527,183,1,0,2,2,0,0
tx_legit_008698,0,335.19,5.8177,898,1,0,1,1,0,0
tx_legit_000171,0,1353.94,7.2115,541,1,0,1,1,0,0
tx_legit_004324,0,873.37,6.7735,842,1,0,1,1,0,0
tx_legit_000490,0,247.41,5.5151,269,2,0,2,1,0,0
tx_legit_006251,0,405.29,6.0071,398,1,0,1,1,0,0
tx_legit_002956,0,391.7,5.973,831,1,0,3,1,0,0
tx_legit_001911,0,201.96,5.313,637,1,0,1,2,0,0
tx_legit_008238,0,4327.52,8.373,135,2,0,1,1,0,0
tx_legit_006250,0,809.92,6.6982,797,2,0,1,4,0,0
tx_legit_003512,0,240.0,5.4848,345,1,0,1,1,0,0
tx_legit_004230,0,353.34,5.8703,299,1,0,1,1,0,0
tx_legit_004662,0,212.6,5.3641,722,1,0,1,1,0,0
tx_legit_001606,0,780.51,6.6612,738,1,0,1,1,0,0
tx_fraud_000758,1,47829.21,10.7754,3,10,7,13,24,1,1
tx_legit_001650,0,190.81,5.2565,849,1,0,1,1,0,0
tx_legit_008943,0,1006.78,6.9155,194,1,0,1,1,0,0
tx_legit_007063,0,461.72,6.1371,719,2,0,1,2,0,0
tx_legit_007485,0,915.88,6.821,316,1,0,1,1,0,0
tx_legit_005703,0,443.96,6.098,805,1,0,1,3,0,0
tx_legit_005554,0,1364.83,7.2195,395,1,0,1,1,0,0
tx_legit_000573,0,662.25,6.4972,618,1,0,2,1,0,0
tx_legit_007706,0,822.17,6.7132,503,1,0,1,1,0,0
tx_legit_000948,0,195.82,5.2823,618,1,0,1,1,0,0
tx_legit_001404,0,254.76,5.5442,776,1,0,3,3,0,0
tx_legit_008082,0,516.23,6.2485,157,1,0,1,1,0,0
tx_legit_008912,0,1217.97,7.1058,659,2,0,1,1,0,0
tx_legit_005906,0,1551.57,7.3477,713,2,0,1,1,0,0
tx_legit_002369,0,929.94,6.8362,824,1,0,1,1,0,0
tx_fraud_000769,1,63483.25,11.0585,7,29,4,24,27,1,1
tx_legit_008131,0,433.01,6.0731,70,1,0,1,1,0,0
tx_legit_006901,0,942.25,6.8493,315,2,0,1,1,0,0
tx_legit_008515,0,677.33,6.5196,863,2,0,2,3,0,0
tx_legit_005747,0,556.24,6.323,763,1,0,1,2,0,0
tx_legit_002782,0,314.28,5.7535,780,1,0,1,2,0,0
tx_legit_004935,0,390.11,5.969,701,2,0,1,1,0,0
tx_legit_003801,0,390.77,5.9707,63,1,0,1,1,0,0
tx_fraud_000714,1,57502.32,10.9596,7,25,4,18,15,1,1
tx_legit_002380,0,371.6,5.9205,334,1,0,1,1,0,0
tx_legit_005785,0,568.31,6.3444,558,1,0,1,1,0,0
tx_legit_005809,0,181.66,5.2076,313,1,0,2,2,0,0
tx_legit_000631,0,252.67,5.536,317,1,0,1,1,0,0
tx_legit_006906,0,2296.08,7.7394,203,1,0,1,3,0,0
tx_legit_005375,0,797.24,6.6824,85,1,0,1,1,0,0
tx_legit_005354,0,360.55,5.8904,153,1,0,2,4,0,0
tx_fraud_000511,1,74553.12,11.2193,6,11,3,2,3,1,1
tx_legit_000460,0,1256.21,7.1367,70,2,0,1,2,0,0
tx_fraud_000517,1,69511.85,11.1493,1,16,5,1,2,1,1
tx_legit_008165,0,973.07,6.8815,692,2,0,1,3,0,0
tx_legit_003654,0,551.03,6.3136,172,1,0,1,1,0,0
tx_legit_000046,0,996.67,6.9054,404,4,0,1,1,0,0
tx_legit_005815,0,599.67,6.398,639,1,0,1,2,0,0
tx_legit_005293,0,1601.01,7.379,692,1,0,1,1,0,0
tx_legit_006302,0,565.38,6.3393,356,1,0,1,3,0,0
tx_legit_008552,0,600.48,6.3994,269,1,0,3,1,0,0
tx_legit_008549,0,290.71,5.6758,683,1,0,1,1,0,0
tx_legit_004176,0,336.19,5.8206,546,1,1,1,1,0,0
tx_legit_005578,0,593.49,6.3877,490,1,0,1,1,0,0
tx_legit_000099,0,733.67,6.5994,831,1,0,1,1,0,0
tx_fraud_000753,1,63291.61,11.0555,4,28,6,24,15,1,1
tx_legit_000318,0,247.57,5.5157,512,1,0,1,3,0,0
tx_legit_008017,0,702.53,6.5561,568,3,0,1,1,0,0
tx_fraud_000784,1,49110.47,10.8018,1,12,9,22,29,1,1
tx_legit_006021,0,184.4,5.2225,664,1,0,1,4,0,0
tx_legit_003138,0,107.74,4.689,781,1,1,1,1,0,0
tx_legit_000098,0,197.04,5.2885,586,1,0,1,1,0,0
tx_legit_006014,0,343.82,5.843,297,1,0,1,1,0,0
tx_legit_004323,0,938.41,6.8453,316,1,0,1,2,0,0
tx_legit_008503,0,1157.0,7.0544,815,1,0,1,3,0,0
tx_legit_007663,0,963.72,6.8718,889,2,0,1,2,0,0
tx_legit_004909,0,142.02,4.963,172,1,0,1,1,0,0
tx_legit_006881,0,1298.95,7.1701,733,1,0,1,1,0,0
tx_legit_000791,0,486.25,6.1888,496,1,0,1,3,0,0
tx_fraud_000646,1,44276.86,10.6982,7,30,4,13,38,1,1
tx_legit_001957,0,339.25,5.8297,88,1,0,1,1,0,0
tx_legit_008643,0,749.4,6.6206,152,1,0,1,1,0,0
tx_legit_002389,0,481.97,6.18,271,1,0,1,2,0,0
tx_legit_008355,0,320.58,5.7732,451,1,0,1,1,0,0
tx_legit_001556,0,280.2,5.6391,804,1,0,1,1,0,0
tx_legit_003215,0,442.5,6.0947,895,1,0,1,1,0,0
tx_legit_008992,0,478.4,6.1725,843,2,0,1,2,0,0
tx_legit_000949,0,570.67,6.3486,581,1,0,1,1,0,0
tx_legit_003510,0,343.22,5.8413,900,2,0,1,2,0,0
tx_legit_008596,0,665.31,6.5018,571,2,0,1,4,0,0
tx_legit_005964,0,424.61,6.0535,530,2,0,1,1,0,0
tx_legit_003249,0,211.56,5.3592,720,1,0,2,2,0,0
tx_legit_008523,0,673.53,6.514,285,1,0,1,1,0,0
tx_legit_004303,0,559.04,6.328,382,1,0,1,1,0,0
tx_legit_008536,0,638.78,6.4611,440,2,0,3,1,0,0
tx_legit_009020,0,357.48,5.8819,594,1,0,1,1,0,0
tx_legit_005407,0,400.26,5.9946,102,2,0,1,1,0,0
tx_legit_007235,0,501.71,6.22,827,2,0,1,2,0,0
tx_legit_004578,0,1091.61,6.9963,186,1,0,1,3,0,0
tx_legit_000755,0,906.62,6.8108,535,1,0,2,4,0,0
tx_legit_005141,0,434.23,6.0759,824,1,0,1,1,0,0
tx_legit_002711,0,432.49,6.0719,180,1,0,1,1,0,0
tx_legit_003017,0,399.81,5.9935,638,1,1,3,2,0,0
tx_legit_000002,0,468.67,6.152,613,1,0,2,1,0,0
tx_legit_008777,0,200.35,5.305,41,2,0,1,1,0,0
tx_legit_006986,0,335.12,5.8175,899,1,0,1,4,0,0
tx_legit_000964,0,526.15,6.2675,85,1,0,1,1,0,0
tx_legit_008374,0,2154.07,7.6756,290,1,0,1,2,0,0
tx_legit_001160,0,228.83,5.4373,238,3,0,1,1,0,0
tx_legit_003939,0,79.39,4.3869,440,1,0,1,1,0,0
tx_legit_000799,0,501.97,6.2205,86,2,0,1,2,0,0
tx_legit_003094,0,445.5,6.1014,406,1,0,1,1,0,0
tx_legit_009001,0,794.89,6.6795,707,3,0,2,1,0,0
tx_legit_007912,0,785.79,6.668,191,1,0,1,1,0,0
tx_legit_002437,0,674.7,6.5157,458,2,0,3,1,0,0
tx_legit_000533,0,306.96,5.73,85,1,0,1,1,0,0
tx_legit_006576,0,267.96,5.5946,893,1,0,1,2,0,0
tx_legit_003427,0,880.1,6.7812,46,2,0,1,2,0,0
tx_legit_000918,0,733.38,6.599,892,1,0,1,1,0,0
tx_fraud_000713,1,64419.11,11.0732,6,30,10,12,22,1,1
tx_legit_004693,0,352.82,5.8688,164,1,0,1,3,0,0
tx_legit_004606,0,403.61,6.0029,664,1,0,1,1,0,0
tx_legit_006314,0,383.48,5.9519,895,1,0,1,2,0,0
tx_legit_004942,0,356.03,5.8778,168,1,0,1,4,0,0
tx_legit_004228,0,258.17,5.5575,187,1,0,1,2,0,0
tx_legit_008778,0,294.5,5.6887,336,1,0,1,1,0,0
tx_legit_001226,0,669.1,6.5074,318,2,0,1,1,0,0
tx_legit_006917,0,268.45,5.5964,406,1,0,2,4,0,0
tx_legit_004180,0,774.16,6.6531,483,1,0,1,1,0,0
tx_legit_004436,0,503.72,6.224,881,1,0,1,4,0,0
tx_legit_006173,0,675.81,6.5174,167,3,0,1,1,0,0
tx_legit_006882,0,324.25,5.7846,49,1,0,2,1,0,0
tx_legit_007075,0,929.56,6.8358,477,1,0,1,1,0,0
tx_fraud_000679,1,22313.75,10.013,2,22,5,22,19,1,1
tx_legit_009069,0,267.29,5.5921,505,1,0,1,1,0,0
tx_legit_006502,0,1625.37,7.3941,170,1,0,1,1,0,0
tx_legit_004745,0,626.1,6.4411,850,1,0,2,1,0,0
tx_legit_002501,0,644.05,6.4693,690,1,0,1,3,0,0
tx_fraud_000702,1,53536.05,10.8881,5,12,7,18,37,1,1
tx_legit_004326,0,133.11,4.8987,718,4,0,1,1,0,0
tx_legit_001817,0,1339.19,7.2006,650,2,1,1,4,0,0
tx_legit_003432,0,123.56,4.8248,648,2,0,1,1,0,0
tx_legit_002225,0,3447.13,8.1456,125,1,0,1,1,0,0
tx_legit_001322,0,368.56,5.9123,881,1,0,1,1,0,0
tx_legit_006304,0,847.49,6.7435,837,1,0,1,2,0,0
tx_legit_006864,0,1508.45,7.3195,574,2,0,1,1,0,0
tx_legit_008627,0,1406.99,7.2499,898,2,0,1,2,0,0
tx_legit_002724,0,457.66,6.1283,162,3,0,1,1,0,0
tx_legit_006248,0,605.98,6.4085,283,1,2,2,2,0,0
tx_legit_005905,0,271.93,5.6092,113,3,0,2,1,0,0
tx_legit_001861,0,559.86,6.3295,605,1,0,1,1,0,0
tx_legit_005650,0,334.12,5.8145,511,1,0,1,2,0,0
tx_legit_005099,0,543.41,6.2997,416,2,0,2,1,0,0
tx_legit_002455,0,247.6,5.5158,354,2,0,1,1,0,0
tx_legit_005445,0,416.25,6.0337,136,1,0,1,1,0,0
tx_legit_000348,0,556.43,6.3233,297,2,0,1,1,0,0
tx_legit_009005,0,725.13,6.5877,493,2,0,1,1,0,0
tx_legit_005642,0,5256.37,8.5674,860,1,2,1,1,0,0
tx_legit_001804,0,663.24,6.4986,381,1,0,1,2,0,0
tx_legit_006991,0,242.07,5.4933,725,2,0,1,2,0,0
tx_legit_002526,0,331.15,5.8056,406,1,0,1,2,0,0
tx_legit_000071,0,535.75,6.2855,289,1,1,1,2,0,0
tx_legit_005202,0,790.37,6.6738,103,1,0,1,5,0,0
tx_legit_000095,0,167.58,5.1274,70,2,0,1,1,0,0
tx_legit_005824,0,809.11,6.6972,586,2,0,1,2,0,0
tx_legit_001220,0,256.77,5.5521,740,2,0,1,1,0,0
tx_legit_008122,0,433.12,6.0733,803,1,0,1,2,0,0
tx_legit_000029,0,624.53,6.4386,860,1,0,1,1,0,0
tx_legit_006039,0,863.91,6.7626,697,1,0,1,1,0,0
tx_legit_003633,0,808.92,6.6969,311,1,1,1,1,0,0
tx_legit_002052,0,1350.05,7.2086,811,1,0,1,2,0,0
tx_legit_000354,0,698.54,6.5504,268,2,1,1,1,0,0
tx_legit_006677,0,237.56,5.4746,809,2,0,1,1,0,0
tx_legit_008008,0,1213.24,7.1019,619,1,0,1,1,0,0
tx_legit_006605,0,249.13,5.522,530,1,0,1,2,0,0
tx_legit_007907,0,810.6,6.699,67,1,0,1,4,0,0
tx_legit_003557,0,996.3,6.9051,183,1,0,1,1,0,0
tx_fraud_000745,1,41011.09,10.6216,7,29,6,21,34,1,1
tx_legit_002324,0,640.5,6.4638,539,1,0,1,2,0,0
tx_legit_003097,0,570.48,6.3482,402,1,0,1,1,0,0
tx_legit_001775,0,467.39,6.1493,173,1,0,1,1,0,0
tx_legit_000191,0,534.39,6.283,218,3,0,1,2,0,0
tx_legit_007555,0,461.22,6.136,643,1,0,1,1,0,0
tx_legit_001385,0,904.5,6.8085,159,1,0,2,2,0,0
tx_legit_005464,0,2026.91,7.6148,688,1,0,1,2,0,0
tx_legit_006467,0,1371.22,7.2242,864,2,0,2,3,0,0
tx_legit_007700,0,1445.48,7.2769,583,1,0,1,1,0,0
tx_legit_006433,0,535.77,6.2856,863,1,0,1,1,0,0
tx_legit_005175,0,927.72,6.8338,289,2,0,1,2,0,0
tx_legit_004033,0,378.59,5.9391,757,2,0,1,1,0,0
tx_legit_008482,0,349.35,5.8589,86,2,0,1,1,0,0
tx_legit_006555,0,955.9,6.8637,523,1,0,1,1,0,0
tx_legit_004700,0,525.24,6.2658,309,1,1,1,2,0,0
tx_legit_000970,0,588.17,6.3787,417,2,0,1,1,0,0
tx_legit_007812,0,382.02,5.9481,597,1,0,1,2,0,0
tx_legit_001591,0,461.66,6.137,117,1,0,1,1,0,0
tx_legit_006064,0,172.7,5.1573,827,2,0,1,3,0,0
tx_legit_007483,0,823.19,6.7144,741,1,0,1,2,0,0
tx_legit_008328,0,437.69,6.0838,294,1,1,1,4,0,0
tx_legit_000820,0,212.26,5.3625,780,1,0,1,1,0,0
tx_legit_005458,0,307.55,5.7319,898,1,0,1,1,0,0
tx_legit_005585,0,185.86,5.2304,692,1,0,1,2,0,0
tx_legit_000678,0,299.04,5.7039,300,3,0,1,1,0,0
tx_legit_006600,0,510.12,6.2366,256,2,0,2,1,0,0
tx_legit_003080,0,469.03,6.1528,534,1,0,1,1,0,0
tx_legit_007067,0,340.4,5.8331,340,2,0,1,5,0,0
tx_legit_002209,0,197.71,5.2918,98,2,0,1,2,0,0
tx_legit_003842,0,217.36,5.3861,379,1,0,1,1,0,0
tx_legit_009146,0,138.51,4.9381,894,1,0,1,3,0,0
tx_legit_006411,0,972.74,6.8811,621,1,0,1,1,0,0
tx_legit_007407,0,209.18,5.348,825,1,0,1,1,0,0
tx_legit_007321,0,733.71,6.5995,177,1,0,1,1,0,0
tx_legit_001857,0,940.49,6.8475,521,1,1,1,4,0,0
tx_legit_005466,0,487.41,6.1912,521,1,0,1,1,0,0
tx_legit_000633,0,485.68,6.1876,288,1,0,1,1,0,0
tx_legit_002888,0,1066.34,6.9729,111,1,0,1,1,0,0
tx_legit_005405,0,920.95,6.8265,236,1,0,1,1,0,0
tx_legit_003286,0,269.68,5.6009,153,1,0,2,3,0,0
tx_legit_008287,0,672.99,6.5132,330,1,0,1,1,0,0
tx_legit_001049,0,296.39,5.695,176,1,0,1,1,0,0
tx_legit_005382,0,813.8,6.7029,566,1,1,3,2,0,0
tx_legit_008784,0,2439.26,7.7999,423,1,0,1,1,0,0
tx_legit_000471,0,4061.5,8.3096,58,1,0,1,1,0,0
tx_legit_009153,0,1125.52,7.0269,381,1,0,1,1,0,0
tx_legit_008641,0,346.52,5.8508,256,1,0,1,1,0,0
tx_legit_004310,0,1750.63,7.4683,339,1,0,1,1,0,0
tx_legit_005550,0,440.13,6.0893,35,1,0,1,1,0,0
tx_legit_007346,0,362.74,5.8964,740,2,0,1,2,0,0
tx_legit_000515,0,813.28,6.7023,416,1,0,1,1,0,0
tx_legit_005301,0,237.04,5.4724,335,3,0,3,1,0,0
tx_legit_000491,0,168.75,5.1343,684,2,0,1,2,0,0
tx_legit_008623,0,485.36,6.1869,316,1,0,1,2,0,0
tx_legit_003610,0,748.34,6.6192,679,1,0,2,1,0,0
tx_legit_002809,0,288.32,5.6675,589,1,0,1,4,0,0
tx_legit_008946,0,2776.65,7.9294,568,1,0,1,1,0,0
tx_legit_000295,0,473.51,6.1623,738,2,0,1,1,0,0
tx_legit_007675,0,973.55,6.882,774,1,0,1,1,0,0
tx_legit_003156,0,296.42,5.6951,106,1,0,1,3,0,0
tx_legit_008752,0,821.33,6.7121,121,1,0,1,1,0,0
tx_fraud_000705,1,24261.02,10.0967,0,12,5,20,25,1,1
tx_legit_009033,0,882.53,6.7839,713,2,0,1,1,0,0
tx_legit_005463,0,223.54,5.4141,424,1,0,1,1,0,0
tx_legit_009198,0,529.33,6.2735,70,1,0,1,1,0,0
tx_fraud_000757,1,47228.75,10.7628,2,16,6,20,34,1,1
tx_legit_007508,0,797.19,6.6823,861,1,1,1,2,0,0
tx_legit_007838,0,463.05,6.14,840,1,0,1,4,0,0
tx_legit_001525,0,1124.63,7.0261,141,1,0,1,1,0,0
tx_legit_006088,0,270.72,5.6048,719,1,0,1,2,0,0
tx_legit_002616,0,1298.24,7.1695,631,2,2,1,4,0,0
tx_legit_006722,0,976.38,6.8849,172,1,0,1,3,0,0
tx_legit_002963,0,669.29,6.5077,422,1,0,1,1,0,0
tx_legit_008096,0,832.73,6.7259,826,1,0,1,2,0,0
tx_legit_003593,0,1210.2,7.0994,189,1,0,1,1,0,0
tx_legit_004923,0,343.35,5.8417,870,1,0,2,1,0,0
tx_legit_004035,0,235.27,5.465,358,2,0,1,1,0,0
tx_legit_000632,0,787.33,6.6699,634,1,0,1,1,0,0
tx_fraud_000649,1,20960.28,9.9504,0,29,6,14,28,1,1
tx_legit_007454,0,572.84,6.3524,118,1,0,1,3,0,0
tx_legit_003671,0,263.56,5.5781,240,2,0,1,1,0,0
tx_legit_008494,0,288.33,5.6676,285,1,0,1,2,0,0
tx_legit_002701,0,443.61,6.0972,709,2,0,1,4,0,0
tx_legit_000448,0,474.82,6.165,57,1,0,2,1,0,0
tx_legit_005295,0,275.92,5.6237,825,2,0,1,1,0,0
tx_legit_006957,0,1336.46,7.1985,641,1,0,1,4,0,0
tx_legit_004028,0,680.39,6.5241,826,1,0,1,4,0,0
tx_legit_001839,0,200.19,5.3042,855,2,1,1,1,0,0
tx_legit_007768,0,264.87,5.583,532,1,1,2,4,0,0
tx_legit_005052,0,480.47,6.1768,117,1,0,1,1,0,0
tx_legit_004654,0,664.06,6.4999,42,1,1,1,1,0,0
tx_legit_003584,0,860.23,6.7584,209,1,0,1,1,0,0
tx_legit_000096,0,589.41,6.3808,484,3,0,1,1,0,0
tx_legit_000555,0,1757.74,7.4724,262,1,0,1,2,0,0
tx_legit_006869,0,293.39,5.6849,467,2,0,1,2,0,0
tx_legit_003389,0,495.33,6.2072,628,1,0,3,1,0,0
tx_legit_002099,0,563.89,6.3366,855,1,0,1,1,0,0
tx_legit_008302,0,550.5,6.3126,574,1,0,1,1,0,0
tx_legit_004282,0,149.78,5.0158,498,1,0,1,2,0,0
tx_legit_003245,0,384.88,5.9555,481,1,1,1,1,0,0
tx_legit_004514,0,213.24,5.3671,382,2,0,1,3,0,0
tx_legit_000275,0,379.46,5.9414,185,2,0,1,2,0,0
tx_legit_004087,0,342.23,5.8384,577,2,0,1,1,0,0
tx_legit_003655,0,595.37,6.3909,234,1,0,1,1,0,0
tx_legit_003350,0,914.5,6.8195,898,1,0,1,2,0,0
tx_legit_005834,0,609.29,6.4139,181,1,0,1,1,0,0
tx_legit_000450,0,606.9,6.41,259,1,0,1,1,0,0
tx_legit_001128,0,170.12,5.1424,561,2,1,2,2,0,0
tx_legit_003481,0,1973.26,7.5879,729,1,0,1,3,0,0
tx_legit_006075,0,381.47,5.9467,291,3,0,1,1,0,0
tx_legit_003354,0,376.15,5.9326,793,1,0,2,1,0,0
tx_legit_001007,0,223.09,5.412,101,1,0,1,1,0,0
tx_legit_006125,0,413.84,6.0279,690,1,0,1,1,0,0
tx_legit_000563,0,566.14,6.3406,310,1,0,3,2,0,0
tx_legit_000806,0,546.85,6.306,135,1,0,1,1,0,0
tx_legit_000249,0,686.18,6.5326,285,2,0,1,1,0,0
tx_legit_006538,0,1354.57,7.212,182,1,0,1,1,0,0
tx_legit_006772,0,348.01,5.8551,490,1,0,1,1,0,0
tx_legit_003683,0,484.79,6.1858,272,1,0,1,1,0,0
tx_legit_005790,0,161.05,5.0879,853,1,0,1,1,0,0
tx_legit_001634,0,233.25,5.4564,450,1,0,2,1,0,0
tx_legit_001666,0,1399.29,7.2444,157,1,0,1,2,0,0
tx_legit_004845,0,913.54,6.8184,321,1,0,1,1,0,0
tx_legit_005871,0,667.08,6.5044,566,3,0,1,3,0,0
tx_legit_003895,0,161.07,5.088,70,1,0,1,1,0,0
tx_legit_001639,0,277.79,5.6305,377,3,0,1,1,0,0
tx_legit_003425,0,251.29,5.5306,336,2,0,1,2,0,0
tx_legit_003374,0,315.36,5.7569,152,1,0,1,2,0,0
tx_legit_007951,0,194.06,5.2733,638,1,0,1,1,0,0
tx_legit_008668,0,1747.83,7.4667,700,1,0,3,4,0,0
tx_legit_007661,0,261.27,5.5694,487,1,0,2,1,0,0
tx_legit_000006,0,349.47,5.8593,655,1,0,1,1,0,0
tx_legit_000467,0,365.14,5.903,68,1,0,2,1,0,0
tx_legit_000531,0,336.44,5.8214,507,3,0,1,2,0,0
tx_legit_005122,0,930.54,6.8368,169,2,0,1,1,0,0
tx_legit_005028,0,1854.56,7.5259,151,1,0,1,3,0,0
tx_legit_000306,0,444.72,6.0997,496,2,0,2,1,0,0
tx_legit_006459,0,901.1,6.8047,482,1,0,1,3,0,0
tx_legit_005378,0,257.44,5.5547,197,1,0,1,4,0,0
tx_legit_003488,0,383.9,5.953,117,2,0,1,2,0,0
tx_legit_006285,0,759.05,6.6334,305,1,0,1,1,0,0
tx_legit_006922,0,193.97,5.2728,409,2,0,2,2,0,0
tx_legit_004582,0,404.2,6.0044,630,1,0,1,1,0,0
tx_legit_006457,0,244.7,5.5041,661,1,0,1,1,0,0
tx_legit_000731,0,515.57,6.2472,503,1,0,1,2,0,0
tx_legit_005158,0,135.07,4.9132,595,1,0,1,2,0,0
tx_legit_001952,0,400.22,5.9945,636,3,0,1,2,0,0
tx_legit_008239,0,776.97,6.6567,786,1,0,1,3,0,0
tx_legit_004345,0,320.59,5.7733,337,1,0,2,2,0,0
tx_legit_008397,0,175.82,5.1751,356,1,0,1,1,0,0
tx_legit_005107,0,223.58,5.4142,202,1,0,2,2,0,0
tx_legit_005481,0,701.86,6.5552,882,1,0,1,1,0,0
tx_legit_002365,0,385.46,5.957,488,4,0,1,1,0,0
tx_legit_003692,0,533.14,6.2807,76,1,0,1,3,0,0
tx_legit_006925,0,228.54,5.4361,67,1,0,2,1,0,0
tx_legit_007989,0,296.34,5.6949,744,1,0,1,1,0,0
tx_legit_005415,0,140.63,4.9532,831,1,0,1,2,0,0
tx_legit_003198,0,478.21,6.1721,703,1,0,3,1,0,0
tx_legit_005437,0,219.89,5.3977,787,1,0,3,1,0,0
tx_legit_008736,0,219.73,5.3969,606,1,0,2,1,0,0
tx_legit_001422,0,840.77,6.7355,622,1,0,1,1,0,0
tx_legit_008852,0,165.43,5.1146,389,1,1,1,1,0,0
tx_legit_000085,0,691.26,6.54,320,2,0,1,1,0,0
tx_legit_005655,0,878.55,6.7794,276,1,1,1,2,0,0
tx_legit_007961,0,582.39,6.3689,62,1,1,2,1,0,0
tx_legit_007820,0,596.86,6.3934,593,2,0,2,1,0,0
tx_legit_000479,0,343.04,5.8408,718,1,0,1,3,0,0
tx_legit_000217,0,350.44,5.862,591,1,0,1,1,0,0
tx_legit_001995,0,535.75,6.2855,451,2,0,2,2,0,0
tx_legit_001271,0,410.2,6.0191,534,4,0,3,1,0,0
tx_legit_008751,0,279.39,5.6362,550,1,0,3,2,0,0
tx_legit_008354,0,427.04,6.0592,241,1,0,1,1,0,0
tx_legit_000552,0,286.26,5.6604,458,1,0,1,1,0,0
tx_legit_001338,0,563.83,6.3365,553,1,0,1,1,0,0
tx_legit_007581,0,167.78,5.1286,443,2,1,1,1,0,0
tx_legit_002441,0,620.12,6.4315,607,1,0,1,2,0,0
tx_legit_003916,0,220.3,5.3995,214,1,0,1,1,0,0
tx_legit_003474,0,1270.81,7.1482,810,2,1,1,2,0,0
tx_legit_007789,0,523.72,6.2629,869,1,0,1,1,0,0
tx_legit_003705,0,262.57,5.5743,62,1,0,1,2,0,0
tx_legit_002469,0,380.33,5.9437,596,1,0,1,4,0,0
tx_legit_007525,0,948.78,6.8562,743,1,0,1,1,0,0
tx_legit_001777,0,531.36,6.2773,509,1,0,1,1,0,0
tx_legit_004545,0,892.35,6.795,137,1,0,1,1,0,0
tx_legit_003583,0,677.04,6.5192,359,1,0,1,1,0,0
tx_legit_008119,0,512.65,6.2415,176,1,0,1,1,0,0
tx_legit_001412,0,727.47,6.5909,873,1,0,1,1,0,0
tx_legit_003688,0,727.89,6.5915,399,1,0,2,1,0,0
tx_legit_004377,0,1699.8,7.4389,461,1,0,1,2,0,0
tx_legit_007210,0,544.54,6.3018,618,2,2,1,1,0,0
tx_legit_007864,0,330.03,5.8022,296,1,0,1,1,0,0
tx_legit_006312,0,135.04,4.9129,141,1,0,1,3,0,0
tx_legit_004424,0,305.01,5.7236,467,1,0,1,1,0,0
tx_legit_008962,0,1006.49,6.9152,665,2,0,1,4,0,0
tx_legit_009032,0,2190.35,7.6923,206,1,0,1,3,0,0
tx_legit_007716,0,315.14,5.7562,138,1,0,1,1,0,0
tx_legit_006624,0,911.35,6.816,540,3,0,1,1,0,0
tx_legit_000003,0,907.77,6.8121,762,1,0,1,1,0,0
tx_legit_002462,0,749.23,6.6204,550,1,0,1,2,0,0
tx_legit_002440,0,349.3,5.8588,423,1,0,1,2,0,0
tx_legit_006909,0,282.59,5.6475,74,1,0,2,2,0,0
tx_legit_002217,0,294.72,5.6894,203,1,0,2,1,0,0
tx_legit_009050,0,454.0,6.1203,415,1,0,1,2,0,0
tx_legit_002528,0,431.88,6.0705,843,1,0,1,3,0,0
tx_legit_005005,0,479.97,6.1758,900,1,0,1,1,0,0
tx_legit_006818,0,404.42,6.0049,437,1,0,1,2,0,0
tx_legit_002622,0,270.16,5.6027,542,1,0,2,2,0,0
tx_legit_001107,0,285.75,5.6586,762,1,0,1,2,0,0
tx_legit_004749,0,722.17,6.5836,523,3,0,1,2,0,0
tx_legit_000063,0,238.9,5.4802,320,1,0,1,1,0,0
tx_legit_005196,0,534.18,6.2826,765,1,0,1,1,0,0
tx_legit_001468,0,297.44,5.6986,702,2,0,1,1,0,0
tx_legit_001629,0,678.04,6.5207,586,1,0,1,3,0,0
tx_legit_002338,0,643.99,6.4692,538,1,0,2,1,0,0
tx_legit_006068,0,373.87,5.9266,170,1,0,2,2,0,0
tx_legit_005745,0,257.52,5.555,331,1,0,1,1,0,0
tx_legit_000093,0,992.84,6.9016,125,1,0,1,1,0,0
tx_legit_000773,0,891.53,6.7941,76,2,0,1,4,0,0
tx_legit_006674,0,1675.48,7.4245,554,2,0,1,1,0,0
tx_legit_000383,0,629.71,6.4468,156,1,0,1,2,0,0
tx_legit_003991,0,926.14,6.8321,52,1,0,2,1,0,0
tx_fraud_000689,1,35526.2,10.4781,1,24,8,15,28,1,1
tx_legit_001698,0,887.52,6.7896,258,2,0,1,1,0,0
tx_legit_002030,0,207.55,5.3402,148,2,0,3,1,0,0
tx_legit_000008,0,376.87,5.9346,389,1,0,1,1,0,0
tx_legit_001762,0,131.26,4.8848,347,1,0,2,1,0,0
tx_fraud_000667,1,35794.37,10.4856,3,24,5,15,40,1,1
tx_legit_000908,0,207.0,5.3375,637,4,0,2,1,0,0
tx_legit_008358,0,351.45,5.8649,114,2,1,1,1,0,0
tx_legit_006474,0,764.75,6.6409,67,1,0,1,2,0,0
tx_legit_007964,0,368.11,5.9111,390,1,0,1,3,0,0
tx_legit_004612,0,229.25,5.4392,236,1,0,1,1,0,0
tx_legit_005442,0,347.23,5.8529,177,1,0,2,1,0,0
tx_legit_006926,0,185.13,5.2264,863,2,0,1,2,0,0
tx_legit_003577,0,199.7,5.3018,155,2,0,1,2,0,0
tx_legit_003118,0,332.34,5.8092,360,1,0,1,1,0,0
tx_legit_005963,0,415.51,6.0319,655,1,0,1,1,0,0
tx_legit_008851,0,464.17,6.1424,84,1,0,1,2,0,0
tx_legit_007732,0,318.48,5.7667,125,1,0,1,2,0,0
tx_legit_006245,0,578.45,6.3621,453,1,0,1,1,0,0
tx_legit_001082,0,485.82,6.1879,321,1,0,1,1,0,0
tx_legit_003234,0,940.7,6.8477,376,1,0,1,1,0,0
tx_legit_002448,0,3041.9,8.0206,315,1,0,1,1,0,0
tx_legit_002598,0,652.17,6.4818,337,3,0,1,1,0,0
tx_legit_004224,0,893.15,6.7959,420,1,0,1,1,0,0
tx_legit_003048,0,572.99,6.3526,720,1,0,1,1,0,0
tx_legit_007268,0,301.52,5.7121,373,2,0,1,1,0,0
tx_legit_006284,0,498.15,6.2129,486,2,0,1,2,0,0
tx_legit_002456,0,403.66,6.003,762,1,0,1,1,0,0
tx_legit_001134,0,276.98,5.6275,350,1,0,1,1,0,0
tx_legit_000896,0,562.03,6.3333,857,2,0,1,1,0,0
tx_legit_004463,0,196.37,5.2851,797,2,0,1,2,0,0
tx_legit_003585,0,2285.01,7.7346,661,2,0,2,1,0,0
tx_fraud_000703,1,23299.05,10.0562,0,26,5,13,24,1,1
tx_legit_005016,0,508.11,6.2327,839,1,0,1,1,0,0
tx_legit_006172,0,1269.09,7.1468,835,1,1,1,3,0,0
tx_fraud_000698,1,36036.68,10.4923,0,16,10,23,27,1,1
tx_legit_007044,0,1311.42,7.1796,145,1,0,1,2,0,0
tx_legit_008595,0,430.67,6.0677,502,1,0,1,1,0,0
tx_legit_002396,0,150.81,5.0226,502,1,0,1,4,0,0
tx_fraud_000787,1,53722.37,10.8916,0,26,10,10,39,1,1
tx_legit_001282,0,160.93,5.0872,884,1,0,1,4,0,0
tx_legit_006134,0,129.72,4.8731,593,1,0,1,2,0,0
tx_legit_001283,0,530.82,6.2763,195,2,0,1,4,0,0
tx_legit_007207,0,692.62,6.5419,49,1,1,1,1,0,0
tx_legit_005159,0,416.25,6.0337,206,1,0,3,1,0,0
tx_legit_008217,0,572.19,6.3512,153,4,0,1,1,0,0
tx_legit_003012,0,2022.67,7.6127,76,1,0,1,1,0,0
tx_legit_004109,0,491.96,6.2004,417,1,0,3,1,0,0
tx_legit_007917,0,402.29,5.9997,403,1,0,2,1,0,0
tx_legit_006858,0,434.88,6.0774,661,1,0,1,2,0,0
tx_legit_006431,0,288.32,5.6675,316,1,0,1,1,0,0
tx_legit_004239,0,634.96,6.4551,539,1,0,1,1,0,0
