transactionId,isFraud,amount,logAmount,accountAgeDays,velocity1h,failedTxCount24h,sharedDeviceAccountCount,sharedIpAccountCount,isNewAccountFlag,highVelocityFlag
tx_legit_013572,0,406.02,6.0089,956,2,0,1,16,0,0
tx_legit_003680,0,319.81,5.7708,59,2,0,1,2,0,0
tx_legit_005992,0,512.23,6.2407,578,1,0,2,1,0,0
tx_legit_010693,0,630.6,6.4483,611,2,0,1,1,0,0
tx_fraud_000028,1,8266.24,9.0201,5,8,2,13,3,1,1
tx_legit_005228,0,1375.69,7.2274,360,1,2,2,19,0,0
tx_fraud_000757,1,2232.8,7.7115,171,1,0,18,9,0,0
tx_legit_001620,0,323.92,5.7836,715,1,0,1,8,0,0
tx_fraud_000109,1,4331.06,8.3738,14,4,4,13,6,0,0
tx_legit_011386,0,1095.88,7.0002,310,1,0,1,2,0,0
tx_legit_006557,0,193.16,5.2687,449,1,0,4,2,0,0
tx_legit_001307,0,1212.23,7.101,715,1,0,1,1,0,0
tx_legit_002736,0,257.85,5.5562,172,1,0,2,20,0,0
tx_legit_000016,0,879.95,6.781,725,1,0,2,12,0,0
tx_legit_002163,0,253.37,5.5388,128,1,0,1,1,0,0
tx_legit_008285,0,1051.57,6.959,860,1,0,1,1,0,0
tx_legit_013268,0,320.32,5.7724,488,1,0,2,21,0,0
tx_legit_002023,0,468.94,6.1526,561,1,2,1,11,0,0
tx_legit_005874,0,251.77,5.5325,655,1,0,1,1,0,0
tx_legit_009119,0,703.72,6.5578,193,2,0,1,2,0,0
tx_fraud_000081,1,9748.44,9.185,14,4,1,18,6,0,0
tx_legit_010939,0,1237.38,7.1216,244,1,0,1,15,0,0
tx_legit_006263,0,457.4,6.1277,21,1,0,1,15,0,0
tx_legit_012164,0,301.66,5.7126,864,3,0,1,2,0,0
tx_legit_009678,0,560.23,6.3301,148,1,0,1,2,0,0
tx_legit_007312,0,866.57,6.7657,887,1,0,2,15,0,0
tx_legit_005391,0,591.14,6.3837,142,1,0,1,2,0,0
tx_legit_010609,0,320.84,5.7741,442,1,0,1,2,0,0
tx_legit_004741,0,574.15,6.3546,668,2,0,1,1,0,0
tx_fraud_000728,1,2452.11,7.8051,110,1,0,12,14,0,0
tx_legit_009344,0,163.4,5.1023,614,1,0,1,1,0,0
tx_legit_000284,0,628.02,6.4442,803,3,0,1,1,0,0
tx_fraud_000489,1,48010.86,10.7792,7,9,7,1,1,1,1
tx_legit_003668,0,940.04,6.847,421,1,1,1,1,0,0
tx_legit_003251,0,173.76,5.1634,768,3,0,1,1,0,0
tx_legit_009719,0,1265.04,7.1436,828,1,0,2,14,0,0
tx_legit_010995,0,562.76,6.3346,740,2,1,1,18,0,0
tx_legit_011475,0,442.67,6.0951,993,1,0,2,16,0,0
tx_legit_003263,0,81.9,4.4176,474,2,2,1,15,0,0
tx_legit_010430,0,721.62,6.5829,22,2,0,1,4,0,0
tx_legit_000033,0,648.55,6.4763,931,2,1,1,2,0,0
tx_fraud_000129,1,11641.76,9.3624,7,4,3,8,2,1,0
tx_legit_007528,0,208.4,5.3442,614,1,0,1,1,0,0
tx_legit_012306,0,938.76,6.8456,748,1,0,1,5,0,0
tx_fraud_000632,1,53283.96,10.8834,1,28,4,22,38,1,1
tx_legit_005562,0,292.87,5.6831,447,1,0,1,1,0,0
tx_legit_013693,0,829.84,6.7224,677,3,0,1,4,0,0
tx_legit_008578,0,585.88,6.3748,905,1,0,1,1,0,0
tx_fraud_001009,1,5856.79,8.6755,74,2,1,8,11,0,0
tx_legit_004559,0,237.12,5.4728,844,2,0,1,3,0,0
tx_legit_009098,0,534.14,6.2825,412,1,0,1,1,0,0
tx_legit_002528,0,237.08,5.4726,505,2,0,1,1,0,0
tx_legit_001294,0,167.74,5.1284,556,1,0,1,4,0,0
tx_legit_006665,0,481.9,6.1798,967,1,0,1,1,0,0
tx_legit_001412,0,524.9,6.2651,970,1,0,1,1,0,0
tx_legit_009910,0,227.72,5.4325,529,2,0,6,2,0,0
tx_legit_007216,0,399.42,5.9925,324,1,0,2,4,0,0
tx_fraud_000672,1,1020.93,6.9294,255,1,0,30,9,0,0
tx_legit_005925,0,616.21,6.4252,451,4,0,1,1,0,0
tx_legit_005554,0,782.55,6.6638,350,1,0,6,1,0,0
tx_legit_000581,0,1784.95,7.4877,148,2,0,1,1,0,0
tx_legit_000617,0,420.88,6.0447,937,2,0,2,13,0,0
tx_legit_012585,0,266.59,5.5895,398,2,0,1,1,0,0
tx_legit_013752,0,356.32,5.8786,958,1,0,1,1,0,0
tx_legit_007488,0,359.25,5.8868,120,1,0,1,4,0,0
tx_legit_012707,0,406.63,6.0104,239,1,0,1,2,0,0
tx_legit_001475,0,195.99,5.2832,716,1,1,1,2,0,0
tx_legit_008042,0,476.23,6.168,94,1,0,1,1,0,0
tx_legit_010920,0,282.51,5.6472,296,1,0,1,1,0,0
tx_legit_009827,0,201.47,5.3106,400,1,0,2,9,0,0
tx_legit_009990,0,717.71,6.5775,826,4,1,1,2,0,0
tx_legit_000671,0,428.75,6.0632,762,1,1,1,1,0,0
tx_legit_006499,0,454.71,6.1219,370,1,0,2,16,0,0
tx_legit_009779,0,426.39,6.0577,571,1,0,1,1,0,0
tx_legit_012014,0,750.02,6.6214,785,1,0,1,1,0,0
tx_legit_006324,0,834.19,6.7277,517,1,0,1,1,0,0
tx_legit_010007,0,688.97,6.5366,199,1,0,1,2,0,0
tx_legit_012801,0,701.26,6.5543,693,1,0,4,1,0,0
tx_legit_008940,0,506.55,6.2296,196,2,0,1,2,0,0
tx_legit_001604,0,791.01,6.6746,478,1,0,1,1,0,0
tx_legit_013484,0,560.86,6.3313,369,1,0,2,1,0,0
tx_fraud_000178,1,4521.37,8.4168,7,19,3,2,14,1,1
tx_legit_003564,0,551.7,6.3148,220,1,0,3,3,0,0
tx_legit_012472,0,625.92,6.4408,70,1,0,1,1,0,0
tx_legit_001946,0,540.08,6.2936,900,2,0,3,3,0,0
tx_legit_008504,0,391.16,5.9717,160,1,0,2,1,0,0
tx_legit_003923,0,163.26,5.1015,746,2,0,1,1,0,0
tx_legit_008807,0,714.5,6.573,614,1,0,1,2,0,0
tx_fraud_000239,1,8727.17,9.0743,20,11,3,1,32,0,1
tx_fraud_000551,1,54706.57,10.9098,0,16,10,15,25,1,1
tx_legit_007997,0,261.03,5.5685,436,1,0,1,3,0,0
tx_legit_008990,0,632.66,6.4515,754,2,0,1,2,0,0
tx_legit_002274,0,162.89,5.0992,264,2,0,1,2,0,0
tx_legit_009606,0,449.69,6.1108,488,1,0,1,9,0,0
tx_legit_010010,0,1901.42,7.5509,334,2,0,1,1,0,0
tx_legit_006202,0,962.62,6.8707,772,1,0,1,11,0,0
tx_legit_010025,0,634.09,6.4538,986,2,0,1,1,0,0
tx_legit_005690,0,632.01,6.4505,155,1,0,1,1,0,0
tx_legit_000645,0,662.8,6.498,409,1,0,1,1,0,0
tx_legit_005711,0,322.05,5.7778,838,1,0,1,1,0,0
tx_legit_001381,0,418.26,6.0385,809,2,0,4,2,0,0
tx_legit_001935,0,442.25,6.0941,615,3,0,1,14,0,0
tx_legit_004490,0,257.55,5.5551,954,1,0,1,3,0,0
tx_legit_005083,0,829.68,6.7222,796,1,0,2,14,0,0
tx_legit_005297,0,391.3,5.972,96,1,0,5,2,0,0
tx_legit_008728,0,210.45,5.354,767,1,0,1,1,0,0
tx_legit_010380,0,247.82,5.5167,378,1,0,1,3,0,0
tx_legit_003524,0,183.54,5.2179,277,3,0,1,2,0,0
tx_legit_005196,0,720.97,6.582,759,2,0,1,4,0,0
tx_legit_005325,0,1401.3,7.2459,37,1,1,1,1,0,0
tx_legit_007146,0,901.74,6.8054,81,2,0,1,5,0,0
tx_legit_010133,0,203.48,5.3205,901,1,0,1,10,0,0
tx_legit_002370,0,145.75,4.9887,167,1,1,1,1,0,0
tx_legit_004991,0,915.82,6.8209,217,1,0,1,1,0,0
tx_legit_004560,0,196.85,5.2875,635,1,0,1,14,0,0
tx_legit_012013,0,332.92,5.8109,437,1,0,1,1,0,0
tx_legit_007495,0,582.42,6.3689,510,1,0,1,2,0,0
tx_legit_005901,0,338.43,5.8273,606,1,0,1,2,0,0
tx_legit_005678,0,1109.26,7.0123,451,2,0,1,1,0,0
tx_legit_013555,0,500.35,6.2173,422,1,0,1,1,0,0
tx_legit_011382,0,256.01,5.5491,99,1,0,1,1,0,0
tx_legit_009359,0,2338.6,7.7577,328,1,0,1,2,0,0
tx_legit_009106,0,557.59,6.3254,258,2,0,1,4,0,0
tx_legit_002759,0,214.55,5.3732,157,1,0,1,1,0,0
tx_legit_006451,0,350.57,5.8624,389,3,0,3,3,0,0
tx_legit_008934,0,598.26,6.3957,455,1,0,1,1,0,0
tx_legit_013241,0,385.93,5.9582,176,1,0,1,10,0,0
tx_legit_005061,0,125.94,4.8437,18,1,0,1,1,0,0
tx_legit_013048,0,598.29,6.3957,295,1,0,1,1,0,0
tx_legit_013195,0,672.73,6.5128,678,1,0,1,1,0,0
tx_legit_002595,0,346.63,5.8511,988,1,0,1,16,0,0
tx_legit_010054,0,246.33,5.5107,606,1,0,2,19,0,0
tx_legit_011204,0,226.13,5.4255,228,4,0,1,22,0,0
tx_legit_010753,0,280.1,5.6387,342,1,0,5,3,0,0
tx_legit_006940,0,661.65,6.4962,910,1,0,1,2,0,0
tx_fraud_000978,1,7331.94,8.9001,131,2,1,15,5,0,0
tx_legit_005654,0,1853.45,7.5253,696,1,0,1,1,0,0
tx_legit_004569,0,86.14,4.4675,203,2,0,1,1,0,0
tx_legit_009483,0,761.1,6.6361,822,1,0,2,1,0,0
tx_legit_008261,0,464.87,6.1439,53,2,0,1,8,0,0
tx_legit_003970,0,2287.65,7.7357,747,1,0,2,11,0,0
tx_legit_002294,0,862.28,6.7607,921,1,0,1,1,0,0
tx_legit_004950,0,510.89,6.2381,728,1,0,1,1,0,0
tx_legit_004183,0,251.87,5.5329,550,1,1,1,2,0,0
tx_legit_001170,0,268.6,5.5969,143,1,0,1,2,0,0
tx_legit_001318,0,1383.33,7.233,229,1,1,3,2,0,0
tx_legit_007639,0,777.48,6.6573,946,1,0,1,2,0,0
tx_legit_012480,0,916.93,6.8221,751,1,0,1,2,0,0
tx_legit_001444,0,293.55,5.6854,709,1,0,2,13,0,0
tx_legit_008103,0,186.3,5.2327,674,2,0,1,1,0,0
tx_fraud_001001,1,6649.91,8.8025,69,2,1,11,11,0,0
tx_legit_000146,0,625.13,6.4396,412,1,0,3,1,0,0
tx_legit_001815,0,815.26,6.7047,90,1,0,2,8,0,0
tx_legit_002760,0,722.1,6.5835,672,1,0,1,1,0,0
tx_legit_004461,0,897.02,6.8002,532,3,0,1,2,0,0
tx_legit_002927,0,952.99,6.8607,272,1,2,1,1,0,0
tx_legit_012479,0,610.83,6.4165,818,3,0,1,1,0,0
tx_legit_011459,0,518.76,6.2534,563,1,0,1,1,0,0
tx_legit_004581,0,276.99,5.6276,759,1,0,1,2,0,0
tx_legit_000008,0,143.47,4.9731,790,1,0,1,15,0,0
tx_fraud_000636,1,24490.09,10.1061,3,15,8,21,40,1,1
tx_legit_009955,0,553.51,6.3181,338,4,0,2,1,0,0
tx_fraud_000131,1,5279.15,8.5717,4,5,2,12,5,1,1
tx_legit_005593,0,363.1,5.8974,546,1,0,1,19,0,0
tx_legit_012834,0,886.49,6.7884,283,1,0,2,22,0,0
tx_legit_012074,0,188.16,5.2426,869,1,0,1,2,0,0
tx_legit_010431,0,4722.1,8.4602,958,2,0,1,1,0,0
tx_fraud_000912,1,2018.91,7.6108,273,1,0,1,10,0,0
tx_legit_006543,0,874.66,6.775,70,1,0,1,1,0,0
tx_legit_007049,0,631.61,6.4499,818,1,0,1,21,0,0
tx_legit_012648,0,463.71,6.1414,572,2,0,2,21,0,0
tx_legit_009188,0,619.69,6.4308,781,1,0,1,2,0,0
tx_legit_002622,0,1127.59,7.0287,892,1,0,1,1,0,0
tx_legit_003408,0,637.98,6.4599,391,1,0,1,2,0,0
tx_legit_002399,0,594.89,6.3901,674,1,0,2,8,0,0
tx_legit_009853,0,396.98,5.9864,860,1,0,4,3,0,0
tx_legit_004388,0,226.0,5.425,551,2,0,1,4,0,0
tx_legit_007238,0,334.29,5.815,548,1,1,1,1,0,0
tx_legit_001842,0,346.63,5.8511,759,1,0,1,1,0,0
tx_legit_008163,0,1076.32,6.9822,18,1,1,2,10,0,0
tx_legit_001975,0,382.91,5.9504,716,2,0,2,13,0,0
tx_legit_006306,0,264.02,5.5798,354,1,2,1,1,0,0
tx_legit_012955,0,296.09,5.694,90,1,0,1,3,0,0
tx_legit_010784,0,530.58,6.2759,993,1,0,2,20,0,0
tx_legit_005166,0,374.92,5.9294,174,1,1,2,9,0,0
tx_legit_011656,0,245.28,5.5065,382,1,0,1,2,0,0
tx_legit_005652,0,1110.37,7.0133,631,1,0,3,2,0,0
tx_legit_001253,0,673.2,6.5135,956,2,0,1,2,0,0
tx_legit_013257,0,188.09,5.2422,557,1,1,1,4,0,0
tx_legit_011163,0,946.26,6.8536,277,1,0,2,14,0,0
tx_legit_005645,0,246.32,5.5107,937,1,0,2,2,0,0
tx_legit_005307,0,5982.84,8.6968,315,1,0,1,1,0,0
tx_legit_013398,0,525.46,6.2662,842,1,0,4,2,0,0
tx_legit_005318,0,232.39,5.4527,938,1,0,1,1,0,0
tx_legit_013204,0,395.79,5.9834,616,2,0,5,2,0,0
tx_legit_004320,0,429.91,6.0659,945,1,0,2,1,0,0
tx_fraud_000169,1,14193.29,9.5606,5,19,4,3,33,1,1
tx_legit_013438,0,1033.44,6.9416,223,1,0,1,1,0,0
tx_legit_002242,0,222.05,5.4074,253,2,0,1,1,0,0
tx_legit_004170,0,728.68,6.5926,191,1,0,1,22,0,0
tx_legit_006917,0,227.7,5.4324,271,1,0,2,16,0,0
tx_legit_005540,0,770.4,6.6482,180,1,0,2,17,0,0
tx_legit_003333,0,752.93,6.6253,223,2,0,1,19,0,0
tx_legit_001322,0,380.63,5.9445,610,1,0,1,1,0,0
tx_legit_000944,0,418.35,6.0387,100,1,0,1,3,0,0
tx_legit_008047,0,845.7,6.7413,510,2,0,1,1,0,0
tx_legit_004959,0,592.1,6.3854,737,2,0,1,1,0,0
tx_legit_010301,0,678.03,6.5207,321,1,0,1,1,0,0
tx_legit_006675,0,531.75,6.2781,784,2,0,1,1,0,0
tx_legit_011104,0,559.56,6.3289,759,1,0,1,1,0,0
tx_legit_000308,0,718.33,6.5783,595,2,0,2,2,0,0
tx_legit_003229,0,135.15,4.9138,797,1,0,2,10,0,0
tx_legit_004144,0,724.26,6.5865,628,1,0,2,1,0,0
tx_legit_011501,0,216.35,5.3815,431,1,0,2,2,0,0
tx_legit_005952,0,289.26,5.6708,437,1,0,1,1,0,0
tx_legit_002132,0,411.11,6.0213,762,1,0,2,2,0,0
tx_fraud_000628,1,61693.97,11.03,6,14,7,19,21,1,1
tx_fraud_000968,1,3423.63,8.1387,76,2,1,11,7,0,0
tx_legit_009240,0,386.59,5.9599,988,1,0,1,2,0,0
tx_legit_001896,0,439.23,6.0873,804,1,1,2,1,0,0
tx_legit_009214,0,433.6,6.0744,276,1,0,1,1,0,0
tx_legit_007799,0,521.3,6.2582,290,1,0,1,1,0,0
tx_legit_003178,0,465.59,6.1455,840,1,1,1,1,0,0
tx_legit_005784,0,374.97,5.9295,997,1,0,1,3,0,0
tx_legit_001069,0,834.61,6.7282,472,1,0,1,1,0,0
tx_legit_003059,0,689.04,6.5367,73,1,0,1,1,0,0
tx_legit_010022,0,204.09,5.3234,738,1,0,1,2,0,0
tx_legit_007465,0,367.33,5.909,619,1,0,1,2,0,0
tx_legit_006052,0,333.03,5.8112,732,1,0,1,1,0,0
tx_legit_007498,0,1218.48,7.1062,347,1,0,2,20,0,0
tx_fraud_001046,1,5370.57,8.5889,88,2,1,6,10,0,0
tx_legit_004665,0,811.72,6.7004,845,1,0,1,1,0,0
tx_legit_013386,0,414.83,6.0303,901,1,0,1,2,0,0
tx_legit_004705,0,954.9,6.8627,636,1,0,1,1,0,0
tx_legit_003698,0,462.13,6.138,418,2,0,2,3,0,0
tx_legit_006269,0,620.17,6.4316,683,2,0,5,2,0,0
tx_legit_007177,0,284.81,5.6553,634,1,0,3,3,0,0
tx_legit_008259,0,418.37,6.0388,900,1,2,1,2,0,0
tx_legit_012554,0,2858.06,7.9582,201,1,0,1,2,0,0
tx_legit_005393,0,507.43,6.2313,220,1,0,2,2,0,0
tx_fraud_000049,1,9680.63,9.178,5,6,4,12,5,1,1
tx_legit_009582,0,526.12,6.2674,206,1,0,1,1,0,0
tx_legit_006650,0,379.89,5.9425,860,1,0,1,3,0,0
tx_legit_001743,0,129.85,4.8741,575,3,0,1,1,0,0
tx_legit_007484,0,336.14,5.8205,848,1,0,1,1,0,0
tx_legit_000922,0,306.62,5.7289,420,1,0,1,22,0,0
tx_legit_004502,0,863.08,6.7617,95,1,0,1,2,0,0
tx_legit_001546,0,991.26,6.9,749,1,0,1,2,0,0
tx_legit_010833,0,364.15,5.9003,583,2,0,2,8,0,0
tx_legit_003122,0,1666.72,7.4192,557,1,0,1,1,0,0
tx_legit_009472,0,554.97,6.3207,226,2,0,1,1,0,0
tx_legit_013469,0,930.89,6.8372,945,1,1,1,2,0,0
tx_legit_000842,0,495.33,6.2072,231,1,0,1,21,0,0
tx_legit_010155,0,241.87,5.4925,72,1,0,1,1,0,0
tx_legit_005850,0,1137.3,7.0373,277,1,0,2,1,0,0
tx_legit_009409,0,601.8,6.4016,612,2,0,2,2,0,0
tx_legit_012420,0,162.25,5.0953,798,1,0,1,1,0,0
tx_legit_006315,0,307.51,5.7318,490,1,0,1,1,0,0
tx_legit_012027,0,116.24,4.7642,622,1,1,2,5,0,0
tx_legit_013578,0,629.43,6.4464,889,1,0,1,2,0,0
tx_legit_007341,0,455.3,6.1232,565,1,0,5,2,0,0
tx_legit_013264,0,1338.31,7.1999,799,2,0,1,1,0,0
tx_legit_001750,0,596.63,6.393,158,1,0,1,2,0,0
tx_legit_004190,0,128.77,4.8658,568,2,0,1,2,0,0
tx_legit_001298,0,243.27,5.4983,701,1,0,1,1,0,0
tx_legit_013514,0,691.63,6.5405,132,1,0,1,2,0,0
tx_legit_012456,0,322.26,5.7785,155,1,2,1,1,0,0
tx_legit_010986,0,1051.98,6.9594,515,2,0,1,1,0,0
tx_legit_008835,0,346.74,5.8515,986,1,0,4,1,0,0
tx_legit_002830,0,504.8,6.2261,661,1,0,1,1,0,0
tx_legit_008112,0,486.86,6.19,542,1,0,1,2,0,0
tx_legit_009731,0,403.76,6.0033,615,1,0,1,1,0,0
tx_legit_004651,0,283.55,5.6509,33,1,0,1,1,0,0
tx_legit_006371,0,235.32,5.4652,263,1,0,2,1,0,0
tx_legit_009346,0,138.06,4.9349,518,1,0,1,20,0,0
tx_legit_010827,0,576.54,6.3588,413,1,0,4,2,0,0
tx_legit_008571,0,368.61,5.9124,633,1,0,1,1,0,0
tx_legit_012655,0,155.11,5.0506,766,1,0,1,21,0,0
tx_legit_006137,0,464.89,6.1439,518,3,0,1,1,0,0
tx_legit_013505,0,325.59,5.7887,452,1,0,2,2,0,0
tx_legit_000639,0,263.77,5.5789,256,1,0,1,1,0,0
tx_legit_004866,0,2476.17,7.8149,157,1,0,6,1,0,0
tx_legit_012821,0,584.95,6.3732,86,1,0,1,1,0,0
tx_legit_008989,0,1027.91,6.9363,217,3,0,1,1,0,0
tx_legit_002031,0,392.02,5.9739,411,4,0,1,1,0,0
tx_legit_006087,0,603.66,6.4047,54,1,0,1,1,0,0
tx_legit_004733,0,375.95,5.9321,402,2,0,1,1,0,0
tx_legit_011390,0,1153.35,7.0513,76,1,0,1,2,0,0
tx_legit_009645,0,559.26,6.3284,901,1,1,1,22,0,0
tx_legit_008492,0,330.21,5.8028,826,1,0,3,1,0,0
tx_legit_012403,0,1890.25,7.545,861,1,0,1,2,0,0
tx_legit_003236,0,263.89,5.5793,197,3,0,1,1,0,0
tx_legit_013223,0,409.01,6.0162,596,2,0,1,1,0,0
tx_legit_007078,0,131.46,4.8863,939,2,0,6,2,0,0
tx_legit_003759,0,493.88,6.2043,584,2,0,2,18,0,0
tx_legit_010720,0,287.44,5.6645,676,1,0,2,1,0,0
tx_legit_007716,0,457.98,6.129,408,1,0,1,13,0,0
tx_legit_001771,0,585.82,6.3747,293,1,0,1,12,0,0
tx_legit_004612,0,731.76,6.5968,25,1,0,1,1,0,0
tx_legit_009273,0,422.25,6.048,576,1,0,3,1,0,0
tx_legit_010374,0,357.79,5.8827,615,2,2,2,1,0,0
tx_legit_010558,0,155.54,5.0533,578,2,2,1,22,0,0
tx_legit_010269,0,433.81,6.0749,285,3,0,1,18,0,0
tx_legit_009467,0,655.87,6.4875,205,1,0,1,1,0,0
tx_legit_010109,0,197.8,5.2923,222,1,0,2,19,0,0
tx_legit_001872,0,585.81,6.3747,694,1,0,1,1,0,0
tx_legit_005353,0,806.61,6.6941,292,1,0,1,3,0,0
tx_legit_007502,0,1459.85,7.2868,409,1,0,1,1,0,0
tx_legit_002357,0,299.16,5.7043,674,1,0,5,1,0,0
tx_legit_012806,0,260.84,5.5677,516,1,0,1,1,0,0
tx_fraud_000624,1,31683.76,10.3636,2,16,4,22,19,1,1
tx_legit_004141,0,287.23,5.6638,457,1,0,2,17,0,0
tx_legit_009843,0,637.7,6.4594,305,3,0,5,1,0,0
tx_legit_000368,0,359.9,5.8886,333,1,0,5,1,0,0
tx_legit_004397,0,2094.84,7.6477,701,1,0,1,1,0,0
tx_fraud_000463,1,64957.18,11.0815,10,12,5,1,1,0,1
tx_legit_000130,0,302.66,5.7159,590,1,0,1,1,0,0
tx_legit_010744,0,649.57,6.4778,878,1,0,1,3,0,0
tx_legit_006471,0,268.77,5.5976,886,1,0,1,3,0,0
tx_legit_008777,0,843.13,6.7383,405,1,1,1,1,0,0
tx_legit_007093,0,327.09,5.7933,27,1,0,1,2,0,0
tx_legit_010005,0,932.34,6.8388,991,1,0,1,2,0,0
tx_legit_000934,0,263.42,5.5775,338,1,0,1,2,0,0
tx_fraud_000243,1,12945.99,9.4686,18,9,7,2,29,0,1
tx_legit_005579,0,683.09,6.5281,52,2,0,2,16,0,0
tx_legit_008072,0,501.45,6.2195,788,3,0,2,9,0,0
tx_legit_004952,0,279.56,5.6368,130,2,1,1,1,0,0
tx_legit_009732,0,188.44,5.2441,389,2,0,1,1,0,0
tx_legit_008926,0,3087.7,8.0355,146,2,1,1,1,0,0
tx_legit_003790,0,177.21,5.183,713,1,0,1,1,0,0
tx_fraud_000323,1,16031.62,9.6824,3,8,0,5,2,1,1
tx_legit_004100,0,536.17,6.2863,228,1,0,2,2,0,0
tx_legit_001338,0,304.48,5.7219,880,2,0,1,1,0,0
tx_legit_002385,0,471.24,6.1575,103,1,0,5,2,0,0
tx_legit_013511,0,334.05,5.8143,471,1,0,1,1,0,0
tx_fraud_001154,1,4346.06,8.3773,516,2,0,16,10,0,0
tx_legit_007234,0,661.72,6.4964,625,1,0,6,1,0,0
tx_legit_010323,0,525.14,6.2656,271,1,0,1,3,0,0
tx_legit_006994,0,650.3,6.479,239,1,0,1,1,0,0
tx_fraud_000614,1,17269.3,9.7567,0,12,4,10,30,1,1
tx_legit_001184,0,1195.99,7.0876,98,1,0,1,1,0,0
tx_legit_001619,0,835.1,6.7287,40,1,0,1,2,0,0
tx_legit_000176,0,1345.16,7.205,661,1,0,1,1,0,0
tx_legit_008482,0,327.71,5.7952,56,1,0,6,2,0,0
tx_legit_011602,0,378.93,5.94,142,1,0,1,2,0,0
tx_legit_000650,0,1031.54,6.9398,847,1,0,1,1,0,0
tx_legit_010330,0,277.98,5.6311,70,2,1,1,2,0,0
tx_legit_003944,0,2219.93,7.7057,983,2,0,6,1,0,0
tx_legit_007172,0,725.61,6.5884,983,3,0,1,9,0,0
tx_legit_009908,0,527.13,6.2693,488,1,0,2,8,0,0
tx_legit_009357,0,1283.47,7.1581,844,1,0,2,17,0,0
tx_legit_005831,0,563.26,6.3355,967,1,0,1,1,0,0
tx_legit_008086,0,699.88,6.5523,901,1,0,1,1,0,0
tx_legit_003643,0,230.57,5.4449,810,1,0,1,3,0,0
tx_legit_011802,0,621.41,6.4336,118,1,0,1,15,0,0
tx_legit_006959,0,372.06,5.9217,223,1,2,3,1,0,0
tx_legit_001960,0,288.31,5.6675,70,1,0,2,13,0,0
tx_legit_007796,0,1340.54,7.2016,917,1,0,1,2,0,0
tx_legit_008238,0,1042.5,6.9503,779,1,0,1,2,0,0
tx_legit_009135,0,1206.32,7.0962,379,1,0,1,1,0,0
tx_legit_013105,0,2453.48,7.8057,976,1,0,6,1,0,0
tx_legit_013003,0,955.96,6.8638,299,1,0,1,1,0,0
tx_legit_000028,0,424.22,6.0526,241,2,0,1,1,0,0
tx_legit_010263,0,974.2,6.8826,216,1,0,1,1,0,0
tx_legit_006671,0,360.62,5.8906,525,1,0,1,1,0,0
tx_legit_009958,0,282.17,5.646,395,2,0,1,1,0,0
tx_legit_000017,0,393.87,5.9786,402,1,0,3,2,0,0
tx_legit_000438,0,2285.36,7.7347,927,1,0,1,4,0,0
tx_legit_008796,0,338.46,5.8274,708,1,0,2,3,0,0
tx_fraud_000846,1,3141.67,8.0528,416,1,0,1,16,0,0
tx_legit_012371,0,57.43,4.0678,421,1,0,2,8,0,0
tx_legit_010741,0,283.04,5.6491,495,1,0,1,4,0,0
tx_legit_003062,0,719.89,6.5805,760,2,0,1,2,0,0
tx_legit_003707,0,227.4,5.4311,576,1,0,2,17,0,0
tx_legit_009703,0,193.17,5.2687,648,1,0,1,2,0,0
tx_legit_002983,0,1076.96,6.9828,765,1,0,1,1,0,0
tx_legit_011610,0,833.05,6.7263,782,2,0,1,1,0,0
tx_legit_001442,0,1176.74,7.0714,918,2,0,1,1,0,0
tx_legit_012358,0,696.66,6.5477,136,1,0,1,2,0,0
tx_legit_009925,0,1307.83,7.1769,319,1,0,1,3,0,0
tx_legit_013602,0,866.74,6.7659,160,1,0,3,3,0,0
tx_legit_005501,0,511.62,6.2395,859,1,0,1,1,0,0
tx_legit_012888,0,94.32,4.5572,949,2,0,1,2,0,0
tx_legit_001565,0,718.63,6.5787,545,1,0,2,1,0,0
tx_legit_011959,0,679.13,6.5223,392,1,0,2,8,0,0
tx_legit_008043,0,179.44,5.1954,615,1,0,1,2,0,0
tx_legit_008815,0,559.69,6.3292,206,3,0,3,3,0,0
tx_legit_010119,0,250.99,5.5294,848,1,0,1,1,0,0
tx_legit_000565,0,1443.12,7.2753,392,1,0,1,1,0,0
tx_legit_005386,0,583.07,6.37,98,1,0,1,2,0,0
tx_legit_009650,0,347.52,5.8537,614,2,0,2,1,0,0
tx_legit_013440,0,248.2,5.5183,287,1,0,2,17,0,0
tx_legit_007058,0,1083.0,6.9884,107,1,0,2,12,0,0
tx_legit_003665,0,1207.46,7.0971,440,2,0,1,1,0,0
tx_legit_010166,0,233.63,5.458,850,1,0,1,2,0,0
tx_legit_010469,0,216.84,5.3838,620,2,0,1,11,0,0
tx_legit_003281,0,492.37,6.2013,98,1,0,1,1,0,0
tx_legit_010779,0,553.48,6.318,369,1,0,2,18,0,0
tx_legit_011166,0,452.2,6.1163,154,1,0,1,1,0,0
tx_legit_004898,0,985.49,6.8942,840,1,0,1,1,0,0
tx_legit_008632,0,1314.73,7.1821,38,1,0,1,17,0,0
tx_legit_004391,0,245.55,5.5076,456,1,0,2,1,0,0
tx_legit_004874,0,814.04,6.7032,579,1,0,5,3,0,0
tx_legit_006468,0,357.26,5.8813,315,1,0,2,18,0,0
tx_legit_002666,0,259.03,5.5608,224,2,0,1,1,0,0
tx_legit_012912,0,315.66,5.7578,864,1,0,2,2,0,0
tx_legit_009220,0,772.18,6.6505,913,2,1,1,2,0,0
tx_legit_013156,0,984.13,6.8928,955,1,0,1,1,0,0
tx_legit_011530,0,379.46,5.9414,803,1,0,1,1,0,0
tx_legit_013200,0,224.79,5.4196,391,1,0,4,1,0,0
tx_legit_012737,0,530.59,6.2759,678,1,0,2,19,0,0
tx_legit_001160,0,626.22,6.4413,588,1,0,2,2,0,0
tx_fraud_001055,1,3494.47,8.1592,175,2,1,15,11,0,0
tx_legit_005032,0,232.78,5.4544,701,1,0,1,4,0,0
tx_legit_007114,0,268.83,5.5978,308,2,0,5,2,0,0
tx_legit_000522,0,449.14,6.1096,852,3,0,1,2,0,0
tx_legit_001013,0,1233.62,7.1185,62,1,0,1,12,0,0
tx_legit_000238,0,1362.14,7.2175,753,1,2,2,14,0,0
tx_fraud_000068,1,15053.64,9.6194,9,7,4,18,2,0,1
tx_legit_005993,0,664.66,6.5008,720,1,0,1,1,0,0
tx_fraud_000307,1,10846.13,9.2917,3,3,0,3,3,1,0
tx_legit_005509,0,147.48,5.0005,752,2,0,1,2,0,0
tx_fraud_000862,1,1795.08,7.4934,156,1,0,1,21,0,0
tx_legit_005815,0,264.74,5.5825,141,1,0,1,4,0,0
tx_legit_012856,0,1272.65,7.1496,478,1,0,1,1,0,0
tx_legit_007809,0,1163.39,7.06,893,1,1,1,18,0,0
tx_legit_010038,0,946.08,6.8534,542,1,0,1,1,0,0
tx_legit_005688,0,1241.11,7.1246,203,1,0,2,12,0,0
tx_legit_009373,0,565.04,6.3387,173,1,0,1,1,0,0
tx_legit_002116,0,121.43,4.8075,784,1,0,1,14,0,0
tx_legit_013652,0,141.06,4.9562,454,1,0,1,1,0,0
tx_legit_000258,0,128.13,4.8608,983,1,0,1,2,0,0
tx_legit_010863,0,405.29,6.0071,798,1,0,1,2,0,0
tx_legit_012587,0,1483.8,7.303,813,1,0,2,20,0,0
tx_fraud_000528,1,76717.4,11.2479,1,13,6,1,1,1,1
tx_legit_010621,0,406.84,6.0109,392,1,2,1,1,0,0
tx_legit_004373,0,288.75,5.669,347,1,0,1,1,0,0
tx_legit_002744,0,222.75,5.4105,78,2,0,1,2,0,0
tx_legit_000336,0,309.66,5.7387,286,1,0,1,1,0,0
tx_legit_007582,0,262.09,5.5725,841,1,0,1,2,0,0
tx_legit_002367,0,523.48,6.2624,366,1,0,1,4,0,0
tx_legit_002486,0,111.64,4.7242,604,2,0,1,2,0,0
tx_legit_004539,0,955.29,6.8631,694,2,0,1,4,0,0
tx_legit_000465,0,957.47,6.8653,194,2,0,1,1,0,0
tx_legit_005266,0,726.28,6.5893,235,1,0,2,1,0,0
tx_legit_002787,0,345.26,5.8472,298,2,0,1,2,0,0
tx_legit_004791,0,285.44,5.6575,314,1,0,1,1,0,0
tx_legit_010142,0,566.64,6.3415,732,1,0,1,1,0,0
tx_legit_011189,0,529.58,6.274,341,1,0,1,2,0,0
tx_legit_003718,0,787.3,6.6699,715,1,0,1,1,0,0
tx_legit_008655,0,259.22,5.5615,716,1,0,1,2,0,0
tx_legit_006704,0,100.48,4.6199,691,1,0,1,3,0,0
tx_legit_006494,0,1300.03,7.1709,346,1,0,1,1,0,0
tx_legit_000490,0,757.73,6.6316,234,2,2,2,2,0,0
tx_legit_011561,0,579.2,6.3634,55,2,0,1,1,0,0
tx_legit_003589,0,544.96,6.3025,703,1,0,1,1,0,0
tx_legit_009607,0,396.48,5.9851,482,1,0,1,1,0,0
tx_legit_011003,0,1013.78,6.9224,815,2,0,2,13,0,0
tx_legit_009255,0,411.54,6.0223,767,2,0,2,2,0,0
tx_legit_013077,0,642.46,6.4669,89,1,0,2,19,0,0
tx_legit_005512,0,908.51,6.8129,290,2,0,1,1,0,0
tx_legit_003779,0,356.7,5.8797,822,1,0,1,1,0,0
tx_legit_010610,0,274.0,5.6168,615,2,0,1,2,0,0
tx_legit_010017,0,177.42,5.1841,520,3,0,6,3,0,0
tx_legit_008019,0,509.16,6.2347,590,1,0,6,2,0,0
tx_legit_003978,0,360.92,5.8914,96,1,0,1,1,0,0
tx_legit_004360,0,216.61,5.3827,838,1,0,3,1,0,0
tx_legit_004745,0,481.86,6.1797,516,1,0,2,17,0,0
tx_legit_011361,0,490.81,6.1981,903,1,1,1,1,0,0
tx_legit_009087,0,417.42,6.0365,498,1,0,1,3,0,0
tx_legit_004715,0,404.06,6.004,430,1,0,1,2,0,0
tx_legit_012222,0,955.51,6.8633,835,1,0,2,1,0,0
tx_legit_010195,0,773.27,6.6519,430,1,0,2,1,0,0
tx_legit_010550,0,266.65,5.5897,592,1,2,1,8,0,0
tx_legit_008388,0,468.23,6.1511,155,1,0,1,4,0,0
tx_legit_007507,0,2126.97,7.6629,418,1,0,2,2,0,0
tx_fraud_000886,1,3257.88,8.0891,413,1,0,1,16,0,0
tx_legit_000705,0,355.62,5.8767,257,1,0,2,11,0,0
tx_legit_000203,0,310.91,5.7427,758,2,0,3,3,0,0
tx_legit_006974,0,347.99,5.855,202,1,0,3,2,0,0
tx_legit_001270,0,546.02,6.3045,327,1,0,1,1,0,0
tx_fraud_000406,1,74387.75,11.2171,7,8,5,1,1,1,1
tx_legit_011647,0,527.48,6.27,374,1,1,1,2,0,0
tx_legit_010259,0,251.17,5.5301,185,1,0,1,2,0,0
tx_legit_013608,0,330.49,5.8036,357,1,0,1,1,0,0
tx_fraud_000573,1,60726.91,11.0142,0,17,10,12,15,1,1
tx_legit_011972,0,286.4,5.6609,324,1,1,1,2,0,0
tx_legit_006461,0,657.56,6.4901,241,1,0,2,14,0,0
tx_legit_002350,0,308.69,5.7356,946,1,0,1,3,0,0
tx_fraud_000930,1,1349.89,7.2085,399,1,0,1,12,0,0
tx_legit_004025,0,2546.62,7.8429,286,1,0,1,2,0,0
tx_legit_013618,0,265.18,5.5842,192,1,0,1,1,0,0
tx_legit_010766,0,431.29,6.0691,758,1,0,1,3,0,0
tx_fraud_001157,1,3250.89,8.087,884,2,0,22,16,0,0
tx_legit_010676,0,296.98,5.697,691,1,0,2,20,0,0
tx_legit_000315,0,864.3,6.7631,504,1,0,6,3,0,0
tx_legit_000637,0,600.22,6.399,475,1,0,1,14,0,0
tx_legit_004737,0,1094.89,6.9993,450,1,2,1,4,0,0
tx_legit_009601,0,1866.74,7.5325,690,1,1,1,1,0,0
tx_legit_010048,0,804.28,6.6912,217,2,0,1,1,0,0
tx_legit_009509,0,240.83,5.4882,968,1,0,1,1,0,0
tx_fraud_000736,1,2407.11,7.7866,262,1,0,22,9,0,0
tx_legit_010169,0,878.29,6.7791,685,1,0,2,1,0,0
tx_legit_013778,0,251.0,5.5294,208,1,0,2,17,0,0
tx_legit_004531,0,804.51,6.6915,234,1,0,2,8,0,0
tx_fraud_000256,1,2506.44,7.827,16,13,5,3,26,0,1
tx_legit_008898,0,290.36,5.6746,352,2,0,1,3,0,0
tx_legit_012878,0,296.1,5.6941,432,2,0,3,2,0,0
tx_legit_006475,0,776.81,6.6565,124,1,1,2,12,0,0
tx_legit_011097,0,1353.99,7.2115,412,1,0,1,1,0,0
tx_legit_012592,0,249.3,5.5227,552,1,0,2,12,0,0
tx_legit_002678,0,384.78,5.9553,38,1,0,1,18,0,0
tx_legit_004095,0,560.13,6.33,784,1,0,1,3,0,0
tx_fraud_001186,1,5534.2,8.6189,722,2,0,11,15,0,0
tx_legit_013739,0,576.63,6.3589,524,1,0,1,1,0,0
tx_legit_000311,0,413.8,6.0278,383,1,2,1,2,0,0
tx_legit_000181,0,691.25,6.5399,81,2,0,1,2,0,0
tx_legit_005726,0,163.45,5.1026,268,1,0,1,10,0,0
tx_legit_004810,0,469.68,6.1542,775,1,0,2,15,0,0
tx_legit_013735,0,281.49,5.6436,998,1,0,1,12,0,0
tx_legit_013465,0,130.39,4.8782,23,2,0,1,4,0,0
tx_legit_003993,0,221.08,5.403,569,1,0,1,2,0,0
tx_legit_004508,0,213.1,5.3664,580,2,0,2,1,0,0
tx_legit_007264,0,415.99,6.0331,906,1,0,1,1,0,0
tx_legit_001068,0,215.87,5.3793,291,1,0,1,1,0,0
tx_legit_004666,0,447.8,6.1066,814,1,0,1,1,0,0
tx_legit_000937,0,1133.18,7.0337,768,1,0,1,1,0,0
tx_legit_002822,0,163.77,5.1046,239,1,1,2,1,0,0
tx_legit_005705,0,1623.52,7.393,903,2,1,1,2,0,0
tx_legit_005265,0,357.84,5.8829,200,1,0,4,2,0,0
tx_legit_008110,0,1537.26,7.3384,921,2,0,1,1,0,0
tx_legit_006590,0,108.29,4.694,765,3,0,1,1,0,0
tx_legit_000275,0,268.92,5.5981,253,2,0,4,1,0,0
tx_legit_004806,0,918.92,6.8243,104,3,1,1,2,0,0
tx_legit_007757,0,956.14,6.8639,910,1,1,2,12,0,0
tx_legit_012830,0,282.44,5.647,442,4,0,3,2,0,0
tx_legit_013753,0,1360.58,7.2164,668,1,0,1,2,0,0
tx_legit_003949,0,347.45,5.8535,141,1,0,1,10,0,0
tx_legit_004463,0,229.14,5.4387,848,1,1,1,1,0,0
tx_legit_007608,0,593.48,6.3877,167,1,0,1,1,0,0
tx_legit_013001,0,598.77,6.3965,635,1,0,2,13,0,0
tx_legit_012542,0,265.54,5.5855,150,2,0,1,1,0,0
tx_fraud_000875,1,3398.25,8.1313,368,1,0,1,11,0,0
tx_fraud_000277,1,11784.82,9.3747,5,6,1,2,6,1,1
tx_legit_001541,0,1053.3,6.9606,66,1,0,1,2,0,0
tx_legit_009905,0,210.48,5.3541,172,1,0,1,3,0,0
tx_legit_009367,0,882.14,6.7835,164,1,0,1,2,0,0
tx_legit_001323,0,399.15,5.9918,467,1,0,1,2,0,0
tx_legit_002966,0,897.76,6.801,986,3,0,1,13,0,0
tx_legit_008584,0,1078.31,6.9841,317,1,1,1,2,0,0
tx_legit_005404,0,417.63,6.037,356,1,0,1,1,0,0
tx_fraud_000810,1,1852.56,7.5249,109,1,0,1,24,0,0
tx_legit_013729,0,452.05,6.116,449,1,0,2,8,0,0
tx_legit_005941,0,432.31,6.0715,361,2,1,1,20,0,0
tx_legit_010328,0,727.57,6.5911,857,1,0,6,2,0,0
tx_legit_003873,0,409.48,6.0173,281,1,0,1,21,0,0
tx_legit_007222,0,482.79,6.1817,676,1,0,2,2,0,0
tx_legit_000785,0,842.88,6.738,268,1,0,5,2,0,0
tx_legit_007756,0,466.59,6.1476,79,1,0,1,1,0,0
tx_legit_003625,0,331.55,5.8068,646,2,2,1,2,0,0
tx_legit_001089,0,2152.56,7.6749,81,1,0,1,1,0,0
tx_legit_004918,0,481.95,6.1799,315,1,0,1,1,0,0
tx_legit_012547,0,482.73,6.1815,561,1,1,1,1,0,0
tx_legit_004687,0,328.35,5.7971,389,2,0,2,1,0,0
tx_legit_003973,0,1877.19,7.5381,625,1,0,1,2,0,0
tx_legit_005625,0,1712.19,7.4461,595,1,0,1,1,0,0
tx_legit_009586,0,1245.31,7.1279,152,1,0,1,9,0,0
tx_legit_006752,0,938.47,6.8453,210,1,0,1,16,0,0
tx_legit_000236,0,715.18,6.5739,393,1,0,3,2,0,0
tx_legit_007418,0,423.0,6.0497,353,1,0,1,1,0,0
tx_legit_003495,0,1937.9,7.5699,898,1,0,1,1,0,0
tx_legit_012922,0,1165.4,7.0617,356,1,0,1,1,0,0
tx_fraud_000284,1,15907.26,9.6746,2,4,1,5,2,1,0
tx_legit_001502,0,442.61,6.0949,277,1,0,1,5,0,0
tx_legit_000577,0,561.93,6.3332,682,1,0,2,14,0,0
tx_legit_013169,0,241.46,5.4908,759,1,2,1,2,0,0
tx_legit_004861,0,518.94,6.2537,490,1,1,6,3,0,0
tx_legit_004501,0,218.07,5.3894,962,1,0,1,1,0,0
tx_legit_009778,0,376.52,5.9336,179,3,0,1,1,0,0
tx_legit_011997,0,501.39,6.2194,382,1,0,1,1,0,0
tx_legit_001207,0,435.78,6.0794,154,2,0,1,1,0,0
tx_fraud_000866,1,3361.87,8.1206,262,1,0,1,17,0,0
tx_legit_012223,0,822.55,6.7136,45,1,0,5,3,0,0
tx_legit_003127,0,591.23,6.3839,201,1,0,4,3,0,0
tx_legit_010350,0,400.9,5.9962,522,2,0,1,2,0,0
tx_fraud_001074,1,7886.77,8.9731,468,2,0,22,14,0,0
tx_legit_008882,0,497.61,6.2118,474,1,0,1,3,0,0
tx_fraud_000678,1,1937.76,7.5698,94,1,0,15,12,0,0
tx_legit_000801,0,1030.14,6.9384,313,1,0,2,17,0,0
tx_legit_003671,0,616.29,6.4253,52,1,0,1,2,0,0
tx_legit_007412,0,679.69,6.5231,856,4,0,1,1,0,0
tx_legit_000774,0,1114.3,7.0169,728,1,0,1,4,0,0
tx_legit_007995,0,1411.84,7.2534,200,3,0,1,2,0,0
tx_legit_006397,0,268.4,5.5962,972,1,0,1,1,0,0
tx_legit_002198,0,424.33,6.0529,84,2,0,3,3,0,0
tx_legit_000430,0,354.73,5.8742,803,1,0,1,4,0,0
tx_legit_007388,0,1525.4,7.3307,943,1,0,1,1,0,0
tx_legit_003151,0,209.13,5.3477,175,1,0,1,1,0,0
tx_legit_002656,0,296.55,5.6956,124,1,0,2,21,0,0
tx_legit_000054,0,318.48,5.7667,354,3,0,1,4,0,0
tx_fraud_000826,1,1409.06,7.2514,253,1,0,1,16,0,0
tx_legit_001246,0,761.31,6.6364,57,1,0,1,1,0,0
tx_legit_004483,0,505.43,6.2274,937,1,1,6,3,0,0
tx_legit_010973,0,626.12,6.4411,989,4,1,1,1,0,0
tx_fraud_000988,1,7313.26,8.8976,81,2,1,14,5,0,0
tx_fraud_000111,1,6163.76,8.7266,6,9,2,18,5,1,1
tx_legit_009024,0,367.73,5.9101,238,1,0,1,1,0,0
tx_legit_003310,0,181.35,5.2059,676,1,0,2,18,0,0
tx_legit_003009,0,868.11,6.7675,326,1,0,1,1,0,0
tx_legit_009858,0,424.43,6.0531,405,1,0,2,12,0,0
tx_fraud_000663,1,44085.52,10.6939,3,10,10,21,21,1,1
tx_legit_006184,0,104.72,4.6608,548,1,0,1,1,0,0
tx_legit_011411,0,259.74,5.5635,188,1,1,1,1,0,0
tx_legit_007095,0,226.39,5.4267,310,1,0,1,5,0,0
tx_legit_002338,0,350.78,5.863,220,1,1,1,13,0,0
tx_legit_010847,0,240.45,5.4867,705,1,0,3,1,0,0
tx_legit_012485,0,882.34,6.7837,792,3,0,5,2,0,0
tx_legit_009967,0,382.92,5.9504,892,2,0,2,2,0,0
tx_fraud_000100,1,16871.89,9.7335,13,4,4,17,3,0,0
tx_fraud_000559,1,60799.75,11.0154,6,14,9,10,36,1,1
tx_legit_005037,0,466.3,6.147,262,1,0,2,2,0,0
tx_legit_009257,0,376.15,5.9326,456,1,0,2,19,0,0
tx_fraud_000432,1,62704.81,11.0462,5,13,5,1,1,1,1
tx_legit_012346,0,428.55,6.0627,854,1,0,1,1,0,0
tx_legit_004314,0,587.31,6.3773,860,2,0,1,2,0,0
tx_legit_008061,0,948.35,6.8558,519,1,0,1,2,0,0
tx_legit_011759,0,449.88,6.1112,115,2,0,3,1,0,0
tx_legit_006750,0,446.4,6.1035,815,1,0,1,3,0,0
tx_legit_005308,0,252.14,5.5339,386,1,0,1,1,0,0
tx_legit_011126,0,289.86,5.6728,537,2,0,1,2,0,0
tx_legit_007262,0,1886.77,7.5432,718,1,0,1,2,0,0
tx_legit_007909,0,730.11,6.5946,962,1,0,1,1,0,0
tx_legit_001404,0,274.72,5.6194,388,1,0,1,1,0,0
tx_fraud_000139,1,5276.55,8.5712,4,12,2,4,34,1,1
tx_legit_010981,0,629.02,6.4458,121,3,0,1,2,0,0
tx_legit_008496,0,1059.39,6.9664,81,1,0,1,1,0,0
tx_legit_008273,0,348.3,5.8559,884,1,0,6,2,0,0
tx_legit_000397,0,697.21,6.5485,323,1,0,2,11,0,0
tx_legit_010143,0,391.89,5.9735,858,1,0,1,2,0,0
tx_legit_001126,0,374.93,5.9294,206,1,0,1,19,0,0
tx_legit_013476,0,121.89,4.8113,81,1,0,3,2,0,0
tx_legit_010035,0,335.96,5.82,87,1,0,2,2,0,0
tx_legit_011117,0,1250.25,7.1319,163,2,0,1,9,0,0
tx_legit_008907,0,1449.82,7.2799,937,1,0,1,1,0,0
tx_legit_011391,0,989.48,6.8982,384,1,0,3,1,0,0
tx_legit_010316,0,187.69,5.2401,646,1,0,4,2,0,0
tx_legit_001868,0,314.05,5.7527,276,1,0,3,1,0,0
tx_fraud_000181,1,8159.93,9.0071,6,24,4,3,13,1,1
tx_legit_007849,0,880.94,6.7821,78,1,0,2,3,0,0
tx_legit_004558,0,239.76,5.4838,56,2,0,1,1,0,0
tx_legit_001299,0,250.0,5.5255,915,1,0,2,2,0,0
tx_legit_013017,0,421.94,6.0472,67,2,1,1,1,0,0
tx_legit_005918,0,260.55,5.5666,360,1,0,2,21,0,0
tx_legit_007406,0,359.52,5.8875,822,1,1,6,1,0,0
tx_legit_001879,0,409.77,6.018,70,1,0,1,2,0,0
tx_legit_000670,0,604.89,6.4067,35,1,0,1,2,0,0
tx_legit_004051,0,501.27,6.2191,313,1,0,2,16,0,0
tx_legit_009713,0,466.57,6.1475,840,1,0,2,20,0,0
tx_fraud_000199,1,6313.53,8.7506,28,14,5,2,30,0,1
tx_fraud_000474,1,94272.51,11.454,7,13,6,1,1,1,1
tx_legit_010173,0,327.8,5.7954,939,1,0,1,1,0,0
tx_legit_000495,0,869.1,6.7686,557,1,0,1,16,0,0
tx_legit_013661,0,873.02,6.7731,307,1,0,1,3,0,0
tx_legit_009096,0,468.03,6.1507,167,1,0,1,1,0,0
tx_legit_011689,0,450.54,6.1127,340,1,0,1,1,0,0
tx_legit_003896,0,442.01,6.0936,677,1,0,2,1,0,0
tx_legit_010601,0,324.79,5.7863,881,3,0,1,2,0,0
tx_legit_001041,0,641.4,6.4652,272,1,0,1,1,0,0
tx_legit_012395,0,1565.65,7.3567,554,1,0,1,1,0,0
tx_legit_013418,0,401.52,5.9977,871,1,0,1,1,0,0
tx_legit_009081,0,154.28,5.0452,103,1,0,1,1,0,0
tx_legit_009798,0,1087.65,6.9927,187,2,0,2,12,0,0
tx_legit_005673,0,585.83,6.3747,306,1,0,3,1,0,0
tx_legit_012651,0,108.43,4.6953,595,1,0,2,21,0,0
tx_legit_009506,0,167.29,5.1257,734,1,0,4,1,0,0
tx_legit_012047,0,603.25,6.404,31,1,1,1,15,0,0
tx_legit_006517,0,286.77,5.6622,913,1,0,1,1,0,0
tx_legit_008780,0,149.25,5.0123,137,1,0,2,19,0,0
tx_legit_003135,0,534.35,6.2829,140,1,0,1,12,0,0
tx_legit_010899,0,1668.41,7.4202,568,2,0,1,2,0,0
tx_fraud_000443,1,64778.66,11.0787,3,8,4,1,1,1,1
tx_legit_007717,0,606.64,6.4096,705,1,0,3,1,0,0
tx_legit_007325,0,191.4,5.2596,826,1,0,1,9,0,0
tx_legit_006825,0,220.44,5.4002,18,1,0,1,1,0,0
tx_legit_010528,0,481.69,6.1794,339,1,0,1,2,0,0
tx_legit_007898,0,197.93,5.293,327,1,0,1,1,0,0
tx_legit_011584,0,1193.23,7.0853,583,1,0,1,2,0,0
tx_legit_010817,0,582.56,6.3691,758,1,0,1,2,0,0
tx_legit_008071,0,1718.69,7.4499,523,2,0,1,1,0,0
tx_legit_009042,0,474.31,6.164,747,1,0,1,1,0,0
tx_legit_009623,0,342.14,5.8381,892,1,1,1,1,0,0
tx_legit_012315,0,72.17,4.2928,795,2,0,2,1,0,0
tx_legit_000995,0,500.14,6.2169,875,1,0,2,16,0,0
tx_legit_001870,0,257.06,5.5532,183,1,0,1,1,0,0
tx_legit_013301,0,186.19,5.2321,261,1,0,1,1,0,0
tx_legit_011514,0,250.79,5.5286,142,1,0,1,1,0,0
tx_fraud_000370,1,20788.92,9.9422,0,6,3,4,5,1,1
tx_legit_013500,0,1190.65,7.0831,275,1,0,1,15,0,0
tx_legit_005011,0,301.16,5.711,668,1,0,1,2,0,0
tx_legit_000192,0,524.65,6.2646,581,1,0,2,2,0,0
tx_legit_008789,0,473.48,6.1622,116,1,0,1,1,0,0
tx_legit_010042,0,165.11,5.1127,296,1,0,2,12,0,0
tx_legit_003902,0,446.86,6.1045,595,1,0,1,2,0,0
tx_legit_001476,0,404.67,6.0055,151,1,0,1,13,0,0
tx_legit_002745,0,917.13,6.8223,708,1,1,2,9,0,0
tx_legit_005006,0,321.25,5.7753,22,2,0,1,1,0,0
tx_legit_006531,0,1071.26,6.9775,302,1,0,1,1,0,0
tx_legit_011570,0,347.9,5.8548,528,1,0,1,2,0,0
tx_legit_001220,0,2018.95,7.6108,659,3,0,5,1,0,0
tx_legit_003324,0,356.06,5.8779,589,1,0,1,2,0,0
tx_legit_004829,0,191.84,5.2619,859,1,0,2,3,0,0
tx_legit_003147,0,1193.1,7.0851,641,2,0,1,3,0,0
tx_legit_011741,0,434.21,6.0758,78,1,0,2,2,0,0
tx_legit_008059,0,441.11,6.0916,215,2,0,2,16,0,0
tx_legit_010343,0,736.24,6.6029,535,1,0,1,1,0,0
tx_legit_002531,0,2285.37,7.7347,306,2,0,2,18,0,0
tx_legit_001999,0,658.64,6.4917,595,2,0,1,1,0,0
tx_legit_006126,0,496.2,6.209,336,3,0,1,1,0,0
tx_legit_003966,0,375.08,5.9298,471,1,0,1,1,0,0
tx_legit_002555,0,210.37,5.3536,641,1,0,1,1,0,0
tx_legit_003686,0,198.18,5.2942,334,1,0,1,1,0,0
tx_legit_012703,0,544.99,6.3026,469,2,0,1,1,0,0
tx_legit_012192,0,286.83,5.6624,785,2,0,1,4,0,0
tx_legit_003140,0,994.57,6.9033,313,1,0,1,1,0,0
tx_legit_005732,0,2016.0,7.6094,596,1,1,2,1,0,0
tx_legit_011549,0,371.35,5.9198,394,1,0,1,1,0,0
tx_legit_008447,0,686.68,6.5333,495,1,0,6,3,0,0
tx_legit_012389,0,290.36,5.6746,189,2,0,1,21,0,0
tx_legit_005865,0,266.93,5.5907,785,1,0,2,15,0,0
tx_legit_012702,0,615.23,6.4236,335,2,0,3,3,0,0
tx_legit_002738,0,728.55,6.5924,415,1,0,1,1,0,0
tx_legit_012421,0,329.14,5.7995,35,1,0,1,1,0,0
tx_legit_000188,0,1223.85,7.1106,143,1,0,2,3,0,0
tx_legit_000087,0,881.95,6.7833,204,1,0,1,3,0,0
tx_legit_007097,0,2433.56,7.7975,296,1,0,1,1,0,0
tx_legit_010475,0,493.11,6.2028,70,1,0,1,1,0,0
tx_legit_001524,0,1324.12,7.1893,115,1,2,1,1,0,0
tx_legit_012379,0,1277.39,7.1534,929,1,0,1,1,0,0
tx_legit_004395,0,1182.48,7.0762,708,1,2,1,1,0,0
tx_legit_003253,0,749.27,6.6204,858,2,0,1,1,0,0
tx_legit_013613,0,284.79,5.6553,939,1,0,1,11,0,0
tx_legit_012391,0,249.72,5.5243,391,1,0,2,19,0,0
tx_legit_007707,0,1290.51,7.1636,57,2,1,1,22,0,0
tx_legit_005967,0,295.35,5.6915,694,1,0,4,3,0,0
tx_legit_004510,0,616.72,6.426,279,2,0,1,2,0,0
tx_legit_007773,0,1008.1,6.9168,732,1,0,1,1,0,0
tx_legit_004276,0,307.7,5.7324,649,2,0,2,2,0,0
tx_legit_002644,0,312.16,5.7467,465,1,0,1,1,0,0
tx_legit_006204,0,673.56,6.5141,831,2,0,1,1,0,0
tx_legit_006041,0,773.27,6.6519,324,1,0,1,1,0,0
tx_legit_004939,0,132.93,4.8973,807,2,0,1,1,0,0
tx_legit_008124,0,121.74,4.8101,999,1,0,1,4,0,0
tx_legit_012685,0,1285.23,7.1595,335,3,0,1,3,0,0
tx_legit_006361,0,279.86,5.6379,746,1,0,1,3,0,0
tx_legit_007772,0,449.92,6.1113,583,2,0,1,3,0,0
tx_legit_010463,0,302.99,5.717,268,2,0,1,11,0,0
tx_legit_009313,0,207.98,5.3422,605,1,0,1,1,0,0
tx_legit_010838,0,792.14,6.676,999,1,0,2,1,0,0
tx_fraud_000515,1,93454.09,11.4452,6,9,5,1,1,1,1
tx_legit_007895,0,332.1,5.8084,396,2,0,1,1,0,0
tx_legit_008168,0,664.06,6.4999,847,1,0,3,1,0,0
tx_legit_000773,0,302.55,5.7155,297,1,0,1,1,0,0
tx_legit_003742,0,219.3,5.395,520,1,1,2,1,0,0
tx_legit_008349,0,324.5,5.7854,842,1,0,1,9,0,0
tx_legit_004378,0,281.6,5.644,849,1,0,2,1,0,0
tx_legit_004929,0,353.6,5.871,180,2,0,1,1,0,0
tx_legit_003313,0,370.35,5.9171,988,1,0,1,1,0,0
tx_legit_002677,0,798.37,6.6838,234,1,0,1,2,0,0
tx_legit_011654,0,533.38,6.2811,595,4,0,1,1,0,0
tx_legit_006329,0,213.95,5.3704,721,4,0,1,1,0,0
tx_legit_001941,0,405.2,6.0068,751,2,0,1,2,0,0
tx_legit_012994,0,300.43,5.7085,708,1,0,4,2,0,0
tx_legit_006881,0,512.07,6.2404,899,1,0,1,1,0,0
tx_legit_010834,0,426.47,6.0579,273,1,0,2,3,0,0
tx_legit_009384,0,504.1,6.2248,155,1,1,1,2,0,0
tx_fraud_001010,1,4769.47,8.4702,31,2,1,10,8,0,0
tx_legit_000852,0,612.32,6.4189,442,2,0,1,3,0,0
tx_fraud_001166,1,7081.68,8.8654,782,2,0,20,16,0,0
tx_legit_005546,0,1003.87,6.9126,730,1,0,1,2,0,0
tx_legit_011393,0,375.35,5.9305,55,1,0,1,18,0,0
tx_legit_007448,0,205.32,5.3294,57,1,1,3,3,0,0
tx_legit_006799,0,618.79,6.4294,933,1,0,1,14,0,0
tx_legit_013656,0,1618.65,7.39,160,1,0,1,19,0,0
tx_legit_010014,0,637.93,6.4598,677,1,0,1,1,0,0
tx_legit_013263,0,412.12,6.0237,632,1,0,1,2,0,0
tx_legit_012297,0,574.63,6.3555,437,2,0,5,3,0,0
tx_legit_001756,0,278.36,5.6325,892,1,1,1,2,0,0
tx_legit_011036,0,472.49,6.1601,696,4,0,1,16,0,0
tx_legit_011658,0,591.27,6.384,903,1,0,1,2,0,0
tx_legit_002704,0,612.59,6.4193,474,1,0,1,2,0,0
tx_legit_004494,0,403.69,6.0031,477,1,0,1,17,0,0
tx_fraud_000769,1,2209.21,7.7008,294,1,0,23,9,0,0
tx_legit_008376,0,191.61,5.2607,148,3,0,1,1,0,0
tx_legit_000372,0,490.92,6.1983,560,1,0,2,2,0,0
tx_legit_002422,0,1113.42,7.0161,952,1,0,1,2,0,0
tx_legit_002362,0,511.32,6.2389,460,1,0,1,13,0,0
tx_legit_007428,0,306.25,5.7277,356,2,0,1,1,0,0
tx_legit_012437,0,806.4,6.6938,512,1,0,2,15,0,0
tx_legit_009492,0,330.8,5.8045,973,2,0,2,10,0,0
tx_legit_010734,0,120.03,4.796,627,1,0,1,12,0,0
tx_legit_008169,0,286.04,5.6596,966,1,0,4,1,0,0
tx_fraud_000163,1,13266.69,9.4931,11,15,4,3,29,0,1
tx_legit_004703,0,3211.33,8.0748,192,1,0,1,1,0,0
tx_fraud_000342,1,8748.36,9.0767,3,7,0,2,3,1,1
tx_legit_000748,0,383.35,5.9516,373,1,0,1,1,0,0
tx_fraud_000427,1,74215.12,11.2147,10,10,5,1,1,0,1
tx_legit_010289,0,140.88,4.955,548,1,0,1,1,0,0
tx_legit_000070,0,202.0,5.3132,92,1,0,1,3,0,0
tx_legit_008859,0,236.12,5.4686,980,1,0,1,1,0,0
tx_legit_012496,0,294.34,5.6881,880,1,1,1,1,0,0
tx_legit_005086,0,388.47,5.9648,967,1,1,1,1,0,0
tx_legit_011224,0,1279.29,7.1548,800,2,0,1,1,0,0
tx_legit_008690,0,436.56,6.0812,91,1,0,1,12,0,0
tx_legit_008737,0,535.24,6.2846,836,1,1,1,1,0,0
tx_legit_001713,0,774.03,6.6529,922,2,0,1,1,0,0
tx_legit_005302,0,226.57,5.4275,534,1,0,1,1,0,0
tx_legit_010639,0,1300.29,7.1711,667,1,0,1,2,0,0
tx_legit_013614,0,964.91,6.8731,287,1,0,1,4,0,0
tx_legit_004300,0,361.06,5.8918,81,1,0,1,1,0,0
tx_legit_011875,0,205.02,5.328,455,1,0,1,19,0,0
tx_legit_010593,0,421.46,6.0461,163,3,1,2,21,0,0
tx_legit_006589,0,946.46,6.8538,229,1,0,1,15,0,0
tx_legit_005056,0,1045.63,6.9533,169,1,0,1,2,0,0
tx_legit_007142,0,299.22,5.7045,844,1,0,1,1,0,0
tx_legit_010631,0,244.35,5.5027,437,2,0,1,1,0,0
tx_legit_007787,0,129.43,4.8708,204,1,1,1,1,0,0
tx_legit_006487,0,227.23,5.4304,754,1,1,6,1,0,0
tx_legit_013609,0,735.28,6.6016,189,1,0,1,1,0,0
tx_fraud_000478,1,61876.93,11.0329,6,14,6,1,1,1,1
tx_legit_001012,0,119.87,4.7947,723,1,0,1,2,0,0
tx_legit_005422,0,974.79,6.8832,329,1,0,1,1,0,0
tx_legit_001191,0,268.89,5.598,656,1,0,2,19,0,0
tx_legit_002478,0,170.73,5.1459,134,1,0,1,3,0,0
tx_fraud_000943,1,5533.17,8.6187,149,2,1,7,5,0,0
tx_legit_007875,0,762.19,6.6375,123,2,0,5,2,0,0
tx_legit_001959,0,1418.42,7.258,628,1,0,6,2,0,0
tx_fraud_001006,1,3700.69,8.2165,97,2,1,6,5,0,0
tx_legit_001631,0,67.49,4.2267,823,2,0,1,1,0,0
tx_legit_001519,0,1574.53,7.3623,987,1,0,1,3,0,0
tx_legit_003576,0,554.32,6.3195,256,1,0,4,2,0,0
tx_legit_004206,0,367.58,5.9097,981,1,0,1,2,0,0
tx_legit_010487,0,259.69,5.5633,404,3,0,1,1,0,0
tx_legit_007770,0,1079.56,6.9852,833,1,0,1,1,0,0
tx_legit_004800,0,186.4,5.2332,619,2,0,1,2,0,0
tx_legit_000062,0,680.52,6.5243,532,1,0,1,2,0,0
tx_legit_010953,0,189.14,5.2478,174,1,0,1,2,0,0
tx_fraud_001179,1,2743.66,7.9174,724,2,0,16,14,0,0
tx_legit_010366,0,615.43,6.4239,412,1,0,1,3,0,0
tx_fraud_000675,1,1562.07,7.3544,280,1,0,14,13,0,0
tx_legit_006969,0,910.78,6.8154,222,1,0,1,1,0,0
tx_legit_013466,0,625.14,6.4396,736,2,0,1,1,0,0
tx_legit_012886,0,1179.86,7.074,412,1,0,1,16,0,0
tx_legit_002027,0,1151.75,7.0499,637,1,0,1,2,0,0
tx_legit_001580,0,1878.37,7.5387,167,1,1,1,2,0,0
tx_legit_000222,0,777.0,6.6567,925,1,0,2,3,0,0
tx_legit_008415,0,300.63,5.7092,205,4,0,1,1,0,0
tx_legit_003968,0,161.78,5.0924,715,1,1,1,1,0,0
tx_legit_010304,0,172.03,5.1535,606,1,1,1,1,0,0
tx_legit_004092,0,1159.68,7.0568,906,1,0,1,1,0,0
tx_legit_009818,0,460.29,6.134,327,1,0,1,1,0,0
tx_legit_008191,0,410.55,6.0199,462,1,0,1,1,0,0
tx_legit_009583,0,252.29,5.5345,738,2,0,1,1,0,0
tx_legit_005898,0,751.64,6.6236,297,1,0,3,1,0,0
tx_legit_011567,0,126.61,4.849,113,2,0,1,2,0,0
tx_legit_013273,0,413.34,6.0267,95,1,0,1,1,0,0
tx_legit_000897,0,200.56,5.3061,531,1,0,2,18,0,0
tx_legit_010901,0,865.09,6.764,319,1,0,3,2,0,0
tx_legit_001440,0,389.23,5.9667,728,1,0,2,11,0,0
tx_legit_005806,0,360.65,5.8907,926,1,0,2,3,0,0
tx_legit_011315,0,156.88,5.0618,985,1,0,1,1,0,0
tx_legit_010537,0,398.07,5.9891,21,4,1,1,1,0,0
tx_legit_004825,0,357.01,5.8806,242,2,0,5,3,0,0
tx_legit_002651,0,646.74,6.4735,685,1,1,1,4,0,0
tx_legit_001222,0,554.47,6.3198,772,2,0,1,1,0,0
tx_legit_009308,0,363.4,5.8983,467,1,0,2,1,0,0
tx_legit_012936,0,1229.4,7.1151,584,1,0,1,1,0,0
tx_legit_012847,0,297.47,5.6987,939,2,0,1,1,0,0
tx_legit_010864,0,536.44,6.2868,538,1,0,1,1,0,0
tx_legit_003270,0,361.43,5.8928,58,1,1,1,1,0,0
tx_fraud_000036,1,5151.23,8.5472,10,12,2,10,3,0,1
tx_legit_012335,0,490.79,6.1981,110,1,0,1,1,0,0
tx_legit_009143,0,492.9,6.2023,643,1,1,1,2,0,0
tx_legit_003887,0,652.53,6.4824,986,1,0,1,1,0,0
tx_legit_011146,0,520.11,6.256,126,1,0,1,2,0,0
tx_legit_003283,0,2020.25,7.6115,567,1,0,1,17,0,0
tx_legit_011703,0,478.08,6.1719,113,1,0,2,1,0,0
tx_legit_010340,0,635.33,6.4557,781,4,0,1,17,0,0
tx_legit_000140,0,688.03,6.5353,193,2,0,1,1,0,0
tx_fraud_000599,1,40834.86,10.6173,1,19,10,12,15,1,1
tx_legit_007391,0,2051.54,7.6268,474,1,0,1,1,0,0
tx_legit_007106,0,226.85,5.4287,612,1,0,1,4,0,0
tx_fraud_000151,1,8002.19,8.9876,27,12,7,1,25,0,1
tx_legit_009338,0,851.48,6.7481,27,1,0,1,1,0,0
tx_legit_012891,0,867.78,6.7671,437,2,0,1,1,0,0
tx_legit_003879,0,1229.2,7.1149,291,1,0,1,1,0,0
tx_legit_012745,0,417.18,6.0359,340,1,0,1,4,0,0
tx_legit_000337,0,181.38,5.2061,943,1,0,1,1,0,0
tx_legit_007170,0,506.17,6.2288,356,1,0,2,16,0,0
tx_legit_002361,0,1017.31,6.9259,973,1,0,2,17,0,0
tx_legit_006459,0,493.87,6.2043,241,1,0,2,16,0,0
tx_legit_006507,0,867.18,6.7664,500,1,0,5,1,0,0
tx_legit_013372,0,1785.64,7.4881,795,1,0,1,1,0,0
tx_legit_011987,0,854.34,6.7515,759,1,0,2,18,0,0
tx_legit_010781,0,594.5,6.3894,221,2,0,1,1,0,0
tx_fraud_000786,1,2339.62,7.7582,254,1,0,21,13,0,0
tx_legit_013312,0,366.76,5.9074,106,1,0,1,1,0,0
tx_legit_009687,0,1247.37,7.1296,144,1,0,2,21,0,0
tx_legit_006950,0,279.33,5.636,881,1,0,3,3,0,0
tx_legit_013593,0,530.44,6.2756,901,2,0,1,1,0,0
tx_legit_007651,0,417.03,6.0356,392,2,0,1,1,0,0
tx_legit_002692,0,215.75,5.3787,380,1,0,1,1,0,0
tx_legit_001466,0,255.68,5.5478,166,1,0,1,2,0,0
tx_legit_005974,0,523.54,6.2625,585,1,1,1,1,0,0
tx_legit_008660,0,504.22,6.225,931,1,0,1,1,0,0
tx_legit_008328,0,225.27,5.4217,543,1,0,1,14,0,0
tx_legit_005219,0,373.4,5.9253,167,1,1,1,1,0,0
tx_legit_005282,0,934.94,6.8416,745,1,0,2,2,0,0
tx_legit_000788,0,2023.64,7.6131,910,1,1,2,4,0,0
tx_legit_004447,0,372.8,5.9237,800,2,0,1,18,0,0
tx_legit_001542,0,2852.89,7.9564,814,1,0,1,1,0,0
tx_legit_011192,0,833.49,6.7268,680,4,0,2,1,0,0
tx_legit_002525,0,685.63,6.5318,547,1,0,5,2,0,0
tx_legit_010523,0,657.96,6.4907,203,2,0,2,21,0,0
tx_legit_005552,0,142.06,4.9633,837,1,0,1,2,0,0
tx_legit_006178,0,454.43,6.1212,30,1,0,1,2,0,0
tx_legit_001360,0,410.19,6.0191,131,3,0,1,1,0,0
tx_legit_010346,0,1064.16,6.9709,130,1,0,1,9,0,0
tx_legit_001445,0,98.17,4.5968,526,1,0,1,1,0,0
tx_legit_008481,0,370.58,5.9178,220,1,0,2,1,0,0
tx_legit_009482,0,1068.79,6.9752,190,1,0,1,19,0,0
tx_legit_009213,0,243.56,5.4995,887,1,0,2,13,0,0
tx_legit_002990,0,455.95,6.1246,571,1,0,2,1,0,0
tx_legit_003581,0,409.66,6.0178,700,1,0,1,8,0,0
tx_legit_010832,0,185.21,5.2269,76,2,0,2,1,0,0
tx_fraud_000050,1,7173.89,8.8783,11,8,1,11,4,0,1
tx_legit_003567,0,837.4,6.7315,241,1,0,1,2,0,0
tx_legit_010501,0,426.53,6.058,200,1,0,1,3,0,0
tx_legit_004839,0,363.99,5.8999,563,1,0,1,1,0,0
tx_fraud_000506,1,80280.87,11.2933,7,7,3,1,1,1,1
tx_legit_000149,0,212.41,5.3632,261,3,0,2,1,0,0
tx_fraud_000286,1,21533.44,9.9774,5,6,2,2,5,1,1
tx_legit_006545,0,458.57,6.1303,133,1,0,1,3,0,0
tx_legit_006725,0,302.91,5.7167,802,1,0,1,3,0,0
tx_legit_010925,0,119.03,4.7877,394,1,0,1,1,0,0
tx_fraud_000203,1,13424.73,9.5049,3,10,5,3,30,1,1
tx_legit_002823,0,121.03,4.8043,27,1,1,2,10,0,0
tx_legit_005848,0,625.62,6.4403,298,2,0,5,3,0,0
tx_legit_011800,0,309.42,5.7379,333,1,0,1,1,0,0
tx_legit_004278,0,203.61,5.3211,845,2,0,2,19,0,0
tx_fraud_000436,1,46793.48,10.7535,10,12,5,1,1,0,1
tx_legit_011323,0,363.74,5.8992,92,2,0,1,2,0,0
tx_legit_008822,0,562.25,6.3337,648,2,0,1,1,0,0
tx_legit_013628,0,1361.16,7.2168,997,1,0,1,15,0,0
tx_legit_001760,0,655.03,6.4862,510,1,1,2,13,0,0
tx_legit_005947,0,242.28,5.4942,949,1,0,2,22,0,0
tx_legit_008156,0,1323.33,7.1887,70,1,0,2,20,0,0
tx_legit_007943,0,437.1,6.0824,447,3,0,1,1,0,0
tx_legit_005630,0,695.91,6.5467,15,1,0,1,1,0,0
tx_legit_005411,0,381.35,5.9463,474,1,1,1,1,0,0
tx_legit_006496,0,298.09,5.7007,856,3,0,2,10,0,0
tx_fraud_000746,1,1150.58,7.0489,211,1,0,28,16,0,0
tx_legit_006108,0,228.03,5.4339,294,1,0,1,1,0,0
tx_legit_012428,0,194.25,5.2743,716,1,0,1,1,0,0
tx_legit_004900,0,215.82,5.3791,883,2,0,2,4,0,0
tx_legit_012154,0,834.1,6.7276,215,1,0,1,1,0,0
tx_legit_010760,0,246.59,5.5118,937,1,0,2,1,0,0
tx_legit_006099,0,381.11,5.9457,447,1,0,2,18,0,0
tx_fraud_000949,1,3639.41,8.1999,132,2,1,9,6,0,0
tx_legit_013030,0,364.46,5.9012,582,1,0,1,1,0,0
tx_legit_011487,0,623.74,6.4373,916,2,0,1,3,0,0
tx_legit_009527,0,1606.37,7.3824,392,1,0,1,4,0,0
tx_fraud_001125,1,4501.87,8.4125,852,2,0,20,16,0,0
tx_fraud_000549,1,48621.32,10.7918,2,24,5,24,27,1,1
tx_fraud_000372,1,21062.4,9.9553,0,6,2,5,5,1,1
tx_legit_009550,0,973.45,6.8819,426,4,0,1,2,0,0
tx_legit_010360,0,306.74,5.7293,550,1,0,1,1,0,0
tx_legit_009137,0,863.44,6.7621,944,1,0,1,1,0,0
tx_fraud_000566,1,48449.61,10.7883,3,20,8,21,35,1,1
tx_legit_002601,0,1074.55,6.9806,463,1,0,1,2,0,0
tx_legit_002568,0,1583.6,7.3681,211,1,0,1,1,0,0
tx_fraud_000045,1,10439.16,9.2534,9,9,1,9,4,0,1
tx_legit_012963,0,2659.11,7.8861,77,1,0,2,10,0,0
tx_legit_007233,0,431.82,6.0703,844,2,0,2,1,0,0
tx_legit_002546,0,842.49,6.7375,709,2,0,1,1,0,0
tx_legit_003451,0,981.25,6.8898,815,1,1,2,1,0,0
tx_legit_009310,0,131.36,4.8855,506,1,0,1,17,0,0
tx_legit_003246,0,469.77,6.1544,225,1,0,1,1,0,0
tx_legit_012390,0,309.75,5.739,263,2,1,1,3,0,0
tx_legit_006238,0,285.85,5.659,201,1,0,1,1,0,0
tx_legit_007703,0,2201.51,7.6974,854,1,0,1,2,0,0
tx_legit_007179,0,392.3,5.9746,33,1,0,1,2,0,0
tx_legit_010678,0,892.32,6.7949,972,1,0,1,1,0,0
tx_legit_012436,0,1062.96,6.9698,326,1,0,1,1,0,0
tx_legit_002598,0,205.86,5.332,848,1,0,2,15,0,0
tx_legit_004482,0,833.84,6.7272,529,1,0,2,10,0,0
tx_legit_012494,0,715.18,6.5739,799,4,0,1,1,0,0
tx_legit_010951,0,1147.08,7.0458,265,2,1,1,1,0,0
tx_legit_002404,0,1299.4,7.1704,42,2,0,2,1,0,0
tx_fraud_001007,1,5496.28,8.612,87,2,1,15,7,0,0
tx_legit_004931,0,367.61,5.9097,354,1,0,1,1,0,0
tx_legit_010438,0,311.45,5.7444,614,2,0,3,1,0,0
tx_legit_001787,0,542.67,6.2983,566,1,0,2,8,0,0
tx_legit_009666,0,446.58,6.1039,595,1,0,1,3,0,0
tx_legit_008637,0,623.68,6.4372,858,1,0,2,15,0,0
tx_legit_010445,0,384.34,5.9541,167,1,0,1,1,0,0
tx_legit_007030,0,1377.22,7.2285,586,2,2,1,3,0,0
tx_legit_005059,0,843.24,6.7384,371,3,0,3,3,0,0
tx_legit_005923,0,806.64,6.6941,104,1,0,1,2,0,0
tx_fraud_000542,1,45579.59,10.7272,2,30,4,15,26,1,1
tx_legit_002639,0,671.12,6.5104,108,1,1,1,1,0,0
tx_fraud_000507,1,84666.9,11.3465,1,10,7,1,1,1,1
tx_legit_001681,0,861.32,6.7596,974,1,0,1,1,0,0
tx_legit_010137,0,875.0,6.7754,663,1,0,1,1,0,0
tx_legit_011813,0,1962.66,7.5826,493,2,0,6,3,0,0
tx_legit_011743,0,360.68,5.8908,512,1,0,2,16,0,0
tx_legit_011340,0,323.25,5.7815,34,1,0,1,14,0,0
tx_legit_011797,0,1121.54,7.0233,318,1,0,3,1,0,0
tx_legit_006447,0,263.75,5.5788,466,2,0,1,2,0,0
tx_legit_002077,0,245.0,5.5053,535,1,0,2,10,0,0
tx_legit_004227,0,320.03,5.7715,685,2,0,2,2,0,0
tx_legit_000014,0,338.82,5.8284,561,1,0,1,19,0,0
tx_legit_010000,0,419.2,6.0407,898,1,0,2,17,0,0
tx_legit_011978,0,138.05,4.9348,791,1,0,1,2,0,0
tx_legit_011934,0,600.35,6.3992,708,1,0,1,12,0,0
tx_legit_011378,0,516.18,6.2484,719,1,0,1,4,0,0
tx_legit_010846,0,545.66,6.3038,814,1,0,1,1,0,0
tx_legit_006197,0,346.19,5.8499,465,1,0,1,1,0,0
tx_legit_007617,0,159.74,5.0798,942,1,0,1,3,0,0
tx_legit_006510,0,549.04,6.31,799,1,0,2,2,0,0
tx_fraud_000738,1,1345.37,7.2052,81,1,0,16,9,0,0
tx_legit_004223,0,481.62,6.1792,717,4,0,1,1,0,0
tx_legit_008634,0,386.22,5.959,422,1,0,1,1,0,0
tx_legit_011628,0,371.29,5.9197,322,2,0,1,2,0,0
tx_legit_009675,0,379.87,5.9425,888,1,0,1,2,0,0
tx_legit_011035,0,219.35,5.3952,635,2,0,1,1,0,0
tx_legit_010636,0,580.46,6.3655,636,2,0,1,2,0,0
tx_legit_003089,0,454.91,6.1223,875,1,1,1,1,0,0
tx_legit_011091,0,178.14,5.1882,491,1,0,1,2,0,0
tx_legit_000286,0,972.94,6.8813,28,3,0,2,2,0,0
tx_legit_009885,0,156.44,5.059,705,3,0,1,11,0,0
tx_legit_001755,0,295.92,5.6935,531,1,0,2,17,0,0
tx_legit_010419,0,467.72,6.15,973,1,0,1,1,0,0
tx_fraud_000651,1,35303.77,10.4718,1,15,8,20,34,1,1
tx_legit_003508,0,394.22,5.9794,77,1,0,3,1,0,0
tx_legit_001649,0,750.94,6.6227,945,2,0,2,1,0,0
tx_legit_003255,0,216.32,5.3814,256,1,0,2,2,0,0
tx_legit_000806,0,500.81,6.2182,353,1,0,1,1,0,0
tx_legit_004983,0,337.12,5.8234,113,1,0,1,21,0,0
tx_legit_011406,0,1140.68,7.0403,702,1,0,1,1,0,0
tx_legit_008801,0,389.41,5.9672,871,1,0,1,1,0,0
tx_legit_008809,0,353.37,5.8703,197,2,1,1,1,0,0
tx_legit_003709,0,738.75,6.6063,63,1,0,1,15,0,0
tx_legit_008725,0,702.23,6.5557,861,2,0,1,1,0,0
tx_legit_004985,0,532.96,6.2803,428,1,0,2,21,0,0
tx_legit_010915,0,1157.27,7.0547,130,3,0,1,2,0,0
tx_legit_009014,0,682.19,6.5268,803,1,0,1,2,0,0
tx_legit_008449,0,731.55,6.5965,364,1,0,1,1,0,0
tx_legit_006387,0,700.23,6.5528,365,1,0,2,1,0,0
tx_legit_001799,0,216.9,5.384,758,1,1,1,1,0,0
tx_legit_001135,0,1648.13,7.408,614,1,0,2,1,0,0
tx_legit_003030,0,836.9,6.7309,181,2,1,1,1,0,0
tx_legit_004306,0,502.19,6.221,404,2,0,4,3,0,0
tx_legit_004359,0,568.1,6.3441,100,1,0,1,3,0,0
tx_legit_000417,0,103.86,4.6526,401,1,0,1,3,0,0
tx_legit_001506,0,808.29,6.6962,581,1,0,1,10,0,0
tx_legit_004541,0,291.75,5.6793,946,1,1,1,1,0,0
tx_legit_003953,0,115.99,4.7621,559,1,0,1,3,0,0
tx_legit_007024,0,644.0,6.4693,417,1,0,1,1,0,0
tx_legit_001877,0,128.74,4.8655,371,1,0,1,3,0,0
tx_legit_003209,0,618.07,6.4282,539,1,1,1,17,0,0
tx_fraud_000726,1,923.94,6.8297,251,1,0,16,8,0,0
tx_legit_006689,0,620.39,6.432,523,1,0,1,1,0,0
tx_legit_009806,0,755.47,6.6287,334,1,0,1,1,0,0
tx_legit_000197,0,425.78,6.0563,627,1,0,2,13,0,0
tx_legit_007000,0,610.01,6.4151,998,2,0,2,1,0,0
tx_legit_000935,0,267.72,5.5937,899,1,0,1,8,0,0
tx_legit_012925,0,922.27,6.8279,694,1,0,1,2,0,0
tx_legit_006156,0,214.67,5.3737,544,1,0,1,1,0,0
tx_fraud_000029,1,15304.39,9.636,10,5,4,17,2,0,1
tx_legit_010729,0,694.89,6.5452,760,2,0,1,1,0,0
tx_legit_009461,0,213.64,5.369,768,2,2,1,11,0,0
tx_legit_003947,0,320.44,5.7728,614,1,0,1,8,0,0
tx_legit_000437,0,1039.82,6.9478,61,1,0,1,2,0,0
tx_legit_011712,0,367.93,5.9106,123,1,0,2,1,0,0
tx_legit_002397,0,681.39,6.5256,35,1,0,1,4,0,0
tx_legit_011623,0,418.78,6.0397,422,1,0,1,1,0,0
tx_legit_008920,0,459.15,6.1316,449,1,0,1,19,0,0
tx_legit_004467,0,176.3,5.1778,115,1,0,1,2,0,0
tx_legit_004156,0,437.59,6.0836,263,1,0,2,1,0,0
tx_legit_009836,0,397.71,5.9882,958,1,0,4,1,0,0
tx_legit_007261,0,237.02,5.4724,509,1,0,2,13,0,0
tx_legit_004012,0,145.53,4.9872,621,1,0,1,2,0,0
tx_legit_013605,0,517.56,6.2511,732,1,0,2,10,0,0
tx_legit_004946,0,684.79,6.5306,310,3,0,6,3,0,0
tx_legit_008152,0,108.47,4.6957,542,1,0,2,16,0,0
tx_legit_002097,0,283.87,5.652,788,1,0,1,1,0,0
tx_legit_010435,0,406.56,6.0102,102,1,0,2,10,0,0
tx_legit_012278,0,88.4,4.4931,892,4,0,5,2,0,0
tx_legit_004764,0,1068.89,6.9753,738,1,0,1,16,0,0
tx_legit_012688,0,488.64,6.1937,838,1,0,1,1,0,0
tx_fraud_001126,1,4762.63,8.4688,500,2,0,10,8,0,0
tx_legit_009573,0,385.99,5.9584,143,1,0,1,1,0,0
tx_legit_011897,0,2755.33,7.9217,217,1,0,1,1,0,0
tx_legit_002638,0,885.37,6.7871,146,1,0,2,1,0,0
tx_fraud_000929,1,1610.59,7.385,373,1,0,1,15,0,0
tx_legit_011233,0,305.72,5.7259,514,1,0,2,19,0,0
tx_legit_007092,0,737.98,6.6053,37,2,1,3,2,0,0
tx_legit_013218,0,479.18,6.1742,592,1,0,1,1,0,0
tx_legit_010167,0,269.52,5.6003,222,2,0,1,2,0,0
tx_legit_005343,0,319.42,5.7696,44,1,0,1,11,0,0
tx_legit_012240,0,1179.02,7.0733,194,1,0,1,21,0,0
tx_legit_004473,0,215.98,5.3798,123,1,0,1,2,0,0
tx_legit_008057,0,1040.23,6.9482,258,1,0,2,10,0,0
tx_fraud_000425,1,85223.79,11.353,3,6,3,1,1,1,1
tx_fraud_000347,1,11346.13,9.3367,1,4,3,2,6,1,0
tx_legit_006755,0,301.09,5.7107,612,1,1,1,2,0,0
tx_fraud_000921,1,3370.66,8.1232,326,1,0,1,15,0,0
tx_legit_013600,0,1142.61,7.0419,725,1,0,1,10,0,0
tx_legit_009248,0,971.82,6.8802,962,1,2,2,1,0,0
tx_fraud_000540,1,41951.29,10.6443,1,23,8,12,27,1,1
tx_legit_002605,0,545.52,6.3036,707,1,0,1,1,0,0
tx_legit_001373,0,461.66,6.137,614,1,0,1,2,0,0
tx_fraud_000005,1,10246.9,9.2348,5,10,1,11,3,1,1
tx_legit_011498,0,806.14,6.6935,475,2,0,1,1,0,0
tx_legit_005065,0,608.46,6.4126,824,1,0,1,1,0,0
tx_legit_005538,0,316.18,5.7595,150,2,0,2,12,0,0
tx_legit_007647,0,158.98,5.075,717,1,0,1,1,0,0
tx_legit_000359,0,2922.74,7.9806,580,1,1,2,13,0,0
tx_legit_012876,0,301.06,5.7106,892,1,0,1,3,0,0
tx_legit_006556,0,283.39,5.6503,679,2,1,1,2,0,0
tx_legit_004375,0,1087.4,6.9925,534,2,0,1,21,0,0
tx_legit_008003,0,1310.06,7.1786,276,2,0,6,3,0,0
tx_legit_009008,0,324.47,5.7853,653,2,0,1,2,0,0
tx_legit_000158,0,497.02,6.2106,221,1,0,2,1,0,0
tx_legit_002589,0,784.6,6.6664,894,1,0,3,2,0,0
tx_fraud_000048,1,14103.24,9.5542,14,5,2,18,5,0,1
tx_fraud_000216,1,11982.87,9.3913,6,14,2,1,33,1,1
tx_legit_000629,0,1007.54,6.9163,414,1,0,1,19,0,0
tx_legit_002889,0,510.6,6.2375,164,1,1,3,1,0,0
tx_legit_000781,0,406.91,6.011,562,1,0,1,1,0,0
tx_legit_006448,0,1388.35,7.2366,540,1,1,1,2,0,0
tx_legit_012773,0,430.82,6.068,197,1,0,2,1,0,0
tx_legit_002066,0,242.32,5.4944,330,1,0,2,13,0,0
tx_legit_009622,0,323.12,5.7811,835,1,0,1,1,0,0
tx_legit_008345,0,513.75,6.2437,48,1,0,2,15,0,0
tx_legit_000480,0,512.79,6.2418,543,2,0,2,2,0,0
tx_legit_012510,0,649.48,6.4777,106,1,0,1,1,0,0
tx_legit_001727,0,176.71,5.1802,825,1,0,1,1,0,0
tx_legit_009387,0,261.25,5.5693,725,1,0,1,1,0,0
tx_legit_005068,0,1027.55,6.9359,841,1,0,1,1,0,0
tx_legit_001334,0,246.81,5.5127,740,2,0,1,1,0,0
tx_legit_013161,0,176.21,5.1773,45,1,0,1,3,0,0
tx_legit_012241,0,808.5,6.6964,411,2,0,1,1,0,0
tx_legit_003189,0,459.64,6.1326,259,1,1,1,1,0,0
tx_legit_002807,0,178.39,5.1896,532,1,0,1,1,0,0
tx_legit_003782,0,499.2,6.215,757,1,0,1,1,0,0
tx_legit_003497,0,347.49,5.8536,381,1,0,1,1,0,0
tx_legit_006723,0,465.06,6.1443,590,1,0,2,1,0,0
tx_legit_002456,0,134.01,4.9053,251,1,0,1,4,0,0
tx_legit_013113,0,853.19,6.7502,741,1,1,1,1,0,0
tx_legit_001751,0,377.43,5.936,181,1,0,5,3,0,0
tx_legit_006330,0,124.94,4.8358,613,1,0,1,2,0,0
tx_fraud_000576,1,25139.06,10.1322,6,18,4,13,23,1,1
tx_legit_013275,0,549.25,6.3104,923,1,0,1,2,0,0
tx_legit_007672,0,915.54,6.8206,757,1,0,4,1,0,0
tx_legit_011965,0,1301.73,7.1722,399,1,0,1,1,0,0
tx_legit_005883,0,498.58,6.2138,994,1,0,1,3,0,0
tx_legit_009948,0,930.84,6.8372,945,1,0,1,4,0,0
tx_fraud_000586,1,22831.74,10.036,3,14,6,20,39,1,1
tx_legit_005189,0,329.36,5.8002,221,4,0,1,17,0,0
tx_legit_009668,0,686.63,6.5333,668,2,0,1,2,0,0
tx_legit_004568,0,579.58,6.364,832,1,0,1,1,0,0
tx_legit_009038,0,618.4,6.4288,172,1,0,1,1,0,0
tx_legit_011593,0,809.74,6.6979,153,1,0,2,10,0,0
tx_legit_007887,0,652.33,6.4821,822,1,0,1,1,0,0
tx_fraud_000170,1,3628.46,8.1968,2,24,5,4,15,1,1
tx_legit_006259,0,1026.36,6.9347,284,1,0,1,9,0,0
tx_legit_004379,0,281.17,5.6425,657,1,0,1,2,0,0
tx_legit_002690,0,247.87,5.5169,562,1,0,1,1,0,0
tx_legit_002238,0,225.04,5.4207,485,1,0,1,5,0,0
tx_legit_013706,0,294.37,5.6882,77,1,0,1,1,0,0
tx_legit_002184,0,354.58,5.8738,392,1,0,1,10,0,0
tx_legit_006560,0,222.84,5.4109,707,4,0,1,2,0,0
tx_fraud_000898,1,1648.78,7.4084,96,1,0,1,14,0,0
tx_legit_012667,0,1255.06,7.1357,796,1,0,1,17,0,0
tx_legit_012798,0,394.56,5.9803,860,1,0,1,1,0,0
tx_legit_010382,0,893.93,6.7967,198,1,0,2,8,0,0
tx_legit_000030,0,586.74,6.3763,540,1,0,1,1,0,0
tx_legit_007618,0,1068.25,6.9747,922,1,0,1,1,0,0
tx_legit_013117,0,247.43,5.5152,928,1,0,1,2,0,0
tx_legit_013150,0,643.39,6.4683,413,1,0,1,1,0,0
tx_legit_007749,0,2458.49,7.8077,387,2,0,1,2,0,0
tx_legit_003640,0,792.69,6.6767,313,1,0,1,2,0,0
tx_legit_009082,0,438.25,6.0851,507,1,0,1,2,0,0
tx_legit_003712,0,1334.32,7.1969,535,1,0,2,1,0,0
tx_legit_005597,0,1389.24,7.2372,92,1,0,1,3,0,0
tx_legit_003460,0,201.77,5.3121,331,1,0,1,3,0,0
tx_legit_012316,0,793.45,6.6777,131,2,0,1,2,0,0
tx_legit_002955,0,1113.17,7.0159,140,1,0,5,1,0,0
tx_legit_007834,0,793.28,6.6774,149,1,0,3,2,0,0
tx_legit_001570,0,164.91,5.1114,600,1,0,1,1,0,0
tx_legit_001926,0,591.21,6.3839,599,1,0,3,1,0,0
tx_legit_001850,0,287.85,5.6659,205,1,0,1,1,0,0
tx_legit_003402,0,523.46,6.2624,375,1,0,1,2,0,0
tx_legit_006831,0,106.4,4.6766,370,1,0,1,1,0,0
tx_legit_004323,0,145.73,4.9886,423,2,0,1,1,0,0
tx_legit_007750,0,1654.78,7.412,219,2,0,6,1,0,0
tx_legit_008973,0,322.03,5.7777,179,1,0,1,2,0,0
tx_legit_002687,0,97.65,4.5916,326,3,0,2,1,0,0
tx_legit_002212,0,1252.81,7.1339,604,1,0,1,1,0,0
tx_legit_012360,0,394.22,5.9794,721,1,0,3,1,0,0
tx_legit_003570,0,277.07,5.6279,953,4,0,1,1,0,0
tx_legit_010624,0,1355.74,7.2128,665,1,0,1,21,0,0
tx_legit_013013,0,222.58,5.4098,167,2,0,1,2,0,0
tx_legit_006552,0,422.63,6.0489,566,2,1,2,1,0,0
tx_legit_008369,0,363.1,5.8974,701,2,0,1,16,0,0
tx_legit_001146,0,575.15,6.3564,430,1,0,2,16,0,0
tx_legit_000044,0,709.73,6.5663,801,1,0,1,18,0,0
tx_legit_003021,0,710.4,6.5672,958,1,0,1,2,0,0
tx_legit_004740,0,620.44,6.432,453,1,0,1,1,0,0
tx_legit_002251,0,1308.13,7.1771,764,1,0,1,1,0,0
tx_legit_013099,0,282.19,5.6461,313,2,0,1,22,0,0
tx_legit_004019,0,638.11,6.4601,900,2,0,1,1,0,0
tx_legit_013590,0,988.14,6.8968,183,2,0,3,1,0,0
tx_legit_009033,0,1421.66,7.2603,971,1,0,1,1,0,0
tx_legit_011466,0,474.32,6.164,16,1,0,1,1,0,0
tx_legit_011940,0,757.42,6.6312,704,1,0,1,1,0,0
tx_legit_006286,0,436.09,6.0801,502,3,0,2,9,0,0
tx_legit_004649,0,530.41,6.2755,746,2,0,1,1,0,0
tx_legit_003443,0,159.6,5.0789,759,1,0,2,2,0,0
tx_legit_003360,0,1138.26,7.0381,115,2,0,1,1,0,0
tx_legit_002224,0,251.71,5.5322,640,1,0,2,17,0,0
tx_legit_001808,0,792.16,6.676,533,1,0,1,20,0,0
tx_legit_007296,0,693.39,6.543,335,2,0,1,1,0,0
tx_legit_007174,0,706.42,6.5616,701,3,0,1,1,0,0
tx_legit_008651,0,821.83,6.7127,817,1,0,2,12,0,0
tx_legit_013271,0,359.9,5.8886,204,2,0,1,13,0,0
tx_legit_003186,0,656.01,6.4877,426,1,0,1,2,0,0
tx_legit_003037,0,438.29,6.0852,544,1,0,2,14,0,0
tx_legit_003863,0,437.07,6.0824,616,1,0,2,14,0,0
tx_fraud_000722,1,2173.75,7.6847,228,1,0,21,14,0,0
tx_legit_008466,0,450.82,6.1133,612,2,0,1,1,0,0
tx_legit_012967,0,328.1,5.7964,471,1,1,1,4,0,0
tx_legit_003193,0,790.85,6.6744,785,1,0,2,1,0,0
tx_legit_000520,0,471.66,6.1584,532,1,0,1,1,0,0
tx_legit_005058,0,800.94,6.687,988,1,0,2,21,0,0
tx_legit_002279,0,842.37,6.7374,970,1,0,1,3,0,0
tx_legit_010141,0,402.41,6.0,541,1,0,2,3,0,0
tx_legit_003824,0,593.84,6.3883,456,1,0,1,1,0,0
tx_legit_011032,0,394.98,5.9814,243,1,0,1,1,0,0
tx_legit_006155,0,1191.16,7.0835,755,1,0,1,1,0,0
tx_legit_008346,0,539.0,6.2916,402,1,0,1,2,0,0
tx_fraud_000145,1,13162.14,9.4852,8,13,3,4,25,0,1
tx_legit_008018,0,190.48,5.2548,365,2,0,1,1,0,0
tx_legit_006523,0,564.8,6.3382,117,1,0,1,2,0,0
tx_legit_008182,0,139.44,4.9448,361,1,0,2,1,0,0
tx_legit_011620,0,2047.92,7.6251,761,1,0,1,1,0,0
tx_legit_007941,0,402.58,6.0004,814,1,0,1,1,0,0
tx_legit_002256,0,846.84,6.7427,319,1,0,1,1,0,0
tx_legit_006205,0,153.14,5.0379,242,4,0,2,8,0,0
tx_legit_000351,0,1690.32,7.4333,766,1,0,2,2,0,0
tx_legit_013542,0,330.24,5.8028,477,1,0,1,2,0,0
tx_legit_002249,0,437.37,6.0831,958,1,0,2,1,0,0
tx_legit_003045,0,478.8,6.1734,521,1,0,1,3,0,0
tx_legit_010633,0,393.38,5.9773,448,2,0,1,2,0,0
tx_legit_003192,0,439.33,6.0875,81,1,0,1,21,0,0
tx_legit_008477,0,518.02,6.2519,402,1,0,2,13,0,0
tx_legit_012292,0,424.65,6.0536,720,1,0,1,1,0,0
tx_fraud_000778,1,2386.86,7.7782,293,1,0,24,18,0,0
tx_legit_013315,0,1060.41,6.9674,288,1,0,1,1,0,0
tx_legit_011007,0,394.08,5.9791,477,1,2,2,4,0,0
tx_legit_000557,0,722.21,6.5837,155,2,0,1,1,0,0
tx_legit_011677,0,611.32,6.4173,346,1,0,1,13,0,0
tx_legit_008870,0,332.17,5.8087,166,1,0,1,19,0,0
tx_legit_013540,0,827.65,6.7198,317,1,0,1,2,0,0
tx_legit_007612,0,2887.71,7.9686,167,1,0,1,4,0,0
tx_legit_003901,0,222.06,5.4074,519,1,1,1,9,0,0
tx_legit_004372,0,468.41,6.1515,354,1,0,1,1,0,0
tx_legit_000254,0,2179.81,7.6875,976,2,1,2,1,0,0
tx_legit_008107,0,1252.59,7.1338,855,2,2,1,1,0,0
tx_legit_012951,0,128.06,4.8603,939,1,0,1,2,0,0
tx_legit_005426,0,149.06,5.011,190,2,0,1,2,0,0
tx_legit_003177,0,2002.95,7.6029,824,1,0,2,14,0,0
tx_legit_001347,0,392.43,5.9749,533,1,0,1,10,0,0
tx_legit_009380,0,886.49,6.7884,544,2,0,1,2,0,0
tx_legit_009551,0,446.9,6.1046,103,1,0,1,18,0,0
tx_fraud_000124,1,11729.04,9.3699,12,8,4,18,2,0,1
tx_legit_004484,0,200.24,5.3045,694,1,0,1,2,0,0
tx_legit_013437,0,492.2,6.2009,437,1,0,1,2,0,0
tx_legit_012605,0,712.67,6.5704,369,1,0,1,17,0,0
tx_legit_010948,0,225.94,5.4247,117,1,0,1,2,0,0
tx_legit_012380,0,331.41,5.8064,837,1,0,1,1,0,0
tx_legit_011445,0,523.35,6.2622,326,1,0,1,2,0,0
tx_legit_004640,0,401.46,5.9976,619,1,0,1,2,0,0
tx_legit_008696,0,313.94,5.7524,221,2,0,1,1,0,0
tx_legit_001700,0,597.83,6.395,630,1,0,1,14,0,0
tx_legit_013788,0,539.99,6.2934,720,1,0,1,2,0,0
tx_legit_006168,0,351.84,5.866,735,1,0,1,2,0,0
tx_legit_006920,0,2674.93,7.8921,448,2,0,2,4,0,0
tx_legit_008541,0,848.58,6.7447,892,1,0,1,1,0,0
tx_legit_007028,0,585.6,6.3743,828,1,0,1,1,0,0
tx_legit_007521,0,815.77,6.7054,949,3,0,2,1,0,0
tx_legit_006353,0,188.09,5.2422,915,2,0,1,9,0,0
tx_legit_007876,0,2169.32,7.6826,601,2,0,1,2,0,0
tx_legit_001918,0,402.71,6.0007,482,1,0,2,10,0,0
tx_legit_004493,0,272.56,5.6115,200,1,0,2,22,0,0
tx_legit_009784,0,577.84,6.361,218,1,0,1,2,0,0
tx_legit_006215,0,583.14,6.3701,861,1,0,1,1,0,0
tx_fraud_000609,1,30458.35,10.3241,3,24,9,18,36,1,1
tx_legit_000971,0,326.43,5.7913,341,1,0,1,2,0,0
tx_legit_012728,0,318.4,5.7664,443,1,0,1,1,0,0
tx_legit_000132,0,331.45,5.8065,735,1,0,1,2,0,0
tx_legit_010373,0,420.51,6.0438,422,1,0,2,15,0,0
tx_legit_003422,0,315.11,5.7561,787,1,0,1,1,0,0
tx_legit_011004,0,96.16,4.5764,715,2,0,1,1,0,0
tx_legit_008792,0,543.22,6.2994,949,1,0,1,2,0,0
tx_legit_005381,0,132.29,4.8925,958,1,0,1,1,0,0
tx_legit_000089,0,505.27,6.2271,130,1,1,1,1,0,0
tx_legit_007053,0,1417.44,7.2573,113,2,0,1,2,0,0
tx_legit_011343,0,712.95,6.5708,238,4,0,1,1,0,0
tx_fraud_000052,1,15217.41,9.6303,5,10,4,14,6,1,1
tx_legit_012218,0,686.85,6.5336,515,1,0,1,1,0,0
tx_legit_013675,0,396.36,5.9848,61,2,0,1,16,0,0
tx_legit_010628,0,441.57,6.0926,70,1,0,1,1,0,0
tx_legit_007969,0,348.98,5.8579,369,1,0,1,1,0,0
tx_legit_005619,0,251.06,5.5297,511,1,0,2,1,0,0
tx_legit_004180,0,97.95,4.5946,849,1,0,4,1,0,0
tx_legit_013136,0,759.79,6.6344,428,1,0,1,1,0,0
tx_fraud_000511,1,90805.47,11.4165,5,8,5,1,1,1,1
tx_legit_005165,0,469.17,6.1531,187,2,1,1,1,0,0
tx_legit_005248,0,137.48,4.9307,420,1,0,1,1,0,0
tx_legit_005622,0,460.91,6.1354,260,2,0,6,1,0,0
tx_legit_012741,0,805.92,6.6932,971,2,0,1,1,0,0
tx_legit_012531,0,513.87,6.2439,709,1,0,1,1,0,0
tx_fraud_001023,1,6942.51,8.8456,68,2,1,7,8,0,0
tx_legit_013546,0,531.9,6.2783,943,1,0,5,3,0,0
tx_legit_004157,0,616.74,6.4261,318,1,0,2,8,0,0
tx_legit_002330,0,412.26,6.0241,720,1,0,1,1,0,0
tx_legit_007378,0,457.37,6.1277,694,1,0,6,1,0,0
tx_legit_001335,0,380.99,5.9454,483,1,0,1,12,0,0
tx_legit_007718,0,404.27,6.0046,406,1,0,2,8,0,0
tx_fraud_000861,1,1597.75,7.377,270,1,0,1,19,0,0
tx_legit_000457,0,790.49,6.6739,150,1,0,1,2,0,0
tx_legit_000632,0,1390.86,7.2384,776,1,0,1,1,0,0
tx_legit_003967,0,473.79,6.1629,722,1,0,1,1,0,0
tx_legit_007180,0,132.6,4.8949,290,1,0,1,1,0,0
tx_legit_004420,0,206.12,5.3333,211,1,0,1,2,0,0
tx_legit_012574,0,221.57,5.4052,434,1,0,1,2,0,0
tx_legit_009768,0,630.52,6.4481,562,1,0,1,1,0,0
tx_legit_002195,0,519.84,6.2554,532,2,0,1,1,0,0
tx_legit_010441,0,93.21,4.5455,917,1,0,1,1,0,0
tx_legit_000833,0,876.44,6.777,579,1,0,1,3,0,0
tx_legit_002262,0,303.18,5.7176,423,1,1,1,2,0,0
tx_legit_013477,0,165.07,5.1124,954,1,0,1,2,0,0
tx_legit_013396,0,764.16,6.6401,440,1,0,1,1,0,0
tx_legit_008186,0,878.55,6.7794,732,1,0,1,1,0,0
tx_legit_003676,0,696.79,6.5479,356,1,0,1,3,0,0
tx_legit_010371,0,680.21,6.5239,155,1,0,1,3,0,0
tx_legit_003242,0,210.93,5.3563,379,2,2,1,2,0,0
tx_legit_007759,0,2010.23,7.6065,723,3,0,1,1,0,0
tx_legit_008084,0,1335.17,7.1976,39,1,0,1,2,0,0
tx_legit_002539,0,519.07,6.254,616,1,0,2,1,0,0
tx_legit_010268,0,1926.38,7.5639,52,2,0,1,17,0,0
tx_legit_002926,0,1909.77,7.5553,179,1,0,2,2,0,0
tx_legit_000023,0,995.51,6.9043,261,1,0,1,1,0,0
tx_legit_004479,0,483.18,6.1825,167,1,0,3,3,0,0
tx_legit_003622,0,564.2,6.3372,324,1,0,1,2,0,0
tx_legit_001793,0,899.74,6.8032,84,2,0,1,1,0,0
tx_legit_006855,0,1477.82,7.299,338,1,1,1,8,0,0
tx_legit_008858,0,2156.52,7.6767,941,1,0,2,1,0,0
tx_legit_013750,0,1021.11,6.9296,343,1,0,6,3,0,0
tx_legit_001734,0,285.59,5.6581,455,1,0,2,19,0,0
tx_legit_012716,0,696.1,6.5469,167,2,0,1,1,0,0
tx_legit_001020,0,409.35,6.017,840,1,0,1,12,0,0
tx_legit_009754,0,119.98,4.7956,180,1,0,1,3,0,0
tx_fraud_000082,1,17067.83,9.745,11,7,1,9,6,0,1
tx_legit_003894,0,361.75,5.8937,510,1,0,1,3,0,0
tx_legit_013367,0,161.66,5.0917,618,1,0,1,1,0,0
tx_legit_013243,0,365.53,5.9041,459,1,0,2,17,0,0
tx_legit_011106,0,2421.82,7.7927,527,1,0,1,1,0,0
tx_legit_001098,0,194.82,5.2772,423,1,0,2,1,0,0
tx_legit_002147,0,862.2,6.7606,271,1,0,3,1,0,0
tx_legit_000482,0,314.85,5.7553,44,2,0,2,9,0,0
tx_legit_011392,0,1172.63,7.0679,77,1,0,2,2,0,0
tx_legit_005481,0,538.94,6.2915,594,1,0,3,1,0,0
tx_legit_013042,0,735.14,6.6014,808,2,0,1,14,0,0
tx_legit_003244,0,1530.03,7.3337,586,1,0,2,20,0,0
tx_legit_010654,0,863.02,6.7616,59,2,0,1,18,0,0
tx_legit_000127,0,253.13,5.5378,724,1,0,1,15,0,0
tx_legit_002293,0,182.99,5.2149,381,1,0,1,1,0,0
tx_legit_006915,0,402.87,6.0011,641,2,0,1,1,0,0
tx_fraud_000892,1,3387.36,8.1281,334,1,0,1,13,0,0
tx_legit_001249,0,174.98,5.1704,272,1,0,1,3,0,0
tx_legit_002750,0,1057.53,6.9646,238,2,0,4,2,0,0
tx_legit_009177,0,186.48,5.2337,322,1,0,2,1,0,0
tx_legit_009294,0,237.32,5.4736,762,3,0,3,1,0,0
tx_legit_007189,0,913.88,6.8188,241,1,0,1,1,0,0
tx_legit_003364,0,558.62,6.3273,974,1,0,1,1,0,0
tx_legit_006325,0,339.95,5.8317,602,1,0,1,3,0,0
tx_legit_008070,0,438.64,6.086,259,1,0,1,1,0,0
tx_legit_005309,0,627.97,6.4441,683,1,0,2,1,0,0
tx_legit_007633,0,187.22,5.2376,906,1,0,1,2,0,0
tx_legit_007420,0,283.45,5.6506,214,1,0,1,1,0,0
tx_fraud_001051,1,6797.41,8.8244,170,2,1,8,12,0,0
tx_legit_006177,0,1319.32,7.1856,479,2,0,1,1,0,0
tx_legit_010764,0,505.51,6.2275,759,1,0,1,1,0,0
tx_fraud_000747,1,2253.64,7.7207,63,1,0,13,17,0,0
tx_legit_009620,0,410.96,6.0209,831,1,0,1,1,0,0
tx_legit_003421,0,222.16,5.4079,766,1,0,1,2,0,0
tx_legit_002886,0,620.04,6.4314,926,1,2,1,1,0,0
tx_legit_009536,0,905.88,6.81,595,1,0,1,1,0,0
tx_legit_011999,0,496.54,6.2097,961,1,0,1,1,0,0
tx_legit_010531,0,596.61,6.3929,899,1,0,3,2,0,0
tx_legit_007818,0,535.1,6.2843,463,1,1,1,1,0,0
tx_legit_000088,0,495.39,6.2074,641,1,0,3,2,0,0
tx_legit_000098,0,259.74,5.5635,526,1,0,1,2,0,0
tx_legit_010333,0,125.53,4.8405,295,2,0,4,1,0,0
tx_fraud_000322,1,19221.1,9.8638,5,9,2,2,6,1,1
tx_legit_000278,0,446.79,6.1043,882,1,0,1,1,0,0
tx_legit_008849,0,770.79,6.6487,403,1,1,1,2,0,0
tx_legit_011096,0,257.36,5.5544,296,1,0,3,1,0,0
tx_legit_008111,0,934.79,6.8414,612,1,0,1,1,0,0
tx_legit_007712,0,167.63,5.1277,335,1,0,2,14,0,0
tx_legit_011050,0,329.57,5.8008,79,2,0,2,2,0,0
tx_legit_012422,0,358.36,5.8843,469,1,0,1,2,0,0
tx_legit_009899,0,494.67,6.2059,781,1,0,1,1,0,0
tx_legit_005556,0,141.91,4.9622,705,2,0,2,14,0,0
tx_legit_007894,0,843.34,6.7386,119,1,0,1,1,0,0
tx_legit_003551,0,480.2,6.1763,64,1,1,1,2,0,0
tx_legit_011728,0,729.87,6.5942,238,1,0,1,5,0,0
tx_legit_005286,0,549.52,6.3109,615,1,0,1,1,0,0
tx_legit_007914,0,509.1,6.2346,837,1,0,1,1,0,0
tx_legit_000963,0,440.8,6.0909,804,1,0,2,20,0,0
tx_legit_006203,0,236.3,5.4693,622,1,0,1,1,0,0
tx_legit_003208,0,327.98,5.796,185,3,0,1,2,0,0
tx_legit_010472,0,189.99,5.2522,701,1,0,2,13,0,0
tx_legit_013668,0,316.31,5.7599,140,1,1,1,16,0,0
tx_legit_000456,0,740.92,6.6092,482,1,0,2,14,0,0
tx_legit_010490,0,828.22,6.7205,394,1,0,3,1,0,0
tx_legit_002582,0,642.47,6.4669,976,1,0,1,2,0,0
tx_legit_006128,0,790.06,6.6734,718,1,0,1,1,0,0
tx_legit_003452,0,638.74,6.4611,737,1,0,1,2,0,0
tx_legit_006805,0,943.2,6.8503,326,1,0,1,5,0,0
tx_legit_003583,0,609.36,6.414,684,1,0,2,14,0,0
tx_fraud_000223,1,3377.03,8.125,28,14,6,3,31,0,1
tx_legit_002178,0,506.26,6.229,448,1,0,2,10,0,0
tx_legit_009717,0,706.74,6.5621,717,1,0,1,17,0,0
tx_legit_003074,0,491.02,6.1985,116,2,0,1,1,0,0
tx_legit_003450,0,60.77,4.1234,775,2,0,1,18,0,0
tx_legit_012468,0,342.33,5.8387,665,1,0,1,3,0,0
tx_legit_012498,0,734.16,6.6001,705,1,0,1,1,0,0
tx_legit_012488,0,273.33,5.6143,557,1,0,2,2,0,0
tx_legit_009425,0,813.86,6.703,392,1,0,1,16,0,0
tx_legit_004914,0,663.09,6.4984,601,1,0,1,15,0,0
tx_legit_010364,0,482.23,6.1805,941,2,0,1,2,0,0
tx_legit_001646,0,354.8,5.8744,601,1,0,1,18,0,0
tx_legit_005519,0,268.59,5.5969,155,2,0,2,22,0,0
tx_legit_005077,0,411.11,6.0213,407,2,0,2,10,0,0
tx_legit_002777,0,497.94,6.2125,432,1,0,1,2,0,0
tx_legit_002026,0,477.4,6.1704,266,2,0,3,1,0,0
tx_legit_000540,0,247.14,5.514,699,1,0,2,19,0,0
tx_legit_003342,0,413.56,6.0272,895,1,0,1,15,0,0
tx_legit_002340,0,298.56,5.7023,220,1,0,2,5,0,0
tx_legit_004038,0,852.86,6.7498,124,2,0,1,1,0,0
tx_legit_013375,0,529.36,6.2736,146,1,0,1,1,0,0
tx_legit_002060,0,513.63,6.2434,61,1,1,1,2,0,0
tx_legit_007574,0,738.06,6.6054,180,1,0,1,1,0,0
tx_legit_008607,0,1701.88,7.4401,973,1,0,1,1,0,0
tx_legit_006861,0,1101.47,7.0053,328,1,0,1,4,0,0
tx_legit_002752,0,688.89,6.5365,767,1,0,1,1,0,0
tx_legit_003070,0,469.24,6.1532,891,2,0,2,14,0,0
tx_legit_008880,0,140.15,4.9498,158,1,0,2,18,0,0
tx_legit_000103,0,468.48,6.1516,154,1,2,2,3,0,0
tx_legit_009514,0,227.17,5.4301,719,1,0,1,1,0,0
tx_legit_002535,0,241.83,5.4924,43,1,0,1,3,0,0
tx_legit_001353,0,359.07,5.8863,319,1,0,1,3,0,0
tx_legit_003766,0,156.34,5.0584,869,1,0,2,18,0,0
tx_legit_013168,0,395.34,5.9823,685,1,0,2,18,0,0
tx_legit_002552,0,919.51,6.8249,687,1,1,1,1,0,0
tx_legit_001395,0,407.69,6.013,53,1,0,2,19,0,0
tx_legit_003049,0,421.79,6.0469,16,2,0,1,10,0,0
tx_legit_010139,0,1438.71,7.2722,697,1,0,5,2,0,0
tx_legit_000429,0,85.21,4.4568,229,3,0,2,20,0,0
tx_legit_011599,0,245.17,5.506,950,1,0,1,1,0,0
tx_legit_011364,0,378.68,5.9393,100,1,0,2,15,0,0
tx_legit_009767,0,141.39,4.9586,981,1,0,1,1,0,0
tx_legit_002879,0,2770.89,7.9273,555,2,0,1,12,0,0
tx_legit_003939,0,775.22,6.6544,569,1,0,4,3,0,0
tx_legit_003086,0,300.16,5.7076,538,1,0,1,1,0,0
tx_legit_002785,0,102.88,4.6432,106,1,0,5,3,0,0
tx_legit_010979,0,303.49,5.7186,600,1,0,4,3,0,0
tx_legit_002021,0,145.94,4.99,831,2,0,2,3,0,0
tx_legit_003307,0,780.24,6.6609,337,3,0,1,1,0,0
tx_legit_011617,0,928.32,6.8345,569,1,0,6,1,0,0
tx_fraud_000327,1,15339.67,9.6383,2,5,3,5,3,1,1
tx_fraud_000593,1,16194.3,9.6925,7,30,9,19,38,1,1
tx_legit_011564,0,266.37,5.5886,28,1,0,2,17,0,0
tx_legit_001164,0,347.38,5.8533,665,1,0,1,19,0,0
tx_legit_009975,0,721.58,6.5828,220,1,0,2,11,0,0
tx_legit_005877,0,774.71,6.6538,485,3,0,4,2,0,0
tx_legit_004224,0,596.52,6.3928,421,4,0,1,4,0,0
tx_legit_002099,0,587.29,6.3772,397,2,0,1,3,0,0
tx_legit_009159,0,109.45,4.7046,753,2,0,1,2,0,0
tx_legit_004728,0,556.38,6.3232,111,1,0,1,1,0,0
tx_legit_004137,0,181.83,5.2086,829,2,0,1,2,0,0
tx_legit_006228,0,107.92,4.6906,51,1,0,1,2,0,0
tx_fraud_000727,1,2015.95,7.6093,154,1,0,13,15,0,0
tx_legit_002816,0,936.75,6.8435,881,1,0,1,3,0,0
tx_legit_001341,0,666.48,6.5035,133,1,0,1,1,0,0
tx_legit_006207,0,1016.67,6.9253,999,2,0,2,1,0,0
tx_legit_002754,0,422.56,6.0487,518,1,0,1,5,0,0
tx_legit_008344,0,703.79,6.5579,859,3,0,1,4,0,0
tx_legit_003795,0,741.95,6.6106,150,1,1,1,1,0,0
tx_legit_004999,0,695.98,6.5468,430,1,0,3,1,0,0
tx_fraud_000341,1,9958.59,9.2063,2,7,1,5,6,1,1
tx_fraud_000198,1,6090.76,8.7147,9,10,8,1,12,0,1
tx_legit_008508,0,1067.74,6.9742,741,3,0,1,1,0,0
tx_legit_003516,0,371.62,5.9206,860,1,0,1,1,0,0
tx_legit_013132,0,387.7,5.9628,345,1,0,1,17,0,0
tx_legit_013763,0,835.47,6.7292,986,1,0,2,1,0,0
tx_legit_012835,0,326.12,5.7903,855,1,1,1,1,0,0
tx_legit_002078,0,700.2,6.5528,614,1,0,1,1,0,0
tx_legit_007345,0,453.84,6.1199,399,1,0,1,1,0,0
tx_legit_003265,0,904.27,6.8082,740,1,0,1,1,0,0
tx_legit_013621,0,382.25,5.9487,670,1,0,1,1,0,0
tx_legit_004073,0,118.84,4.7862,345,1,0,2,12,0,0
tx_legit_009968,0,509.87,6.2361,989,3,0,6,1,0,0
tx_legit_006932,0,827.06,6.7191,48,2,1,1,20,0,0
tx_legit_006972,0,381.32,5.9463,596,1,0,2,3,0,0
tx_legit_010241,0,1092.14,6.9968,748,1,0,2,22,0,0
tx_legit_004997,0,688.07,6.5353,399,2,0,1,10,0,0
tx_legit_007880,0,291.3,5.6778,215,2,0,2,2,0,0
tx_legit_008719,0,626.51,6.4418,348,1,0,1,1,0,0
tx_legit_012576,0,498.45,6.2135,506,2,0,2,12,0,0
tx_legit_008209,0,375.61,5.9312,384,1,0,3,1,0,0
tx_legit_000681,0,761.49,6.6366,566,1,0,1,2,0,0
tx_fraud_000545,1,37356.94,10.5283,3,16,10,23,23,1,1
tx_legit_002360,0,732.28,6.5975,592,1,0,1,1,0,0
tx_legit_000652,0,340.8,5.8342,830,1,0,1,1,0,0
tx_legit_007352,0,133.53,4.9018,78,1,0,1,1,0,0
tx_legit_002906,0,1671.22,7.4219,725,1,0,1,3,0,0
tx_legit_003501,0,594.25,6.389,279,1,0,1,3,0,0
tx_legit_010273,0,749.02,6.6201,857,1,0,1,2,0,0
tx_legit_004164,0,772.63,6.6511,94,1,0,1,1,0,0
tx_legit_001178,0,621.88,6.4344,411,1,0,1,1,0,0
tx_legit_008308,0,688.88,6.5365,917,1,0,1,1,0,0
tx_legit_007730,0,901.39,6.805,265,2,0,2,19,0,0
tx_fraud_000317,1,7286.47,8.8939,4,4,3,3,4,1,0
tx_legit_006377,0,321.46,5.776,360,2,0,5,3,0,0
tx_legit_008951,0,854.92,6.7522,324,1,0,1,21,0,0
tx_legit_003164,0,857.73,6.7555,906,2,0,1,1,0,0
tx_fraud_000986,1,3646.85,8.2019,157,2,1,10,7,0,0
tx_legit_012950,0,1057.01,6.9641,679,1,0,1,1,0,0
tx_fraud_000351,1,14136.55,9.5566,3,8,3,4,6,1,1
tx_legit_004421,0,651.39,6.4806,457,2,0,1,1,0,0
tx_legit_003906,0,988.65,6.8974,279,2,1,1,1,0,0
tx_legit_013622,0,186.86,5.2357,701,1,0,1,1,0,0
tx_legit_003272,0,277.1,5.628,371,1,0,2,1,0,0
tx_legit_006196,0,1023.52,6.932,763,2,1,1,1,0,0
tx_legit_007204,0,725.52,6.5883,641,1,0,5,2,0,0
tx_legit_013759,0,936.99,6.8437,78,1,0,1,2,0,0
tx_legit_005571,0,618.78,6.4294,50,1,0,1,3,0,0
tx_legit_011939,0,730.44,6.595,334,1,0,1,1,0,0
tx_legit_006740,0,157.01,5.0627,701,1,0,1,1,0,0
tx_legit_008393,0,357.84,5.8829,667,1,0,2,13,0,0
tx_legit_002835,0,379.75,5.9421,662,1,0,1,1,0,0
tx_legit_001337,0,704.56,6.559,614,2,0,1,1,0,0
tx_legit_012997,0,1049.71,6.9572,352,1,0,1,12,0,0
tx_legit_009418,0,698.88,6.5509,115,1,0,3,2,0,0
tx_legit_008526,0,806.63,6.6941,763,1,0,1,2,0,0
tx_legit_001047,0,227.0,5.4293,648,1,0,1,4,0,0
tx_legit_012977,0,333.25,5.8119,61,2,1,1,1,0,0
tx_legit_007065,0,318.19,5.7658,475,1,0,1,17,0,0
tx_legit_007833,0,911.64,6.8163,444,1,0,1,22,0,0
tx_legit_004720,0,141.67,4.9605,868,1,0,1,5,0,0
tx_legit_004251,0,603.73,6.4048,368,1,0,1,2,0,0
tx_legit_001056,0,930.42,6.8367,167,1,2,1,1,0,0
tx_legit_000620,0,980.45,6.889,625,1,0,2,1,0,0
tx_legit_005090,0,190.09,5.2527,803,1,0,1,16,0,0
tx_legit_004532,0,523.0,6.2615,548,1,0,1,2,0,0
tx_fraud_000498,1,60742.72,11.0144,7,13,5,1,1,1,1
tx_legit_007380,0,374.64,5.9286,816,2,0,1,3,0,0
tx_legit_005782,0,278.92,5.6345,369,1,0,1,1,0,0
tx_legit_004917,0,315.78,5.7582,24,1,0,1,1,0,0
tx_legit_007039,0,259.19,5.5614,925,1,0,1,1,0,0
tx_legit_012924,0,865.7,6.7647,222,2,0,1,3,0,0
tx_legit_009496,0,1309.97,7.1785,646,1,1,3,1,0,0
tx_legit_009561,0,1224.25,7.1109,420,1,0,2,10,0,0
tx_legit_001582,0,1549.01,7.346,206,1,0,1,1,0,0
tx_legit_007835,0,719.51,6.58,407,1,1,1,1,0,0
tx_legit_002142,0,295.3,5.6914,463,1,0,2,20,0,0
tx_legit_001292,0,323.39,5.7819,272,2,0,2,9,0,0
tx_fraud_000832,1,1914.67,7.5578,290,1,0,1,15,0,0
tx_legit_002637,0,403.55,6.0028,207,1,0,4,3,0,0
tx_legit_011908,0,816.34,6.7061,619,2,0,1,1,0,0
tx_legit_001766,0,635.22,6.4555,418,2,0,2,18,0,0
tx_legit_008263,0,809.75,6.698,78,1,0,1,2,0,0
tx_legit_004753,0,1605.69,7.3819,721,2,0,1,1,0,0
tx_legit_002916,0,457.13,6.1272,206,2,0,1,1,0,0
tx_legit_007931,0,530.47,6.2756,844,1,0,1,1,0,0
tx_legit_003399,0,1395.12,7.2415,635,1,0,1,1,0,0
tx_legit_010300,0,709.64,6.5662,437,1,0,2,18,0,0
tx_legit_004338,0,1189.2,7.0819,467,1,0,2,1,0,0
tx_fraud_000208,1,8840.31,9.0872,10,18,3,1,12,0,1
tx_legit_013619,0,409.5,6.0174,384,1,0,1,4,0,0
tx_legit_012267,0,284.23,5.6533,981,1,0,3,1,0,0
tx_fraud_000252,1,3557.96,8.1772,25,21,4,3,15,0,1
tx_legit_005973,0,376.54,5.9337,767,1,0,1,1,0,0
tx_legit_013329,0,182.5,5.2122,673,1,0,1,5,0,0
tx_legit_005824,0,256.65,5.5516,672,1,0,1,1,0,0
tx_legit_002673,0,614.07,6.4217,867,1,0,1,1,0,0
tx_legit_007451,0,262.81,5.5752,378,1,0,2,1,0,0
tx_legit_013724,0,885.17,6.7869,741,1,0,1,22,0,0
tx_legit_013076,0,588.82,6.3798,676,2,2,1,1,0,0
tx_legit_007188,0,472.4,6.1599,532,1,0,4,1,0,0
tx_legit_011274,0,205.25,5.3291,439,1,0,1,2,0,0
tx_legit_002810,0,189.94,5.252,958,1,0,1,1,0,0
tx_legit_003992,0,682.68,6.5275,158,2,0,1,17,0,0
tx_legit_007562,0,782.94,6.6643,283,1,0,1,3,0,0
tx_legit_007624,0,740.11,6.6081,830,1,0,1,1,0,0
tx_legit_008962,0,104.79,4.6615,969,2,0,2,11,0,0
tx_legit_009114,0,604.61,6.4062,37,1,0,1,1,0,0
tx_legit_003261,0,169.59,5.1393,354,1,0,1,1,0,0
tx_legit_009568,0,1993.01,7.5979,715,2,0,2,3,0,0
tx_legit_003908,0,729.46,6.5937,953,1,1,1,1,0,0
tx_legit_005060,0,395.72,5.9832,302,1,0,1,14,0,0
tx_legit_004059,0,820.54,6.7112,824,1,0,1,1,0,0
tx_legit_001892,0,155.87,5.0554,542,1,0,1,1,0,0
tx_fraud_000956,1,7121.71,8.871,153,2,1,11,12,0,0
tx_legit_000248,0,1320.09,7.1862,459,1,0,1,1,0,0
tx_legit_000902,0,428.19,6.0619,586,2,0,1,3,0,0
tx_legit_001100,0,242.13,5.4936,807,1,0,1,4,0,0
tx_legit_004979,0,772.15,6.6505,635,1,1,1,2,0,0
tx_legit_013547,0,560.21,6.3301,320,1,0,1,1,0,0
tx_legit_013679,0,1581.81,7.367,383,1,0,1,2,0,0
tx_legit_009251,0,143.7,4.9747,401,1,0,1,1,0,0
tx_legit_000015,0,275.3,5.6215,412,1,0,1,1,0,0
tx_legit_002506,0,249.44,5.5232,360,4,0,1,2,0,0
tx_legit_003526,0,1174.49,7.0694,235,2,0,2,1,0,0
tx_legit_005700,0,209.63,5.3501,196,1,0,1,1,0,0
tx_legit_009647,0,236.39,5.4697,563,1,0,1,1,0,0
tx_legit_007069,0,1175.18,7.07,499,3,0,6,2,0,0
tx_legit_000472,0,385.7,5.9576,271,1,0,1,1,0,0
tx_legit_004852,0,507.64,6.2317,830,2,0,1,1,0,0
tx_legit_003579,0,439.99,6.089,870,1,0,2,2,0,0
tx_legit_005361,0,261.52,5.5703,411,1,0,1,2,0,0
tx_legit_007659,0,801.32,6.6875,846,1,0,1,1,0,0
tx_legit_000584,0,467.28,6.1491,361,1,0,1,1,0,0
tx_legit_010349,0,240.04,5.485,330,1,0,1,1,0,0
tx_legit_005412,0,524.15,6.2637,413,1,0,1,2,0,0
tx_legit_006706,0,371.2,5.9194,720,1,0,2,22,0,0
tx_legit_013534,0,313.35,5.7505,743,1,0,1,2,0,0
tx_fraud_000761,1,1594.8,7.3751,254,1,0,14,15,0,0
tx_legit_002841,0,1021.98,6.9305,100,1,0,1,2,0,0
tx_fraud_000053,1,10620.56,9.2706,14,10,2,15,3,0,1
tx_legit_012451,0,1076.91,6.9828,472,1,0,1,1,0,0
tx_fraud_000085,1,3238.59,8.0832,9,11,4,18,3,0,1
tx_fraud_000073,1,14812.35,9.6033,13,4,3,14,2,0,0
tx_legit_011311,0,347.62,5.854,893,2,1,1,4,0,0
tx_fraud_000840,1,2000.7,7.6018,193,1,0,1,19,0,0
tx_legit_005585,0,308.13,5.7338,633,1,0,1,1,0,0
tx_legit_013597,0,698.73,6.5507,898,2,1,3,1,0,0
tx_legit_003156,0,718.23,6.5782,972,1,0,2,19,0,0
tx_legit_000736,0,766.02,6.6425,955,1,0,1,3,0,0
tx_legit_006640,0,780.94,6.6618,469,1,0,3,3,0,0
tx_legit_006281,0,185.38,5.2278,143,1,0,1,3,0,0
tx_fraud_001086,1,7251.23,8.8891,522,2,0,12,13,0,0
tx_legit_007323,0,430.66,6.0676,995,2,0,1,1,0,0
tx_legit_012381,0,598.32,6.3958,157,3,0,4,3,0,0
tx_legit_004008,0,1011.04,6.9197,337,1,0,1,2,0,0
tx_legit_000873,0,140.01,4.9488,157,1,0,1,1,0,0
tx_legit_012972,0,1301.79,7.1723,477,1,1,1,2,0,0
tx_legit_002821,0,608.32,6.4123,463,1,0,2,18,0,0
tx_legit_008928,0,312.54,5.7479,807,1,0,1,2,0,0
tx_legit_005290,0,954.09,6.8618,986,1,0,6,2,0,0
tx_legit_011423,0,530.68,6.276,294,3,0,1,1,0,0
tx_legit_004579,0,703.9,6.5581,844,1,0,1,1,0,0
tx_legit_006606,0,501.49,6.2196,577,2,0,1,1,0,0
tx_legit_011266,0,192.22,5.2638,637,4,0,3,1,0,0
tx_legit_010452,0,247.55,5.5156,259,1,0,1,2,0,0
tx_legit_009745,0,239.55,5.4829,778,1,0,4,3,0,0
tx_legit_002845,0,2148.2,7.6729,486,1,0,2,1,0,0
tx_legit_010181,0,798.11,6.6835,86,1,0,1,20,0,0
tx_legit_007606,0,380.92,5.9452,103,1,0,2,10,0,0
tx_legit_003673,0,125.61,4.8411,533,2,0,2,13,0,0
tx_legit_002409,0,216.92,5.3841,845,1,0,1,2,0,0
tx_legit_009738,0,175.7,5.1745,253,1,0,2,1,0,0
tx_legit_005888,0,1388.12,7.2364,972,1,0,2,1,0,0
tx_legit_011198,0,782.15,6.6633,630,1,0,1,22,0,0
tx_legit_009193,0,1258.96,7.1388,200,1,0,2,1,0,0
tx_legit_001019,0,576.85,6.3593,217,1,0,1,2,0,0
tx_legit_010265,0,472.54,6.1602,720,1,0,1,1,0,0
tx_legit_007789,0,1088.15,6.9932,836,2,0,5,3,0,0
tx_legit_004713,0,245.88,5.5089,765,1,0,1,13,0,0
tx_legit_009761,0,1068.65,6.9751,271,2,0,5,1,0,0
tx_legit_005582,0,486.42,6.1891,941,1,0,1,1,0,0
tx_legit_012763,0,328.16,5.7965,322,1,0,1,2,0,0
tx_legit_005132,0,707.97,6.5638,154,2,0,5,1,0,0
tx_fraud_000493,1,59116.94,10.9873,10,7,7,1,1,0,1
tx_legit_000715,0,622.9,6.436,80,1,0,1,1,0,0
tx_legit_012699,0,1455.92,7.2841,99,1,0,6,1,0,0
tx_legit_004663,0,346.82,5.8517,593,2,0,1,1,0,0
tx_legit_010858,0,570.39,6.3481,490,2,0,6,3,0,0
tx_legit_005555,0,237.93,5.4762,167,1,0,1,1,0,0
tx_legit_008901,0,685.37,6.5314,260,1,0,1,1,0,0
tx_legit_002840,0,311.03,5.7431,96,1,0,2,9,0,0
tx_legit_006173,0,531.63,6.2778,974,1,0,1,1,0,0
tx_legit_001471,0,668.54,6.5066,311,2,0,1,1,0,0
tx_legit_000074,0,282.23,5.6463,854,1,0,1,1,0,0
tx_legit_006365,0,978.47,6.887,291,1,0,1,2,0,0
tx_legit_001674,0,205.42,5.3299,336,1,0,2,11,0,0
tx_legit_006307,0,671.57,6.5111,738,1,0,2,8,0,0
tx_legit_008994,0,347.54,5.8538,291,1,0,1,3,0,0
tx_legit_006681,0,198.16,5.2941,513,1,0,1,1,0,0
tx_legit_000385,0,822.9,6.714,483,1,0,1,1,0,0
tx_legit_013005,0,242.85,5.4966,76,1,0,1,1,0,0
tx_legit_001691,0,96.37,4.5785,758,1,0,1,2,0,0
tx_legit_002246,0,2393.29,7.7808,725,1,0,1,1,0,0
tx_legit_000992,0,469.71,6.1542,769,1,0,1,16,0,0
tx_legit_001836,0,351.83,5.866,106,1,0,1,2,0,0
tx_legit_001021,0,570.39,6.3481,707,1,0,2,19,0,0
tx_legit_012842,0,1159.2,7.0563,696,1,0,1,1,0,0
tx_legit_001197,0,722.28,6.5838,713,2,0,1,1,0,0
tx_legit_012607,0,284.1,5.6528,567,1,0,1,1,0,0
tx_legit_001052,0,615.69,6.4244,387,3,0,1,2,0,0
tx_legit_007491,0,342.68,5.8397,156,4,0,1,14,0,0
tx_legit_011930,0,486.6,6.1895,352,1,1,2,3,0,0
tx_fraud_000914,1,3016.5,8.0122,394,1,0,1,22,0,0
tx_legit_003717,0,383.81,5.9527,552,1,0,2,8,0,0
tx_legit_011832,0,1373.64,7.2259,679,1,0,1,2,0,0
tx_legit_012636,0,187.02,5.2365,408,1,0,1,3,0,0
tx_legit_011472,0,599.06,6.397,358,1,0,1,22,0,0
tx_legit_004426,0,280.63,5.6406,684,1,0,1,1,0,0
tx_legit_011609,0,454.12,6.1206,338,1,0,1,2,0,0
tx_legit_000767,0,592.5,6.386,923,4,0,6,2,0,0
tx_legit_003426,0,253.33,5.5386,684,1,0,1,4,0,0
tx_legit_000043,0,278.52,5.6331,603,1,0,1,2,0,0
tx_legit_011304,0,441.22,6.0918,950,1,0,1,1,0,0
tx_legit_003191,0,590.73,6.3831,753,1,0,2,1,0,0
tx_fraud_000334,1,20660.67,9.936,0,4,3,3,2,1,0
tx_legit_012559,0,1584.95,7.3689,467,2,1,1,1,0,0
tx_legit_003888,0,630.84,6.4486,562,1,0,4,3,0,0
tx_legit_012159,0,343.26,5.8414,313,1,0,3,1,0,0
tx_legit_008392,0,632.0,6.4505,856,1,0,1,1,0,0
tx_legit_006927,0,151.34,5.0261,532,1,0,1,2,0,0
tx_legit_003719,0,609.84,6.4148,614,1,0,1,1,0,0
tx_legit_004542,0,442.15,6.0939,450,2,1,1,1,0,0
tx_legit_007563,0,362.57,5.896,732,1,0,3,1,0,0
tx_legit_006653,0,326.94,5.7928,768,1,0,1,1,0,0
tx_legit_007542,0,416.62,6.0346,74,2,0,1,2,0,0
tx_legit_011049,0,814.85,6.7042,20,1,0,5,2,0,0
tx_legit_003197,0,333.06,5.8113,970,3,0,4,3,0,0
tx_legit_013144,0,571.62,6.3502,654,1,0,2,1,0,0
tx_legit_013303,0,343.24,5.8413,809,1,0,2,20,0,0
tx_legit_004591,0,363.81,5.8994,221,1,1,1,1,0,0
tx_fraud_000655,1,50326.92,10.8263,5,12,6,10,33,1,1
tx_legit_006633,0,333.26,5.8119,825,1,0,2,3,0,0
tx_legit_007159,0,651.32,6.4805,503,1,0,1,4,0,0
tx_legit_004096,0,830.84,6.7236,218,1,0,1,4,0,0
tx_legit_010657,0,778.62,6.6588,884,1,0,1,11,0,0
tx_legit_010788,0,188.21,5.2429,231,1,0,6,1,0,0
tx_legit_012871,0,462.87,6.1396,510,2,0,1,1,0,0
tx_fraud_000030,1,15211.31,9.6299,1,6,1,17,6,1,1
tx_legit_013212,0,376.85,5.9345,115,1,0,2,9,0,0
tx_legit_011296,0,179.9,5.1979,986,3,0,3,1,0,0
tx_legit_002764,0,618.38,6.4287,803,1,0,1,2,0,0
tx_legit_001192,0,403.86,6.0035,61,2,0,1,3,0,0
tx_legit_004007,0,276.53,5.6259,393,1,0,2,14,0,0
tx_legit_010408,0,737.02,6.604,747,1,0,1,1,0,0
tx_legit_006050,0,392.61,5.9754,422,1,0,1,2,0,0
tx_legit_002946,0,364.08,5.9001,621,3,0,1,1,0,0
tx_legit_009420,0,347.03,5.8523,64,1,0,1,2,0,0
tx_legit_001188,0,82.83,4.4288,586,1,0,1,1,0,0
tx_legit_007022,0,853.41,6.7504,73,1,1,1,3,0,0
tx_fraud_000641,1,41083.66,10.6234,0,24,10,14,17,1,1
tx_fraud_000951,1,3376.94,8.125,60,2,1,7,5,0,0
tx_legit_005723,0,566.65,6.3415,214,1,0,2,2,0,0
tx_legit_013568,0,396.9,5.9862,980,1,0,2,2,0,0
tx_legit_000426,0,1811.26,7.5023,524,3,0,2,20,0,0
tx_legit_008416,0,296.01,5.6938,653,1,0,1,1,0,0
tx_legit_007148,0,324.65,5.7858,389,1,0,1,1,0,0
tx_legit_007166,0,505.24,6.227,592,2,0,5,1,0,0
tx_fraud_000998,1,7107.24,8.869,177,2,1,12,12,0,0
tx_legit_005522,0,684.1,6.5296,290,1,0,1,1,0,0
tx_fraud_001024,1,3390.25,8.129,36,2,1,11,10,0,0
tx_legit_001676,0,215.5,5.3776,382,2,0,1,2,0,0
tx_legit_000895,0,107.0,4.6821,196,1,0,2,2,0,0
tx_legit_002991,0,154.52,5.0468,429,1,1,4,1,0,0
tx_legit_013612,0,692.57,6.5419,715,2,0,2,1,0,0
tx_fraud_000816,1,3097.95,8.0388,146,1,0,1,17,0,0
tx_legit_010279,0,416.39,6.034,185,1,0,1,3,0,0
tx_legit_003693,0,500.97,6.2185,275,1,0,2,16,0,0
tx_legit_001724,0,256.03,5.5492,760,1,0,1,1,0,0
tx_legit_007899,0,915.76,6.8208,84,1,0,1,1,0,0
tx_legit_010545,0,618.65,6.4292,262,1,0,2,14,0,0
tx_legit_002083,0,459.28,6.1318,760,1,0,1,2,0,0
tx_legit_013562,0,438.25,6.0851,72,1,0,3,3,0,0
tx_legit_000297,0,425.52,6.0557,114,1,0,1,1,0,0
tx_legit_002753,0,597.88,6.3951,615,1,0,1,4,0,0
tx_legit_012003,0,1178.74,7.073,517,1,1,2,2,0,0
tx_legit_001790,0,468.37,6.1514,775,1,0,1,9,0,0
tx_legit_005838,0,1212.51,7.1013,886,1,0,1,1,0,0
tx_legit_011522,0,421.32,6.0458,631,1,0,1,1,0,0
tx_legit_011721,0,196.46,5.2855,725,1,0,1,4,0,0
tx_legit_004072,0,103.45,4.6487,107,1,1,1,1,0,0
tx_legit_003372,0,1766.6,7.4774,967,1,0,1,1,0,0
tx_legit_008895,0,339.99,5.8319,64,1,0,1,11,0,0
tx_fraud_000324,1,10261.02,9.2362,4,4,2,4,6,1,0
tx_legit_004147,0,2378.83,7.7748,621,1,0,1,9,0,0
tx_legit_011820,0,745.61,6.6155,456,1,0,1,3,0,0
tx_legit_008240,0,571.25,6.3496,175,2,0,1,22,0,0
tx_fraud_001061,1,5790.49,8.6641,84,2,1,15,9,0,0
tx_legit_002372,0,428.26,6.0621,993,1,0,1,1,0,0
tx_legit_008232,0,1801.74,7.4971,650,1,0,1,2,0,0
tx_legit_010881,0,788.14,6.6709,330,1,0,2,18,0,0
tx_legit_012175,0,390.92,5.9711,988,1,1,1,2,0,0
tx_legit_009917,0,233.04,5.4555,689,1,0,2,1,0,0
tx_legit_011804,0,188.72,5.2455,152,2,0,1,2,0,0
tx_legit_008754,0,540.13,6.2937,461,1,0,2,4,0,0
tx_legit_002707,0,248.82,5.5207,101,1,0,2,1,0,0
tx_legit_013331,0,442.43,6.0945,500,2,0,2,14,0,0
tx_legit_002951,0,257.76,5.5559,360,1,0,1,1,0,0
tx_legit_006511,0,756.9,6.6306,653,2,0,1,2,0,0
tx_legit_006790,0,76.66,4.3523,217,1,0,3,1,0,0
tx_fraud_000946,1,5581.61,8.6274,170,2,1,13,6,0,0
tx_fraud_001083,1,5068.14,8.5309,491,2,0,16,17,0,0
tx_fraud_000209,1,12381.83,9.4241,25,9,5,2,19,0,1
tx_legit_012276,0,256.38,5.5506,502,1,1,6,2,0,0
tx_legit_007490,0,267.57,5.5931,884,1,0,1,1,0,0
tx_legit_003814,0,473.67,6.1626,977,1,0,4,2,0,0
tx_legit_012149,0,877.0,6.7776,858,1,0,2,1,0,0
tx_legit_009814,0,313.23,5.7501,441,2,1,2,22,0,0
tx_legit_003918,0,622.93,6.436,265,2,0,6,3,0,0
tx_legit_009794,0,1299.25,7.1703,418,1,0,1,9,0,0
tx_legit_002507,0,262.33,5.5734,941,1,1,2,1,0,0
tx_legit_010439,0,442.6,6.0949,361,1,0,1,2,0,0
tx_legit_008323,0,514.93,6.246,860,4,0,4,3,0,0
tx_legit_006381,0,335.0,5.8171,68,2,0,1,3,0,0
tx_legit_000530,0,999.26,6.908,323,1,0,2,10,0,0
tx_legit_008917,0,104.99,4.6633,392,1,1,1,1,0,0
tx_fraud_000431,1,57880.7,10.9662,1,13,3,1,1,1,1
tx_legit_013701,0,345.55,5.848,189,2,0,1,1,0,0
tx_legit_010292,0,284.82,5.6554,249,1,0,1,2,0,0
tx_legit_012191,0,59.99,4.1107,525,2,0,1,1,0,0
tx_legit_004310,0,130.25,4.8771,807,1,0,1,1,0,0
tx_legit_010213,0,1073.82,6.9799,732,1,0,1,17,0,0
tx_legit_001477,0,119.82,4.7943,623,4,0,6,3,0,0
tx_legit_005306,0,640.86,6.4644,19,1,0,1,18,0,0
tx_legit_011005,0,586.93,6.3766,373,1,0,3,1,0,0
tx_legit_012243,0,940.23,6.8472,536,1,0,1,3,0,0
tx_legit_004673,0,412.93,6.0257,80,1,0,1,1,0,0
tx_legit_004537,0,417.47,6.0366,183,2,0,1,1,0,0
tx_legit_003885,0,478.84,6.1735,205,2,0,1,1,0,0
tx_legit_011021,0,359.34,5.887,726,2,0,1,1,0,0
tx_legit_006992,0,686.23,6.5327,187,1,1,1,1,0,0
tx_legit_006712,0,292.67,5.6825,529,1,0,1,1,0,0
tx_fraud_000871,1,2173.41,7.6845,233,1,0,1,25,0,0
tx_legit_005229,0,369.88,5.9159,57,1,0,1,11,0,0
tx_legit_011834,0,566.64,6.3415,666,2,0,3,1,0,0
tx_legit_009861,0,731.65,6.5967,567,3,0,1,1,0,0
tx_legit_006071,0,205.66,5.3311,823,2,0,2,1,0,0
tx_legit_001198,0,424.64,6.0536,909,1,0,1,1,0,0
tx_legit_000568,0,1400.58,7.2454,818,3,1,3,4,0,0
tx_legit_007600,0,102.84,4.6429,183,2,0,1,1,0,0
tx_legit_010775,0,83.38,4.4353,304,2,0,2,13,0,0
tx_legit_008011,0,258.07,5.5571,113,1,0,1,18,0,0
tx_legit_005985,0,132.52,4.8943,862,1,0,1,3,0,0
tx_legit_007109,0,273.83,5.6162,220,1,0,1,19,0,0
tx_legit_007343,0,264.32,5.5809,106,2,0,1,1,0,0
tx_legit_011889,0,532.65,6.2797,685,1,0,3,2,0,0
tx_legit_006319,0,417.57,6.0368,422,1,0,1,2,0,0
tx_legit_012814,0,2546.09,7.8427,164,1,0,1,2,0,0
tx_legit_011666,0,974.58,6.883,535,3,0,1,4,0,0
tx_legit_011925,0,818.02,6.7081,600,4,0,1,22,0,0
tx_legit_000929,0,290.36,5.6746,130,1,0,3,1,0,0
tx_legit_007311,0,751.92,6.624,437,1,0,1,13,0,0
tx_fraud_000835,1,2544.71,7.8422,450,1,0,1,25,0,0
tx_legit_002206,0,176.69,5.18,779,1,0,1,1,0,0
tx_legit_008929,0,973.65,6.8821,936,1,0,3,3,0,0
tx_legit_011114,0,388.92,5.9659,752,1,0,1,10,0,0
tx_legit_010793,0,425.24,6.055,747,2,1,1,2,0,0
tx_legit_002425,0,328.36,5.7972,273,3,0,1,1,0,0
tx_legit_000976,0,377.63,5.9366,505,1,0,2,16,0,0
tx_legit_000931,0,440.37,6.0899,102,2,0,1,1,0,0
tx_legit_003359,0,597.7,6.3948,539,1,0,1,3,0,0
tx_legit_009199,0,1889.05,7.5444,578,1,0,1,16,0,0
tx_legit_008494,0,172.51,5.1562,119,1,1,1,1,0,0
tx_legit_005125,0,458.43,6.13,498,1,1,1,3,0,0
tx_legit_002570,0,386.92,5.9608,835,1,0,1,1,0,0
tx_legit_011298,0,713.16,6.5711,25,1,0,2,1,0,0
tx_fraud_001054,1,4495.35,8.411,82,2,1,9,7,0,0
tx_legit_001966,0,400.96,5.9964,849,1,2,2,16,0,0
tx_legit_010247,0,342.88,5.8403,320,2,0,1,4,0,0
tx_legit_005181,0,1054.5,6.9618,134,1,1,1,2,0,0
tx_legit_007460,0,299.32,5.7048,989,1,0,1,2,0,0
tx_legit_006613,0,234.69,5.4625,384,1,0,1,2,0,0
tx_legit_007728,0,1344.34,7.2044,859,1,0,1,1,0,0
tx_legit_005300,0,1000.44,6.9092,702,4,0,1,5,0,0
tx_fraud_000502,1,51141.87,10.8424,10,15,7,1,1,0,1
tx_legit_006796,0,1238.41,7.1224,484,1,0,1,1,0,0
tx_legit_009274,0,508.85,6.2341,814,1,0,1,2,0,0
tx_legit_001932,0,642.83,6.4674,803,1,0,1,1,0,0
tx_legit_004000,0,662.77,6.4979,582,1,1,1,1,0,0
tx_legit_004198,0,61.94,4.1422,608,1,1,1,2,0,0
tx_legit_004146,0,353.63,5.8711,691,4,0,1,1,0,0
tx_legit_001618,0,337.37,5.8241,600,1,0,1,1,0,0
tx_legit_002573,0,341.82,5.8372,955,1,0,2,15,0,0
tx_legit_006490,0,1290.82,7.1638,738,1,0,1,1,0,0
tx_legit_008370,0,496.55,6.2097,77,1,1,1,1,0,0
tx_legit_010211,0,167.69,5.1281,978,1,0,2,1,0,0
tx_legit_012753,0,870.23,6.7699,193,1,0,2,1,0,0
tx_legit_010508,0,412.79,6.0254,604,1,0,1,1,0,0
tx_legit_004390,0,329.56,5.8008,354,1,0,6,2,0,0
tx_legit_011246,0,334.67,5.8161,463,1,0,1,11,0,0
tx_legit_002037,0,118.23,4.7811,592,1,0,1,1,0,0
tx_legit_003785,0,220.37,5.3998,958,2,0,2,12,0,0
tx_legit_009984,0,370.61,5.9178,441,2,0,1,1,0,0
tx_legit_001448,0,2646.5,7.8814,188,1,0,1,1,0,0
tx_legit_000370,0,50.0,3.9318,866,1,0,1,3,0,0
tx_legit_000447,0,452.59,6.1172,883,1,2,1,9,0,0
tx_fraud_000158,1,8060.55,8.9949,8,9,6,2,33,0,1
tx_legit_000612,0,716.42,6.5757,785,1,0,1,1,0,0
tx_legit_008718,0,129.33,4.8701,863,1,2,2,11,0,0
tx_legit_013059,0,1112.62,7.0154,300,1,0,2,11,0,0
tx_fraud_000532,1,63558.63,11.0597,7,13,3,1,1,1,1
tx_fraud_000454,1,57418.09,10.9581,10,12,4,1,1,0,1
tx_fraud_000948,1,5297.82,8.5752,84,2,1,8,12,0,0
tx_legit_000508,0,430.8,6.068,545,1,0,2,1,0,0
tx_legit_006823,0,590.49,6.3826,756,1,0,1,1,0,0
tx_legit_004336,0,703.75,6.5578,847,1,0,1,22,0,0
tx_legit_000118,0,892.72,6.7954,690,2,0,1,3,0,0
tx_legit_008642,0,1310.75,7.1791,753,1,0,1,3,0,0
tx_legit_012786,0,654.62,6.4856,254,1,0,1,1,0,0
tx_legit_008407,0,266.76,5.5901,455,1,0,1,1,0,0
tx_fraud_000851,1,3160.3,8.0587,206,1,0,1,14,0,0
tx_legit_004284,0,631.24,6.4493,896,1,0,1,3,0,0
tx_legit_011901,0,258.15,5.5574,148,1,0,1,11,0,0
tx_legit_004940,0,273.49,5.6149,775,1,0,1,1,0,0
tx_legit_010914,0,667.04,6.5043,263,2,0,1,1,0,0
tx_legit_008974,0,722.48,6.5841,591,1,0,3,3,0,0
tx_legit_006351,0,989.62,6.8983,208,1,0,2,1,0,0
tx_legit_008954,0,900.15,6.8037,258,1,1,1,1,0,0
tx_legit_003954,0,273.97,5.6167,932,1,0,1,3,0,0
tx_legit_006380,0,340.86,5.8344,768,2,0,1,1,0,0
tx_legit_009642,0,1578.98,7.3652,959,1,0,1,2,0,0
tx_legit_012084,0,200.56,5.3061,530,1,0,2,2,0,0
tx_legit_002647,0,201.21,5.3093,215,1,0,1,13,0,0
tx_legit_013764,0,96.63,4.5812,22,1,0,1,1,0,0
tx_legit_004534,0,774.95,6.6541,335,2,0,2,2,0,0
tx_fraud_000077,1,16060.99,9.6842,11,5,2,8,6,0,1
tx_legit_005031,0,347.38,5.8533,393,2,0,2,1,0,0
tx_legit_009460,0,445.77,6.102,465,1,0,5,2,0,0
tx_fraud_000460,1,69904.66,11.1549,6,9,4,1,1,1,1
tx_legit_011181,0,968.94,6.8772,245,1,0,1,2,0,0
tx_legit_006025,0,1049.09,6.9566,942,2,0,1,1,0,0
tx_legit_001396,0,234.29,5.4608,302,1,0,1,4,0,0
tx_legit_008080,0,316.62,5.7609,18,2,0,1,2,0,0
tx_legit_004200,0,371.85,5.9212,532,1,0,3,1,0,0
tx_legit_005094,0,445.04,6.1004,61,1,0,1,1,0,0
tx_legit_004464,0,223.75,5.415,727,1,0,3,2,0,0
tx_legit_012128,0,857.9,6.7557,397,1,0,1,2,0,0
tx_legit_003602,0,288.14,5.6669,509,3,0,1,9,0,0
tx_fraud_000955,1,5662.14,8.6417,31,2,1,7,9,0,0
tx_legit_010127,0,99.42,4.6094,326,2,0,1,1,0,0
tx_fraud_000408,1,58546.25,10.9776,4,16,4,1,1,1,1
tx_legit_012867,0,76.44,4.3495,194,1,0,1,3,0,0
tx_legit_003530,0,365.22,5.9032,967,2,0,1,1,0,0
tx_legit_001283,0,1079.33,6.985,974,1,0,1,1,0,0
tx_legit_007157,0,514.26,6.2447,81,2,0,1,1,0,0
tx_legit_001352,0,692.12,6.5412,596,1,0,1,14,0,0
tx_legit_002304,0,275.89,5.6236,322,1,0,5,1,0,0
tx_legit_011022,0,194.47,5.2754,192,1,0,1,1,0,0
tx_legit_007853,0,237.88,5.476,615,1,2,1,3,0,0
tx_legit_002802,0,873.04,6.7731,696,2,0,1,4,0,0
tx_legit_007900,0,141.39,4.9586,685,1,1,2,19,0,0
tx_legit_006085,0,788.72,6.6717,648,1,0,2,10,0,0
tx_legit_013313,0,2215.12,7.7035,524,1,0,1,1,0,0
tx_legit_010256,0,167.81,5.1288,208,1,1,1,4,0,0
tx_legit_005984,0,1282.16,7.1571,679,1,0,2,18,0,0
tx_fraud_000568,1,26598.77,10.1887,1,18,6,17,24,1,1
tx_legit_005310,0,2308.92,7.745,993,1,0,1,2,0,0
tx_legit_010357,0,220.22,5.3992,520,1,0,2,17,0,0
tx_legit_008933,0,630.52,6.4481,419,1,0,2,9,0,0
tx_legit_004351,0,354.51,5.8736,804,1,0,1,1,0,0
tx_legit_003376,0,537.65,6.2891,493,1,0,1,2,0,0
tx_legit_010451,0,1156.39,7.0539,72,1,0,3,1,0,0
tx_legit_009160,0,350.07,5.861,741,2,0,1,3,0,0
tx_legit_012269,0,336.25,5.8208,606,1,1,1,1,0,0
tx_legit_008957,0,235.4,5.4655,648,1,0,1,2,0,0
tx_legit_003129,0,1084.92,6.9902,279,1,2,5,2,0,0
tx_fraud_000699,1,2452.09,7.8051,113,1,0,22,9,0,0
tx_legit_004689,0,314.45,5.754,672,1,0,4,3,0,0
tx_legit_010586,0,706.86,6.5622,406,1,0,1,2,0,0
tx_legit_008702,0,666.64,6.5037,617,1,0,6,1,0,0
tx_legit_012633,0,561.65,6.3327,619,1,0,1,1,0,0
tx_legit_009835,0,689.12,6.5369,430,2,0,2,18,0,0
tx_legit_005567,0,408.72,6.0155,986,2,0,1,1,0,0
tx_legit_004882,0,2268.07,7.7271,902,1,0,1,1,0,0
tx_legit_012567,0,544.31,6.3014,114,2,0,1,1,0,0
tx_legit_005464,0,171.97,5.1531,633,1,0,1,1,0,0
tx_legit_011484,0,1193.69,7.0856,220,1,0,1,2,0,0
tx_legit_006274,0,829.36,6.7219,88,1,0,1,1,0,0
tx_legit_009690,0,583.85,6.3714,136,2,0,1,5,0,0
tx_legit_001495,0,72.36,4.2954,33,1,0,1,10,0,0
tx_legit_012171,0,147.33,4.9994,302,1,0,1,1,0,0
tx_legit_000321,0,1105.63,7.0091,396,1,0,1,1,0,0
tx_legit_001234,0,1071.42,6.9777,519,2,1,1,1,0,0
tx_legit_010547,0,140.2,4.9502,194,2,0,1,17,0,0
tx_legit_008162,0,185.9,5.2306,354,1,0,1,1,0,0
tx_legit_010223,0,396.96,5.9864,143,1,0,6,1,0,0
tx_fraud_001015,1,6009.08,8.7012,105,2,1,13,7,0,0
tx_legit_005694,0,195.26,5.2794,228,1,0,1,16,0,0
tx_legit_010215,0,277.85,5.6307,35,1,0,1,1,0,0
tx_legit_002996,0,366.24,5.906,152,1,0,1,2,0,0
tx_legit_007565,0,517.52,6.251,227,1,0,1,3,0,0
tx_legit_011575,0,185.75,5.2298,769,1,0,1,1,0,0
tx_legit_001754,0,256.64,5.5516,129,1,0,2,2,0,0
tx_legit_001480,0,752.25,6.6244,224,1,0,1,1,0,0
tx_legit_000462,0,288.62,5.6686,678,1,0,1,2,0,0
tx_legit_007334,0,336.42,5.8213,708,2,0,1,2,0,0
tx_legit_000122,0,2015.91,7.6093,787,1,0,3,1,0,0
tx_fraud_000162,1,12145.18,9.4048,15,8,3,3,18,0,1
tx_legit_007221,0,1540.22,7.3403,913,1,0,1,5,0,0
tx_legit_006782,0,342.5,5.8392,974,1,0,1,1,0,0
tx_fraud_000447,1,71035.21,11.1709,10,6,4,1,1,0,1
tx_legit_005301,0,433.37,6.0739,771,1,0,1,2,0,0
tx_legit_000123,0,478.6,6.173,768,1,1,1,17,0,0
tx_legit_000475,0,438.72,6.0861,726,3,1,4,2,0,0
tx_legit_002540,0,196.7,5.2868,726,3,2,1,1,0,0
tx_legit_002805,0,488.44,6.1933,860,1,0,1,2,0,0
tx_legit_013464,0,389.88,5.9684,392,2,0,2,22,0,0
tx_legit_002579,0,914.82,6.8198,84,1,0,1,2,0,0
tx_legit_006779,0,391.76,5.9732,86,1,0,1,2,0,0
tx_legit_009226,0,440.54,6.0903,631,2,0,1,2,0,0
tx_legit_008716,0,586.96,6.3767,308,1,0,1,1,0,0
tx_legit_010533,0,132.46,4.8938,264,1,0,1,1,0,0
tx_fraud_000270,1,13107.97,9.4811,4,7,3,4,3,1,1
tx_legit_004817,0,389.13,5.9665,167,1,2,1,2,0,0
tx_legit_006436,0,534.52,6.2832,641,2,0,1,1,0,0
tx_fraud_001069,1,3919.61,8.274,551,2,0,19,11,0,0
tx_fraud_000764,1,1385.6,7.2346,208,1,0,30,15,0,0
tx_legit_007722,0,143.72,4.9748,941,1,0,1,1,0,0
tx_legit_000966,0,1369.74,7.2231,800,1,1,2,17,0,0
tx_legit_009228,0,166.66,5.1219,701,1,0,1,1,0,0
tx_fraud_000240,1,7590.83,8.9348,27,9,5,2,19,0,1
tx_legit_006258,0,1426.62,7.2638,940,1,0,1,2,0,0
tx_legit_007549,0,318.06,5.7654,715,1,0,6,3,0,0
tx_legit_011636,0,410.75,6.0204,673,1,0,1,1,0,0
tx_legit_000165,0,1188.92,7.0816,486,1,0,1,1,0,0
tx_legit_005463,0,421.93,6.0472,74,1,0,1,1,0,0
tx_legit_013100,0,305.96,5.7267,536,1,0,1,2,0,0
tx_legit_012155,0,458.3,6.1297,254,1,0,2,11,0,0
tx_legit_002534,0,160.58,5.085,591,2,0,1,1,0,0
tx_legit_011368,0,207.74,5.3411,759,1,0,1,1,0,0
tx_fraud_001013,1,5075.67,8.5324,60,2,1,10,12,0,0
tx_legit_010111,0,801.56,6.6878,124,2,1,1,9,0,0
tx_legit_009296,0,430.06,6.0662,422,1,0,1,1,0,0
tx_legit_005911,0,3493.08,8.1588,309,1,2,1,1,0,0
tx_legit_008230,0,370.79,5.9183,310,1,0,1,1,0,0
tx_legit_005148,0,304.83,5.723,532,1,0,5,1,0,0
tx_fraud_000859,1,2817.21,7.9439,142,1,0,1,15,0,0
tx_legit_006879,0,287.39,5.6643,794,1,0,1,2,0,0
tx_legit_002838,0,461.17,6.1359,230,2,0,1,1,0,0
tx_legit_005334,0,491.22,6.1989,268,1,0,1,3,0,0
tx_legit_011362,0,1111.45,7.0143,340,1,0,1,1,0,0
tx_legit_011552,0,346.42,5.8505,460,1,0,2,1,0,0
tx_fraud_000205,1,14314.0,9.5691,4,12,6,3,26,1,1
tx_legit_008773,0,516.62,6.2492,823,1,0,1,9,0,0
tx_legit_003033,0,219.79,5.3972,126,1,0,1,3,0,0
tx_legit_008594,0,1259.17,7.139,819,1,0,1,4,0,0
tx_fraud_000905,1,3065.05,8.0281,231,1,0,1,22,0,0
tx_legit_003373,0,917.04,6.8222,193,2,0,1,1,0,0
tx_legit_010929,0,1109.92,7.0129,144,2,0,1,17,0,0
tx_legit_011641,0,2225.92,7.7084,245,3,0,1,2,0,0
tx_legit_000695,0,439.11,6.087,738,2,0,1,1,0,0
tx_legit_002603,0,890.09,6.7924,341,1,0,2,18,0,0
tx_legit_010735,0,85.64,4.4618,986,1,0,3,1,0,0
tx_fraud_000690,1,1991.1,7.5969,75,1,0,18,10,0,0
tx_legit_008195,0,417.43,6.0365,256,1,0,1,1,0,0
tx_legit_004760,0,376.61,5.9339,565,1,0,1,2,0,0
tx_legit_010302,0,320.06,5.7716,821,1,0,1,1,0,0
tx_legit_000661,0,803.27,6.6899,582,1,0,1,1,0,0
tx_legit_003361,0,356.52,5.8792,331,1,0,1,2,0,0
tx_fraud_000932,1,4493.05,8.4105,88,2,1,10,5,0,0
tx_legit_013641,0,696.33,6.5473,584,1,0,1,1,0,0
tx_legit_012491,0,353.58,5.8709,663,1,0,1,2,0,0
tx_fraud_000556,1,23412.65,10.0611,3,21,10,15,21,1,1
tx_legit_007120,0,159.57,5.0787,361,1,0,1,1,0,0
tx_legit_008570,0,340.41,5.8331,676,3,0,1,1,0,0
tx_legit_003783,0,2240.54,7.7149,367,1,0,1,1,0,0
tx_legit_008365,0,301.85,5.7132,389,1,0,2,18,0,0
tx_legit_008509,0,418.12,6.0382,528,1,0,3,2,0,0
tx_legit_007271,0,250.12,5.5259,578,1,0,1,1,0,0
tx_legit_013737,0,760.75,6.6356,887,1,0,2,8,0,0
tx_legit_010884,0,331.14,5.8056,21,1,0,1,1,0,0
tx_legit_009543,0,628.46,6.4449,830,1,0,1,1,0,0
tx_legit_006655,0,240.65,5.4875,416,1,0,1,1,0,0
tx_legit_000201,0,1385.98,7.2349,538,2,0,1,1,0,0
tx_legit_013055,0,744.22,6.6137,335,2,0,1,2,0,0
tx_legit_002230,0,1484.17,7.3033,290,4,0,1,1,0,0
tx_legit_005656,0,357.15,5.881,565,1,0,2,1,0,0
tx_legit_006105,0,648.32,6.4759,116,1,0,2,22,0,0
tx_legit_001521,0,742.29,6.6111,819,1,0,1,1,0,0
tx_legit_010189,0,682.52,6.5273,554,1,0,2,2,0,0
tx_legit_002500,0,1357.33,7.214,236,1,0,1,8,0,0
tx_legit_009712,0,199.09,5.2988,352,2,0,1,9,0,0
tx_legit_002660,0,931.54,6.8379,43,2,1,1,15,0,0
tx_legit_004022,0,1611.12,7.3853,611,2,0,1,18,0,0
tx_legit_000517,0,391.63,5.9729,614,1,1,2,1,0,0
tx_legit_006767,0,414.98,6.0306,744,1,0,2,2,0,0
tx_legit_006010,0,580.85,6.3662,315,1,0,1,1,0,0
tx_legit_009442,0,1847.28,7.522,958,1,0,4,3,0,0
tx_legit_006856,0,350.75,5.8629,31,1,0,1,13,0,0
tx_legit_009884,0,469.95,6.1548,777,1,0,1,1,0,0
tx_legit_003611,0,303.66,5.7192,720,1,0,1,1,0,0
tx_legit_008098,0,71.1,4.2781,789,1,0,1,3,0,0
tx_legit_011892,0,499.75,6.2161,999,2,0,6,3,0,0
tx_legit_005954,0,185.95,5.2308,102,1,0,1,3,0,0
tx_fraud_000258,1,12647.08,9.4453,24,16,6,3,33,0,1
tx_legit_007076,0,1140.88,7.0404,190,1,0,5,1,0,0
tx_legit_001486,0,999.4,6.9082,172,3,0,1,5,0,0
tx_legit_005859,0,99.46,4.6098,823,1,0,1,15,0,0
tx_legit_006774,0,695.67,6.5463,348,1,0,3,1,0,0
tx_legit_008197,0,454.04,6.1204,123,1,0,1,3,0,0
tx_legit_011867,0,1079.58,6.9853,109,1,0,1,1,0,0
tx_legit_006356,0,576.66,6.359,741,1,0,2,1,0,0
tx_legit_010334,0,473.6,6.1625,648,1,0,1,1,0,0
tx_legit_009341,0,1058.69,6.9657,955,1,0,1,14,0,0
tx_legit_001151,0,373.73,5.9262,513,1,0,1,15,0,0
tx_legit_003716,0,203.11,5.3187,881,3,0,1,2,0,0
tx_legit_013766,0,986.16,6.8948,757,2,0,4,3,0,0
tx_legit_000828,0,1018.58,6.9271,807,1,0,3,1,0,0
tx_legit_011848,0,325.57,5.7886,894,1,0,1,2,0,0
tx_legit_002515,0,204.96,5.3277,769,1,0,3,2,0,0
tx_fraud_001092,1,2936.26,7.9852,404,2,0,16,8,0,0
tx_legit_002869,0,967.13,6.8754,818,1,0,1,2,0,0
tx_legit_007753,0,841.54,6.7364,502,1,0,1,3,0,0
tx_legit_007272,0,2242.69,7.7159,215,1,0,3,4,0,0
tx_legit_001786,0,361.32,5.8925,292,1,0,1,2,0,0
tx_legit_011902,0,538.42,6.2905,212,1,0,3,3,0,0
tx_legit_003306,0,603.09,6.4037,490,1,0,1,20,0,0
tx_legit_002918,0,1151.95,7.0501,825,3,0,2,1,0,0
tx_legit_009037,0,603.9,6.4051,137,1,0,5,2,0,0
tx_legit_006807,0,116.69,4.7681,49,1,0,1,1,0,0
tx_legit_004893,0,484.29,6.1847,732,2,1,1,1,0,0
tx_legit_013069,0,335.66,5.8191,898,1,0,1,1,0,0
tx_legit_006794,0,745.93,6.616,345,1,0,1,2,0,0
tx_legit_008745,0,627.35,6.4431,116,1,0,1,2,0,0
tx_legit_008713,0,1054.86,6.9621,711,2,0,1,10,0,0
tx_legit_013043,0,211.31,5.358,694,1,0,3,1,0,0
tx_legit_004192,0,594.12,6.3888,263,1,0,1,4,0,0
tx_legit_005880,0,317.4,5.7633,747,1,0,2,1,0,0
tx_legit_003239,0,1372.44,7.2251,749,1,0,2,22,0,0
tx_legit_003019,0,382.18,5.9485,414,1,0,1,4,0,0
tx_fraud_000621,1,31116.69,10.3455,2,12,5,10,36,1,1
tx_legit_013338,0,780.24,6.6609,20,1,0,1,1,0,0
tx_legit_011154,0,717.15,6.5767,430,1,0,1,1,0,0
tx_legit_005347,0,596.89,6.3934,229,1,0,1,2,0,0
tx_legit_001763,0,547.6,6.3074,819,1,0,1,3,0,0
tx_legit_005909,0,120.41,4.7992,625,1,0,1,1,0,0
tx_legit_008094,0,318.48,5.7667,612,1,0,1,15,0,0
tx_legit_001904,0,1017.82,6.9264,852,2,0,1,2,0,0
tx_legit_009156,0,1320.47,7.1865,912,1,0,1,1,0,0
tx_legit_003235,0,292.74,5.6827,701,1,0,1,2,0,0
tx_legit_010991,0,444.64,6.0995,553,1,1,1,1,0,0
tx_legit_010039,0,221.85,5.4065,685,1,0,2,3,0,0
tx_legit_004417,0,290.82,5.6761,992,1,0,1,1,0,0
tx_legit_003834,0,267.67,5.5935,399,1,0,1,3,0,0
tx_legit_006276,0,450.16,6.1118,679,2,0,1,1,0,0
tx_legit_002227,0,555.41,6.3215,561,1,0,3,1,0,0
tx_legit_007886,0,479.92,6.1757,241,2,0,1,2,0,0
tx_legit_000810,0,320.84,5.7741,253,3,0,6,3,0,0
tx_legit_012131,0,1212.7,7.1014,844,1,0,1,1,0,0
tx_legit_003065,0,493.06,6.2027,535,1,0,4,1,0,0
tx_legit_011649,0,570.69,6.3486,898,1,0,1,21,0,0
tx_legit_004113,0,269.07,5.5987,941,2,0,1,2,0,0
tx_legit_013672,0,141.91,4.9622,852,2,0,1,2,0,0
tx_legit_002127,0,872.61,6.7726,515,1,1,5,2,0,0
tx_legit_012464,0,814.83,6.7042,220,1,0,1,1,0,0
tx_legit_004597,0,1166.4,7.0625,561,1,0,2,15,0,0
tx_fraud_001132,1,4815.87,8.4799,734,2,0,19,13,0,0
tx_legit_013254,0,1044.43,6.9522,641,1,0,1,1,0,0
tx_legit_008978,0,201.6,5.3112,440,1,0,1,1,0,0
tx_legit_010992,0,1212.3,7.1011,882,1,0,1,2,0,0
tx_legit_001535,0,1374.01,7.2262,923,1,0,2,14,0,0
tx_legit_004287,0,1067.99,6.9745,650,3,0,1,20,0,0
tx_legit_003027,0,491.07,6.1986,24,2,0,3,2,0,0
tx_legit_004486,0,1179.99,7.0741,550,1,0,3,2,0,0
tx_legit_007921,0,370.16,5.9166,727,2,0,6,1,0,0
tx_legit_007191,0,885.63,6.7874,717,3,0,1,2,0,0
tx_legit_004290,0,1381.76,7.2318,448,3,0,1,2,0,0
tx_legit_004411,0,169.6,5.1393,544,1,0,1,3,0,0
tx_legit_005217,0,550.85,6.3133,287,1,0,1,1,0,0
tx_legit_008746,0,690.15,6.5384,220,2,0,1,1,0,0
tx_legit_003484,0,345.37,5.8475,735,1,0,1,1,0,0
tx_legit_003932,0,873.24,6.7734,728,1,0,1,2,0,0
tx_legit_001247,0,560.39,6.3304,465,1,1,1,1,0,0
tx_legit_010658,0,187.41,5.2386,193,3,0,1,1,0,0
tx_legit_005453,0,1326.1,7.1908,390,1,1,2,10,0,0
tx_legit_000460,0,2377.3,7.7741,389,1,0,1,20,0,0
tx_legit_009781,0,1635.74,7.4005,212,1,0,6,3,0,0
tx_legit_002985,0,260.04,5.5647,922,1,0,4,2,0,0
tx_legit_001018,0,181.13,5.2047,858,1,0,1,1,0,0
tx_legit_001578,0,903.86,6.8078,140,1,0,1,3,0,0
tx_legit_009121,0,1579.01,7.3652,29,1,2,1,1,0,0
tx_legit_007124,0,2394.12,7.7812,843,2,0,3,1,0,0
tx_legit_002583,0,289.74,5.6724,197,2,0,1,1,0,0
tx_legit_011943,0,391.51,5.9726,390,1,2,1,20,0,0
tx_legit_001726,0,346.54,5.8509,703,1,0,1,1,0,0
tx_legit_008295,0,888.58,6.7907,394,1,0,1,14,0,0
tx_legit_000960,0,365.69,5.9045,105,1,0,1,1,0,0
tx_legit_012492,0,557.83,6.3258,272,1,0,1,1,0,0
tx_legit_008400,0,640.02,6.4631,952,2,0,1,1,0,0
tx_legit_007878,0,367.69,5.91,863,1,0,3,3,0,0
tx_legit_006998,0,619.55,6.4306,756,4,1,1,2,0,0
tx_legit_005867,0,281.39,5.6433,167,1,0,2,1,0,0
tx_legit_001875,0,67.63,4.2287,264,1,0,3,2,0,0
tx_legit_002978,0,155.77,5.0548,84,1,0,1,1,0,0
tx_legit_004936,0,1701.78,7.44,230,1,0,1,1,0,0
tx_legit_005589,0,680.42,6.5242,522,1,0,1,1,0,0
tx_legit_012020,0,396.6,5.9854,715,2,0,2,10,0,0
tx_legit_006852,0,482.41,6.1809,957,1,0,1,1,0,0
tx_legit_002353,0,421.87,6.0471,16,1,0,1,2,0,0
tx_legit_011608,0,455.94,6.1246,707,2,0,1,3,0,0
tx_legit_006192,0,961.51,6.8695,476,2,0,1,1,0,0
tx_legit_008620,0,157.93,5.0685,255,1,0,1,4,0,0
tx_legit_011980,0,732.23,6.5975,362,2,0,1,1,0,0
tx_legit_005946,0,511.29,6.2389,254,1,0,1,1,0,0
tx_legit_003572,0,81.27,4.41,859,1,0,1,1,0,0
tx_legit_007332,0,79.29,4.3856,238,2,0,1,1,0,0
tx_legit_012057,0,265.9,5.5869,847,3,0,1,3,0,0
tx_legit_003769,0,107.99,4.6913,565,1,0,1,13,0,0
tx_legit_003173,0,1481.47,7.3015,179,1,0,1,10,0,0
tx_legit_000596,0,877.34,6.778,826,1,1,1,3,0,0
tx_legit_003630,0,1270.88,7.1483,409,2,0,1,1,0,0
tx_legit_008892,0,245.02,5.5054,755,1,0,1,2,0,0
tx_legit_007577,0,1033.28,6.9415,448,1,0,1,1,0,0
tx_legit_013436,0,545.44,6.3034,207,1,0,1,1,0,0
tx_legit_006827,0,372.95,5.9241,432,1,0,4,2,0,0
tx_fraud_000837,1,3362.42,8.1207,380,1,0,1,13,0,0
tx_legit_011966,0,357.04,5.8806,451,1,1,4,2,0,0
tx_legit_006191,0,286.5,5.6612,704,1,0,1,1,0,0
tx_legit_007987,0,494.55,6.2057,351,1,0,2,19,0,0
tx_legit_011044,0,428.09,6.0617,763,2,0,1,1,0,0
tx_legit_012002,0,427.93,6.0613,287,3,0,2,1,0,0
tx_fraud_000711,1,1774.58,7.4819,239,1,0,27,19,0,0
tx_legit_002882,0,446.03,6.1026,316,1,0,1,2,0,0
tx_legit_003200,0,255.55,5.5473,225,1,1,1,12,0,0
tx_legit_007642,0,302.52,5.7154,708,1,0,1,1,0,0
tx_legit_001722,0,146.21,4.9919,474,1,0,2,9,0,0
tx_legit_002413,0,938.49,6.8453,639,1,0,2,1,0,0
tx_legit_010322,0,351.82,5.866,567,1,0,2,15,0,0
tx_fraud_000373,1,11038.09,9.3092,4,4,1,5,4,1,0
tx_legit_006042,0,437.39,6.0831,441,1,0,1,1,0,0
tx_legit_008759,0,804.76,6.6918,601,1,0,2,2,0,0
tx_legit_006076,0,2060.42,7.6312,330,1,0,1,1,0,0
tx_legit_001097,0,534.49,6.2832,535,1,0,4,2,0,0
tx_legit_007946,0,611.08,6.4169,709,1,0,2,22,0,0
tx_legit_006854,0,666.69,6.5038,254,1,0,1,3,0,0
tx_legit_003534,0,196.55,5.286,906,1,0,1,1,0,0
tx_legit_001168,0,238.63,5.4791,219,1,0,1,1,0,0
tx_legit_007937,0,665.83,6.5025,562,1,1,1,2,0,0
tx_legit_005436,0,569.07,6.3458,757,1,0,1,2,0,0
tx_fraud_000755,1,1067.85,6.9743,136,1,0,30,20,0,0
tx_legit_008722,0,395.56,5.9828,864,1,0,1,2,0,0
tx_legit_010423,0,488.83,6.1941,131,1,0,1,2,0,0
tx_fraud_000438,1,73641.89,11.207,4,8,6,1,1,1,1
tx_legit_006610,0,558.85,6.3277,512,3,0,1,1,0,0
tx_legit_012270,0,820.26,6.7108,486,1,1,2,12,0,0
tx_legit_005657,0,501.85,6.2203,484,1,1,2,22,0,0
tx_legit_002945,0,322.19,5.7782,354,1,0,1,1,0,0
tx_legit_007908,0,2030.08,7.6163,669,2,0,2,4,0,0
tx_legit_007695,0,678.29,6.521,565,1,0,1,18,0,0
tx_legit_002141,0,480.65,6.1772,500,2,0,4,3,0,0
tx_legit_009503,0,416.43,6.0341,734,1,0,1,3,0,0
tx_legit_013295,0,1074.17,6.9802,611,1,0,1,18,0,0
tx_legit_003024,0,576.05,6.3579,532,1,0,1,2,0,0
tx_legit_003536,0,99.88,4.6139,218,1,0,1,14,0,0
tx_legit_011977,0,377.57,5.9364,803,1,0,2,21,0,0
tx_fraud_000595,1,24116.51,10.0907,1,10,10,21,24,1,1
tx_legit_009772,0,365.8,5.9048,369,1,0,3,1,0,0
tx_legit_008293,0,768.39,6.6456,945,1,0,2,1,0,0
tx_legit_008208,0,1371.98,7.2247,971,1,0,1,1,0,0
tx_legit_006666,0,418.35,6.0387,525,1,0,1,2,0,0
tx_legit_002892,0,229.68,5.441,433,2,0,1,1,0,0
tx_legit_005333,0,473.45,6.1622,476,1,0,4,2,0,0
tx_legit_005753,0,293.69,5.6859,592,1,0,2,5,0,0
tx_fraud_000336,1,7587.72,8.9344,0,8,2,3,5,1,1
tx_legit_004283,0,2019.89,7.6113,840,1,0,1,3,0,0
tx_legit_007994,0,435.09,6.0778,534,2,0,1,2,0,0
tx_legit_008844,0,466.17,6.1467,250,1,0,1,1,0,0
tx_legit_011273,0,596.2,6.3923,81,1,0,1,1,0,0
tx_legit_013650,0,1155.25,7.0529,482,1,0,1,2,0,0
tx_legit_010581,0,967.52,6.8758,670,1,0,1,17,0,0
tx_legit_000048,0,783.04,6.6645,159,1,0,1,11,0,0
tx_legit_003203,0,745.38,6.6152,633,2,0,6,1,0,0
tx_legit_005454,0,417.43,6.0365,142,1,0,1,1,0,0
tx_legit_006485,0,453.36,6.1189,133,1,0,1,1,0,0
tx_legit_009206,0,768.77,6.6461,267,2,0,1,1,0,0
tx_legit_004835,0,309.3,5.7375,922,2,1,1,2,0,0
tx_legit_011058,0,438.03,6.0846,988,1,0,1,1,0,0
tx_legit_011448,0,1544.98,7.3434,981,1,0,1,2,0,0
tx_legit_002775,0,534.1,6.2825,838,1,0,1,3,0,0
tx_legit_013177,0,1216.38,7.1045,909,1,0,1,2,0,0
tx_legit_011042,0,126.2,4.8458,356,1,0,1,1,0,0
tx_legit_007449,0,176.27,5.1777,773,1,0,3,1,0,0
tx_legit_010187,0,701.4,6.5545,163,1,0,1,3,0,0
tx_legit_012004,0,600.86,6.4,456,1,0,2,2,0,0
tx_legit_001840,0,252.43,5.5351,999,3,0,1,4,0,0
tx_legit_001382,0,1149.07,7.0476,986,1,0,2,2,0,0
tx_legit_001349,0,385.24,5.9565,96,1,0,2,13,0,0
tx_legit_012811,0,1840.01,7.5181,956,1,0,5,2,0,0
tx_legit_011183,0,668.86,6.5071,871,3,0,1,14,0,0
tx_legit_009871,0,523.73,6.2629,892,1,0,2,15,0,0
tx_legit_006721,0,413.76,6.0277,518,1,0,4,1,0,0
tx_legit_000239,0,595.49,6.3911,947,1,0,1,1,0,0
tx_fraud_000144,1,5927.73,8.6876,17,9,3,2,22,0,1
tx_legit_002267,0,1705.29,7.4421,175,1,0,1,9,0,0
tx_legit_006334,0,1212.07,7.1009,525,2,0,1,14,0,0
tx_legit_011921,0,182.65,5.213,139,2,0,1,1,0,0
tx_legit_002051,0,199.59,5.3013,230,2,0,3,2,0,0
tx_legit_011957,0,238.16,5.4771,501,1,0,1,1,0,0
tx_legit_011863,0,179.14,5.1937,294,1,0,1,14,0,0
tx_legit_003385,0,1069.96,6.9763,436,1,0,1,12,0,0
tx_legit_009283,0,211.66,5.3597,931,3,0,1,2,0,0
tx_legit_000994,0,625.14,6.4396,152,1,0,1,2,0,0
tx_legit_001127,0,928.49,6.8346,488,1,0,1,3,0,0
tx_legit_007086,0,830.9,6.7237,179,1,0,1,1,0,0
tx_legit_009231,0,322.59,5.7795,899,1,0,2,9,0,0
tx_legit_001520,0,263.15,5.5765,58,1,0,2,1,0,0
tx_legit_000481,0,274.54,5.6187,130,2,0,6,2,0,0
tx_legit_008604,0,1191.32,7.0837,317,1,2,1,1,0,0
tx_legit_008316,0,441.0,6.0913,182,1,0,2,10,0,0
tx_fraud_000836,1,2178.48,7.6868,405,1,0,1,22,0,0
tx_legit_013008,0,873.63,6.7738,920,1,1,1,1,0,0
tx_legit_012129,0,1012.22,6.9209,803,2,1,1,2,0,0
tx_legit_011998,0,249.33,5.5228,566,2,0,1,1,0,0
tx_legit_012638,0,376.01,5.9323,940,1,0,2,1,0,0
tx_legit_002306,0,452.34,6.1166,15,1,0,1,1,0,0
tx_legit_007705,0,398.08,5.9892,700,1,0,2,1,0,0
tx_legit_013174,0,436.16,6.0803,268,1,0,1,1,0,0
tx_legit_008669,0,279.46,5.6364,961,1,0,1,1,0,0
tx_legit_003545,0,161.03,5.0878,225,2,0,2,1,0,0
tx_legit_003293,0,699.0,6.5511,69,1,0,5,3,0,0
tx_legit_010483,0,294.94,5.6902,549,1,0,1,2,0,0
tx_legit_008454,0,708.79,6.565,703,3,0,2,1,0,0
tx_legit_010103,0,295.22,5.6911,312,1,0,4,3,0,0
tx_legit_003892,0,442.22,6.0941,980,1,0,1,2,0,0
tx_legit_002958,0,148.14,5.0049,874,1,0,1,1,0,0
tx_legit_013236,0,606.41,6.4092,286,1,0,1,3,0,0
tx_fraud_000523,1,53851.34,10.894,4,15,7,1,1,1,1
tx_legit_012668,0,168.31,5.1317,508,1,0,2,1,0,0
tx_legit_006691,0,689.85,6.5379,96,2,0,1,2,0,0
tx_fraud_000009,1,8778.59,9.0802,4,6,1,8,4,1,1
tx_legit_006158,0,1173.76,7.0688,242,2,0,1,10,0,0
tx_legit_012931,0,254.64,5.5438,851,1,0,1,1,0,0
tx_legit_010270,0,529.68,6.2742,870,1,0,2,12,0,0
tx_legit_007983,0,724.95,6.5875,239,1,0,4,2,0,0
tx_legit_007517,0,1041.49,6.9494,893,1,0,5,3,0,0
tx_legit_009039,0,1411.73,7.2533,595,1,0,1,1,0,0
tx_legit_013467,0,555.17,6.3211,661,2,0,1,9,0,0
tx_legit_000339,0,826.41,6.7183,546,2,0,1,1,0,0
tx_legit_006871,0,535.78,6.2856,859,1,0,1,4,0,0
tx_legit_005289,0,1035.52,6.9436,330,2,0,1,1,0,0
tx_legit_002749,0,590.19,6.3821,431,1,0,1,1,0,0
tx_legit_011635,0,283.34,5.6502,738,1,0,1,4,0,0
tx_legit_011566,0,189.09,5.2475,735,1,0,2,20,0,0
tx_legit_007214,0,196.1,5.2837,254,1,0,2,18,0,0
tx_legit_003227,0,368.0,5.9108,985,1,0,1,16,0,0
tx_legit_006548,0,277.52,5.6295,894,1,0,1,2,0,0
tx_fraud_000136,1,5978.26,8.6961,16,20,7,4,26,0,1
tx_legit_011159,0,1206.8,7.0966,554,1,0,1,2,0,0
tx_legit_008428,0,132.95,4.8975,933,1,0,1,2,0,0
tx_legit_011456,0,571.71,6.3504,708,1,0,1,1,0,0
tx_legit_007290,0,363.2,5.8977,899,1,0,3,1,0,0
tx_legit_010003,0,596.97,6.3935,477,1,0,1,1,0,0
tx_legit_003593,0,473.79,6.1629,604,1,0,5,2,0,0
tx_legit_013294,0,744.76,6.6144,612,1,0,4,3,0,0
tx_legit_003144,0,328.63,5.798,220,1,0,1,1,0,0
tx_legit_000583,0,638.62,6.4609,544,1,0,1,2,0,0
tx_legit_001985,0,370.29,5.917,615,1,2,1,2,0,0
tx_legit_012085,0,391.34,5.9721,787,1,1,3,3,0,0
tx_legit_006526,0,182.74,5.2135,622,2,0,1,2,0,0
tx_legit_000271,0,764.48,6.6405,352,1,0,1,1,0,0
tx_legit_007646,0,351.26,5.8644,852,1,0,6,2,0,0
tx_legit_012780,0,136.86,4.9262,842,1,0,2,4,0,0
tx_legit_000868,0,2001.15,7.602,313,1,0,1,1,0,0
tx_legit_012729,0,1362.4,7.2177,471,1,0,1,2,0,0
tx_legit_006978,0,1182.7,7.0764,180,1,0,3,1,0,0
tx_legit_013101,0,385.78,5.9579,302,2,1,1,2,0,0
tx_legit_009163,0,399.69,5.9932,115,1,0,1,1,0,0
tx_legit_005470,0,127.08,4.8527,720,1,0,1,1,0,0
tx_legit_001073,0,126.63,4.8491,517,1,0,1,1,0,0
tx_legit_004880,0,498.25,6.2131,732,1,0,1,2,0,0
tx_legit_002164,0,1892.86,7.5464,241,3,0,1,2,0,0
tx_legit_001196,0,440.33,6.0898,700,1,0,2,11,0,0
tx_fraud_000582,1,61354.14,11.0244,3,17,7,20,24,1,1
tx_legit_006724,0,566.52,6.3413,923,1,0,3,1,0,0
tx_legit_005735,0,869.96,6.7696,406,1,0,2,10,0,0
tx_fraud_000123,1,5259.19,8.5679,7,4,4,11,2,1,0
tx_legit_008865,0,307.74,5.7325,842,1,0,2,15,0,0
tx_legit_009640,0,121.79,4.8105,782,1,0,1,1,0,0
tx_legit_012868,0,408.88,6.0159,947,4,0,1,1,0,0
tx_legit_007591,0,459.99,6.1334,848,1,0,1,21,0,0
tx_legit_005400,0,1014.25,6.9229,354,1,0,1,1,0,0
tx_legit_006390,0,2269.93,7.7279,829,1,0,1,1,0,0
tx_legit_007723,0,227.06,5.4296,998,3,0,2,12,0,0
tx_legit_012777,0,966.26,6.8745,551,1,0,2,1,0,0
tx_legit_000758,0,339.92,5.8316,389,3,0,1,3,0,0
tx_legit_005915,0,222.71,5.4104,659,2,0,6,1,0,0
tx_legit_002245,0,168.68,5.1339,779,2,1,2,19,0,0
tx_legit_001770,0,328.96,5.799,721,2,0,1,1,0,0
tx_legit_011409,0,388.92,5.9659,717,1,0,1,1,0,0
tx_legit_011400,0,293.72,5.686,803,2,0,1,14,0,0
tx_legit_006522,0,245.0,5.5053,681,1,0,1,1,0,0
tx_legit_000319,0,129.0,4.8675,665,1,0,1,8,0,0
tx_legit_010872,0,600.67,6.3997,955,1,0,6,1,0,0
tx_legit_008079,0,1150.0,7.0484,29,1,0,2,1,0,0
tx_legit_000041,0,1003.78,6.9125,293,1,1,1,1,0,0
tx_legit_000072,0,350.93,5.8634,158,1,0,1,11,0,0
tx_legit_001140,0,478.89,6.1736,131,2,0,1,2,0,0
tx_legit_006445,0,746.25,6.6164,204,2,0,6,3,0,0
tx_legit_011786,0,852.51,6.7494,849,1,0,1,2,0,0
tx_legit_005672,0,482.74,6.1815,703,1,0,1,1,0,0
tx_legit_013379,0,315.03,5.7558,510,1,0,4,3,0,0
tx_legit_005616,0,324.2,5.7844,200,1,0,3,2,0,0
tx_legit_011814,0,630.23,6.4477,285,1,0,1,1,0,0
tx_legit_010094,0,805.97,6.6933,657,1,0,1,2,0,0
tx_legit_013479,0,600.39,6.3992,702,1,0,2,1,0,0
tx_legit_000407,0,236.18,5.4688,795,3,0,2,17,0,0
tx_legit_013532,0,181.51,5.2068,295,1,0,1,1,0,0
tx_legit_007986,0,2893.93,7.9707,591,1,0,2,1,0,0
tx_legit_003175,0,962.66,6.8707,539,1,0,2,3,0,0
tx_legit_001718,0,453.35,6.1189,870,2,0,1,2,0,0
tx_legit_010276,0,241.81,5.4923,111,1,0,1,3,0,0
tx_legit_007425,0,306.04,5.727,132,1,0,1,12,0,0
tx_legit_003060,0,304.23,5.7211,467,1,0,1,1,0,0
tx_legit_000938,0,106.96,4.6818,702,1,0,1,4,0,0
tx_legit_001016,0,140.76,4.9541,477,1,0,1,2,0,0
tx_legit_001668,0,531.03,6.2767,758,1,0,2,3,0,0
tx_legit_010203,0,3036.19,8.0187,117,1,0,1,2,0,0
tx_legit_005983,0,503.4,6.2234,341,1,0,2,19,0,0
tx_legit_008781,0,556.43,6.3233,709,2,1,1,1,0,0
tx_legit_011184,0,720.46,6.5813,476,1,0,1,1,0,0
tx_legit_012673,0,301.02,5.7105,871,1,0,1,1,0,0
tx_legit_000606,0,333.11,5.8115,221,1,1,1,2,0,0
tx_legit_009533,0,317.56,5.7638,891,1,0,2,8,0,0
tx_fraud_001199,1,8076.16,8.9968,646,2,0,17,10,0,0
tx_legit_009743,0,697.3,6.5486,659,1,2,1,1,0,0
tx_legit_002093,0,630.16,6.4476,297,1,0,3,1,0,0
tx_legit_000886,0,599.65,6.398,595,3,0,1,3,0,0
tx_legit_009244,0,828.11,6.7204,356,1,0,3,1,0,0
tx_legit_007042,0,3232.17,8.0812,674,1,0,3,1,0,0
tx_legit_003455,0,368.43,5.912,703,1,0,2,12,0,0
tx_legit_004435,0,880.85,6.782,447,1,0,2,1,0,0
tx_legit_010614,0,384.54,5.9546,114,1,0,2,10,0,0
tx_legit_007182,0,305.58,5.7255,646,2,0,2,21,0,0
tx_legit_011328,0,337.43,5.8243,741,1,0,1,1,0,0
tx_legit_004873,0,479.96,6.1758,97,2,0,1,1,0,0
tx_fraud_000115,1,6651.9,8.8028,6,9,2,13,5,1,1
tx_legit_011829,0,274.59,5.6189,100,1,1,3,3,0,0
tx_legit_009857,0,271.32,5.607,329,1,1,1,16,0,0
tx_legit_012606,0,1329.38,7.1932,313,2,0,1,18,0,0
tx_legit_010750,0,922.65,6.8283,896,1,0,1,2,0,0
tx_legit_006832,0,653.4,6.4837,86,1,0,2,13,0,0
tx_legit_000169,0,666.57,6.5036,520,1,0,1,10,0,0
tx_legit_004002,0,892.48,6.7951,477,1,0,1,4,0,0
tx_fraud_000278,1,18733.51,9.8381,3,3,1,3,3,1,0
tx_legit_005670,0,348.45,5.8564,235,1,0,1,1,0,0
tx_legit_003760,0,2091.87,7.6463,317,3,0,1,1,0,0
tx_legit_011428,0,334.31,5.8151,841,1,0,1,1,0,0
tx_legit_001508,0,1208.94,7.0983,825,1,0,1,1,0,0
tx_legit_003872,0,958.83,6.8668,943,1,0,1,2,0,0
tx_legit_000282,0,743.19,6.6123,699,3,0,1,2,0,0
tx_legit_008955,0,1031.38,6.9396,449,1,0,1,16,0,0
tx_legit_005142,0,209.6,5.35,910,1,0,1,1,0,0
tx_legit_009029,0,1244.34,7.1272,683,1,0,1,1,0,0
tx_legit_013463,0,163.85,5.105,916,2,1,1,2,0,0
tx_fraud_001114,1,4055.98,8.3082,776,2,0,22,9,0,0
tx_legit_008031,0,212.31,5.3627,253,2,0,1,2,0,0
tx_fraud_000754,1,2241.16,7.7152,153,1,0,27,10,0,0
tx_legit_012525,0,759.56,6.6341,242,1,0,1,1,0,0
tx_legit_005414,0,374.77,5.929,194,2,0,1,12,0,0
tx_legit_012550,0,1161.87,7.0586,924,1,0,2,3,0,0
tx_fraud_000377,1,13605.81,9.5183,1,4,2,4,4,1,0
tx_legit_010354,0,324.19,5.7844,466,1,0,1,1,0,0
tx_legit_003775,0,332.95,5.811,189,2,0,1,2,0,0
tx_legit_011137,0,1790.4,7.4908,354,1,0,6,2,0,0
tx_legit_010822,0,732.3,6.5976,920,1,0,1,8,0,0
tx_legit_008414,0,802.25,6.6887,892,1,0,2,2,0,0
tx_legit_007230,0,468.2,6.151,244,1,0,1,1,0,0
tx_legit_005704,0,147.43,5.0001,988,2,0,1,2,0,0
tx_legit_004709,0,291.35,5.678,125,2,0,2,8,0,0
tx_legit_004407,0,496.21,6.209,721,3,0,1,3,0,0
tx_fraud_000657,1,47503.47,10.7686,2,14,8,12,40,1,1
tx_legit_002177,0,316.24,5.7597,115,1,0,1,3,0,0
tx_legit_002378,0,293.04,5.6837,674,1,0,1,16,0,0
tx_legit_004809,0,312.96,5.7493,287,1,0,5,3,0,0
tx_legit_008402,0,715.95,6.575,317,1,0,1,1,0,0
tx_legit_006733,0,457.68,6.1284,967,1,0,1,1,0,0
tx_legit_011735,0,132.16,4.8916,826,1,2,1,1,0,0
tx_legit_012321,0,383.66,5.9524,113,1,0,1,3,0,0
tx_legit_013585,0,433.46,6.0741,397,1,0,1,2,0,0
tx_legit_007734,0,743.83,6.6132,551,1,0,2,18,0,0
tx_legit_010746,0,1138.44,7.0383,640,1,0,1,9,0,0
tx_legit_004162,0,243.31,5.4984,363,1,0,6,2,0,0
tx_legit_009565,0,435.2,6.0781,502,1,0,1,1,0,0
tx_legit_000814,0,384.92,5.9556,29,1,0,1,3,0,0
tx_fraud_000483,1,85204.54,11.3528,10,9,3,1,1,0,1
tx_legit_000858,0,591.7,6.3847,681,4,0,1,1,0,0
tx_legit_012469,0,439.42,6.0877,196,1,2,1,10,0,0
tx_fraud_000287,1,12476.79,9.4317,0,3,1,4,5,1,0
tx_legit_002139,0,173.68,5.163,762,1,0,4,3,0,0
tx_legit_013700,0,443.17,6.0962,815,1,0,1,3,0,0
tx_legit_005854,0,678.66,6.5216,422,1,0,4,3,0,0
tx_legit_003871,0,847.07,6.743,79,1,2,6,3,0,0
tx_legit_011232,0,407.74,6.0131,804,1,0,1,1,0,0
tx_legit_001998,0,531.64,6.2778,561,1,0,1,2,0,0
tx_legit_010943,0,348.27,5.8558,896,2,0,1,1,0,0
tx_legit_006789,0,2174.97,7.6852,302,2,0,3,1,0,0
tx_fraud_000538,1,16446.88,9.708,5,24,9,12,39,1,1
tx_legit_012251,0,284.16,5.6531,561,1,1,1,2,0,0
tx_legit_012522,0,293.8,5.6863,470,1,0,1,2,0,0
tx_legit_005365,0,1097.45,7.0017,626,2,0,1,1,0,0
tx_fraud_000346,1,3982.37,8.2899,3,6,1,3,4,1,1
tx_legit_008808,0,1638.03,7.4019,925,1,0,1,2,0,0
tx_legit_013115,0,187.52,5.2392,543,3,0,1,1,0,0
tx_legit_002766,0,601.11,6.4004,266,2,0,1,2,0,0
tx_legit_005900,0,628.51,6.4449,350,1,0,2,2,0,0
tx_legit_006896,0,787.79,6.6705,833,4,0,1,2,0,0
tx_legit_010699,0,173.1,5.1596,615,3,0,1,3,0,0
tx_legit_010086,0,823.46,6.7147,725,2,0,2,12,0,0
tx_legit_009249,0,675.47,6.5169,205,1,0,1,1,0,0
tx_legit_009069,0,537.9,6.2895,593,2,0,1,2,0,0
tx_legit_000277,0,1144.78,7.0438,74,4,0,1,4,0,0
tx_legit_008439,0,1017.75,6.9263,387,1,0,1,1,0,0
tx_legit_002885,0,968.99,6.8773,483,1,0,1,1,0,0
tx_fraud_001080,1,4599.29,8.4339,812,2,0,14,17,0,0
tx_legit_003386,0,280.09,5.6387,932,1,0,1,16,0,0
tx_legit_005980,0,1191.83,7.0841,336,1,0,1,1,0,0
tx_legit_003647,0,1574.86,7.3626,738,1,1,1,1,0,0
tx_legit_003710,0,1105.94,7.0094,625,1,0,2,8,0,0
tx_legit_005724,0,621.25,6.4333,772,1,0,2,10,0,0
tx_legit_000105,0,567.82,6.3436,530,1,0,1,2,0,0
tx_legit_004013,0,182.12,5.2101,276,1,0,3,3,0,0
tx_legit_003323,0,1131.13,7.0319,77,1,1,1,1,0,0
tx_legit_011749,0,643.15,6.4679,20,1,0,1,1,0,0
tx_legit_005559,0,423.04,6.0498,15,1,0,1,1,0,0
tx_legit_010342,0,1757.08,7.472,330,1,1,6,1,0,0
tx_legit_008949,0,713.37,6.5714,916,1,0,1,1,0,0
tx_legit_002119,0,321.06,5.7747,405,1,0,1,1,0,0
tx_legit_003005,0,1328.58,7.1926,999,1,0,2,10,0,0
tx_legit_009269,0,335.73,5.8193,928,2,0,1,2,0,0
tx_legit_007692,0,840.48,6.7352,723,1,1,3,2,0,0
tx_legit_011025,0,817.49,6.7075,950,2,0,6,2,0,0
tx_legit_013281,0,133.72,4.9032,591,1,0,5,3,0,0
tx_legit_006926,0,543.12,6.2992,300,2,0,1,1,0,0
tx_legit_000450,0,534.26,6.2828,90,4,0,2,1,0,0
tx_legit_010820,0,598.48,6.3961,636,1,2,4,2,0,0
tx_legit_003806,0,208.49,5.3447,684,1,0,1,2,0,0
tx_fraud_000939,1,4120.83,8.3241,145,2,1,8,11,0,0
tx_legit_002932,0,1414.05,7.2549,193,4,0,1,1,0,0
tx_legit_001928,0,621.56,6.4338,759,1,0,2,11,0,0
tx_legit_012662,0,1344.48,7.2045,681,1,0,1,1,0,0
tx_legit_002159,0,850.38,6.7469,970,1,0,1,2,0,0
tx_legit_009304,0,540.18,6.2938,549,1,1,5,3,0,0
tx_legit_006045,0,483.95,6.184,251,2,1,1,1,0,0
tx_legit_007768,0,337.61,5.8248,787,1,0,4,3,0,0
tx_legit_004702,0,156.52,5.0596,777,3,1,1,1,0,0
tx_legit_012678,0,244.55,5.5035,592,2,0,1,2,0,0
tx_legit_005612,0,663.47,6.499,142,3,0,1,1,0,0
tx_legit_008881,0,410.5,6.0198,448,1,0,1,22,0,0
tx_legit_007043,0,706.7,6.562,690,1,0,1,2,0,0
tx_legit_000659,0,533.82,6.2819,34,1,1,1,1,0,0
tx_legit_010097,0,953.89,6.8616,300,1,0,2,11,0,0
tx_legit_004028,0,1684.05,7.4296,454,3,0,1,1,0,0
tx_legit_007505,0,591.89,6.385,28,1,0,4,1,0,0
tx_fraud_000808,1,2842.26,7.9527,315,1,0,1,11,0,0
tx_legit_007828,0,906.09,6.8102,172,1,0,1,2,0,0
tx_legit_002776,0,164.84,5.111,582,1,0,1,1,0,0
tx_legit_006463,0,892.26,6.7949,37,1,0,2,1,0,0
tx_legit_003134,0,649.38,6.4776,986,2,0,6,1,0,0
tx_fraud_000388,1,18399.18,9.8201,1,5,2,3,6,1,1
tx_legit_002285,0,307.86,5.7329,471,1,0,1,2,0,0
tx_legit_001652,0,1086.64,6.9918,21,1,0,2,1,0,0
tx_legit_010809,0,499.56,6.2157,374,1,0,1,1,0,0
tx_legit_000267,0,1535.52,7.3373,157,1,0,1,1,0,0
tx_fraud_000996,1,3967.57,8.2862,130,2,1,14,12,0,0
tx_legit_007055,0,460.21,6.1339,345,1,0,1,3,0,0
tx_legit_007874,0,331.58,5.8069,289,2,0,1,1,0,0
tx_legit_000288,0,423.98,6.052,423,2,0,1,1,0,0
tx_legit_012829,0,557.52,6.3253,705,1,0,3,2,0,0
tx_legit_005835,0,1404.85,7.2484,55,1,0,1,9,0,0
tx_legit_010396,0,378.05,5.9377,208,1,0,1,1,0,0
tx_legit_005212,0,378.47,5.9388,808,4,0,4,3,0,0
tx_legit_013677,0,182.44,5.2119,234,1,0,1,1,0,0
tx_legit_005256,0,424.05,6.0522,656,1,0,1,13,0,0
tx_legit_007205,0,284.74,5.6551,492,1,0,1,1,0,0
tx_legit_013408,0,1608.96,7.384,669,1,0,1,3,0,0
tx_legit_006756,0,596.29,6.3924,639,1,0,1,1,0,0
tx_legit_011202,0,1699.16,7.4385,191,1,0,2,11,0,0
tx_legit_007183,0,637.55,6.4592,579,1,2,1,1,0,0
tx_legit_013569,0,462.02,6.1378,826,1,0,1,20,0,0
tx_legit_011437,0,733.45,6.5991,84,3,0,1,22,0,0
tx_legit_002858,0,207.32,5.3391,801,1,0,2,20,0,0
tx_legit_002465,0,325.7,5.789,828,3,0,1,3,0,0
tx_legit_007115,0,665.22,6.5016,679,2,0,5,1,0,0
tx_legit_009788,0,386.52,5.9598,749,1,1,3,2,0,0
tx_legit_008791,0,95.28,4.5673,982,1,0,1,2,0,0
tx_legit_004706,0,405.6,6.0078,392,1,0,1,3,0,0
tx_legit_006273,0,509.68,6.2357,418,1,0,6,1,0,0
tx_legit_012300,0,1916.8,7.5589,687,2,0,1,2,0,0
tx_fraud_000071,1,7766.08,8.9576,8,10,1,14,2,0,1
tx_legit_002347,0,460.11,6.1336,366,1,0,3,1,0,0
tx_legit_002235,0,417.42,6.0365,676,1,0,1,1,0,0
tx_legit_003820,0,700.1,6.5527,361,1,0,1,1,0,0
tx_legit_001169,0,406.96,6.0112,132,2,1,1,2,0,0
tx_legit_001678,0,434.57,6.0767,387,2,0,1,12,0,0
tx_legit_011701,0,1031.53,6.9398,418,1,0,1,10,0,0
tx_legit_013429,0,238.39,5.4781,260,2,0,2,16,0,0
tx_legit_011310,0,432.27,6.0714,881,1,0,1,1,0,0
tx_legit_001156,0,395.36,5.9823,307,3,1,1,3,0,0
tx_legit_010101,0,975.45,6.8839,126,2,0,1,3,0,0
tx_legit_011828,0,275.61,5.6226,466,2,0,1,13,0,0
tx_legit_007303,0,183.87,5.2197,188,1,0,1,1,0,0
tx_legit_004457,0,524.01,6.2634,748,1,2,2,1,0,0
tx_legit_004070,0,615.93,6.4248,217,1,0,1,1,0,0
tx_legit_006806,0,1447.95,7.2786,716,2,0,2,15,0,0
tx_legit_000186,0,427.58,6.0605,56,1,0,1,2,0,0
tx_legit_002632,0,746.57,6.6168,186,1,1,1,8,0,0
tx_legit_004890,0,601.69,6.4014,685,1,2,1,1,0,0
tx_legit_003102,0,177.46,5.1844,940,1,0,1,1,0,0
tx_fraud_001171,1,5035.19,8.5244,558,2,0,13,18,0,0
tx_legit_007996,0,596.32,6.3925,87,2,0,1,15,0,0
tx_legit_007901,0,2206.16,7.6995,532,3,0,1,2,0,0
tx_legit_009736,0,334.59,5.8159,709,1,0,2,2,0,0
tx_fraud_000729,1,1729.16,7.456,155,1,0,20,13,0,0
tx_legit_000432,0,2051.44,7.6268,172,2,0,1,21,0,0
tx_legit_002843,0,433.31,6.0738,29,1,0,1,1,0,0
tx_legit_010526,0,220.99,5.4026,278,1,2,1,1,0,0
tx_legit_001149,0,1805.36,7.4991,738,1,0,1,3,0,0
tx_legit_006106,0,98.29,4.598,295,1,0,1,22,0,0
tx_legit_006620,0,358.79,5.8855,697,1,0,2,9,0,0
tx_legit_000069,0,921.28,6.8268,615,1,0,1,12,0,0
tx_legit_001779,0,662.95,6.4982,841,1,0,1,1,0,0
tx_legit_011088,0,1163.93,7.0604,23,1,0,1,22,0,0
tx_legit_004122,0,90.99,4.5217,486,1,0,4,3,0,0
tx_legit_006216,0,166.35,5.1201,866,1,0,1,10,0,0
tx_legit_005996,0,489.66,6.1958,566,1,0,1,4,0,0
tx_legit_008350,0,242.12,5.4936,858,1,0,1,2,0,0
tx_legit_007472,0,899.87,6.8034,155,1,0,2,3,0,0
tx_legit_011332,0,769.52,6.6471,779,1,0,1,1,0,0
tx_legit_008608,0,301.56,5.7123,49,2,1,1,2,0,0
tx_legit_002012,0,1777.94,7.4838,483,1,0,1,1,0,0
tx_legit_010356,0,1548.13,7.3454,361,1,0,1,17,0,0
tx_legit_011213,0,308.64,5.7354,321,1,0,1,1,0,0
tx_legit_010960,0,328.36,5.7972,40,1,0,1,1,0,0
tx_legit_005962,0,79.48,4.388,676,4,1,1,21,0,0
tx_legit_010186,0,4155.72,8.3325,587,1,0,5,1,0,0
tx_legit_005651,0,1433.3,7.2684,536,1,0,1,2,0,0
tx_legit_012799,0,118.27,4.7814,329,1,0,1,1,0,0
tx_fraud_001146,1,8498.14,9.0477,632,2,0,21,12,0,0
tx_legit_005443,0,505.3,6.2271,358,1,0,2,8,0,0
tx_legit_005717,0,609.13,6.4137,502,1,0,1,2,0,0
tx_legit_009323,0,1400.88,7.2456,735,1,0,1,3,0,0
tx_legit_003568,0,416.37,6.034,792,1,0,1,18,0,0
tx_legit_003043,0,368.53,5.9122,869,1,0,2,16,0,0
tx_legit_012561,0,175.14,5.1713,896,1,0,1,1,0,0
tx_legit_003687,0,863.9,6.7626,741,1,0,1,8,0,0
tx_legit_004889,0,743.97,6.6133,144,1,0,1,2,0,0
tx_legit_004181,0,131.29,4.885,87,3,0,1,1,0,0
tx_legit_008077,0,275.21,5.6212,349,1,0,1,15,0,0
tx_legit_013494,0,5301.61,8.576,169,2,0,1,1,0,0
tx_legit_006569,0,145.58,4.9876,641,1,0,2,13,0,0
tx_fraud_000895,1,3091.97,8.0369,233,1,0,1,14,0,0
tx_legit_002981,0,726.35,6.5894,576,1,0,4,1,0,0
tx_legit_004195,0,475.78,6.1671,691,1,0,1,1,0,0
tx_legit_001860,0,669.73,6.5084,656,1,0,1,1,0,0
tx_legit_002988,0,682.38,6.5271,61,2,0,1,1,0,0
tx_legit_005685,0,509.39,6.2352,666,2,0,1,1,0,0
tx_fraud_000583,1,53596.31,10.8893,6,17,8,10,26,1,1
tx_legit_001237,0,2311.32,7.746,258,1,0,2,1,0,0
tx_fraud_000626,1,50192.96,10.8236,5,26,7,14,23,1,1
tx_legit_002423,0,560.66,6.3309,371,1,0,1,2,0,0
tx_legit_010685,0,267.61,5.5933,229,2,0,1,1,0,0
tx_fraud_000006,1,7772.75,8.9585,13,10,4,15,2,0,1
tx_legit_013213,0,947.18,6.8545,809,1,0,1,1,0,0
tx_legit_001271,0,561.04,6.3316,905,1,0,4,3,0,0
tx_legit_007410,0,485.64,6.1875,682,1,0,1,1,0,0
tx_legit_007293,0,918.97,6.8243,546,1,0,1,2,0,0
tx_legit_006065,0,283.49,5.6507,906,2,0,1,2,0,0
tx_legit_011465,0,525.64,6.2665,999,1,0,1,1,0,0
tx_legit_005109,0,1673.26,7.4231,454,2,0,1,8,0,0
tx_legit_008338,0,1062.94,6.9697,206,4,0,6,1,0,0
tx_legit_009897,0,1107.63,7.0109,108,1,0,1,1,0,0
tx_legit_011512,0,225.16,5.4212,325,1,0,1,1,0,0
tx_legit_010033,0,531.09,6.2768,78,1,0,1,1,0,0
tx_legit_013543,0,266.44,5.5889,102,1,0,1,2,0,0
tx_legit_007283,0,459.68,6.1327,255,2,0,1,2,0,0
tx_fraud_001175,1,2102.09,7.6512,487,2,0,20,11,0,0
tx_legit_000534,0,1444.61,7.2763,66,1,0,1,2,0,0
tx_legit_001175,0,644.09,6.4694,940,1,0,3,1,0,0
tx_legit_000171,0,344.31,5.8444,84,1,0,1,1,0,0
tx_legit_001730,0,380.68,5.9446,526,1,0,1,19,0,0
tx_legit_005119,0,252.8,5.5365,270,3,0,1,1,0,0
tx_fraud_001139,1,2452.62,7.8053,644,2,0,20,13,0,0
tx_legit_009563,0,725.74,6.5886,853,1,0,3,1,0,0
tx_legit_008760,0,1042.4,6.9502,542,2,0,2,10,0,0
tx_legit_009349,0,264.71,5.5824,26,1,0,1,12,0,0
tx_legit_002544,0,1025.76,6.9342,816,1,0,1,2,0,0
tx_legit_005611,0,319.04,5.7684,588,1,0,1,1,0,0
tx_legit_008824,0,404.03,6.004,493,1,0,1,3,0,0
tx_legit_006592,0,239.53,5.4828,431,1,0,1,2,0,0
tx_legit_001603,0,583.02,6.3699,292,1,0,1,13,0,0
tx_legit_000080,0,238.38,5.4781,375,1,0,1,1,0,0
tx_legit_005910,0,306.33,5.7279,831,1,0,2,1,0,0
tx_legit_004296,0,352.3,5.8673,235,2,0,1,3,0,0
tx_legit_005548,0,303.8,5.7197,48,1,0,2,1,0,0
tx_legit_001295,0,609.79,6.4148,324,1,0,1,1,0,0
tx_legit_001241,0,382.7,5.9499,974,1,1,2,17,0,0
tx_legit_004367,0,1204.08,7.0943,974,3,0,1,1,0,0
tx_legit_010655,0,315.78,5.7582,710,1,0,6,3,0,0
tx_legit_001984,0,547.89,6.3079,895,1,0,2,2,0,0
tx_legit_004125,0,350.72,5.8628,276,2,0,1,5,0,0
tx_fraud_000557,1,49120.25,10.802,4,29,4,18,37,1,1
tx_legit_009291,0,438.8,6.0863,399,2,0,1,4,0,0
tx_legit_006201,0,137.93,4.934,883,1,0,1,1,0,0
tx_legit_004525,0,596.09,6.3921,398,1,0,1,1,0,0
tx_legit_013071,0,408.78,6.0156,554,2,0,1,2,0,0
tx_legit_007360,0,182.77,5.2137,263,2,0,2,20,0,0
tx_legit_003331,0,492.45,6.2014,292,1,0,1,1,0,0
tx_legit_004920,0,167.78,5.1286,674,1,1,1,1,0,0
tx_legit_000068,0,731.48,6.5964,241,1,1,1,1,0,0
tx_legit_006350,0,407.94,6.0136,488,1,0,1,1,0,0
tx_legit_009415,0,186.24,5.2324,530,1,1,3,1,0,0
tx_legit_002684,0,561.83,6.333,28,2,0,1,2,0,0
tx_legit_002652,0,736.9,6.6038,862,1,0,1,2,0,0
tx_legit_006357,0,876.48,6.7771,869,1,0,1,1,0,0
tx_legit_004153,0,904.54,6.8085,754,2,0,2,1,0,0
tx_legit_006157,0,129.5,4.8714,765,1,0,1,1,0,0
tx_legit_012449,0,397.52,5.9878,976,1,0,1,1,0,0
tx_legit_009436,0,1008.96,6.9177,894,1,0,3,1,0,0
tx_fraud_001133,1,7859.52,8.9696,554,2,0,11,8,0,0
tx_legit_000300,0,410.86,6.0207,668,1,0,1,14,0,0
tx_legit_009812,0,694.66,6.5449,741,2,0,4,1,0,0
tx_legit_003187,0,691.11,6.5397,370,1,0,2,2,0,0
tx_legit_012431,0,1426.87,7.2639,878,1,2,1,1,0,0
tx_fraud_000597,1,63277.05,11.0553,0,18,6,10,35,1,1
tx_legit_001490,0,634.95,6.4551,345,1,1,1,2,0,0
tx_legit_004643,0,906.67,6.8109,704,2,0,1,2,0,0
tx_legit_001781,0,427.1,6.0594,816,1,0,1,1,0,0
tx_fraud_001108,1,2856.98,7.9579,433,2,0,11,18,0,0
tx_legit_004480,0,419.13,6.0406,317,2,0,1,2,0,0
tx_legit_009035,0,432.71,6.0724,505,1,0,1,15,0,0
tx_legit_012760,0,464.31,6.1427,927,2,1,1,2,0,0
tx_legit_005590,0,348.35,5.8561,612,1,0,1,1,0,0
tx_legit_006659,0,632.31,6.451,754,1,0,1,3,0,0
tx_legit_007560,0,103.23,4.6466,526,2,0,1,4,0,0
tx_legit_006098,0,496.52,6.2096,630,2,0,1,1,0,0
tx_legit_003113,0,68.67,4.2438,989,1,0,1,1,0,0
tx_legit_004964,0,2041.01,7.6217,537,1,0,3,1,0,0
tx_legit_008981,0,483.88,6.1839,121,1,0,5,1,0,0
tx_legit_007650,0,207.02,5.3376,697,1,0,1,2,0,0
tx_legit_005071,0,521.89,6.2594,190,2,0,1,1,0,0
tx_legit_001080,0,1001.82,6.9106,291,2,0,2,17,0,0
tx_legit_011077,0,634.82,6.4549,431,3,0,1,1,0,0
tx_legit_010571,0,763.53,6.6393,86,1,0,2,1,0,0
tx_legit_007036,0,551.2,6.3139,858,1,0,1,1,0,0
tx_legit_009394,0,254.96,5.545,31,1,0,1,3,0,0
tx_legit_013259,0,339.18,5.8295,544,1,0,1,2,0,0
tx_legit_010835,0,285.34,5.6572,292,2,0,2,17,0,0
tx_legit_011195,0,277.31,5.6287,636,2,0,2,8,0,0
tx_legit_010482,0,273.2,5.6139,775,1,0,1,1,0,0
tx_legit_011220,0,563.61,6.3361,809,3,0,1,2,0,0
tx_legit_011953,0,227.91,5.4333,983,1,0,2,1,0,0
tx_legit_005807,0,518.81,6.2535,328,1,0,1,1,0,0
tx_legit_007197,0,1309.31,7.178,543,1,0,1,12,0,0
tx_fraud_000164,1,13055.13,9.477,16,19,3,3,12,0,1
tx_legit_004082,0,203.81,5.3221,958,1,0,1,2,0,0
tx_legit_004297,0,437.83,6.0841,394,1,0,1,2,0,0
tx_legit_011240,0,603.98,6.4052,36,1,0,1,3,0,0
tx_legit_012528,0,188.45,5.2441,701,3,2,2,15,0,0
tx_legit_004803,0,1090.49,6.9953,702,1,0,1,4,0,0
tx_legit_010893,0,187.96,5.2415,889,1,0,1,1,0,0
tx_legit_004895,0,456.67,6.1261,322,1,0,2,1,0,0
tx_legit_003425,0,835.71,6.7295,807,1,0,1,3,0,0
tx_legit_007653,0,577.98,6.3613,852,1,0,1,2,0,0
tx_legit_009889,0,280.48,5.6401,253,1,1,1,1,0,0
tx_legit_004341,0,1720.6,7.451,933,1,0,2,9,0,0
tx_fraud_001174,1,7474.9,8.9194,544,2,0,16,8,0,0
tx_legit_007243,0,1687.8,7.4318,978,1,0,1,1,0,0
tx_legit_005487,0,355.34,5.8759,613,1,1,1,1,0,0
tx_fraud_000241,1,14512.71,9.5828,5,18,8,3,17,1,1
tx_legit_006132,0,1708.52,7.444,588,1,0,1,1,0,0
tx_legit_007213,0,1509.85,7.3204,57,1,0,1,1,0,0
tx_fraud_001091,1,7064.08,8.8629,773,2,0,17,11,0,0
tx_legit_003985,0,451.5,6.1148,219,1,1,1,3,0,0
tx_legit_012094,0,612.17,6.4186,190,4,0,1,2,0,0
tx_legit_005430,0,633.99,6.4536,449,1,0,2,10,0,0
tx_legit_008037,0,200.68,5.3067,942,2,1,4,1,0,0
tx_legit_011030,0,618.24,6.4285,732,1,0,1,1,0,0
tx_legit_002782,0,214.82,5.3744,531,2,0,1,1,0,0
tx_legit_009653,0,292.97,5.6835,239,1,0,1,2,0,0
tx_legit_007696,0,219.0,5.3936,74,1,0,1,4,0,0
tx_legit_009125,0,624.42,6.4384,826,1,0,1,20,0,0
tx_fraud_000665,1,48717.83,10.7938,7,23,4,18,32,1,1
tx_legit_000714,0,368.53,5.9122,206,1,0,2,2,0,0
tx_legit_002667,0,1287.49,7.1612,561,1,0,1,1,0,0
tx_legit_013118,0,316.45,5.7603,502,1,0,1,1,0,0
tx_legit_006055,0,414.97,6.0306,605,2,0,1,3,0,0
tx_legit_007413,0,444.11,6.0983,229,3,1,2,20,0,0
tx_legit_001920,0,406.94,6.0111,429,1,2,1,12,0,0
tx_legit_010546,0,472.73,6.1606,269,2,0,1,3,0,0
tx_legit_010569,0,438.4,6.0854,516,1,0,1,2,0,0
tx_legit_000111,0,709.1,6.5654,165,1,0,1,1,0,0
tx_legit_006059,0,943.99,6.8512,736,1,0,1,1,0,0
tx_legit_000018,0,279.97,5.6382,85,1,0,1,1,0,0
tx_legit_005646,0,770.39,6.6482,485,1,0,3,3,0,0
tx_legit_005762,0,767.74,6.6448,66,2,0,2,8,0,0
tx_legit_000194,0,138.11,4.9353,560,1,0,1,2,0,0
tx_fraud_000831,1,3086.04,8.035,168,1,0,1,21,0,0
tx_legit_009599,0,793.06,6.6772,86,1,0,1,1,0,0
tx_legit_001172,0,304.1,5.7206,406,1,0,1,1,0,0
tx_legit_010053,0,457.58,6.1281,364,2,0,6,1,0,0
tx_legit_011345,0,447.02,6.1048,754,1,0,1,15,0,0
tx_legit_012582,0,307.45,5.7316,989,1,2,1,1,0,0
tx_fraud_000772,1,1081.29,6.9868,219,1,0,19,15,0,0
tx_legit_007927,0,361.85,5.894,622,2,0,1,1,0,0
tx_legit_012065,0,178.65,5.191,389,1,0,1,3,0,0
tx_legit_006618,0,114.84,4.7522,715,1,0,1,1,0,0
tx_legit_009336,0,233.8,5.4587,747,1,0,1,1,0,0
tx_legit_012467,0,418.04,6.038,531,1,0,1,2,0,0
tx_legit_011600,0,622.27,6.435,389,2,0,1,1,0,0
tx_legit_010436,0,108.26,4.6937,177,2,0,2,2,0,0
tx_legit_000573,0,357.27,5.8813,568,2,0,2,2,0,0
tx_legit_010068,0,500.84,6.2183,78,2,0,1,1,0,0
tx_legit_011961,0,487.36,6.1911,566,1,0,1,1,0,0
tx_legit_011723,0,337.81,5.8254,472,2,0,1,15,0,0
tx_legit_002000,0,551.76,6.3149,814,1,0,1,1,0,0
tx_legit_013563,0,406.49,6.01,143,1,0,2,1,0,0
tx_legit_010242,0,258.87,5.5602,278,1,0,1,1,0,0
tx_legit_009191,0,232.82,5.4546,343,1,0,2,9,0,0
tx_legit_008918,0,305.8,5.7262,877,3,0,1,1,0,0
tx_legit_002138,0,1553.23,7.3487,999,1,0,1,2,0,0
tx_legit_010928,0,544.29,6.3013,242,2,0,1,1,0,0
tx_legit_000766,0,164.21,5.1072,518,1,0,1,1,0,0
tx_legit_007726,0,917.92,6.8232,246,1,1,1,17,0,0
tx_legit_010719,0,405.26,6.007,294,1,0,1,1,0,0
tx_legit_003882,0,454.59,6.1216,877,1,0,1,11,0,0
tx_legit_003527,0,919.09,6.8245,677,1,0,2,15,0,0
tx_legit_001309,0,438.07,6.0847,953,1,1,2,2,0,0
tx_fraud_000297,1,7779.98,8.9594,1,4,3,3,5,1,0
tx_fraud_000168,1,14536.57,9.5845,12,23,3,3,35,0,1
tx_legit_007990,0,309.15,5.7371,254,1,0,1,2,0,0
tx_legit_004354,0,559.53,6.3289,384,1,0,1,2,0,0
tx_legit_004130,0,322.78,5.7801,784,1,0,1,1,0,0
tx_legit_008174,0,298.75,5.7029,720,1,0,1,1,0,0
tx_legit_006416,0,500.58,6.2178,272,1,0,1,20,0,0
tx_legit_007377,0,727.91,6.5916,306,1,0,2,1,0,0
tx_legit_005945,0,1261.71,7.141,296,1,0,1,1,0,0
tx_legit_011516,0,298.14,5.7009,486,1,0,1,3,0,0
tx_legit_003734,0,797.7,6.683,578,1,0,3,1,0,0
tx_fraud_000116,1,9681.72,9.1781,9,5,2,16,4,0,1
tx_fraud_001116,1,5548.37,8.6214,625,2,0,11,9,0,0
tx_legit_013582,0,716.59,6.5759,217,1,0,1,12,0,0
tx_legit_006480,0,115.13,4.7547,370,3,0,1,1,0,0
tx_legit_005620,0,860.29,6.7584,618,3,0,1,1,0,0
tx_legit_007165,0,645.36,6.4714,746,1,0,1,17,0,0
tx_legit_012874,0,1094.95,6.9994,422,2,0,3,2,0,0
tx_legit_013524,0,580.69,6.3659,262,1,0,1,1,0,0
tx_legit_010738,0,520.62,6.2569,974,1,1,1,4,0,0
tx_legit_001847,0,1081.3,6.9868,514,2,0,1,1,0,0
tx_legit_006943,0,1039.03,6.947,350,1,0,6,3,0,0
tx_legit_003907,0,184.87,5.225,297,1,0,1,3,0,0
tx_legit_013155,0,540.69,6.2947,205,1,0,1,1,0,0
tx_legit_011932,0,94.47,4.5588,606,1,0,1,16,0,0
tx_legit_013034,0,177.63,5.1853,460,1,0,1,1,0,0
tx_legit_000591,0,1406.19,7.2494,24,1,0,3,1,0,0
tx_legit_006355,0,1702.38,7.4404,645,1,0,2,13,0,0
tx_legit_010288,0,434.62,6.0768,549,1,0,1,1,0,0
tx_legit_013199,0,1090.27,6.9951,137,3,0,1,1,0,0
tx_legit_010089,0,746.63,6.6169,249,1,0,1,1,0,0
tx_legit_005790,0,3491.48,8.1584,684,1,0,1,1,0,0
tx_legit_010952,0,310.42,5.7411,183,1,0,2,1,0,0
tx_legit_010434,0,917.85,6.8231,70,1,0,1,1,0,0
tx_legit_011045,0,786.59,6.669,118,2,1,1,2,0,0
tx_legit_006072,0,408.95,6.016,661,1,0,1,2,0,0
tx_legit_002547,0,1203.23,7.0936,452,1,0,1,1,0,0
tx_legit_004749,0,309.28,5.7375,686,1,1,1,2,0,0
tx_legit_009756,0,203.44,5.3203,592,1,0,2,15,0,0
tx_legit_000162,0,436.39,6.0808,84,1,0,1,1,0,0
tx_legit_007260,0,806.04,6.6934,858,2,0,2,1,0,0
tx_legit_010912,0,674.51,6.5155,282,1,0,2,1,0,0
tx_legit_003456,0,128.86,4.8665,571,1,0,5,2,0,0
tx_legit_010751,0,117.79,4.7774,758,1,1,2,14,0,0
tx_legit_008438,0,573.06,6.3527,343,1,1,1,1,0,0
tx_legit_006030,0,212.96,5.3658,190,2,0,1,1,0,0
tx_legit_004785,0,1443.5,7.2755,925,1,0,2,21,0,0
tx_legit_003762,0,270.91,5.6055,760,1,0,1,2,0,0
tx_fraud_001059,1,7188.64,8.8804,179,2,1,8,6,0,0
tx_legit_008289,0,521.26,6.2582,335,1,0,1,2,0,0
tx_legit_001296,0,638.22,6.4602,896,1,0,2,14,0,0
tx_legit_005421,0,735.54,6.602,238,3,0,1,1,0,0
tx_legit_005405,0,201.74,5.3119,121,1,0,1,2,0,0
tx_legit_002941,0,399.69,5.9932,441,3,0,5,1,0,0
tx_legit_012552,0,863.23,6.7618,708,1,0,1,4,0,0
tx_legit_003028,0,1784.49,7.4874,129,1,0,1,4,0,0
tx_legit_013107,0,830.65,6.7234,600,1,0,2,12,0,0
tx_legit_005180,0,288.85,5.6694,131,1,0,1,1,0,0
tx_legit_003664,0,523.37,6.2622,312,1,0,1,1,0,0
tx_legit_007075,0,2845.76,7.9539,333,1,0,2,1,0,0
tx_legit_007059,0,266.43,5.5889,551,3,0,1,2,0,0
tx_legit_008910,0,613.57,6.4209,929,1,0,2,18,0,0
tx_legit_005513,0,246.14,5.51,476,1,0,1,3,0,0
tx_legit_001281,0,325.76,5.7892,297,1,0,1,3,0,0
tx_legit_001090,0,523.73,6.2629,928,1,0,1,17,0,0
tx_legit_004332,0,239.54,5.4829,679,2,1,2,1,0,0
tx_fraud_000319,1,17365.56,9.7623,2,7,3,2,2,1,1
tx_fraud_001017,1,3142.67,8.0531,58,2,1,8,10,0,0
tx_legit_012444,0,189.78,5.2511,994,1,0,1,1,0,0
tx_legit_000896,0,447.11,6.105,614,1,0,1,21,0,0
tx_fraud_000677,1,2325.04,7.7519,131,1,0,16,19,0,0
tx_legit_006991,0,989.09,6.8978,530,1,1,1,19,0,0
tx_legit_006082,0,849.78,6.7462,553,2,0,1,9,0,0
tx_legit_008384,0,508.64,6.2337,218,1,0,1,1,0,0
tx_legit_010492,0,258.47,5.5586,954,1,0,1,20,0,0
tx_legit_010933,0,229.73,5.4412,15,1,0,1,1,0,0
tx_legit_005499,0,537.19,6.2882,179,1,0,3,2,0,0
tx_legit_013095,0,508.64,6.2337,425,1,0,1,2,0,0
tx_legit_012545,0,108.47,4.6957,985,1,0,1,2,0,0
tx_legit_012984,0,956.33,6.8641,983,2,0,2,18,0,0
tx_legit_002942,0,305.03,5.7237,108,1,0,1,4,0,0
tx_legit_006626,0,436.74,6.0816,115,1,0,1,1,0,0
tx_legit_011173,0,1055.64,6.9628,557,1,0,2,16,0,0
tx_legit_001181,0,208.42,5.3443,276,1,0,2,1,0,0
tx_legit_003498,0,1051.04,6.9585,831,3,1,1,2,0,0
tx_legit_009810,0,601.56,6.4012,402,1,0,1,1,0,0
tx_legit_011267,0,671.18,6.5105,772,1,0,4,3,0,0
tx_legit_010579,0,1754.9,7.4707,103,1,0,1,2,0,0
tx_legit_011979,0,162.59,5.0974,950,2,0,1,1,0,0
tx_legit_003667,0,706.32,6.5615,517,2,0,1,2,0,0
tx_legit_006673,0,495.25,6.2071,921,1,0,1,1,0,0
tx_legit_009287,0,598.32,6.3958,514,2,0,1,3,0,0
tx_legit_004862,0,781.75,6.6628,455,3,0,2,11,0,0
tx_legit_007068,0,325.56,5.7886,569,1,0,1,8,0,0
tx_legit_010792,0,371.47,5.9202,392,1,0,1,2,0,0
tx_legit_003492,0,277.35,5.6289,625,1,0,2,2,0,0
tx_legit_003945,0,142.45,4.966,276,4,0,6,3,0,0
tx_legit_000117,0,433.42,6.074,534,1,1,1,1,0,0
tx_legit_005731,0,753.56,6.6261,649,1,1,1,2,0,0
tx_legit_005349,0,215.15,5.376,381,1,0,2,22,0,0
tx_legit_007601,0,383.76,5.9526,627,1,0,1,1,0,0
tx_legit_011669,0,287.6,5.665,937,1,0,2,16,0,0
tx_legit_000213,0,1534.63,7.3367,751,2,0,1,1,0,0
tx_legit_013457,0,331.63,5.807,902,4,0,2,20,0,0
tx_legit_010392,0,396.23,5.9845,92,3,1,2,2,0,0
tx_legit_009480,0,206.58,5.3355,443,2,0,1,1,0,0
tx_legit_004812,0,529.49,6.2738,217,1,1,1,3,0,0
tx_legit_007656,0,204.91,5.3274,117,1,0,1,3,0,0
tx_legit_004123,0,502.66,6.2219,520,2,0,3,2,0,0
tx_legit_002701,0,806.64,6.6941,308,1,0,1,1,0,0
tx_fraud_000040,1,9249.43,9.1324,12,4,4,17,4,0,0
tx_legit_008743,0,425.37,6.0553,986,2,0,1,1,0,0
tx_legit_012264,0,424.32,6.0528,211,2,0,3,2,0,0
tx_legit_005614,0,546.97,6.3062,534,1,0,4,1,0,0
tx_legit_000226,0,998.9,6.9077,594,1,0,1,17,0,0
tx_legit_008467,0,969.63,6.8779,945,1,0,1,1,0,0
tx_legit_009624,0,377.35,5.9358,131,1,0,3,1,0,0
tx_legit_012832,0,1201.91,7.0925,133,1,0,2,1,0,0
tx_legit_008771,0,1788.51,7.4897,854,1,0,1,1,0,0
tx_legit_005791,0,560.69,6.331,221,1,0,2,21,0,0
tx_fraud_000638,1,33258.19,10.4121,6,15,5,15,35,1,1
tx_legit_005087,0,1155.29,7.053,111,1,0,2,1,0,0
tx_fraud_000647,1,43752.36,10.6863,5,18,6,13,20,1,1
tx_legit_005141,0,391.09,5.9715,555,1,0,1,3,0,0
tx_fraud_000064,1,17927.29,9.7941,6,5,4,16,4,1,1
tx_legit_006268,0,309.15,5.7371,844,1,0,1,2,0,0
tx_fraud_000016,1,11830.49,9.3785,10,10,3,10,2,0,1
tx_legit_000802,0,341.08,5.835,451,1,0,1,1,0,0
tx_legit_003544,0,279.57,5.6368,524,1,1,1,1,0,0
tx_legit_009880,0,694.61,6.5448,192,1,0,1,1,0,0
tx_legit_007466,0,278.21,5.632,798,2,0,1,1,0,0
tx_legit_008050,0,627.12,6.4427,691,1,0,1,4,0,0
tx_legit_005161,0,1989.82,7.5963,488,1,1,1,1,0,0
tx_legit_006600,0,438.19,6.0849,61,1,1,1,2,0,0
tx_legit_004867,0,109.27,4.7029,234,2,0,2,1,0,0
tx_fraud_000605,1,18620.09,9.8321,2,17,7,10,38,1,1
tx_legit_008558,0,627.96,6.4441,490,1,0,1,1,0,0
tx_legit_010770,0,113.23,4.7382,328,1,0,1,4,0,0
tx_legit_000031,0,149.09,5.0112,775,1,2,1,1,0,0
tx_legit_010626,0,130.72,4.8807,517,1,0,1,2,0,0
tx_legit_008548,0,217.02,5.3846,758,1,0,1,2,0,0
tx_legit_011765,0,2642.13,7.8797,958,2,0,1,1,0,0
tx_legit_006484,0,630.87,6.4487,667,1,0,1,2,0,0
tx_legit_009474,0,274.4,5.6182,92,3,0,1,1,0,0
tx_legit_008770,0,532.6,6.2796,769,1,0,1,20,0,0
tx_legit_000728,0,575.08,6.3562,92,1,0,1,9,0,0
tx_legit_007432,0,566.91,6.342,480,1,0,1,1,0,0
tx_legit_007372,0,374.04,5.927,646,1,0,1,1,0,0
tx_legit_012611,0,122.61,4.8171,751,2,0,1,1,0,0
tx_legit_007893,0,639.66,6.4625,408,1,0,2,19,0,0
tx_legit_003817,0,1152.78,7.0508,174,3,0,1,1,0,0
tx_legit_001463,0,317.02,5.7621,529,1,0,1,2,0,0
tx_legit_003478,0,233.45,5.4572,131,2,0,2,3,0,0
tx_legit_013333,0,178.1,5.1879,400,1,0,1,1,0,0
tx_legit_012102,0,204.29,5.3244,676,2,0,1,3,0,0
tx_legit_009066,0,289.02,5.6699,891,1,0,2,1,0,0
tx_legit_006661,0,825.03,6.7166,840,1,0,1,1,0,0
tx_legit_011790,0,424.35,6.0529,116,1,0,1,1,0,0
tx_legit_008007,0,302.05,5.7139,544,2,0,6,2,0,0
tx_fraud_001111,1,3374.88,8.1244,889,2,0,22,9,0,0
tx_fraud_000884,1,2663.78,7.8879,330,1,0,1,16,0,0
tx_legit_011089,0,594.53,6.3895,614,1,0,1,1,0,0
tx_legit_012837,0,267.83,5.5941,397,2,0,1,2,0,0
tx_legit_011156,0,665.6,6.5022,806,1,0,1,1,0,0
tx_legit_012701,0,1047.57,6.9552,699,1,0,1,1,0,0
tx_legit_008260,0,399.16,5.9919,639,1,0,2,13,0,0
tx_legit_013267,0,1347.61,7.2068,556,2,0,1,1,0,0
tx_legit_008903,0,245.34,5.5067,20,1,0,2,1,0,0
tx_legit_010674,0,330.89,5.8048,544,1,0,1,1,0,0
tx_legit_001717,0,4263.9,8.3582,540,1,0,2,2,0,0
tx_legit_008028,0,930.53,6.8368,657,3,0,1,13,0,0
tx_legit_004694,0,1043.63,6.9514,506,1,0,1,1,0,0
tx_legit_008930,0,552.4,6.3161,886,1,0,6,3,0,0
tx_legit_008199,0,200.01,5.3034,278,1,1,4,3,0,0
tx_legit_013036,0,169.31,5.1376,579,1,0,1,1,0,0
tx_legit_009064,0,388.94,5.966,287,2,0,3,1,0,0
tx_legit_001356,0,1607.35,7.383,517,1,0,1,4,0,0
tx_legit_012731,0,761.42,6.6365,768,1,1,1,1,0,0
tx_legit_007586,0,466.65,6.1477,186,1,0,1,1,0,0
tx_legit_001124,0,193.18,5.2688,633,1,0,1,17,0,0
tx_legit_009680,0,390.54,5.9701,312,1,0,1,1,0,0
tx_legit_006426,0,2328.01,7.7532,197,2,0,1,4,0,0
tx_legit_008228,0,239.97,5.4847,970,1,0,2,1,0,0
tx_legit_009075,0,339.17,5.8294,538,1,0,1,1,0,0
tx_legit_006685,0,259.58,5.5629,48,1,2,6,2,0,0
tx_legit_002936,0,121.3,4.8065,628,3,0,2,15,0,0
tx_legit_009036,0,1022.9,6.9314,100,1,0,1,2,0,0
tx_legit_008005,0,296.54,5.6955,217,2,1,1,16,0,0
tx_legit_006617,0,387.82,5.9631,318,1,0,1,2,0,0
tx_fraud_001068,1,4874.92,8.4921,602,2,0,22,8,0,0
tx_legit_012650,0,1101.98,7.0058,361,1,0,1,3,0,0
tx_legit_000401,0,144.52,4.9803,70,1,0,1,10,0,0
tx_legit_010080,0,364.36,5.9009,418,3,0,1,17,0,0
tx_legit_007103,0,1383.09,7.2328,488,1,0,1,2,0,0
tx_legit_000053,0,129.82,4.8738,17,1,0,1,1,0,0
tx_legit_005258,0,782.69,6.664,880,1,0,1,1,0,0
tx_legit_004683,0,314.9,5.7554,492,3,0,1,1,0,0
tx_legit_008479,0,418.59,6.0393,409,1,0,1,1,0,0
tx_fraud_000231,1,7917.33,8.9769,11,13,6,2,26,0,1
tx_legit_002454,0,815.2,6.7047,825,2,0,1,12,0,0
tx_legit_013142,0,768.37,6.6456,140,1,0,4,1,0,0
tx_legit_005418,0,1496.79,7.3117,22,1,1,2,21,0,0
tx_legit_010088,0,889.29,6.7915,570,1,2,1,1,0,0
tx_fraud_000888,1,1209.07,7.0984,293,1,0,1,21,0,0
tx_legit_004171,0,232.28,5.4522,224,1,0,1,1,0,0
tx_legit_013032,0,383.1,5.9509,717,1,1,1,1,0,0
tx_legit_000682,0,879.6,6.7806,954,1,0,1,1,0,0
tx_legit_012887,0,293.84,5.6864,631,1,0,1,2,0,0
tx_fraud_000756,1,1588.74,7.3713,202,1,0,15,12,0,0
tx_legit_008155,0,776.39,6.6559,402,3,0,1,3,0,0
tx_legit_005441,0,557.4,6.3251,606,1,0,1,1,0,0
tx_legit_000505,0,1308.86,7.1777,947,2,0,1,2,0,0
tx_legit_006734,0,291.02,5.6768,204,1,0,1,18,0,0
tx_fraud_000308,1,11300.35,9.3327,3,4,1,2,2,1,0
tx_legit_008837,0,1666.18,7.4189,125,2,0,1,2,0,0
tx_fraud_000623,1,33158.88,10.4091,6,22,4,11,25,1,1
tx_legit_012248,0,332.16,5.8086,222,1,0,1,2,0,0
tx_legit_012434,0,364.83,5.9022,381,1,0,1,9,0,0
tx_legit_001654,0,282.96,5.6488,382,2,0,1,1,0,0
tx_legit_004580,0,657.76,6.4904,882,1,0,5,3,0,0
tx_legit_010549,0,573.16,6.3529,534,1,0,1,1,0,0
tx_legit_002441,0,63.24,4.1626,595,1,0,1,1,0,0
tx_fraud_000639,1,51806.6,10.8553,2,26,4,13,21,1,1
tx_legit_007094,0,382.61,5.9496,738,2,0,4,1,0,0
tx_legit_012959,0,654.09,6.4848,536,1,0,1,1,0,0
tx_legit_002430,0,896.58,6.7997,952,1,0,1,2,0,0
tx_legit_012970,0,413.48,6.027,485,1,0,6,2,0,0
tx_fraud_000312,1,15128.02,9.6244,5,6,2,2,6,1,1
tx_legit_010722,0,141.71,4.9608,130,1,1,1,1,0,0
tx_legit_010518,0,252.56,5.5356,186,1,0,1,9,0,0
tx_fraud_000715,1,1864.33,7.5312,134,1,0,25,19,0,0
tx_legit_002175,0,476.12,6.1678,965,1,0,2,20,0,0
tx_fraud_000600,1,32434.0,10.387,6,11,4,19,26,1,1
tx_fraud_000533,1,47308.33,10.7645,5,18,5,15,38,1,1
tx_legit_007598,0,482.71,6.1815,539,1,0,6,3,0,0
tx_legit_012310,0,256.75,5.552,672,1,0,1,1,0,0
tx_legit_009530,0,589.55,6.3811,625,1,0,1,1,0,0
tx_legit_009190,0,304.12,5.7207,323,1,0,2,20,0,0
tx_legit_003162,0,232.38,5.4527,340,1,0,1,1,0,0
tx_legit_006989,0,632.31,6.451,986,2,0,2,22,0,0
tx_fraud_000265,1,7534.78,8.9274,3,15,2,2,34,1,1
tx_legit_012229,0,892.74,6.7954,917,1,0,2,10,0,0
tx_legit_011699,0,519.5,6.2548,716,1,0,1,1,0,0
tx_legit_009352,0,922.97,6.8287,768,1,0,2,10,0,0
tx_legit_001093,0,810.85,6.6993,219,2,0,1,1,0,0
tx_legit_002783,0,184.5,5.2231,97,2,0,1,2,0,0
tx_legit_012663,0,909.12,6.8136,257,1,0,1,2,0,0
tx_fraud_000730,1,2016.3,7.6095,221,1,0,30,15,0,0
tx_legit_008986,0,412.64,6.025,910,1,0,4,1,0,0
tx_legit_010704,0,177.06,5.1821,942,1,0,1,2,0,0
tx_legit_004154,0,405.4,6.0073,58,3,0,1,1,0,0
tx_legit_004583,0,228.8,5.4372,349,1,0,1,4,0,0
tx_legit_008362,0,170.14,5.1425,571,3,0,1,1,0,0
tx_legit_009872,0,1145.01,7.044,776,1,0,1,1,0,0
tx_legit_013731,0,461.15,6.1359,640,1,0,1,1,0,0
tx_legit_009999,0,371.25,5.9196,635,2,0,1,1,0,0
tx_legit_001887,0,123.42,4.8237,819,1,0,1,1,0,0
tx_legit_005924,0,173.82,5.1638,112,3,0,2,8,0,0
tx_legit_012347,0,110.65,4.7154,677,1,1,1,21,0,0
tx_legit_013740,0,569.98,6.3474,615,1,0,1,9,0,0
tx_legit_004427,0,620.44,6.432,412,2,0,6,2,0,0
tx_legit_002288,0,410.2,6.0191,121,1,0,2,2,0,0
tx_legit_011019,0,535.51,6.2851,603,1,1,1,1,0,0
tx_legit_009243,0,153.52,5.0403,471,1,0,1,18,0,0
tx_legit_007860,0,1033.84,6.942,519,3,0,6,2,0,0
tx_legit_012568,0,2441.66,7.8008,489,2,0,1,1,0,0
tx_legit_003264,0,2916.95,7.9786,238,4,0,1,8,0,0
tx_legit_001828,0,516.69,6.2494,182,1,0,1,2,0,0
tx_legit_005957,0,441.86,6.0933,126,1,1,5,1,0,0
tx_legit_001951,0,427.55,6.0604,939,1,0,1,2,0,0
tx_legit_003299,0,963.38,6.8715,338,1,0,1,22,0,0
tx_legit_006124,0,767.39,6.6443,430,3,0,3,1,0,0
tx_legit_002800,0,461.55,6.1368,185,1,0,1,1,0,0
tx_legit_003971,0,747.43,6.618,375,1,0,2,20,0,0
tx_legit_005041,0,470.63,6.1562,600,2,0,1,3,0,0
tx_legit_007626,0,835.58,6.7293,962,1,0,1,2,0,0
tx_legit_008239,0,311.3,5.744,973,2,0,1,1,0,0
tx_legit_004337,0,1211.81,7.1007,297,1,0,1,16,0,0
tx_legit_001965,0,577.33,6.3601,671,1,0,1,1,0,0
tx_legit_003669,0,242.48,5.495,279,1,0,1,1,0,0
tx_legit_013787,0,2888.24,7.9687,37,1,0,1,1,0,0
tx_legit_001494,0,541.25,6.2957,578,1,1,1,1,0,0
tx_legit_002272,0,378.56,5.939,340,1,0,2,4,0,0
tx_legit_002625,0,1527.06,7.3318,353,1,0,1,2,0,0
tx_legit_013452,0,102.14,4.6361,356,2,0,2,9,0,0
tx_legit_007555,0,1167.07,7.0631,233,3,0,6,2,0,0
tx_legit_011588,0,1122.01,7.0238,150,1,0,2,1,0,0
tx_legit_000020,0,1164.31,7.0607,894,2,0,2,19,0,0
tx_legit_003110,0,645.76,6.472,520,1,0,1,1,0,0
tx_legit_012776,0,460.1,6.1336,640,1,1,1,1,0,0
tx_legit_003869,0,603.97,6.4052,319,1,0,1,1,0,0
tx_legit_004396,0,484.58,6.1853,290,2,0,1,2,0,0
tx_legit_011594,0,1179.72,7.0739,31,2,1,1,1,0,0
tx_legit_003163,0,298.73,5.7029,50,1,0,1,2,0,0
tx_legit_009747,0,1790.76,7.491,326,1,0,2,1,0,0
tx_legit_012784,0,336.32,5.821,431,1,0,1,22,0,0
tx_legit_013638,0,157.55,5.0661,217,1,0,1,2,0,0
tx_legit_011168,0,828.33,6.7206,381,1,0,1,12,0,0
tx_legit_000614,0,350.55,5.8624,146,1,0,2,2,0,0
tx_legit_010718,0,1448.58,7.279,225,4,0,1,11,0,0
tx_legit_007827,0,118.11,4.78,38,2,0,1,1,0,0
tx_legit_004601,0,433.19,6.0735,624,1,0,1,18,0,0
tx_legit_000572,0,210.58,5.3546,566,1,0,2,17,0,0
tx_legit_011080,0,701.96,6.5553,792,1,0,2,17,0,0
tx_legit_000901,0,544.04,6.3009,692,1,0,1,5,0,0
tx_legit_005024,0,161.43,5.0902,140,2,0,1,1,0,0
tx_legit_002226,0,1746.62,7.466,781,1,0,2,9,0,0
tx_fraud_000527,1,91613.54,11.4253,8,9,3,1,1,0,1
tx_legit_002833,0,348.03,5.8552,667,1,0,5,2,0,0
tx_fraud_000392,1,14128.13,9.556,4,6,0,4,4,1,1
tx_legit_009307,0,1099.77,7.0038,87,1,0,2,2,0,0
tx_legit_002689,0,946.15,6.8535,562,1,0,2,22,0,0
tx_legit_007452,0,1051.03,6.9585,48,1,0,1,1,0,0
tx_legit_007988,0,1203.25,7.0936,35,1,0,1,1,0,0
tx_legit_010314,0,307.44,5.7315,673,1,0,1,1,0,0
tx_fraud_000857,1,2742.04,7.9168,394,1,0,1,15,0,0
tx_legit_010578,0,663.28,6.4987,360,2,0,2,2,0,0
tx_fraud_000300,1,21964.38,9.9972,2,9,0,5,3,1,1
tx_legit_003651,0,1177.79,7.0722,486,1,0,2,9,0,0
tx_legit_000945,0,1400.58,7.2454,647,4,0,1,1,0,0
tx_legit_004291,0,258.77,5.5598,349,2,0,1,2,0,0
tx_fraud_000982,1,7112.77,8.8698,84,2,1,14,6,0,0
tx_legit_003394,0,524.33,6.264,428,1,0,1,3,0,0
tx_legit_006905,0,821.68,6.7126,826,2,1,1,1,0,0
tx_legit_011777,0,378.73,5.9395,733,1,0,1,3,0,0
tx_legit_012397,0,824.44,6.7159,929,2,0,1,1,0,0
tx_legit_008017,0,1051.62,6.959,907,1,0,1,18,0,0
tx_legit_000844,0,238.85,5.48,605,2,0,2,3,0,0
tx_legit_011576,0,800.22,6.6861,475,1,0,1,1,0,0
tx_legit_000666,0,121.29,4.8064,908,1,0,2,8,0,0
tx_legit_000811,0,661.63,6.4962,989,2,0,1,3,0,0
tx_fraud_000093,1,14941.09,9.6119,2,4,4,8,6,1,0
tx_legit_012718,0,1033.08,6.9413,302,1,0,1,3,0,0
tx_legit_010151,0,363.43,5.8983,506,2,0,2,1,0,0
tx_fraud_000224,1,4361.4,8.3808,24,19,7,3,16,0,1
tx_fraud_000670,1,850.08,6.7465,166,1,0,22,8,0,0
tx_legit_000358,0,190.59,5.2554,546,1,0,1,1,0,0
tx_legit_000506,0,99.33,4.6085,100,1,0,1,1,0,0
tx_legit_005187,0,381.89,5.9477,131,1,0,1,1,0,0
tx_legit_002336,0,78.87,4.3804,997,1,0,1,1,0,0
tx_legit_010200,0,449.03,6.1093,97,2,0,1,21,0,0
tx_fraud_000450,1,46089.81,10.7384,2,13,5,1,1,1,1
tx_legit_008750,0,1225.13,7.1116,559,2,0,2,11,0,0
tx_legit_012739,0,775.91,6.6553,482,1,0,1,2,0,0
tx_legit_011626,0,383.76,5.9526,526,1,0,1,2,0,0
tx_legit_004678,0,593.52,6.3878,146,1,0,2,1,0,0
tx_legit_008572,0,311.9,5.7459,315,3,0,1,2,0,0
tx_legit_003903,0,1698.87,7.4383,231,1,0,1,2,0,0
tx_legit_006944,0,1189.83,7.0824,775,2,0,1,1,0,0
tx_legit_009166,0,357.51,5.882,762,1,0,1,1,0,0
tx_legit_007508,0,772.53,6.651,225,1,0,6,3,0,0
tx_legit_010597,0,526.9,6.2689,977,1,0,1,1,0,0
tx_legit_000281,0,732.88,6.5983,286,2,0,1,1,0,0
tx_legit_000477,0,2335.07,7.7562,341,3,1,5,2,0,0
tx_legit_007187,0,1066.14,6.9727,720,1,0,1,2,0,0
tx_legit_008307,0,345.23,5.8471,304,1,0,1,3,0,0
tx_legit_009416,0,514.1,6.2444,561,2,0,1,2,0,0
tx_legit_000147,0,373.69,5.9261,152,1,0,6,3,0,0
tx_fraud_000975,1,3552.42,8.1757,134,2,1,14,12,0,0
tx_legit_012429,0,439.47,6.0878,532,1,0,1,1,0,0
tx_legit_008160,0,440.05,6.0892,741,1,0,1,1,0,0
tx_legit_001703,0,256.71,5.5518,310,3,0,1,1,0,0
tx_legit_011851,0,369.21,5.9141,111,4,0,1,14,0,0
tx_legit_001995,0,1325.87,7.1906,290,3,0,1,2,0,0
tx_legit_006078,0,166.06,5.1184,740,2,0,6,1,0,0
tx_legit_008922,0,1206.16,7.096,743,1,1,2,1,0,0
tx_legit_012483,0,2049.76,7.626,702,1,0,5,2,0,0
tx_legit_006802,0,152.56,5.0341,150,1,0,2,2,0,0
tx_legit_005104,0,143.2,4.9712,655,1,1,1,1,0,0
tx_legit_007176,0,635.66,6.4562,501,1,0,1,12,0,0
tx_legit_000836,0,274.23,5.6176,781,1,0,1,1,0,0
tx_legit_002725,0,634.71,6.4547,361,1,0,1,1,0,0
tx_legit_001576,0,207.43,5.3396,906,1,0,1,1,0,0
tx_legit_002513,0,1152.44,7.0505,515,1,0,1,17,0,0
tx_legit_010406,0,223.34,5.4132,929,1,0,1,1,0,0
tx_legit_011534,0,296.21,5.6944,892,1,0,1,2,0,0
tx_legit_002105,0,809.99,6.6983,175,1,0,3,2,0,0
tx_legit_003768,0,1448.06,7.2787,169,1,0,1,1,0,0
tx_legit_009819,0,160.3,5.0833,547,1,0,1,1,0,0
tx_legit_011492,0,376.86,5.9345,264,1,0,2,17,0,0
tx_legit_004235,0,286.91,5.6626,732,1,0,2,22,0,0
tx_legit_011103,0,641.15,6.4648,188,1,0,1,1,0,0
tx_legit_006892,0,391.89,5.9735,663,1,1,1,20,0,0
tx_legit_005691,0,265.33,5.5847,262,2,0,5,3,0,0
tx_legit_013716,0,300.65,5.7093,573,4,0,1,2,0,0
tx_legit_009657,0,648.14,6.4756,520,1,0,1,5,0,0
tx_legit_000136,0,906.31,6.8105,363,2,0,1,2,0,0
tx_legit_009662,0,538.55,6.2907,677,1,0,1,2,0,0
tx_legit_011425,0,557.33,6.325,599,2,0,1,2,0,0
tx_fraud_000588,1,31110.14,10.3453,3,13,9,14,26,1,1
tx_fraud_001002,1,6009.09,8.7012,138,2,1,10,5,0,0
tx_legit_009479,0,812.41,6.7012,962,1,0,1,1,0,0
tx_fraud_000296,1,16884.72,9.7342,2,5,2,2,6,1,1
tx_legit_006005,0,258.78,5.5598,445,1,0,1,5,0,0
tx_legit_005110,0,558.55,6.3271,969,1,0,2,11,0,0
tx_legit_011529,0,218.49,5.3913,588,2,0,1,2,0,0
tx_fraud_000723,1,1455.69,7.2839,187,1,0,15,9,0,0
tx_legit_006985,0,687.33,6.5343,772,1,0,2,12,0,0
tx_legit_007099,0,651.02,6.4801,570,3,1,1,1,0,0
tx_legit_009751,0,124.73,4.8341,627,1,0,1,1,0,0
tx_legit_010839,0,348.83,5.8574,185,1,0,1,1,0,0
tx_legit_001851,0,205.33,5.3295,821,1,0,1,1,0,0
tx_legit_009711,0,760.02,6.6347,619,1,0,6,1,0,0
tx_legit_013794,0,474.68,6.1647,882,1,0,1,2,0,0
tx_legit_009339,0,162.12,5.0945,390,1,0,1,3,0,0
tx_legit_000668,0,561.57,6.3325,394,1,0,1,1,0,0
tx_legit_000523,0,430.3,6.0668,331,1,0,2,2,0,0
tx_legit_007561,0,148.41,5.0067,705,1,0,1,2,0,0
tx_legit_007667,0,91.63,4.5286,989,1,0,1,1,0,0
tx_legit_007698,0,233.32,5.4567,179,1,0,1,1,0,0
tx_legit_008245,0,505.5,6.2275,282,1,0,4,1,0,0
tx_legit_004443,0,818.29,6.7084,693,2,0,1,2,0,0
tx_legit_005227,0,409.88,6.0183,331,1,0,1,1,0,0
tx_legit_006512,0,1538.48,7.3392,637,1,1,1,1,0,0
tx_legit_006583,0,1786.6,7.4886,198,3,0,2,1,0,0
tx_legit_001007,0,742.97,6.612,674,1,0,1,22,0,0
tx_legit_004837,0,656.23,6.488,192,3,0,1,2,0,0
tx_legit_005601,0,163.77,5.1046,677,1,1,1,1,0,0
tx_legit_009055,0,160.52,5.0846,343,1,0,1,1,0,0
tx_legit_009212,0,219.61,5.3964,806,2,0,2,1,0,0
tx_legit_010499,0,422.56,6.0487,109,1,0,1,1,0,0
tx_legit_001571,0,432.49,6.0719,727,1,0,1,2,0,0
tx_legit_003095,0,1098.08,7.0022,220,1,0,6,2,0,0
tx_legit_011619,0,1026.81,6.9352,725,1,0,1,1,0,0
tx_legit_010823,0,551.44,6.3143,584,1,0,1,1,0,0
tx_legit_006866,0,1652.63,7.4107,277,3,0,6,2,0,0
tx_legit_002050,0,64.5,4.1821,313,1,0,1,16,0,0
tx_legit_000753,0,279.71,5.6373,146,1,0,1,1,0,0
tx_legit_005338,0,148.4,5.0066,732,1,0,6,3,0,0
tx_legit_005147,0,393.06,5.9765,641,1,0,2,11,0,0
tx_legit_010099,0,578.37,6.3619,654,2,0,1,2,0,0
tx_legit_004658,0,457.46,6.1279,140,3,0,2,10,0,0
tx_legit_004704,0,675.81,6.5174,738,2,1,4,1,0,0
tx_legit_002270,0,452.08,6.1161,672,1,0,1,1,0,0
tx_legit_009928,0,942.4,6.8495,905,1,0,1,3,0,0
tx_legit_007046,0,105.98,4.6726,818,1,0,2,12,0,0
tx_legit_005574,0,382.23,5.9486,196,1,0,3,2,0,0
tx_legit_000106,0,1656.07,7.4128,443,1,0,1,1,0,0
tx_fraud_000762,1,2460.76,7.8086,264,1,0,22,16,0,0
tx_legit_012152,0,585.17,6.3736,781,1,0,1,1,0,0
tx_legit_007977,0,179.16,5.1938,155,1,0,1,1,0,0
tx_legit_000398,0,221.93,5.4069,883,2,0,2,13,0,0
tx_legit_004453,0,498.71,6.214,460,1,0,1,1,0,0
tx_legit_006446,0,1838.95,7.5175,668,2,0,1,1,0,0
tx_legit_001242,0,285.89,5.6591,611,1,0,1,1,0,0
tx_legit_008975,0,417.86,6.0375,666,1,0,1,3,0,0
tx_legit_009580,0,154.8,5.0486,746,2,0,5,3,0,0
tx_legit_009592,0,503.08,6.2227,566,1,0,1,2,0,0
tx_legit_000474,0,551.65,6.3147,765,1,0,3,1,0,0
tx_legit_013442,0,256.31,5.5503,722,1,0,1,1,0,0
tx_legit_012736,0,324.28,5.7847,852,1,0,1,1,0,0
tx_legit_012620,0,380.81,5.9449,457,1,0,1,5,0,0
tx_legit_011887,0,542.5,6.298,282,1,0,1,1,0,0
tx_legit_000389,0,783.64,6.6652,810,2,0,1,2,0,0
tx_legit_006470,0,265.59,5.5857,525,1,0,3,2,0,0
tx_legit_004189,0,404.14,6.0042,546,1,0,1,3,0,0
tx_legit_009122,0,743.91,6.6133,702,1,0,1,1,0,0
tx_legit_008575,0,558.81,6.3276,955,1,0,1,2,0,0
tx_legit_003250,0,966.31,6.8745,668,1,0,1,2,0,0
tx_legit_006727,0,318.44,5.7666,894,1,0,4,2,0,0
tx_legit_002403,0,326.36,5.7911,939,1,0,1,1,0,0
tx_fraud_000452,1,60939.98,11.0177,7,6,6,1,1,1,1
tx_legit_004419,0,432.59,6.0721,57,1,0,1,2,0,0
tx_legit_002970,0,625.84,6.4407,773,2,0,1,13,0,0
tx_legit_000436,0,239.37,5.4822,865,1,0,6,3,0,0
tx_legit_009150,0,972.19,6.8806,28,1,2,3,3,0,0
tx_fraud_000227,1,2335.4,7.7564,2,18,7,3,32,1,1
tx_legit_001762,0,395.5,5.9827,438,2,0,1,3,0,0
tx_legit_012438,0,862.52,6.761,510,1,0,1,11,0,0
tx_legit_000263,0,648.55,6.4763,259,1,0,1,1,0,0
tx_legit_004623,0,224.02,5.4162,358,1,0,2,21,0,0
tx_fraud_000660,1,29319.59,10.286,4,30,7,12,28,1,1
tx_legit_007979,0,435.97,6.0799,635,1,0,1,2,0,0
tx_legit_004476,0,274.04,5.6169,183,1,0,2,1,0,0
tx_legit_005592,0,1032.94,6.9411,272,1,0,2,15,0,0
tx_legit_003724,0,599.6,6.3979,318,1,0,1,1,0,0
tx_legit_009629,0,353.23,5.8699,292,2,0,2,12,0,0
tx_legit_001010,0,728.47,6.5923,952,1,0,1,2,0,0
tx_legit_004280,0,522.36,6.2603,517,2,1,1,8,0,0
tx_legit_012800,0,287.65,5.6652,596,1,0,4,3,0,0
tx_legit_004842,0,640.62,6.464,803,2,0,1,1,0,0
tx_legit_008123,0,440.31,6.0897,611,1,0,1,2,0,0
tx_legit_002373,0,266.1,5.5876,164,1,0,6,1,0,0
tx_fraud_000981,1,5990.36,8.6981,44,2,1,13,8,0,0
tx_legit_013384,0,641.19,6.4649,732,1,0,2,20,0,0
tx_legit_007468,0,432.35,6.0715,883,1,0,1,8,0,0
tx_legit_013154,0,607.44,6.4109,180,2,0,1,5,0,0
tx_legit_010985,0,614.73,6.4228,30,2,0,1,4,0,0
tx_legit_005294,0,679.42,6.5227,123,2,0,1,1,0,0
tx_legit_003515,0,582.6,6.3692,842,2,1,1,2,0,0
tx_legit_009428,0,835.11,6.7288,978,2,0,1,1,0,0
tx_legit_011571,0,386.92,5.9608,871,1,0,2,16,0,0
tx_legit_005866,0,173.09,5.1596,283,1,0,2,20,0,0
tx_legit_008654,0,1174.87,7.0698,903,1,0,1,3,0,0
tx_legit_013305,0,266.52,5.5892,323,1,0,1,2,0,0
tx_legit_012722,0,1224.27,7.1109,229,1,0,1,4,0,0
tx_legit_009407,0,910.76,6.8154,131,1,0,1,2,0,0
tx_legit_008512,0,481.23,6.1784,294,1,0,4,2,0,0
tx_legit_009923,0,586.34,6.3756,242,1,0,5,1,0,0
tx_legit_007958,0,424.77,6.0539,749,1,0,2,2,0,0
tx_legit_003747,0,1703.71,7.4412,506,1,0,2,20,0,0
tx_legit_010907,0,1818.1,7.5061,70,1,0,1,4,0,0
tx_legit_009774,0,1855.38,7.5264,523,1,0,2,2,0,0
tx_legit_003956,0,1180.6,7.0746,27,1,0,1,2,0,0
tx_legit_006293,0,636.62,6.4577,775,2,0,1,1,0,0
tx_legit_013657,0,361.93,5.8942,617,1,0,1,1,0,0
tx_legit_006670,0,294.35,5.6882,407,1,0,1,1,0,0
tx_legit_001429,0,957.78,6.8657,813,1,0,1,1,0,0
tx_legit_002305,0,296.37,5.695,115,1,0,1,1,0,0
tx_legit_009603,0,389.75,5.9681,815,3,1,2,2,0,0
tx_legit_009992,0,110.55,4.7145,588,3,0,2,12,0,0
tx_legit_004899,0,186.17,5.232,182,3,0,1,3,0,0
tx_legit_012190,0,341.67,5.8368,418,1,0,1,4,0,0
tx_legit_002466,0,210.89,5.3561,885,1,0,1,1,0,0
tx_legit_012236,0,227.01,5.4294,111,1,1,1,3,0,0
tx_fraud_000913,1,1405.24,7.2487,258,1,0,1,16,0,0
tx_legit_013256,0,515.39,6.2469,90,1,0,1,1,0,0
tx_legit_010416,0,443.21,6.0963,528,1,0,1,1,0,0
tx_legit_009116,0,370.93,5.9187,300,1,0,1,2,0,0
tx_legit_008857,0,712.12,6.5696,207,1,0,1,1,0,0
tx_legit_010706,0,400.64,5.9956,726,1,0,1,1,0,0
tx_fraud_000541,1,28555.52,10.2596,0,10,6,20,23,1,1
tx_legit_004114,0,705.24,6.56,796,2,0,1,22,0,0
tx_legit_000819,0,704.78,6.5593,649,1,2,1,16,0,0
tx_legit_000651,0,485.0,6.1862,254,1,0,4,1,0,0
tx_fraud_000099,1,15353.65,9.6392,2,9,4,8,5,1,1
tx_legit_003658,0,667.93,6.5057,361,1,1,2,22,0,0
tx_legit_011330,0,1381.87,7.2319,82,2,0,1,1,0,0
tx_legit_000379,0,178.71,5.1913,720,2,1,1,1,0,0
tx_legit_000741,0,354.96,5.8748,673,1,0,1,2,0,0
tx_legit_004656,0,279.64,5.6371,587,1,1,1,3,0,0
tx_legit_005650,0,1520.81,7.3277,203,1,0,1,2,0,0
tx_legit_002498,0,651.2,6.4804,271,2,0,1,1,0,0
tx_legit_013554,0,842.49,6.7375,886,1,0,1,20,0,0
tx_legit_008109,0,500.46,6.2175,305,1,0,1,1,0,0
tx_fraud_000825,1,1908.34,7.5545,190,1,0,1,24,0,0
tx_legit_008524,0,155.03,5.05,35,1,0,2,18,0,0
tx_legit_007965,0,680.76,6.5247,389,1,0,2,16,0,0
tx_legit_000476,0,718.24,6.5782,302,2,0,1,4,0,0
tx_legit_006314,0,657.63,6.4902,382,1,0,1,2,0,0
tx_legit_008830,0,234.92,5.4635,823,1,1,1,1,0,0
tx_legit_006379,0,951.82,6.8594,476,1,0,2,15,0,0
tx_legit_009672,0,2010.15,7.6065,988,1,0,1,17,0,0
tx_legit_000871,0,283.62,5.6512,863,3,0,1,15,0,0
tx_legit_013314,0,112.39,4.7308,725,1,0,1,2,0,0
tx_legit_008387,0,157.16,5.0636,221,1,0,1,2,0,0
tx_legit_008205,0,162.69,5.098,587,2,0,2,1,0,0
tx_legit_007867,0,1483.51,7.3028,442,1,0,1,3,0,0
tx_legit_008048,0,575.93,6.3577,537,3,0,3,2,0,0
tx_legit_007821,0,384.58,5.9547,230,1,0,1,4,0,0
tx_legit_012130,0,1092.04,6.9967,64,1,0,2,16,0,0
tx_legit_011119,0,326.83,5.7925,336,1,0,1,3,0,0
tx_legit_004309,0,448.73,6.1086,778,1,0,1,1,0,0
tx_legit_008912,0,392.62,5.9754,313,1,0,5,3,0,0
tx_legit_013363,0,162.21,5.095,257,1,0,2,2,0,0
tx_legit_008987,0,1373.33,7.2257,103,3,0,1,2,0,0
tx_legit_013678,0,454.81,6.1221,633,1,0,1,1,0,0
tx_legit_011034,0,1617.73,7.3894,510,1,0,1,1,0,0
tx_legit_010512,0,124.59,4.833,140,1,0,1,1,0,0
tx_legit_004904,0,387.97,5.9635,500,1,0,5,1,0,0
tx_legit_005811,0,391.33,5.9721,521,2,2,4,2,0,0
tx_legit_001245,0,592.24,6.3856,141,1,0,3,1,0,0
tx_legit_002255,0,358.38,5.8844,945,1,0,1,3,0,0
tx_legit_003964,0,510.24,6.2368,339,1,0,1,1,0,0
tx_legit_000699,0,1485.52,7.3042,454,1,0,1,3,0,0
tx_legit_000985,0,240.27,5.4859,96,2,0,1,1,0,0
tx_legit_011553,0,547.34,6.3069,409,4,0,2,1,0,0
tx_legit_004254,0,934.92,6.8415,806,1,0,1,1,0,0
tx_legit_011808,0,350.51,5.8622,133,1,0,1,1,0,0
tx_legit_001643,0,350.67,5.8627,411,1,0,5,2,0,0
tx_legit_007553,0,372.21,5.9221,372,1,0,2,8,0,0
tx_legit_013253,0,333.97,5.814,340,1,0,3,1,0,0
tx_legit_003620,0,138.33,4.9368,509,1,0,1,1,0,0
tx_legit_006335,0,634.97,6.4552,903,1,0,1,22,0,0
tx_fraud_000424,1,71351.03,11.1754,2,14,7,1,1,1,1
tx_legit_000119,0,1203.29,7.0936,874,1,0,3,3,0,0
tx_legit_000045,0,1484.01,7.3032,932,1,0,2,20,0,0
tx_legit_009940,0,379.36,5.9411,56,1,0,1,1,0,0
tx_legit_010976,0,1656.04,7.4128,882,1,0,2,14,0,0
tx_legit_011499,0,412.99,6.0258,412,2,0,1,5,0,0
tx_legit_003832,0,425.27,6.0551,263,1,0,1,1,0,0
tx_legit_004561,0,623.35,6.4367,249,1,0,1,1,0,0
tx_legit_008178,0,401.11,5.9967,365,1,0,1,1,0,0
tx_legit_013529,0,353.91,5.8719,543,1,0,1,3,0,0
tx_fraud_000294,1,17774.49,9.7856,3,7,0,2,6,1,1
tx_legit_006412,0,348.28,5.8559,483,1,0,1,1,0,0
tx_legit_002416,0,477.52,6.1707,833,2,0,1,2,0,0
tx_legit_011286,0,268.35,5.596,700,2,0,2,19,0,0
tx_legit_002641,0,323.51,5.7823,425,1,0,3,3,0,0
tx_legit_002070,0,491.03,6.1985,997,1,0,6,2,0,0
tx_legit_006515,0,223.72,5.4149,279,1,2,1,5,0,0
tx_legit_002571,0,238.81,5.4798,590,1,0,1,12,0,0
tx_legit_010240,0,1753.9,7.4702,325,2,1,1,1,0,0
tx_legit_009215,0,1055.82,6.963,838,1,0,1,1,0,0
tx_legit_011480,0,414.41,6.0293,467,1,0,1,1,0,0
tx_legit_002190,0,710.47,6.5673,166,2,1,1,1,0,0
tx_legit_003865,0,1215.57,7.1038,605,1,0,1,1,0,0
tx_legit_002829,0,83.03,4.4312,57,1,0,2,2,0,0
tx_legit_007395,0,612.97,6.4199,541,2,1,1,3,0,0
tx_legit_005826,0,449.64,6.1107,931,3,0,1,2,0,0
tx_legit_008784,0,347.06,5.8524,349,2,2,1,2,0,0
tx_legit_004267,0,900.91,6.8045,197,1,0,4,2,0,0
tx_fraud_001144,1,5085.14,8.5343,456,2,0,21,13,0,0
tx_legit_003444,0,733.7,6.5995,450,1,0,1,1,0,0
tx_legit_012642,0,743.58,6.6128,265,1,0,1,1,0,0
tx_legit_006230,0,284.82,5.6554,375,1,0,4,1,0,0
tx_legit_006424,0,278.85,5.6343,530,2,0,1,2,0,0
tx_legit_008806,0,1023.32,6.9318,261,1,0,1,1,0,0
tx_legit_009660,0,325.46,5.7883,974,1,0,2,1,0,0
tx_legit_009571,0,1794.55,7.4931,941,1,0,1,1,0,0
tx_legit_012989,0,1513.61,7.3229,272,1,0,2,9,0,0
tx_legit_007993,0,369.34,5.9144,200,2,0,2,18,0,0
tx_legit_003957,0,310.54,5.7415,878,1,0,1,1,0,0
tx_legit_004458,0,778.22,6.6583,162,1,0,2,1,0,0
tx_legit_013316,0,243.85,5.5006,569,1,0,2,1,0,0
tx_fraud_000931,1,2268.75,7.7274,165,1,0,1,14,0,0
tx_legit_001060,0,159.47,5.0781,674,2,0,1,13,0,0
tx_legit_005788,0,194.27,5.2744,87,1,0,1,1,0,0
tx_legit_013793,0,844.78,6.7403,360,2,0,1,2,0,0
tx_legit_009609,0,894.18,6.797,790,1,0,1,18,0,0
tx_fraud_001188,1,6630.83,8.7996,584,2,0,17,11,0,0
tx_legit_012719,0,321.7,5.7767,352,1,0,1,1,0,0
tx_legit_000623,0,1039.0,6.947,275,1,0,1,1,0,0
tx_legit_005025,0,101.69,4.6317,711,1,0,1,2,0,0
tx_legit_003231,0,369.5,5.9149,493,2,0,1,1,0,0
tx_legit_012055,0,385.96,5.9583,115,3,0,1,1,0,0
tx_legit_004215,0,1099.09,7.0031,52,1,0,2,17,0,0
tx_legit_004049,0,2013.6,7.6082,612,1,0,1,1,0,0
tx_legit_007450,0,355.52,5.8764,405,1,1,3,2,0,0
tx_legit_006492,0,287.66,5.6652,162,2,0,6,2,0,0
tx_legit_009979,0,181.74,5.2081,350,1,0,2,21,0,0
tx_legit_007953,0,321.42,5.7759,480,1,0,1,1,0,0
tx_legit_013581,0,479.33,6.1745,725,1,0,1,1,0,0
tx_legit_001581,0,813.18,6.7022,959,2,0,1,1,0,0
tx_legit_011144,0,689.13,6.5369,416,1,0,1,1,0,0
tx_legit_005816,0,110.95,4.7181,464,1,0,1,3,0,0
tx_legit_003695,0,1150.07,7.0484,541,1,0,1,1,0,0
tx_legit_005857,0,938.63,6.8455,35,1,0,1,2,0,0
tx_legit_003234,0,510.96,6.2382,72,1,0,2,16,0,0
tx_legit_000700,0,366.95,5.9079,798,2,0,2,1,0,0
tx_legit_007314,0,392.18,5.9743,728,1,0,2,1,0,0
tx_legit_008675,0,665.21,6.5016,569,1,0,1,1,0,0
tx_legit_008499,0,318.27,5.766,561,1,0,1,2,0,0
tx_legit_004357,0,696.29,6.5472,203,2,0,1,1,0,0
tx_legit_005079,0,1283.42,7.1581,740,1,0,2,20,0,0
tx_legit_007457,0,214.6,5.3734,493,1,0,3,1,0,0
tx_legit_006048,0,188.66,5.2452,542,1,0,1,2,0,0
tx_legit_004069,0,722.59,6.5842,366,1,0,1,3,0,0
tx_legit_005930,0,426.39,6.0577,665,1,0,1,18,0,0
tx_legit_008427,0,187.15,5.2372,135,1,0,1,11,0,0
tx_legit_011683,0,541.69,6.2965,512,2,1,2,22,0,0
tx_legit_008961,0,1181.95,7.0758,199,1,0,1,1,0,0
tx_legit_007735,0,180.49,5.2012,440,1,2,1,3,0,0
tx_legit_012470,0,255.15,5.5458,592,1,0,5,1,0,0
tx_legit_001545,0,283.74,5.6516,895,2,0,1,1,0,0
tx_legit_012180,0,310.23,5.7405,272,1,0,1,2,0,0
tx_legit_006981,0,575.21,6.3565,247,1,0,5,3,0,0
tx_legit_003367,0,807.34,6.695,404,2,0,1,1,0,0
tx_legit_008036,0,460.83,6.1352,576,1,0,1,1,0,0
tx_legit_012998,0,844.47,6.7399,590,1,0,1,20,0,0
tx_legit_003182,0,100.83,4.6233,505,1,1,1,4,0,0
tx_legit_000451,0,310.51,5.7414,756,1,0,4,1,0,0
tx_legit_012100,0,499.38,6.2154,679,1,0,2,13,0,0
tx_legit_001244,0,675.79,6.5174,33,1,0,1,2,0,0
tx_legit_001682,0,569.58,6.3467,455,1,0,1,1,0,0
tx_legit_008778,0,621.59,6.4339,874,1,0,1,9,0,0
tx_legit_003433,0,558.71,6.3274,126,1,0,1,21,0,0
tx_legit_009959,0,537.95,6.2896,156,1,0,3,3,0,0
tx_legit_006012,0,1033.64,6.9418,76,2,0,1,1,0,0
tx_legit_007669,0,93.42,4.5478,335,1,0,6,1,0,0
tx_fraud_000802,1,1782.65,7.4864,411,1,0,1,14,0,0
tx_legit_008511,0,616.82,6.4262,644,1,0,4,1,0,0
tx_legit_009139,0,879.47,6.7805,169,1,0,1,3,0,0
tx_legit_002969,0,427.69,6.0607,757,1,2,1,3,0,0
tx_legit_000516,0,775.66,6.655,677,1,0,1,1,0,0
tx_legit_003254,0,169.51,5.1388,862,2,0,1,1,0,0
tx_legit_007249,0,607.8,6.4115,841,3,0,1,13,0,0
tx_legit_006453,0,292.46,5.6817,73,4,0,1,19,0,0
tx_legit_006578,0,864.19,6.7629,896,1,0,2,22,0,0
tx_legit_011833,0,531.51,6.2776,741,1,0,1,8,0,0
tx_legit_011020,0,772.89,6.6514,661,1,0,1,17,0,0
tx_legit_010450,0,188.62,5.245,211,1,0,2,10,0,0
tx_legit_008562,0,207.03,5.3377,689,1,0,1,1,0,0
tx_legit_013137,0,333.31,5.8121,220,1,0,2,4,0,0
tx_legit_005758,0,1077.77,6.9836,131,2,0,1,9,0,0
tx_legit_009364,0,142.26,4.9647,181,1,0,1,11,0,0
tx_legit_011991,0,270.8,5.6051,416,1,0,1,16,0,0
tx_legit_007752,0,276.96,5.6275,18,2,0,1,3,0,0
tx_legit_003559,0,489.73,6.1959,316,4,0,1,1,0,0
tx_legit_013538,0,739.3,6.6071,974,1,0,1,9,0,0
tx_legit_010505,0,268.93,5.5982,235,1,0,2,9,0,0
tx_legit_000660,0,711.72,6.5691,287,1,1,1,1,0,0
tx_legit_003029,0,217.52,5.3869,766,1,0,2,9,0,0
tx_legit_009484,0,2461.2,7.8088,443,1,0,1,1,0,0
tx_legit_004241,0,1140.31,7.0399,874,1,0,1,1,0,0
tx_legit_000784,0,482.84,6.1818,356,3,0,1,1,0,0
tx_legit_004460,0,297.2,5.6978,465,1,0,1,1,0,0
tx_legit_011011,0,380.75,5.9448,864,1,0,4,1,0,0
tx_legit_002762,0,102.95,4.6439,192,2,0,1,1,0,0
tx_legit_010050,0,221.41,5.4045,208,1,0,2,13,0,0
tx_legit_002204,0,1007.76,6.9165,616,1,0,1,1,0,0
tx_legit_009049,0,560.43,6.3305,954,1,0,1,1,0,0
tx_legit_000142,0,303.71,5.7194,934,1,0,2,15,0,0
tx_legit_012661,0,627.97,6.4441,282,1,0,1,1,0,0
tx_legit_007121,0,717.84,6.5776,524,1,0,2,13,0,0
tx_legit_013725,0,645.98,6.4723,239,2,0,2,1,0,0
tx_legit_005244,0,604.1,6.4054,646,2,0,1,2,0,0
tx_legit_001749,0,542.19,6.2975,37,1,1,2,10,0,0
tx_legit_007037,0,114.48,4.7491,501,1,0,3,2,0,0
tx_legit_009534,0,897.96,6.8012,703,1,2,3,1,0,0
tx_legit_011051,0,130.01,4.8753,104,1,0,5,1,0,0
tx_legit_011604,0,120.71,4.8016,485,1,0,1,1,0,0
tx_legit_007370,0,170.4,5.144,517,1,0,2,1,0,0
tx_legit_013536,0,470.32,6.1555,400,1,0,2,1,0,0
tx_legit_000592,0,1004.36,6.9131,107,4,0,1,1,0,0
tx_legit_008150,0,1427.21,7.2642,50,4,0,1,1,0,0
tx_legit_003418,0,454.82,6.1221,766,1,0,2,1,0,0
tx_legit_011048,0,292.72,5.6826,988,3,0,6,3,0,0
tx_legit_013058,0,747.56,6.6182,835,1,0,2,17,0,0
tx_legit_007745,0,216.45,5.382,793,1,0,1,8,0,0
tx_legit_009018,0,246.09,5.5098,708,1,0,1,1,0,0
tx_legit_003927,0,524.39,6.2641,893,1,0,1,1,0,0
tx_legit_013784,0,586.25,6.3755,810,1,0,2,21,0,0
tx_legit_002880,0,1312.12,7.1802,188,2,1,1,13,0,0
tx_legit_008804,0,177.09,5.1823,392,1,0,2,2,0,0
tx_legit_007832,0,497.47,6.2115,476,1,0,3,2,0,0
tx_legit_008846,0,984.09,6.8927,809,1,0,1,2,0,0
tx_legit_000168,0,2954.03,7.9913,513,1,0,1,1,0,0
tx_fraud_000459,1,83460.82,11.3321,2,14,6,1,1,1,1
tx_legit_013108,0,458.21,6.1295,501,2,0,1,1,0,0
tx_legit_001761,0,2672.88,7.8913,58,3,0,1,1,0,0
tx_legit_008753,0,1122.86,7.0245,331,1,1,2,22,0,0
tx_fraud_000801,1,1958.27,7.5803,341,1,0,1,16,0,0
tx_legit_007583,0,2030.74,7.6166,844,1,1,1,13,0,0
tx_legit_004339,0,283.05,5.6492,457,1,0,1,1,0,0
tx_legit_002501,0,213.71,5.3693,706,2,1,1,1,0,0
tx_legit_004370,0,534.37,6.283,561,4,0,1,1,0,0
tx_legit_002655,0,791.63,6.6754,345,3,0,1,16,0,0
tx_legit_013525,0,867.21,6.7664,579,1,0,6,3,0,0
tx_legit_007433,0,762.47,6.6379,737,1,0,2,1,0,0
tx_legit_010297,0,629.28,6.4462,921,1,0,1,1,0,0
tx_legit_000778,0,217.71,5.3877,876,1,0,2,19,0,0
tx_legit_013390,0,788.19,6.671,958,1,0,1,11,0,0
tx_legit_011895,0,296.3,5.6947,807,1,0,2,1,0,0
tx_legit_001778,0,943.75,6.8509,977,1,0,1,1,0,0
tx_legit_013191,0,276.3,5.6251,675,1,0,1,11,0,0
tx_legit_002054,0,446.13,6.1028,222,2,0,2,1,0,0
tx_legit_004556,0,861.44,6.7598,174,1,0,1,4,0,0
tx_legit_000787,0,751.03,6.6228,81,2,0,1,3,0,0
tx_legit_006019,0,1864.65,7.5314,78,1,0,1,1,0,0
tx_legit_001921,0,719.39,6.5798,120,1,0,1,3,0,0
tx_legit_010765,0,478.24,6.1722,436,1,0,1,1,0,0
tx_legit_001218,0,252.3,5.5346,760,1,1,1,1,0,0
tx_legit_013110,0,819.18,6.7095,545,1,0,1,2,0,0
tx_legit_000546,0,570.07,6.3475,281,1,0,1,9,0,0
tx_legit_001264,0,593.02,6.3869,532,1,0,2,1,0,0
tx_legit_011580,0,578.43,6.362,37,1,0,1,1,0,0
tx_legit_010011,0,151.35,5.0262,696,1,0,3,3,0,0
tx_legit_004519,0,319.79,5.7708,957,1,0,1,1,0,0
tx_legit_003914,0,173.89,5.1642,188,1,0,2,1,0,0
tx_legit_008542,0,418.13,6.0382,502,1,0,1,1,0,0
tx_legit_002191,0,508.24,6.2329,173,1,0,1,1,0,0
tx_legit_005082,0,650.41,6.4791,968,1,0,6,1,0,0
tx_legit_001454,0,206.98,5.3374,192,1,2,2,16,0,0
tx_legit_009131,0,190.51,5.2549,397,1,0,1,3,0,0
tx_legit_001673,0,127.19,4.8535,781,1,0,1,18,0,0
tx_legit_010287,0,1719.17,7.4502,584,2,0,1,1,0,0
tx_legit_010974,0,1494.17,7.31,800,1,0,1,2,0,0
tx_fraud_000281,1,8176.61,9.0092,0,7,1,3,3,1,1
tx_legit_009553,0,403.95,6.0038,393,1,0,1,2,0,0
tx_legit_006430,0,183.07,5.2153,383,1,0,1,13,0,0
tx_legit_012282,0,1829.61,7.5124,406,1,0,1,3,0,0
tx_legit_013646,0,663.11,6.4984,668,1,0,1,1,0,0
tx_legit_012465,0,549.6,6.311,725,1,1,1,2,0,0
tx_fraud_000394,1,13572.03,9.5158,3,9,3,2,5,1,1
tx_fraud_000522,1,61616.75,11.0287,2,10,6,1,1,1,1
tx_legit_013187,0,1190.63,7.0831,731,1,0,1,2,0,0
tx_legit_010543,0,587.46,6.3775,777,1,0,1,1,0,0
tx_legit_000947,0,330.21,5.8028,321,1,0,1,1,0,0
tx_legit_009991,0,469.83,6.1545,192,1,0,1,1,0,0
tx_legit_012132,0,600.15,6.3988,399,1,0,5,2,0,0
tx_legit_010944,0,1834.24,7.5149,391,1,0,1,1,0,0
tx_legit_009635,0,500.84,6.2183,699,1,0,1,1,0,0
tx_fraud_000264,1,14438.98,9.5778,16,23,3,4,31,0,1
tx_fraud_000183,1,4540.63,8.421,9,21,4,1,13,0,1
tx_legit_007235,0,239.5,5.4827,880,1,1,3,3,0,0
tx_legit_001451,0,335.73,5.8193,347,1,0,1,1,0,0
tx_legit_007162,0,2265.33,7.7259,430,2,0,1,21,0,0
tx_legit_001324,0,287.86,5.6659,278,1,0,1,1,0,0
tx_legit_000941,0,1919.05,7.5601,257,2,0,2,1,0,0
tx_legit_007743,0,337.32,5.824,380,1,0,2,17,0,0
tx_fraud_000591,1,59091.2,10.9869,1,16,10,21,16,1,1
tx_legit_008726,0,472.84,6.1609,88,1,0,6,2,0,0
tx_fraud_000603,1,44419.36,10.7015,4,25,7,21,40,1,1
tx_legit_000115,0,88.3,4.492,328,2,0,1,1,0,0
tx_legit_009186,0,578.42,6.362,393,1,0,1,1,0,0
tx_legit_010910,0,358.31,5.8842,646,1,0,3,2,0,0
tx_legit_006722,0,613.16,6.4203,727,1,0,1,20,0,0
tx_legit_010641,0,324.71,5.786,765,2,0,6,2,0,0
tx_legit_011214,0,806.63,6.6941,831,1,0,1,2,0,0
tx_legit_013468,0,1035.9,6.944,235,1,0,1,3,0,0
tx_legit_002900,0,399.59,5.9929,576,1,0,1,1,0,0
tx_legit_007846,0,308.39,5.7346,210,1,2,1,17,0,0
tx_legit_009813,0,836.75,6.7307,140,1,0,2,8,0,0
tx_legit_005640,0,423.11,6.05,634,1,0,2,13,0,0
tx_fraud_000800,1,3256.73,8.0888,143,1,0,1,22,0,0
tx_legit_011964,0,496.86,6.2103,865,4,0,2,1,0,0
tx_legit_000035,0,689.67,6.5377,773,2,0,2,13,0,0
tx_legit_010661,0,2055.03,7.6285,193,1,0,1,1,0,0
tx_legit_006304,0,421.19,6.0455,414,1,0,1,3,0,0
tx_legit_011227,0,298.28,5.7014,227,1,0,1,12,0,0
tx_legit_006885,0,933.23,6.8397,944,1,0,2,20,0,0
tx_legit_012779,0,971.91,6.8803,412,1,0,1,1,0,0
tx_fraud_001142,1,7215.57,8.8841,506,2,0,18,16,0,0
tx_legit_011433,0,295.46,5.6919,238,1,0,1,1,0,0
tx_legit_010904,0,1438.01,7.2717,63,3,0,1,1,0,0
tx_legit_013317,0,613.31,6.4205,131,1,0,1,15,0,0
tx_legit_013507,0,720.85,6.5818,323,1,0,1,18,0,0
tx_legit_009816,0,421.3,6.0457,703,1,1,1,2,0,0
tx_legit_013346,0,366.95,5.9079,298,1,0,1,1,0,0
tx_legit_001940,0,769.27,6.6467,779,1,0,1,4,0,0
tx_legit_005599,0,1079.07,6.9848,363,1,0,1,2,0,0
tx_legit_006849,0,723.78,6.5859,157,1,0,1,1,0,0
tx_legit_011415,0,1058.05,6.9651,272,1,0,2,20,0,0
tx_legit_011738,0,491.17,6.1988,659,2,0,1,2,0,0
tx_fraud_000833,1,2406.2,7.7862,118,1,0,1,17,0,0
tx_legit_010261,0,230.01,5.4425,621,2,0,1,4,0,0
tx_fraud_000236,1,10749.19,9.2827,16,10,8,4,26,0,1
tx_legit_007636,0,212.88,5.3654,657,1,0,1,3,0,0
tx_legit_001611,0,1213.22,7.1019,55,1,2,1,1,0,0
tx_legit_011836,0,1127.91,7.029,730,1,0,1,4,0,0
tx_legit_003911,0,693.58,6.5433,135,2,0,6,1,0,0
tx_legit_002803,0,391.53,5.9726,565,1,0,1,1,0,0
tx_legit_000037,0,218.58,5.3917,104,1,0,3,2,0,0
tx_legit_007609,0,248.85,5.5209,451,1,0,1,20,0,0
tx_fraud_000813,1,3373.8,8.1241,319,1,0,1,22,0,0
tx_legit_005169,0,941.2,6.8482,452,1,2,1,15,0,0
tx_legit_001128,0,602.38,6.4025,36,1,0,1,2,0,0
tx_legit_001962,0,703.36,6.5573,670,1,0,1,9,0,0
tx_legit_011830,0,953.32,6.861,860,1,0,1,2,0,0
tx_legit_008616,0,295.99,5.6937,798,1,0,2,1,0,0
tx_legit_002696,0,419.8,6.0422,474,2,0,1,2,0,0
tx_legit_001399,0,513.95,6.2441,903,1,0,2,1,0,0
tx_legit_011692,0,405.64,6.0079,231,1,0,2,9,0,0
tx_legit_009918,0,194.2,5.274,901,1,0,1,1,0,0
tx_legit_013422,0,515.6,6.2473,768,1,0,1,3,0,0
tx_legit_000394,0,425.48,6.0556,606,1,0,1,2,0,0
tx_legit_000166,0,677.69,6.5202,600,1,0,2,1,0,0
tx_legit_000232,0,199.68,5.3017,382,3,0,1,1,0,0
tx_legit_007414,0,179.2,5.1941,549,2,0,2,2,0,0
tx_legit_005243,0,1133.27,7.0337,763,1,0,2,15,0,0
tx_legit_001057,0,1818.81,7.5065,794,1,0,1,1,0,0
tx_legit_007754,0,323.43,5.7821,684,2,0,2,4,0,0
tx_legit_009493,0,348.75,5.8572,95,1,0,1,2,0,0
tx_legit_002636,0,551.92,6.3152,21,2,0,1,2,0,0
tx_legit_007784,0,362.08,5.8946,509,1,0,1,2,0,0
tx_legit_008460,0,278.33,5.6324,818,1,0,1,2,0,0
tx_legit_011695,0,414.19,6.0287,501,1,1,1,1,0,0
tx_legit_005292,0,1090.11,6.995,828,1,0,2,2,0,0
tx_legit_009282,0,1311.95,7.18,96,1,0,1,1,0,0
tx_legit_006035,0,372.66,5.9233,646,1,0,1,20,0,0
tx_legit_001153,0,440.19,6.0895,49,2,0,1,16,0,0
tx_legit_009393,0,993.38,6.9021,964,1,0,1,1,0,0
tx_legit_000102,0,1272.48,7.1495,703,1,0,1,1,0,0
tx_legit_003413,0,363.06,5.8973,95,1,0,1,20,0,0
tx_legit_008635,0,636.83,6.4581,652,1,0,1,1,0,0
tx_legit_012087,0,309.94,5.7396,809,1,0,1,16,0,0
tx_legit_004634,0,265.65,5.5859,478,1,0,1,2,0,0
tx_legit_000502,0,940.75,6.8477,929,2,0,5,2,0,0
tx_legit_003935,0,186.49,5.2337,263,2,0,5,2,0,0
tx_legit_000731,0,365.56,5.9042,784,1,0,1,1,0,0
tx_fraud_000380,1,7779.96,8.9594,4,4,3,4,2,1,0
tx_legit_013307,0,258.47,5.5586,684,1,0,1,10,0,0
tx_legit_010125,0,71.63,4.2854,940,1,0,1,5,0,0
tx_legit_011933,0,1497.73,7.3124,683,2,1,4,3,0,0
tx_legit_002036,0,758.5,6.6327,64,1,0,1,1,0,0
tx_fraud_000791,1,1828.08,7.5116,73,1,0,14,10,0,0
tx_legit_007732,0,565.0,6.3386,561,1,0,1,1,0,0
tx_legit_001121,0,1160.07,7.0571,811,1,0,4,3,0,0
tx_legit_011281,0,2471.49,7.813,852,1,0,3,2,0,0
tx_legit_008893,0,1542.51,7.3418,157,1,2,1,1,0,0
tx_legit_004752,0,124.7,4.8339,813,1,0,1,2,0,0
tx_legit_004603,0,1533.05,7.3357,442,1,0,1,2,0,0
tx_legit_002915,0,463.41,6.1408,907,1,0,1,1,0,0
tx_legit_009431,0,326.18,5.7905,674,1,0,1,1,0,0
tx_legit_012534,0,265.34,5.5848,716,1,0,1,1,0,0
tx_legit_001286,0,1712.4,7.4462,380,2,0,1,1,0,0
tx_legit_000812,0,697.93,6.5496,418,2,1,2,1,0,0
tx_legit_003778,0,348.51,5.8565,308,1,0,1,19,0,0
tx_legit_012001,0,499.21,6.215,142,1,0,4,2,0,0
tx_legit_010178,0,1090.36,6.9952,421,1,0,1,2,0,0
tx_fraud_000273,1,13228.24,9.4902,1,8,0,2,4,1,1
tx_legit_006008,0,221.53,5.4051,588,2,0,1,2,0,0
tx_legit_003518,0,1240.64,7.1242,561,1,1,2,2,0,0
tx_legit_012628,0,633.09,6.4522,716,1,0,2,19,0,0
tx_legit_003982,0,406.43,6.0099,614,1,0,1,2,0,0
tx_legit_002997,0,186.52,5.2339,287,1,0,4,1,0,0
tx_fraud_000783,1,2462.82,7.8095,274,1,0,17,19,0,0
tx_legit_000724,0,378.31,5.9384,903,2,0,1,1,0,0
tx_legit_000503,0,379.17,5.9406,134,2,0,3,1,0,0
tx_legit_000550,0,271.5,5.6076,716,1,0,2,19,0,0
tx_legit_013348,0,235.53,5.4661,353,2,0,1,18,0,0
tx_legit_006627,0,505.58,6.2277,73,1,0,2,14,0,0
tx_legit_008625,0,228.89,5.4376,565,1,0,1,18,0,0
tx_legit_002049,0,804.88,6.6919,499,3,0,2,13,0,0
tx_legit_013482,0,381.15,5.9458,221,1,0,1,2,0,0
tx_legit_012209,0,797.71,6.683,775,1,0,1,2,0,0
tx_legit_000719,0,488.47,6.1933,441,2,1,1,1,0,0
tx_legit_001002,0,705.38,6.5602,818,1,1,1,1,0,0
tx_legit_013045,0,757.1,6.6308,543,1,0,1,2,0,0
tx_legit_004657,0,1120.29,7.0222,131,1,0,1,1,0,0
tx_legit_013539,0,1271.62,7.1488,582,1,0,2,4,0,0
tx_legit_010359,0,540.62,6.2946,741,1,0,3,1,0,0
tx_legit_010032,0,2803.29,7.9389,403,1,0,5,1,0,0
tx_legit_009935,0,188.98,5.2469,827,1,0,1,3,0,0
tx_legit_008361,0,498.34,6.2133,25,1,0,2,2,0,0
tx_legit_010588,0,2200.86,7.6971,331,1,0,1,2,0,0
tx_legit_004250,0,498.23,6.2131,322,2,0,1,3,0,0
tx_legit_008855,0,442.35,6.0944,309,1,0,1,1,0,0
tx_legit_011354,0,341.39,5.836,616,2,0,1,5,0,0
tx_legit_004179,0,474.42,6.1642,403,1,0,1,3,0,0
tx_legit_011527,0,336.95,5.8229,367,1,0,1,2,0,0
tx_legit_001078,0,633.91,6.4535,489,1,0,1,1,0,0
tx_fraud_001187,1,5084.25,8.5341,718,2,0,22,9,0,0
tx_legit_005274,0,819.6,6.71,375,2,1,1,12,0,0
tx_legit_001419,0,216.92,5.3841,244,1,0,2,12,0,0
tx_legit_007794,0,524.34,6.264,306,1,0,2,1,0,0
tx_fraud_001081,1,3117.87,8.0452,863,2,0,16,17,0,0
tx_legit_012890,0,205.06,5.3282,870,1,1,2,3,0,0
tx_legit_007666,0,710.37,6.5672,831,1,2,1,1,0,0
tx_legit_009012,0,783.16,6.6646,684,1,0,6,3,0,0
tx_legit_011621,0,402.99,6.0014,244,1,1,4,3,0,0
tx_legit_007710,0,126.9,4.8512,497,2,0,1,1,0,0
tx_legit_011573,0,659.37,6.4928,73,1,0,1,1,0,0
tx_legit_009898,0,338.02,5.8261,751,2,0,1,1,0,0
tx_legit_012287,0,179.94,5.1982,164,1,1,1,1,0,0
tx_legit_009724,0,602.88,6.4034,208,3,0,1,19,0,0
tx_legit_004535,0,2522.69,7.8335,392,1,0,1,2,0,0
tx_legit_011346,0,507.71,6.2319,436,1,0,4,2,0,0
tx_legit_000144,0,277.65,5.63,576,1,1,1,1,0,0
tx_legit_006129,0,703.7,6.5578,877,1,0,2,1,0,0
tx_legit_006836,0,177.17,5.1827,131,1,1,1,1,0,0
tx_legit_010095,0,872.26,6.7722,371,1,0,1,1,0,0
tx_legit_006292,0,1422.82,7.2611,600,1,1,1,2,0,0
tx_legit_002128,0,763.39,6.6391,416,1,0,1,1,0,0
tx_legit_011524,0,1210.76,7.0998,955,1,0,1,2,0,0
tx_legit_002887,0,536.64,6.2872,131,1,0,1,3,0,0
tx_legit_003411,0,466.76,6.148,772,2,0,1,18,0,0
tx_fraud_000514,1,72956.23,11.1976,3,7,7,1,1,1,1
tx_legit_003715,0,297.87,5.7,131,3,0,1,1,0,0
tx_legit_012985,0,1073.31,6.9794,904,2,0,1,13,0,0
tx_legit_003336,0,394.73,5.9807,21,1,0,5,1,0,0
tx_legit_010936,0,1392.1,7.2393,548,1,1,1,11,0,0
tx_legit_007689,0,341.65,5.8367,986,1,0,1,5,0,0
tx_legit_005140,0,946.53,6.8539,244,1,0,2,2,0,0
tx_legit_001094,0,201.98,5.3131,22,2,0,1,11,0,0
tx_legit_010752,0,692.89,6.5423,956,1,0,1,1,0,0
tx_legit_001473,0,867.11,6.7663,500,1,0,2,9,0,0
tx_legit_005642,0,1270.51,7.148,809,2,1,1,18,0,0
tx_legit_004724,0,824.22,6.7157,944,1,0,1,1,0,0
tx_legit_002045,0,337.79,5.8254,462,2,0,6,2,0,0
tx_legit_012015,0,363.23,5.8978,64,1,0,2,1,0,0
tx_legit_010114,0,1027.43,6.9358,987,1,1,1,2,0,0
tx_legit_003416,0,2296.03,7.7394,237,1,0,1,2,0,0
tx_legit_006902,0,215.4,5.3771,292,1,0,1,1,0,0
tx_legit_000250,0,169.13,5.1366,104,2,0,2,12,0,0
tx_legit_002074,0,1093.7,6.9982,731,2,0,3,1,0,0
tx_legit_009587,0,340.11,5.8322,569,1,0,1,1,0,0
tx_legit_007353,0,400.58,5.9954,901,1,0,1,3,0,0
tx_legit_002859,0,772.88,6.6514,904,1,0,3,1,0,0
tx_legit_000057,0,929.39,6.8356,69,1,2,1,1,0,0
tx_legit_010453,0,321.81,5.7771,878,2,0,4,1,0,0
tx_legit_004281,0,405.38,6.0073,965,1,0,1,4,0,0
tx_legit_002349,0,283.27,5.6499,630,1,0,1,1,0,0
tx_legit_001372,0,372.25,5.9222,839,1,1,1,1,0,0
tx_legit_009103,0,93.78,4.5516,117,1,0,1,2,0,0
tx_legit_005740,0,914.06,6.819,77,1,0,6,1,0,0
tx_legit_002153,0,674.97,6.5161,830,1,0,2,19,0,0
tx_legit_004328,0,542.1,6.2973,784,2,0,1,20,0,0
tx_legit_012339,0,323.05,5.7809,39,2,0,2,13,0,0
tx_legit_012198,0,439.58,6.0881,340,1,0,3,1,0,0
tx_legit_003733,0,950.5,6.858,330,2,1,1,1,0,0
tx_legit_011255,0,277.88,5.6308,631,2,0,1,1,0,0
tx_fraud_000412,1,74159.6,11.214,2,9,4,1,1,1,1
tx_legit_005026,0,221.04,5.4029,48,1,0,1,1,0,0
tx_legit_007384,0,471.0,6.157,366,1,0,1,1,0,0
tx_legit_003774,0,100.16,4.6167,145,1,0,1,17,0,0
tx_legit_009982,0,588.61,6.3795,348,2,0,1,10,0,0
tx_legit_005188,0,844.77,6.7402,768,3,0,5,2,0,0
tx_legit_013691,0,242.86,5.4966,713,1,0,1,1,0,0
tx_legit_012906,0,464.93,6.144,652,4,0,2,10,0,0
tx_legit_011715,0,518.95,6.2537,71,3,0,1,1,0,0
tx_legit_010427,0,552.64,6.3165,947,2,0,1,1,0,0
tx_legit_012098,0,273.98,5.6167,807,1,0,1,1,0,0
tx_legit_005950,0,290.13,5.6738,15,1,0,2,13,0,0
tx_legit_001449,0,146.85,4.9962,953,1,0,2,1,0,0
tx_legit_012769,0,148.56,5.0077,909,2,0,1,1,0,0
tx_legit_002302,0,114.41,4.7485,918,1,0,6,2,0,0
tx_legit_013692,0,954.06,6.8618,381,1,0,1,1,0,0
tx_legit_001686,0,503.23,6.223,846,1,0,1,1,0,0
tx_legit_005074,0,584.34,6.3722,874,1,0,2,1,0,0
tx_legit_012417,0,463.17,6.1403,832,2,0,2,16,0,0
tx_legit_010244,0,915.02,6.82,474,1,0,3,3,0,0
tx_legit_010231,0,151.77,5.0289,371,2,0,1,1,0,0
tx_legit_013662,0,71.85,4.2884,150,2,0,2,2,0,0
tx_legit_003462,0,1362.54,7.2178,771,1,0,2,11,0,0
tx_fraud_001078,1,6993.91,8.8529,885,2,0,11,9,0,0
tx_legit_008533,0,264.03,5.5798,530,1,0,1,15,0,0
tx_legit_009658,0,536.56,6.287,37,1,0,2,1,0,0
tx_legit_004111,0,998.75,6.9075,289,2,0,1,17,0,0
tx_legit_013424,0,778.62,6.6588,407,3,0,1,12,0,0
tx_legit_004086,0,1178.49,7.0728,790,2,0,1,4,0,0
tx_legit_005493,0,376.13,5.9326,387,1,0,1,1,0,0
tx_legit_001408,0,691.94,6.5409,538,1,0,1,1,0,0
tx_legit_011353,0,413.58,6.0273,244,1,0,1,1,0,0
tx_legit_007668,0,191.45,5.2598,465,1,0,1,1,0,0
tx_legit_011002,0,50.0,3.9318,294,2,0,2,14,0,0
tx_legit_006848,0,914.46,6.8194,931,1,0,1,1,0,0
tx_legit_006798,0,942.57,6.8497,947,1,0,1,20,0,0
tx_fraud_000426,1,46582.11,10.749,4,6,4,1,1,1,1
tx_legit_012499,0,641.5,6.4654,705,1,0,1,13,0,0
tx_legit_007259,0,307.88,5.733,847,1,0,1,1,0,0
tx_legit_007511,0,308.18,5.7339,259,1,0,5,2,0,0
tx_legit_005692,0,425.29,6.0551,436,2,0,1,2,0,0
tx_legit_000172,0,326.69,5.7921,803,1,0,1,1,0,0
tx_legit_004960,0,1642.95,7.4049,307,2,0,1,1,0,0
tx_legit_010694,0,1812.2,7.5028,781,1,0,1,3,0,0
tx_legit_004116,0,296.79,5.6964,80,1,0,1,1,0,0
tx_legit_006455,0,511.62,6.2395,261,1,1,1,1,0,0
tx_legit_012652,0,553.95,6.3189,902,2,0,1,2,0,0
tx_legit_001635,0,321.89,5.7773,772,2,0,2,4,0,0
tx_legit_001547,0,177.04,5.182,562,1,0,1,2,0,0
tx_legit_006909,0,618.93,6.4296,410,1,0,1,1,0,0
tx_legit_000988,0,522.03,6.2596,467,2,0,1,3,0,0
tx_legit_010087,0,812.15,6.7009,480,1,1,2,18,0,0
tx_legit_000200,0,219.03,5.3938,548,1,0,1,2,0,0
tx_legit_005856,0,136.13,4.9209,652,1,0,1,1,0,0
tx_legit_013206,0,1282.72,7.1575,702,2,0,2,2,0,0
tx_legit_006326,0,229.29,5.4393,108,1,1,1,1,0,0
tx_legit_006584,0,255.95,5.5489,927,2,0,1,22,0,0
tx_legit_009716,0,478.87,6.1735,547,1,1,6,2,0,0
tx_legit_011994,0,326.91,5.7927,379,3,0,1,1,0,0
tx_fraud_000288,1,16086.78,9.6858,0,6,1,4,4,1,1
tx_legit_005092,0,814.72,6.7041,295,1,0,1,9,0,0
tx_legit_000601,0,228.23,5.4347,551,1,1,1,2,0,0
tx_legit_003259,0,807.95,6.6957,760,1,0,1,2,0,0
tx_legit_005373,0,410.13,6.0189,418,1,0,2,13,0,0
tx_legit_003201,0,351.93,5.8663,938,2,0,1,2,0,0
tx_legit_007117,0,344.07,5.8437,865,1,0,1,1,0,0
tx_legit_008153,0,672.22,6.5121,930,4,0,1,1,0,0
tx_legit_011303,0,1261.42,7.1408,124,1,0,2,4,0,0
tx_legit_001592,0,141.82,4.9616,292,1,0,2,22,0,0
tx_legit_011395,0,453.63,6.1195,35,1,0,1,16,0,0
tx_legit_006803,0,350.71,5.8628,72,2,0,1,2,0,0
tx_legit_000335,0,191.42,5.2597,87,1,0,1,1,0,0
tx_legit_004356,0,506.83,6.2301,588,1,0,1,5,0,0
tx_legit_003296,0,820.99,6.7117,341,2,0,1,2,0,0
tx_legit_005175,0,161.24,5.0891,870,1,0,2,16,0,0
tx_legit_003445,0,179.9,5.1979,613,1,0,1,1,0,0
tx_legit_002090,0,390.54,5.9701,64,1,0,6,2,0,0
tx_legit_007984,0,353.39,5.8704,476,1,0,1,2,0,0
tx_legit_007855,0,304.13,5.7207,61,3,0,1,2,0,0
tx_legit_012314,0,531.04,6.2767,208,2,1,1,2,0,0
tx_legit_013746,0,283.51,5.6508,336,1,0,1,2,0,0
tx_legit_013266,0,549.27,6.3104,129,1,0,2,2,0,0
tx_legit_006349,0,137.13,4.9282,119,1,1,1,2,0,0
tx_legit_009379,0,250.15,5.5261,786,1,0,1,1,0,0
tx_legit_011770,0,270.6,5.6043,164,1,1,1,1,0,0
tx_legit_010650,0,333.56,5.8128,800,1,0,2,1,0,0
tx_legit_011986,0,337.92,5.8258,389,1,0,1,2,0,0
tx_legit_008412,0,2626.16,7.8737,978,1,0,1,1,0,0
tx_legit_013496,0,589.75,6.3814,179,1,0,2,21,0,0
tx_legit_006018,0,869.25,6.7688,390,2,0,4,1,0,0
tx_legit_007415,0,399.15,5.9918,983,2,0,1,1,0,0
tx_legit_000807,0,131.37,4.8856,869,2,0,1,2,0,0
tx_legit_012860,0,1716.17,7.4484,22,1,0,2,8,0,0
tx_legit_008102,0,517.69,6.2513,451,1,0,1,1,0,0
tx_legit_013663,0,211.66,5.3597,286,4,0,1,2,0,0
tx_legit_008326,0,948.46,6.8559,261,1,0,1,1,0,0
tx_legit_007246,0,828.42,6.7207,525,1,0,1,1,0,0
tx_legit_007278,0,914.46,6.8194,211,1,0,5,2,0,0
tx_legit_012629,0,493.96,6.2045,408,2,0,3,1,0,0
tx_legit_012148,0,348.98,5.8579,189,1,0,1,1,0,0
tx_legit_005845,0,599.58,6.3979,671,1,0,1,1,0,0
tx_fraud_000221,1,5774.13,8.6613,6,13,7,3,35,1,1
tx_legit_001355,0,2369.41,7.7708,407,1,0,2,22,0,0
tx_legit_002169,0,621.42,6.4336,519,1,1,1,2,0,0
tx_legit_000822,0,1103.88,7.0075,768,1,0,1,13,0,0
tx_legit_001500,0,347.6,5.8539,871,1,0,1,1,0,0
tx_legit_011996,0,1525.98,7.331,295,1,0,1,9,0,0
tx_legit_004010,0,854.89,6.7521,436,1,0,1,1,0,0
tx_legit_004233,0,620.63,6.4323,707,1,0,1,10,0,0
tx_fraud_000918,1,3183.68,8.0661,240,1,0,1,19,0,0
tx_legit_008340,0,1582.97,7.3677,247,3,0,1,1,0,0
tx_legit_011806,0,803.45,6.6902,921,2,0,2,1,0,0
tx_legit_007018,0,249.08,5.5218,881,1,0,1,1,0,0
tx_legit_010130,0,383.26,5.9513,893,1,0,2,1,0,0
tx_legit_002019,0,699.87,6.5523,741,2,0,1,1,0,0
tx_legit_012695,0,367.71,5.91,361,1,0,2,2,0,0
tx_fraud_000724,1,1934.96,7.5684,165,1,0,23,12,0,0
tx_legit_009986,0,51.1,3.9532,185,1,0,2,1,0,0
tx_legit_008241,0,628.73,6.4453,879,1,0,1,2,0,0
tx_legit_007885,0,255.09,5.5455,859,1,0,1,2,0,0
tx_legit_012104,0,822.76,6.7139,828,2,0,1,2,0,0
tx_legit_004870,0,308.38,5.7346,29,1,0,1,1,0,0
tx_legit_003291,0,767.1,6.6439,92,1,0,1,2,0,0
tx_legit_009845,0,550.23,6.3122,76,1,0,2,14,0,0
tx_legit_003482,0,411.96,6.0234,989,2,0,3,2,0,0
tx_legit_011212,0,529.18,6.2732,394,3,0,1,1,0,0
tx_legit_006910,0,858.87,6.7568,498,1,0,5,3,0,0
tx_legit_005285,0,907.1,6.8114,745,3,1,1,9,0,0
tx_legit_009963,0,780.75,6.6615,33,1,2,1,1,0,0
tx_legit_002825,0,331.6,5.8069,887,1,0,3,1,0,0
tx_legit_009026,0,494.25,6.2051,421,1,0,1,1,0,0
tx_legit_007604,0,683.66,6.5289,200,1,0,2,21,0,0
tx_legit_011951,0,716.86,6.5763,863,2,0,2,13,0,0
tx_legit_000221,0,324.92,5.7867,48,1,0,1,1,0,0
tx_legit_003006,0,152.77,5.0355,381,1,0,1,15,0,0
tx_fraud_000963,1,6711.33,8.8117,110,2,1,15,8,0,0
tx_legit_012938,0,982.78,6.8914,826,1,0,5,1,0,0
tx_legit_012960,0,397.63,5.988,214,1,0,1,2,0,0
tx_legit_012340,0,1770.84,7.4798,677,1,0,1,2,0,0
tx_legit_009699,0,314.88,5.7554,514,1,0,2,1,0,0
tx_legit_000961,0,396.86,5.9861,276,2,0,2,8,0,0
tx_legit_013325,0,368.8,5.913,287,1,0,1,1,0,0
tx_fraud_000404,1,59532.51,10.9943,8,10,3,1,1,0,1
tx_legit_007826,0,1366.52,7.2208,184,1,0,1,1,0,0
tx_legit_003358,0,777.61,6.6575,60,1,0,1,1,0,0
tx_legit_003477,0,412.68,6.0251,350,1,0,1,1,0,0
tx_legit_008958,0,524.7,6.2647,667,1,0,6,1,0,0
tx_fraud_000827,1,2451.24,7.8048,175,1,0,1,21,0,0
tx_legit_012790,0,1270.16,7.1477,263,4,0,1,9,0,0
tx_legit_006414,0,1172.8,7.068,228,1,0,1,1,0,0
tx_legit_005057,0,541.47,6.2961,963,1,0,1,1,0,0
tx_legit_009759,0,626.15,6.4412,517,1,0,2,1,0,0
tx_legit_011824,0,132.1,4.8911,614,1,0,1,1,0,0
tx_legit_007884,0,872.02,6.772,300,1,0,4,1,0,0
tx_legit_006237,0,889.21,6.7915,605,2,0,1,1,0,0
tx_fraud_001018,1,6487.59,8.7778,76,2,1,12,12,0,0
tx_legit_007673,0,165.34,5.114,114,1,0,1,12,0,0
tx_legit_003649,0,586.84,6.3765,802,1,0,2,9,0,0
tx_legit_004246,0,377.06,5.9351,981,1,0,1,1,0,0
tx_legit_010399,0,200.78,5.3072,769,1,0,1,1,0,0
tx_legit_012882,0,755.64,6.6289,70,2,0,1,1,0,0
tx_legit_002335,0,264.4,5.5812,763,1,0,1,1,0,0
tx_legit_001117,0,198.67,5.2967,735,1,0,1,1,0,0
tx_legit_003136,0,665.83,6.5025,989,1,0,2,1,0,0
tx_legit_010859,0,1969.32,7.586,165,2,1,1,3,0,0
tx_legit_003563,0,115.77,4.7602,916,1,2,3,1,0,0
tx_legit_010748,0,120.91,4.8033,532,1,0,1,1,0,0
tx_legit_008282,0,446.73,6.1042,538,1,0,1,4,0,0
tx_legit_000400,0,436.35,6.0807,37,1,0,2,12,0,0
tx_legit_001275,0,176.65,5.1798,587,1,0,1,1,0,0
tx_legit_011078,0,475.7,6.1669,121,1,0,2,8,0,0
tx_legit_001459,0,609.83,6.4148,437,1,0,1,4,0,0
tx_legit_010283,0,1169.16,7.0649,193,1,0,1,1,0,0
tx_legit_001310,0,527.0,6.2691,713,1,0,1,2,0,0
tx_legit_006816,0,365.68,5.9045,946,2,0,3,1,0,0
tx_legit_009222,0,90.91,4.5208,462,1,0,1,1,0,0
tx_legit_009063,0,316.41,5.7602,703,1,0,6,2,0,0
tx_legit_004827,0,304.5,5.7219,467,1,0,1,1,0,0
tx_legit_009040,0,319.81,5.7708,392,2,0,1,3,0,0
tx_legit_000262,0,948.97,6.8564,399,1,0,1,4,0,0
tx_legit_004726,0,972.8,6.8812,547,1,0,1,1,0,0
tx_legit_006188,0,421.82,6.0469,509,1,0,2,5,0,0
tx_legit_001862,0,348.6,5.8568,257,1,1,1,1,0,0
tx_legit_008708,0,363.62,5.8989,364,1,0,1,19,0,0
tx_legit_005304,0,251.67,5.5321,635,1,0,2,21,0,0
tx_legit_004957,0,280.24,5.6392,918,1,0,1,15,0,0
tx_legit_005942,0,475.58,6.1666,157,1,1,3,1,0,0
tx_legit_012382,0,736.66,6.6035,291,2,0,2,2,0,0
tx_legit_003846,0,345.1,5.8467,986,2,0,2,10,0,0
tx_legit_000809,0,281.03,5.642,587,2,0,3,1,0,0
tx_legit_012281,0,337.28,5.8239,500,1,0,1,15,0,0
tx_legit_000071,0,538.92,6.2914,986,1,0,1,2,0,0
tx_legit_002659,0,445.85,6.1022,559,1,0,2,4,0,0
tx_legit_002930,0,709.76,6.5663,717,1,0,1,1,0,0
tx_legit_012250,0,3320.29,8.1081,392,3,0,1,1,0,0
tx_legit_001379,0,382.09,5.9483,354,1,0,2,20,0,0
tx_legit_007662,0,324.84,5.7864,531,1,1,1,1,0,0
tx_legit_011537,0,134.54,4.9093,96,1,0,1,2,0,0
tx_legit_005725,0,361.35,5.8926,842,2,0,1,1,0,0
tx_fraud_000497,1,87580.82,11.3803,9,7,3,1,1,0,1
tx_legit_011731,0,2422.44,7.7929,316,1,0,6,2,0,0
tx_legit_013674,0,490.57,6.1976,461,1,0,1,2,0,0
tx_legit_005917,0,352.56,5.8681,662,1,0,5,2,0,0
tx_legit_011612,0,510.85,6.238,293,1,0,1,2,0,0
tx_legit_006833,0,409.36,6.017,576,2,0,1,2,0,0
tx_legit_008543,0,329.89,5.8018,768,1,0,5,3,0,0
tx_legit_007383,0,688.84,6.5365,500,1,0,1,1,0,0
tx_fraud_000706,1,1492.15,7.3086,286,1,0,29,11,0,0
tx_legit_006162,0,283.63,5.6512,405,1,0,1,1,0,0
tx_legit_012919,0,1846.95,7.5218,934,1,0,1,1,0,0
tx_legit_007535,0,406.68,6.0105,260,1,0,1,1,0,0
tx_fraud_000893,1,3349.65,8.1169,402,1,0,1,14,0,0
tx_legit_003397,0,807.53,6.6952,223,1,0,1,2,0,0
tx_legit_013276,0,1300.46,7.1712,929,1,0,2,3,0,0
tx_legit_009400,0,442.98,6.0958,775,1,0,1,1,0,0
tx_legit_010583,0,583.33,6.3705,809,1,0,2,1,0,0
tx_fraud_000232,1,5599.31,8.6306,30,22,2,1,23,0,1
tx_legit_007236,0,309.21,5.7372,645,1,0,1,13,0,0
tx_legit_005050,0,444.51,6.0992,328,2,0,1,1,0,0
tx_legit_006287,0,664.56,6.5006,749,1,0,3,2,0,0
tx_legit_005267,0,366.56,5.9069,599,2,0,1,19,0,0
tx_legit_001608,0,167.29,5.1257,47,1,0,1,1,0,0
tx_legit_004327,0,705.49,6.5603,605,1,0,1,2,0,0
tx_legit_001511,0,394.25,5.9795,463,1,0,2,15,0,0
tx_legit_011557,0,958.9,6.8668,156,2,0,1,1,0,0
tx_legit_000847,0,289.6,5.6719,987,1,0,3,3,0,0
tx_legit_001415,0,255.36,5.5466,258,1,0,3,1,0,0
tx_legit_011179,0,497.74,6.2121,842,1,0,1,3,0,0
tx_legit_012356,0,274.12,5.6172,532,1,0,1,1,0,0
tx_legit_001265,0,323.9,5.7835,150,2,0,1,1,0,0
tx_legit_008136,0,682.46,6.5272,72,4,1,1,1,0,0
tx_legit_009250,0,480.84,6.1776,719,2,0,2,3,0,0
tx_legit_011282,0,327.07,5.7932,933,3,0,1,1,0,0
tx_legit_010620,0,607.49,6.411,389,1,2,1,1,0,0
tx_legit_013119,0,377.73,5.9368,578,2,0,1,1,0,0
tx_legit_006450,0,1073.18,6.9793,773,1,0,1,2,0,0
tx_legit_005018,0,651.32,6.4805,800,2,0,2,17,0,0
tx_legit_008894,0,867.94,6.7673,454,1,0,1,1,0,0
tx_legit_002542,0,553.06,6.3173,467,1,0,5,2,0,0
tx_legit_002003,0,505.47,6.2275,756,1,0,1,16,0,0
tx_legit_011134,0,1099.68,7.0037,428,1,0,2,19,0,0
tx_legit_012344,0,341.32,5.8357,717,3,0,3,1,0,0
tx_legit_008317,0,649.52,6.4778,607,1,0,2,4,0,0
tx_fraud_001183,1,6547.54,8.787,854,2,0,13,13,0,0
tx_legit_000190,0,373.83,5.9265,287,1,0,5,2,0,0
tx_legit_011363,0,333.93,5.8139,958,2,0,1,2,0,0
tx_legit_001563,0,176.37,5.1782,662,1,0,1,2,0,0
tx_legit_004186,0,2108.54,7.6542,204,1,0,1,15,0,0
tx_legit_008619,0,313.62,5.7514,942,1,0,3,1,0,0
tx_legit_005352,0,199.1,5.2988,108,1,0,1,3,0,0
tx_legit_013391,0,352.05,5.8666,544,2,2,1,1,0,0
tx_legit_012364,0,271.09,5.6061,611,1,0,1,3,0,0
tx_legit_004662,0,682.58,6.5273,156,3,0,1,1,0,0
tx_legit_007982,0,76.8,4.3541,346,1,0,1,1,0,0
tx_legit_008697,0,373.13,5.9246,124,1,0,5,2,0,0
tx_legit_012846,0,89.45,4.5048,676,1,0,1,22,0,0
tx_legit_009464,0,218.75,5.3925,84,1,0,2,20,0,0
tx_legit_003247,0,434.46,6.0764,936,1,0,1,1,0,0
tx_fraud_000087,1,4445.74,8.3999,10,8,4,8,3,0,1
tx_legit_005796,0,173.18,5.1601,64,1,0,1,1,0,0
tx_legit_005014,0,536.22,6.2864,986,3,0,1,1,0,0
tx_legit_000274,0,828.28,6.7206,570,1,0,1,17,0,0
tx_legit_006141,0,618.38,6.4287,612,2,0,3,2,0,0
tx_legit_004068,0,2175.96,7.6857,631,1,0,2,13,0,0
tx_legit_002084,0,301.14,5.7109,155,1,0,1,2,0,0
tx_fraud_000410,1,89757.25,11.4049,5,15,7,1,1,1,1
tx_legit_000411,0,258.47,5.5586,661,1,0,2,2,0,0
tx_legit_009867,0,1015.5,6.9241,673,1,0,1,2,0,0
tx_legit_002653,0,246.49,5.5114,337,1,0,1,1,0,0
tx_legit_006472,0,1679.15,7.4266,703,1,1,1,1,0,0
tx_legit_012921,0,596.32,6.3925,244,1,0,1,1,0,0
tx_legit_001886,0,682.74,6.5276,345,1,0,1,1,0,0
tx_legit_006958,0,504.15,6.2249,79,1,0,1,2,0,0
tx_legit_000402,0,622.99,6.4361,292,1,0,2,1,0,0
tx_legit_011193,0,113.25,4.7384,650,3,0,1,3,0,0
tx_legit_004526,0,384.04,5.9533,326,1,0,4,3,0,0
tx_legit_006482,0,147.01,4.9973,866,1,0,1,1,0,0
tx_legit_005495,0,198.45,5.2956,602,1,0,1,1,0,0
tx_legit_001054,0,590.87,6.3833,154,1,0,5,1,0,0
tx_legit_006255,0,407.87,6.0134,635,1,0,1,17,0,0
tx_legit_000909,0,311.77,5.7455,472,1,0,1,1,0,0
tx_legit_006224,0,245.22,5.5062,167,1,0,1,1,0,0
tx_legit_007136,0,584.99,6.3733,229,3,0,1,1,0,0
tx_legit_002156,0,149.38,5.0132,738,1,0,1,2,0,0
tx_legit_002548,0,370.92,5.9187,920,1,0,1,2,0,0
tx_legit_012740,0,571.62,6.3502,815,1,0,1,2,0,0
tx_legit_002557,0,382.76,5.95,610,1,0,1,2,0,0
tx_legit_001483,0,225.55,5.423,888,4,0,2,1,0,0
tx_legit_005817,0,475.26,6.166,644,2,0,1,13,0,0
tx_legit_007739,0,389.93,5.9685,441,1,0,1,12,0,0
tx_legit_004892,0,594.53,6.3895,164,1,0,1,2,0,0
tx_legit_010515,0,168.36,5.132,290,2,0,2,8,0,0
tx_fraud_000214,1,14701.19,9.5958,13,12,6,2,22,0,1
tx_legit_001258,0,145.85,4.9894,628,1,0,1,1,0,0
tx_legit_011389,0,545.28,6.3031,272,1,0,2,19,0,0
tx_legit_000841,0,1060.27,6.9672,959,1,0,1,22,0,0
tx_legit_012051,0,345.67,5.8484,251,1,0,1,1,0,0
tx_legit_007661,0,331.35,5.8062,741,1,0,1,2,0,0
tx_legit_001794,0,704.0,6.5582,921,3,0,1,2,0,0
tx_legit_001034,0,198.9,5.2978,840,1,0,1,3,0,0
tx_legit_006024,0,666.54,6.5036,672,1,0,2,20,0,0
tx_legit_011421,0,633.2,6.4524,192,1,0,1,2,0,0
tx_legit_008292,0,118.15,4.7804,477,1,0,2,10,0,0
tx_fraud_001121,1,5502.05,8.6131,612,2,0,11,18,0,0
tx_legit_004191,0,3157.93,8.058,721,1,0,1,2,0,0
tx_legit_004042,0,1152.37,7.0504,248,1,0,1,2,0,0
tx_legit_007381,0,106.68,4.6792,625,1,2,1,4,0,0
tx_legit_001075,0,272.77,5.6123,133,1,0,1,1,0,0
tx_legit_008547,0,562.73,6.3346,790,2,1,1,1,0,0
tx_legit_010743,0,235.16,5.4645,587,1,0,1,1,0,0
tx_legit_011525,0,598.72,6.3965,923,1,0,1,13,0,0
tx_legit_002103,0,910.63,6.8152,561,3,0,1,1,0,0
tx_legit_006608,0,865.92,6.7649,882,1,0,1,3,0,0
tx_fraud_000405,1,66784.95,11.1092,8,11,3,1,1,0,1
tx_legit_005320,0,910.25,6.8148,193,1,0,1,1,0,0
tx_legit_011642,0,1594.31,7.3748,107,4,0,2,8,0,0
tx_legit_012393,0,603.63,6.4046,286,1,1,1,1,0,0
tx_fraud_000864,1,2128.09,7.6634,307,1,0,1,15,0,0
tx_legit_013557,0,510.05,6.2365,859,1,0,1,3,0,0
tx_legit_010444,0,770.83,6.6488,920,1,0,4,2,0,0
tx_legit_005477,0,859.54,6.7576,779,2,0,2,1,0,0
tx_legit_013478,0,432.0,6.0707,765,1,0,2,22,0,0
tx_legit_009596,0,2411.2,7.7883,863,1,0,6,1,0,0
tx_legit_009138,0,271.27,5.6068,613,2,0,4,3,0,0
tx_fraud_000359,1,19960.92,9.9016,4,5,0,5,6,1,1
tx_fraud_001112,1,4525.94,8.4178,724,2,0,12,11,0,0
tx_legit_003311,0,399.12,5.9918,988,1,0,1,14,0,0
tx_legit_002702,0,961.15,6.8692,327,1,0,1,2,0,0
tx_legit_002022,0,681.55,6.5258,379,1,1,1,2,0,0
tx_legit_011714,0,371.81,5.9211,949,1,0,1,1,0,0
tx_legit_001339,0,450.63,6.1129,330,1,0,4,1,0,0
tx_legit_004790,0,1318.15,7.1847,528,1,0,1,2,0,0
tx_legit_007047,0,627.86,6.4439,381,2,0,1,1,0,0
tx_legit_005922,0,428.82,6.0634,571,2,0,2,1,0,0
tx_fraud_000687,1,1188.43,7.0812,257,1,0,26,8,0,0
tx_legit_011739,0,290.52,5.6751,443,2,0,2,15,0,0
tx_legit_006558,0,959.92,6.8679,728,1,0,1,1,0,0
tx_legit_007404,0,452.72,6.1175,15,2,0,2,18,0,0
tx_legit_006400,0,306.49,5.7284,768,1,0,2,2,0,0
tx_legit_011420,0,463.29,6.1405,457,1,1,1,3,0,0
tx_legit_009631,0,534.92,6.284,450,1,0,1,1,0,0
tx_legit_004500,0,398.24,5.9896,169,1,0,1,10,0,0
tx_legit_000218,0,713.59,6.5717,768,1,0,2,10,0,0
tx_legit_003662,0,327.21,5.7937,201,1,0,2,1,0,0
tx_fraud_000718,1,846.43,6.7422,236,1,0,29,14,0,0
tx_legit_003143,0,296.68,5.696,137,1,0,6,1,0,0
tx_legit_003401,0,273.35,5.6144,544,1,0,1,4,0,0
tx_legit_005360,0,333.34,5.8122,46,1,0,6,3,0,0
tx_legit_004695,0,311.74,5.7454,804,2,0,1,2,0,0
tx_legit_007829,0,962.16,6.8702,988,1,1,1,3,0,0
tx_fraud_000102,1,13640.96,9.5209,5,11,2,17,5,1,1
tx_legit_012962,0,242.48,5.495,131,1,0,1,2,0,0
tx_fraud_000389,1,3138.87,8.0519,2,9,3,3,2,1,1
tx_legit_013492,0,268.39,5.5962,809,1,0,1,2,0,0
tx_legit_012365,0,638.0,6.4599,608,1,0,1,4,0,0
tx_legit_009148,0,153.51,5.0403,643,1,0,1,1,0,0
tx_legit_001856,0,225.78,5.424,633,1,0,1,1,0,0
tx_legit_006963,0,118.21,4.7809,338,1,0,1,1,0,0
tx_legit_000940,0,1472.12,7.2951,982,1,0,1,11,0,0
tx_legit_010778,0,1181.58,7.0755,876,2,0,1,1,0,0
tx_legit_003215,0,657.49,6.4899,149,1,0,1,2,0,0
tx_legit_013545,0,551.44,6.3143,785,2,0,1,1,0,0
tx_legit_008810,0,564.54,6.3378,333,3,0,1,2,0,0
tx_legit_013220,0,233.73,5.4584,331,1,0,1,1,0,0
tx_legit_003841,0,1024.0,6.9324,511,2,0,1,2,0,0
tx_legit_006539,0,381.11,5.9457,901,2,0,1,1,0,0
tx_legit_007519,0,565.04,6.3387,963,2,0,2,8,0,0
tx_legit_013205,0,349.62,5.8597,636,1,0,2,14,0,0
tx_legit_004255,0,195.84,5.2824,188,1,0,1,2,0,0
tx_legit_008624,0,393.77,5.9783,163,1,0,1,1,0,0
tx_legit_011630,0,1029.13,6.9374,302,1,0,1,3,0,0
tx_legit_006934,0,200.04,5.3035,455,1,0,1,1,0,0
tx_legit_001484,0,857.8,6.7555,403,2,0,1,2,0,0
tx_legit_000354,0,637.8,6.4596,896,2,0,1,1,0,0
tx_legit_000958,0,1861.59,7.5297,108,1,0,2,2,0,0
tx_legit_013064,0,351.19,5.8642,528,1,1,1,2,0,0
tx_legit_003610,0,813.51,6.7026,476,1,2,2,1,0,0
tx_legit_010239,0,188.52,5.2445,746,2,0,1,1,0,0
tx_legit_002987,0,62.83,4.1562,255,2,0,1,9,0,0
tx_fraud_000200,1,5371.28,8.589,18,21,5,2,28,0,1
tx_legit_003751,0,373.44,5.9254,340,2,0,1,16,0,0
tx_legit_003491,0,505.5,6.2275,884,1,0,3,1,0,0
tx_legit_003721,0,238.96,5.4805,225,2,0,1,1,0,0
tx_legit_004020,0,544.78,6.3022,384,1,0,2,3,0,0
tx_legit_010274,0,682.9,6.5278,399,2,0,1,3,0,0
tx_legit_009459,0,948.48,6.8559,796,1,0,2,1,0,0
tx_legit_006873,0,500.7,6.218,477,1,0,1,1,0,0
tx_legit_009182,0,628.42,6.4448,952,1,0,1,1,0,0
tx_legit_003720,0,351.88,5.8661,799,1,0,2,1,0,0
tx_fraud_000868,1,3188.04,8.0675,324,1,0,1,19,0,0
tx_legit_007648,0,729.19,6.5933,367,3,0,1,4,0,0
tx_legit_000723,0,381.54,5.9468,804,3,0,2,15,0,0
tx_legit_012136,0,767.82,6.6449,803,2,0,1,22,0,0
tx_legit_002554,0,195.97,5.2831,346,1,2,1,1,0,0
tx_legit_004798,0,449.32,6.11,202,2,0,1,1,0,0
tx_legit_006290,0,737.92,6.6052,278,1,0,1,1,0,0
tx_legit_002771,0,581.86,6.3679,467,1,0,4,2,0,0
tx_legit_004112,0,1855.99,7.5267,799,1,0,2,18,0,0
tx_legit_011793,0,1282.74,7.1575,155,1,0,1,2,0,0
tx_legit_004450,0,265.3,5.5846,123,1,0,1,10,0,0
tx_legit_001869,0,248.46,5.5193,736,1,0,3,3,0,0
tx_fraud_000882,1,3086.22,8.035,171,1,0,1,12,0,0
tx_legit_000040,0,573.28,6.3531,995,1,0,1,2,0,0
tx_legit_007434,0,3427.69,8.1399,524,1,0,1,2,0,0
tx_legit_000381,0,518.52,6.2529,500,1,0,1,1,0,0
tx_legit_002556,0,271.57,5.6079,979,1,2,3,3,0,0
tx_fraud_000080,1,10221.93,9.2324,6,8,2,12,5,1,1
tx_legit_003619,0,185.26,5.2271,898,1,0,1,1,0,0
tx_legit_008875,0,520.77,6.2572,134,2,0,1,8,0,0
tx_legit_009201,0,72.57,4.2982,865,2,0,2,15,0,0
tx_legit_013357,0,291.75,5.6793,238,1,0,1,1,0,0
tx_fraud_000644,1,63192.48,11.054,6,11,4,21,31,1,1
tx_fraud_000318,1,13219.31,9.4895,0,5,1,2,6,1,1
tx_legit_003221,0,732.84,6.5983,374,1,0,6,2,0,0
tx_legit_012870,0,189.78,5.2511,150,1,0,1,2,0,0
tx_legit_003788,0,148.14,5.0049,348,1,0,1,1,0,0
tx_legit_013472,0,435.1,6.0779,457,1,0,1,2,0,0
tx_legit_002896,0,288.89,5.6695,817,1,0,2,2,0,0
tx_legit_001767,0,80.67,4.4027,702,1,0,3,2,0,0
tx_legit_012160,0,505.43,6.2274,693,2,0,1,2,0,0
tx_legit_011709,0,921.88,6.8275,934,1,0,1,1,0,0
tx_legit_007627,0,950.3,6.8578,781,2,0,1,1,0,0
tx_legit_011788,0,848.95,6.7452,584,1,0,1,18,0,0
tx_legit_008455,0,430.03,6.0662,599,1,0,1,1,0,0
tx_legit_008711,0,627.46,6.4433,277,2,0,1,16,0,0
tx_legit_003875,0,300.53,5.7089,917,1,0,1,2,0,0
tx_legit_008465,0,150.15,5.0183,721,1,1,2,2,0,0
tx_legit_006922,0,341.95,5.8376,760,1,0,2,15,0,0
tx_legit_013640,0,268.82,5.5978,930,1,2,1,1,0,0
tx_legit_002018,0,245.78,5.5085,673,1,0,1,12,0,0
tx_legit_010803,0,553.47,6.318,169,1,0,1,2,0,0
tx_legit_006068,0,632.65,6.4515,945,1,0,1,2,0,0
tx_legit_007949,0,647.81,6.4751,671,1,1,1,4,0,0
tx_legit_001008,0,443.6,6.0972,477,2,0,1,3,0,0
tx_legit_001048,0,355.41,5.8761,214,3,0,1,3,0,0
tx_legit_007578,0,601.82,6.4016,565,2,0,5,2,0,0
tx_fraud_000630,1,38915.33,10.5692,1,25,7,16,23,1,1
tx_legit_006194,0,294.86,5.6899,686,1,1,1,1,0,0
tx_legit_009377,0,209.77,5.3508,864,2,0,1,2,0,0
tx_legit_002125,0,284.11,5.6529,331,2,1,4,2,0,0
tx_legit_000653,0,1362.96,7.2181,148,4,0,1,1,0,0
tx_legit_002837,0,373.11,5.9245,480,4,0,2,12,0,0
tx_legit_006824,0,1101.54,7.0054,940,3,0,1,19,0,0
tx_legit_013751,0,428.02,6.0615,64,1,1,1,4,0,0
tx_legit_009453,0,1161.2,7.0581,389,1,0,1,2,0,0
tx_legit_000391,0,1189.01,7.0817,370,1,0,1,2,0,0
tx_legit_002662,0,536.44,6.2868,217,1,0,1,1,0,0
tx_legit_000867,0,739.52,6.6074,974,1,0,5,3,0,0
tx_legit_002781,0,258.99,5.5606,289,1,0,1,11,0,0
tx_legit_010552,0,753.39,6.6259,529,1,1,1,18,0,0
tx_legit_010740,0,1220.26,7.1076,721,1,0,1,1,0,0
tx_legit_005236,0,1086.29,6.9914,238,1,0,1,2,0,0
tx_fraud_000933,1,5811.99,8.6679,129,2,1,9,5,0,0
tx_legit_003142,0,836.28,6.7302,202,1,0,1,1,0,0
tx_legit_006086,0,957.53,6.8654,316,1,0,1,14,0,0
tx_legit_000906,0,235.44,5.4657,668,3,0,1,2,0,0
tx_legit_013400,0,424.34,6.0529,757,4,0,1,1,0,0
tx_legit_005438,0,614.28,6.4221,892,1,0,1,1,0,0
tx_legit_008592,0,178.47,5.19,693,1,1,1,1,0,0
tx_legit_011084,0,1052.72,6.9601,925,1,0,1,1,0,0
tx_legit_009805,0,839.62,6.7341,980,2,0,2,1,0,0
tx_legit_009856,0,345.37,5.8475,422,1,1,1,11,0,0
tx_legit_012670,0,253.8,5.5405,156,4,0,3,2,0,0
tx_legit_010821,0,442.55,6.0948,374,2,0,1,2,0,0
tx_legit_005577,0,511.09,6.2385,665,2,0,1,3,0,0
tx_legit_011766,0,192.26,5.264,151,1,0,1,1,0,0
tx_legit_002761,0,789.66,6.6729,146,1,0,1,1,0,0
tx_legit_006542,0,469.71,6.1542,987,1,0,1,1,0,0
tx_legit_004626,0,1135.65,7.0358,322,1,0,1,1,0,0
tx_legit_002447,0,790.67,6.6741,167,2,0,2,2,0,0
tx_legit_004951,0,539.64,6.2928,340,1,2,1,3,0,0
tx_legit_011321,0,333.51,5.8127,55,1,0,1,1,0,0
tx_legit_013649,0,279.15,5.6353,76,1,0,2,14,0,0
tx_legit_003048,0,733.2,6.5988,725,1,0,1,1,0,0
tx_legit_001492,0,578.07,6.3614,540,1,0,1,2,0,0
tx_legit_005668,0,896.54,6.7997,526,1,0,1,1,0,0
tx_legit_009305,0,412.59,6.0249,234,2,1,1,1,0,0
tx_legit_004292,0,419.74,6.042,312,1,0,1,4,0,0
tx_legit_009766,0,202.03,5.3134,941,3,0,2,15,0,0
tx_legit_012405,0,298.11,5.7008,277,1,0,6,1,0,0
tx_legit_003845,0,2139.21,7.6687,859,1,0,3,1,0,0
tx_legit_012735,0,472.14,6.1594,279,1,0,1,2,0,0
tx_legit_009074,0,509.86,6.2361,304,1,0,3,2,0,0
tx_legit_009030,0,283.21,5.6497,534,3,1,2,18,0,0
tx_fraud_000969,1,5102.25,8.5376,172,2,1,8,9,0,0
tx_legit_004257,0,1010.95,6.9196,684,2,0,1,1,0,0
tx_legit_000969,0,383.14,5.951,102,1,0,3,3,0,0
tx_legit_001648,0,650.06,6.4786,231,1,0,2,20,0,0
tx_legit_007599,0,311.69,5.7452,600,1,0,1,2,0,0
tx_legit_010705,0,289.76,5.6725,44,1,0,1,1,0,0
tx_legit_009681,0,652.82,6.4828,490,1,0,1,2,0,0
tx_legit_007623,0,955.54,6.8633,775,2,0,6,3,0,0
tx_legit_003107,0,1170.75,7.0663,202,3,0,1,1,0,0
tx_legit_012710,0,420.8,6.0445,491,1,1,1,19,0,0
tx_legit_009111,0,520.46,6.2566,248,1,0,2,17,0,0
tx_fraud_000858,1,2952.89,7.9909,224,1,0,1,10,0,0
tx_legit_006186,0,175.97,5.176,108,3,0,2,21,0,0
tx_legit_000422,0,909.15,6.8136,181,1,0,2,10,0,0
tx_legit_013370,0,547.8,6.3077,221,1,0,1,1,0,0
tx_legit_002146,0,706.5,6.5617,824,1,0,2,11,0,0
tx_legit_013292,0,561.03,6.3316,320,1,1,2,12,0,0
tx_legit_008458,0,1059.62,6.9666,103,1,0,1,2,0,0
tx_legit_002789,0,280.51,5.6402,975,4,1,6,1,0,0
tx_legit_003196,0,290.74,5.6759,659,1,0,1,1,0,0
tx_legit_005970,0,596.79,6.3932,100,1,0,1,1,0,0
tx_legit_008851,0,818.5,6.7087,759,1,0,1,16,0,0
tx_legit_000500,0,466.85,6.1481,874,1,0,1,1,0,0
tx_legit_012995,0,237.55,5.4746,870,1,0,1,1,0,0
tx_legit_005715,0,594.74,6.3898,840,1,0,1,1,0,0
tx_legit_008040,0,141.63,4.9603,134,1,1,1,4,0,0
tx_legit_012311,0,526.76,6.2686,220,2,0,1,2,0,0
tx_legit_003461,0,441.31,6.092,442,1,0,3,2,0,0
tx_legit_011072,0,262.46,5.5739,899,1,0,1,4,0,0
tx_legit_003555,0,621.3,6.4334,906,1,0,2,1,0,0
tx_legit_001039,0,2481.26,7.8169,370,1,0,1,1,0,0
tx_legit_007605,0,413.14,6.0262,636,1,1,1,1,0,0
tx_legit_013086,0,677.65,6.5201,627,1,2,1,21,0,0
tx_legit_009801,0,745.84,6.6159,320,1,0,2,8,0,0
tx_legit_010425,0,342.56,5.8394,284,4,0,1,1,0,0
tx_legit_012880,0,115.56,4.7584,437,1,0,2,16,0,0
tx_fraud_000569,1,17607.79,9.7762,0,25,7,20,22,1,1
tx_legit_003481,0,1440.13,7.2732,85,1,0,1,3,0,0
tx_legit_004197,0,330.49,5.8036,166,1,0,1,11,0,0
tx_legit_007841,0,271.65,5.6082,562,2,0,2,4,0,0
tx_legit_010849,0,241.24,5.4899,544,1,0,1,1,0,0
tx_legit_012196,0,262.51,5.5741,770,2,0,1,1,0,0
tx_legit_003453,0,1444.91,7.2765,740,1,1,2,1,0,0
tx_legit_013427,0,3233.32,8.0816,818,1,1,1,1,0,0
tx_legit_011243,0,628.27,6.4446,823,1,0,1,2,0,0
tx_legit_001518,0,1404.94,7.2485,686,2,0,3,3,0,0
tx_legit_006483,0,884.8,6.7865,383,1,0,1,2,0,0
tx_legit_010254,0,603.75,6.4048,268,1,0,2,21,0,0
tx_legit_010433,0,328.74,5.7983,244,1,0,1,21,0,0
tx_legit_007496,0,437.85,6.0842,316,1,0,1,3,0,0
tx_legit_006418,0,1176.9,7.0715,501,1,0,2,16,0,0
tx_legit_007569,0,138.59,4.9387,541,1,0,1,2,0,0
tx_legit_000408,0,613.11,6.4202,631,2,0,1,1,0,0
tx_fraud_001185,1,5300.9,8.5758,717,2,0,15,12,0,0
tx_legit_011657,0,590.06,6.3819,720,1,0,1,4,0,0
tx_legit_005383,0,694.21,6.5442,154,1,0,1,2,0,0
tx_legit_013699,0,389.77,5.9681,539,1,0,1,1,0,0
tx_legit_002876,0,237.02,5.4724,158,1,0,2,2,0,0
tx_legit_000571,0,821.53,6.7124,262,1,0,3,3,0,0
tx_legit_002233,0,390.9,5.971,155,1,0,6,3,0,0
tx_legit_011616,0,168.13,5.1307,434,1,0,1,2,0,0
tx_legit_011115,0,515.21,6.2465,104,2,0,1,1,0,0
tx_legit_013245,0,530.03,6.2748,418,1,0,1,1,0,0
tx_legit_008864,0,406.14,6.0092,713,4,0,1,1,0,0
tx_legit_007571,0,845.23,6.7408,536,1,0,2,1,0,0
tx_legit_000910,0,304.47,5.7219,620,1,0,1,1,0,0
tx_legit_010174,0,1413.66,7.2546,250,2,0,1,1,0,0
tx_legit_000259,0,416.75,6.0349,82,1,0,1,1,0,0
tx_legit_010504,0,985.6,6.8943,99,1,0,4,2,0,0
tx_legit_000834,0,369.15,5.9139,279,1,0,1,1,0,0
tx_legit_000073,0,1157.01,7.0545,884,2,1,2,3,0,0
tx_legit_011976,0,452.99,6.1181,852,1,0,1,1,0,0
tx_legit_009361,0,299.05,5.7039,576,1,0,6,2,0,0
tx_legit_001845,0,528.67,6.2723,276,1,0,1,1,0,0
tx_legit_001496,0,662.9,6.4981,825,1,0,1,1,0,0
tx_legit_009406,0,274.35,5.618,796,1,0,1,16,0,0
tx_legit_000864,0,1368.36,7.2221,293,1,0,1,1,0,0
tx_legit_001539,0,529.87,6.2745,803,1,0,1,3,0,0
tx_legit_001370,0,183.47,5.2175,471,2,0,1,1,0,0
tx_legit_010502,0,507.05,6.2306,226,1,0,1,3,0,0
tx_legit_004003,0,134.51,4.909,469,1,0,1,22,0,0
tx_legit_000059,0,398.94,5.9913,490,1,0,1,1,0,0
tx_fraud_001028,1,7335.56,8.9006,116,2,1,12,11,0,0
tx_legit_009235,0,273.19,5.6138,879,1,0,5,3,0,0
tx_fraud_000220,1,5973.15,8.6952,21,19,8,2,21,0,1
tx_legit_012261,0,314.8,5.7551,702,2,0,1,1,0,0
tx_legit_010180,0,549.37,6.3106,315,1,0,2,12,0,0
tx_legit_000863,0,1004.5,6.9132,656,1,0,1,1,0,0
tx_legit_013523,0,150.93,5.0234,392,1,2,1,1,0,0
tx_legit_012980,0,674.61,6.5156,137,1,0,3,1,0,0
tx_legit_005199,0,1016.38,6.925,27,1,0,1,1,0,0
tx_legit_006285,0,654.28,6.4851,912,1,0,1,1,0,0
tx_legit_001522,0,171.99,5.1532,686,1,0,2,1,0,0
tx_legit_004466,0,571.76,6.3505,213,1,0,1,1,0,0
tx_legit_004269,0,600.42,6.3993,571,1,0,1,1,0,0
tx_legit_003238,0,669.3,6.5077,741,1,0,1,2,0,0
tx_legit_001669,0,614.56,6.4225,130,2,0,1,1,0,0
tx_legit_012529,0,290.92,5.6765,952,1,0,1,1,0,0
tx_legit_010595,0,282.67,5.6478,561,1,0,2,18,0,0
tx_legit_010867,0,569.44,6.3464,720,1,0,1,2,0,0
tx_legit_010946,0,443.62,6.0972,501,2,0,2,1,0,0
tx_legit_008723,0,519.32,6.2544,978,1,0,1,1,0,0
tx_legit_005197,0,1301.07,7.1717,239,1,0,6,3,0,0
tx_fraud_001161,1,5941.35,8.6899,532,2,0,12,13,0,0
tx_legit_006368,0,706.99,6.5624,516,3,0,1,1,0,0
tx_legit_010091,0,586.68,6.3762,488,3,0,1,1,0,0
tx_legit_011360,0,1534.51,7.3366,818,1,0,2,8,0,0
tx_legit_010917,0,1429.0,7.2654,360,1,0,2,4,0,0
tx_legit_009221,0,459.51,6.1323,701,1,0,1,14,0,0
tx_legit_001110,0,622.76,6.4358,338,3,0,1,2,0,0
tx_legit_008709,0,173.01,5.1591,480,1,0,2,17,0,0
tx_legit_012227,0,197.82,5.2924,91,1,0,1,17,0,0
tx_legit_006555,0,109.67,4.7066,602,1,0,1,4,0,0
tx_legit_000449,0,473.5,6.1623,318,1,0,1,2,0,0
tx_legit_003520,0,1644.18,7.4056,672,2,0,1,2,0,0
tx_legit_007364,0,1221.6,7.1087,969,1,0,1,12,0,0
tx_legit_011773,0,218.24,5.3902,986,3,0,1,1,0,0
tx_legit_003398,0,353.61,5.871,485,1,0,1,1,0,0
tx_legit_010517,0,261.88,5.5717,23,1,0,2,1,0,0
tx_legit_000093,0,1150.92,7.0492,190,2,0,2,1,0,0
tx_legit_011376,0,1456.09,7.2842,490,1,0,1,20,0,0
tx_legit_004844,0,248.98,5.5214,335,1,0,1,1,0,0
tx_legit_008803,0,616.09,6.425,665,4,0,6,2,0,0
tx_legit_007691,0,688.38,6.5358,907,1,0,1,1,0,0
tx_fraud_000268,1,9160.98,9.1228,2,8,0,3,2,1,1
tx_legit_012815,0,303.26,5.7179,403,1,1,1,1,0,0
tx_legit_008598,0,342.64,5.8396,546,1,0,1,3,0,0
tx_legit_009956,0,414.81,6.0302,100,1,0,1,3,0,0
tx_legit_007219,0,583.5,6.3708,585,2,2,2,1,0,0
tx_legit_000543,0,1259.0,7.1389,345,2,0,2,1,0,0
tx_legit_011960,0,988.84,6.8975,400,1,0,1,1,0,0
tx_legit_005001,0,70.42,4.2686,815,1,0,1,2,0,0
tx_legit_008847,0,1532.5,7.3353,949,2,0,1,8,0,0
tx_legit_012971,0,576.29,6.3583,548,1,0,2,12,0,0
tx_legit_005313,0,391.62,5.9728,23,1,0,1,3,0,0
tx_legit_005890,0,999.22,6.908,310,1,0,1,1,0,0
tx_legit_006476,0,231.54,5.4491,611,2,0,2,10,0,0
tx_legit_005016,0,475.53,6.1665,16,1,0,2,15,0,0
tx_legit_002467,0,469.88,6.1546,350,1,0,1,1,0,0
tx_legit_011228,0,222.59,5.4098,939,1,0,1,2,0,0
tx_legit_002319,0,2762.37,7.9242,104,1,1,2,4,0,0
tx_legit_001336,0,477.98,6.1717,304,1,0,3,2,0,0
tx_legit_006772,0,272.73,5.6121,803,1,0,1,1,0,0
tx_legit_003356,0,377.67,5.9367,733,2,0,1,1,0,0
tx_legit_006179,0,429.93,6.0659,702,1,0,1,1,0,0
tx_legit_010805,0,139.42,4.9446,704,3,0,1,8,0,0
tx_legit_002025,0,467.32,6.1492,125,2,0,1,1,0,0
tx_legit_004455,0,132.59,4.8948,675,1,0,4,3,0,0
tx_legit_004203,0,489.62,6.1957,202,1,0,5,2,0,0
tx_legit_005502,0,661.65,6.4962,634,1,0,5,1,0,0
tx_fraud_000415,1,79077.6,11.2782,7,9,3,1,1,1,1
tx_legit_000734,0,326.18,5.7905,196,1,0,1,9,0,0
tx_legit_013033,0,712.02,6.5695,523,2,1,1,1,0,0
tx_legit_013244,0,417.08,6.0357,603,1,0,1,1,0,0
tx_legit_001024,0,143.62,4.9741,753,1,0,2,16,0,0
tx_legit_006317,0,255.35,5.5465,766,1,0,1,1,0,0
tx_legit_007556,0,648.94,6.4769,407,1,0,1,3,0,0
tx_legit_009194,0,434.4,6.0763,249,2,0,1,1,0,0
tx_legit_003986,0,874.99,6.7754,874,1,0,2,16,0,0
tx_legit_005972,0,448.97,6.1092,111,1,0,1,1,0,0
tx_legit_004545,0,934.96,6.8416,702,1,0,4,1,0,0
tx_legit_004776,0,355.66,5.8768,758,1,0,1,2,0,0
tx_legit_004840,0,379.92,5.9426,220,1,0,1,13,0,0
tx_legit_007597,0,368.94,5.9133,319,1,0,1,4,0,0
tx_legit_009977,0,458.21,6.1295,973,1,0,1,9,0,0
tx_legit_003763,0,490.31,6.1971,34,1,2,1,20,0,0
tx_legit_001996,0,380.0,5.9428,230,1,0,1,1,0,0
tx_legit_004499,0,337.16,5.8235,374,1,0,1,14,0,0
tx_legit_001340,0,234.18,5.4604,803,1,0,2,1,0,0
tx_legit_009560,0,457.99,6.129,756,1,0,1,14,0,0
tx_legit_008126,0,719.12,6.5794,763,1,0,1,3,0,0
tx_legit_001992,0,616.39,6.4255,986,1,0,1,3,0,0
tx_legit_007153,0,668.78,6.5069,101,1,0,1,1,0,0
tx_legit_012647,0,823.73,6.7151,855,2,0,1,2,0,0
tx_legit_004106,0,192.56,5.2656,313,1,1,1,1,0,0
tx_legit_012749,0,745.2,6.615,413,1,2,1,2,0,0
tx_legit_000313,0,704.3,6.5586,192,1,0,1,12,0,0
tx_legit_009061,0,377.44,5.9361,790,1,1,1,1,0,0
tx_fraud_000399,1,3706.52,8.2181,1,6,3,5,5,1,1
tx_legit_000900,0,549.85,6.3115,159,1,0,1,2,0,0
tx_legit_007156,0,182.27,5.211,158,1,0,1,5,0,0
tx_legit_008473,0,496.2,6.209,659,1,0,1,18,0,0
tx_legit_006465,0,503.4,6.2234,486,1,0,3,1,0,0
tx_legit_005471,0,840.88,6.7356,534,1,0,1,1,0,0
tx_legit_011351,0,333.16,5.8116,466,1,0,1,1,0,0
tx_legit_013139,0,386.61,5.96,519,1,0,4,3,0,0
tx_legit_010414,0,637.23,6.4587,563,1,1,1,1,0,0
tx_legit_006221,0,1006.02,6.9148,548,1,0,1,2,0,0
tx_legit_006360,0,50.0,3.9318,251,1,0,2,20,0,0
tx_fraud_000720,1,1584.59,7.3687,136,1,0,13,14,0,0
tx_legit_004610,0,855.01,6.7523,763,1,0,2,9,0,0
tx_legit_012518,0,1274.12,7.1508,797,1,0,1,1,0,0
tx_fraud_000340,1,12798.0,9.4571,5,6,0,2,3,1,1
tx_legit_007592,0,535.31,6.2847,454,1,0,4,3,0,0
tx_legit_013513,0,181.2,5.2051,313,1,0,1,16,0,0
tx_legit_008142,0,2026.9,7.6148,33,1,0,1,1,0,0
tx_legit_002389,0,545.94,6.3043,442,1,0,1,2,0,0
tx_legit_013389,0,894.74,6.7977,981,4,0,1,1,0,0
tx_legit_008883,0,184.0,5.2204,188,1,0,1,1,0,0
tx_fraud_001159,1,7491.67,8.9217,612,2,0,18,9,0,0
tx_legit_008982,0,347.95,5.8549,375,1,0,1,9,0,0
tx_legit_001968,0,480.12,6.1761,758,1,0,3,1,0,0
tx_legit_008311,0,175.23,5.1718,397,1,0,1,1,0,0
tx_legit_005988,0,888.96,6.7912,922,1,0,4,1,0,0
tx_legit_007873,0,566.49,6.3412,844,1,0,2,3,0,0
tx_legit_005177,0,585.68,6.3745,107,2,0,1,3,0,0
tx_legit_001908,0,1320.15,7.1863,860,2,0,1,2,0,0
tx_legit_009868,0,698.68,6.5506,557,2,0,2,14,0,0
tx_legit_011502,0,610.11,6.4153,921,1,0,2,1,0,0
tx_legit_003138,0,582.45,6.369,781,1,0,1,1,0,0
tx_fraud_000350,1,7856.34,8.9692,1,9,1,4,4,1,1
tx_legit_013664,0,97.82,4.5933,619,1,0,1,1,0,0
tx_legit_009971,0,645.26,6.4712,442,1,0,3,3,0,0
tx_legit_002185,0,275.42,5.6219,361,2,0,5,3,0,0
tx_legit_004212,0,340.65,5.8338,429,1,0,2,1,0,0
tx_legit_012513,0,290.6,5.6754,177,2,0,3,2,0,0
tx_legit_011589,0,663.14,6.4985,500,1,0,1,1,0,0
tx_legit_006477,0,293.84,5.6864,534,4,0,2,2,0,0
tx_legit_002682,0,456.71,6.1262,154,1,0,1,1,0,0
tx_legit_002073,0,405.34,6.0072,758,1,0,1,2,0,0
tx_fraud_001100,1,2290.76,7.7371,694,2,0,11,11,0,0
tx_legit_012127,0,214.97,5.3751,123,1,1,1,1,0,0
tx_legit_012709,0,583.69,6.3711,967,1,0,1,1,0,0
tx_legit_002390,0,112.91,4.7354,592,1,0,1,5,0,0
tx_legit_009517,0,384.69,5.955,124,1,0,1,1,0,0
tx_legit_007105,0,1684.55,7.4298,467,1,0,1,22,0,0
tx_legit_011349,0,401.39,5.9974,27,2,0,2,15,0,0
tx_legit_013606,0,367.58,5.9097,715,2,0,1,3,0,0
tx_legit_013289,0,361.68,5.8935,203,1,0,2,1,0,0
tx_legit_009102,0,405.16,6.0067,759,1,0,1,1,0,0
tx_legit_002594,0,488.43,6.1932,696,1,0,1,4,0,0
tx_fraud_000804,1,2535.41,7.8385,370,1,0,1,18,0,0
tx_legit_012656,0,127.36,4.8548,847,1,0,2,1,0,0
tx_legit_000507,0,414.17,6.0287,199,1,0,1,3,0,0
tx_legit_003437,0,428.63,6.0629,757,1,0,1,3,0,0
tx_legit_002756,0,432.18,6.0712,193,1,0,1,1,0,0
tx_legit_012460,0,157.53,5.0659,953,1,0,2,12,0,0
tx_legit_007747,0,197.94,5.293,565,1,0,1,1,0,0
tx_legit_001411,0,501.41,6.2194,671,2,0,1,19,0,0
tx_legit_007267,0,283.7,5.6514,27,3,1,1,3,0,0
tx_legit_002549,0,177.83,5.1864,621,1,0,3,1,0,0
tx_legit_001482,0,399.5,5.9927,500,2,0,1,1,0,0
tx_fraud_000501,1,79703.86,11.2861,9,12,7,1,1,0,1
tx_legit_006551,0,517.57,6.2511,803,1,0,1,3,0,0
tx_fraud_000938,1,6768.63,8.8202,73,2,1,12,10,0,0
tx_legit_004036,0,636.84,6.4581,952,3,0,1,1,0,0
tx_legit_001193,0,316.5,5.7605,656,1,0,1,1,0,0
tx_fraud_000841,1,3028.02,8.016,308,1,0,1,12,0,0
tx_legit_001709,0,813.38,6.7024,619,1,0,1,2,0,0
tx_legit_011787,0,492.96,6.2025,534,1,0,2,2,0,0
tx_fraud_000707,1,1168.81,7.0646,186,1,0,27,15,0,0
tx_legit_005176,0,962.04,6.8701,188,2,1,1,4,0,0
tx_legit_006301,0,415.74,6.0325,249,1,0,1,11,0,0
tx_legit_010405,0,308.65,5.7354,150,2,0,1,4,0,0
tx_legit_013520,0,428.11,6.0617,777,1,1,1,1,0,0
tx_legit_009793,0,894.88,6.7978,450,1,0,1,2,0,0
tx_legit_004102,0,626.5,6.4417,881,1,0,1,4,0,0
tx_legit_008426,0,257.05,5.5532,690,1,0,1,2,0,0
tx_legit_012088,0,1035.72,6.9438,601,2,0,1,18,0,0
tx_legit_004779,0,196.88,5.2877,719,4,0,1,1,0,0
tx_legit_013685,0,393.15,5.9767,512,1,0,2,12,0,0
tx_legit_011178,0,2182.32,7.6886,997,1,0,1,1,0,0
tx_legit_009256,0,668.54,6.5066,804,1,0,2,11,0,0
tx_legit_000827,0,286.15,5.66,399,1,0,1,1,0,0
tx_legit_008120,0,1184.38,7.0778,883,2,1,1,16,0,0
tx_legit_000975,0,1012.3,6.921,608,1,0,1,1,0,0
tx_legit_008567,0,1568.72,7.3587,961,1,0,2,12,0,0
tx_legit_011350,0,375.11,5.9299,457,1,0,1,22,0,0
tx_legit_009753,0,1057.92,6.965,23,1,0,1,8,0,0
tx_legit_012516,0,390.58,5.9702,861,1,0,1,1,0,0
tx_legit_002626,0,358.71,5.8853,391,3,0,2,12,0,0
tx_legit_009837,0,584.4,6.3723,668,2,0,1,1,0,0
tx_legit_009027,0,307.75,5.7325,518,1,0,1,2,0,0
tx_legit_009152,0,141.05,4.9562,55,2,0,4,3,0,0
tx_legit_000554,0,377.11,5.9352,477,3,0,1,1,0,0
tx_legit_006632,0,626.78,6.4422,893,2,0,1,13,0,0
tx_legit_002167,0,111.45,4.7225,393,1,0,2,3,0,0
tx_legit_002628,0,320.41,5.7727,696,1,0,1,1,0,0
tx_legit_000535,0,1052.54,6.9599,708,1,1,1,2,0,0
tx_legit_009618,0,541.36,6.2959,471,1,0,5,2,0,0
tx_fraud_000803,1,1683.01,7.4289,426,1,0,1,22,0,0
tx_legit_004885,0,452.07,6.116,749,1,0,2,9,0,0
tx_legit_004984,0,357.72,5.8825,926,1,0,1,2,0,0
tx_legit_003472,0,381.54,5.9468,187,1,0,2,16,0,0
tx_legit_003830,0,449.23,6.1098,106,1,0,1,1,0,0
tx_legit_003429,0,451.35,6.1145,381,1,0,1,1,0,0
tx_legit_008877,0,808.48,6.6964,102,1,0,2,18,0,0
tx_legit_002149,0,956.81,6.8646,920,1,0,1,1,0,0
tx_legit_010745,0,153.99,5.0434,894,1,0,1,2,0,0
tx_legit_003083,0,110.81,4.7168,936,1,0,1,2,0,0
tx_legit_004670,0,690.42,6.5387,635,3,0,1,1,0,0
tx_legit_010078,0,805.22,6.6924,479,2,0,1,1,0,0
tx_legit_004546,0,217.57,5.3871,705,1,0,2,16,0,0
tx_legit_012309,0,501.51,6.2196,588,2,0,1,2,0,0
tx_legit_003300,0,285.88,5.6591,140,1,0,2,4,0,0
tx_legit_003327,0,984.54,6.8932,544,1,0,1,2,0,0
tx_legit_013797,0,166.13,5.1188,61,2,0,1,1,0,0
tx_legit_006103,0,965.59,6.8738,743,1,2,2,19,0,0
tx_legit_003843,0,484.39,6.185,220,3,0,1,1,0,0
tx_legit_007584,0,4043.35,8.3051,374,1,0,1,1,0,0
tx_legit_003226,0,172.87,5.1583,717,1,0,1,1,0,0
tx_legit_000100,0,1723.69,7.4528,689,1,0,2,11,0,0
tx_legit_004732,0,1236.35,7.1207,722,2,0,1,12,0,0
tx_legit_001623,0,443.79,6.0976,625,1,0,1,2,0,0
tx_legit_002834,0,720.06,6.5807,878,2,0,1,2,0,0
tx_legit_007192,0,468.78,6.1523,478,1,0,2,19,0,0
tx_legit_006199,0,480.04,6.176,412,1,0,1,11,0,0
tx_legit_000065,0,144.7,4.9815,550,1,0,4,3,0,0
tx_legit_007681,0,61.47,4.1347,380,1,1,2,9,0,0
tx_fraud_000479,1,50682.63,10.8334,8,9,6,1,1,0,1
tx_legit_013237,0,264.38,5.5812,567,1,0,1,3,0,0
tx_legit_002278,0,4549.37,8.423,107,1,0,2,17,0,0
tx_legit_000352,0,759.29,6.6337,126,1,0,1,1,0,0
tx_legit_002155,0,1034.76,6.9429,137,2,0,1,3,0,0
tx_fraud_001056,1,3572.75,8.1814,107,2,1,6,10,0,0
tx_legit_010896,0,232.14,5.4516,852,1,0,3,1,0,0
tx_legit_002755,0,1435.47,7.2699,716,1,0,1,1,0,0
tx_legit_005427,0,163.58,5.1034,529,1,0,1,2,0,0
tx_legit_005156,0,399.88,5.9937,809,1,0,1,2,0,0
tx_legit_002067,0,954.3,6.862,158,1,0,1,1,0,0
tx_legit_009728,0,361.01,5.8917,701,1,0,1,1,0,0
tx_legit_009625,0,1181.32,7.0752,524,1,0,1,1,0,0
tx_legit_009241,0,555.51,6.3217,88,1,0,6,3,0,0
tx_legit_010470,0,479.14,6.1741,502,1,0,1,1,0,0
tx_legit_005106,0,998.74,6.9075,108,1,0,1,1,0,0
tx_legit_007253,0,241.71,5.4919,461,1,0,1,1,0,0
tx_fraud_000462,1,49655.74,10.8129,2,14,6,1,1,1,1
tx_legit_009688,0,1591.73,7.3732,230,1,0,2,1,0,0
tx_legit_000959,0,439.84,6.0887,803,1,0,1,1,0,0
tx_legit_006863,0,897.18,6.8004,471,1,0,1,2,0,0
tx_legit_003541,0,306.27,5.7277,419,1,0,1,1,0,0
tx_legit_000212,0,140.56,4.9527,74,1,0,1,16,0,0
tx_legit_002451,0,272.23,5.6103,540,2,0,5,2,0,0
tx_legit_003257,0,350.08,5.861,198,1,0,1,1,0,0
tx_legit_010874,0,380.79,5.9449,379,1,0,6,1,0,0
tx_legit_005108,0,569.71,6.3469,206,1,0,2,22,0,0
tx_legit_003213,0,609.7,6.4146,821,1,0,1,3,0,0
tx_legit_005549,0,2409.08,7.7874,665,1,0,1,3,0,0
tx_legit_008424,0,447.03,6.1049,57,1,0,1,18,0,0
tx_legit_002225,0,274.92,5.6201,131,2,0,1,1,0,0
tx_legit_012694,0,586.76,6.3763,66,1,0,1,1,0,0
tx_legit_004943,0,400.77,5.9959,58,1,0,1,1,0,0
tx_legit_011455,0,227.33,5.4308,76,1,0,1,1,0,0
tx_legit_010432,0,1441.64,7.2742,389,1,1,1,2,0,0
tx_legit_010282,0,963.58,6.8717,524,1,0,1,2,0,0
tx_fraud_000207,1,8423.8,9.0389,9,8,2,2,25,0,1
tx_legit_012071,0,202.19,5.3141,447,1,0,1,1,0,0
tx_legit_012076,0,108.94,4.6999,239,1,0,1,1,0,0
tx_legit_011167,0,1876.69,7.5378,819,1,0,1,1,0,0
tx_legit_007385,0,990.04,6.8988,246,1,0,2,12,0,0
tx_legit_003727,0,780.72,6.6615,423,1,0,1,1,0,0
tx_legit_002223,0,857.12,6.7547,396,1,0,1,2,0,0
tx_legit_000388,0,736.57,6.6034,562,1,0,4,3,0,0
tx_legit_011558,0,546.44,6.3053,217,1,0,1,2,0,0
tx_legit_008935,0,568.32,6.3444,87,1,1,1,22,0,0
tx_legit_009559,0,793.77,6.6781,81,2,0,2,1,0,0
tx_legit_004513,0,492.1,6.2007,111,1,0,1,1,0,0
tx_legit_001956,0,336.47,5.8215,632,1,0,1,1,0,0
tx_fraud_000010,1,5397.75,8.5939,14,12,3,15,6,0,1
tx_legit_000720,0,306.64,5.7289,768,1,0,6,1,0,0
tx_legit_008474,0,184.51,5.2231,421,1,0,1,3,0,0
tx_legit_005208,0,402.22,5.9995,40,1,0,2,16,0,0
tx_legit_012548,0,704.4,6.5588,826,2,0,2,8,0,0
tx_legit_008221,0,320.37,5.7726,566,2,0,1,14,0,0
tx_fraud_000140,1,7402.16,8.9097,19,17,3,1,31,0,1
tx_legit_009634,0,997.6,6.9064,600,3,0,2,4,0,0
tx_legit_004833,0,181.59,5.2072,880,2,0,1,2,0,0
tx_legit_007443,0,428.75,6.0632,22,1,1,1,1,0,0
tx_legit_006680,0,702.65,6.5563,542,2,0,3,2,0,0
tx_legit_010485,0,334.5,5.8156,89,1,0,1,3,0,0
tx_legit_001460,0,546.78,6.3059,851,1,0,1,2,0,0
tx_legit_007304,0,382.4,5.9491,272,1,0,1,1,0,0
tx_legit_012207,0,1100.49,7.0044,623,1,0,6,1,0,0
tx_legit_000364,0,2735.13,7.9143,696,2,0,2,11,0,0
tx_legit_008657,0,326.72,5.7922,958,2,0,1,1,0,0
tx_legit_006763,0,406.86,6.0109,838,1,0,1,1,0,0
tx_legit_010237,0,279.67,5.6372,300,1,0,1,1,0,0
tx_legit_007319,0,248.71,5.5203,697,1,0,1,2,0,0
tx_legit_011922,0,155.86,5.0554,861,1,0,1,1,0,0
tx_legit_003334,0,367.43,5.9093,286,1,0,1,3,0,0
tx_legit_002205,0,871.75,6.7716,851,1,0,1,2,0,0
tx_legit_010390,0,364.44,5.9011,715,1,0,2,20,0,0
tx_legit_010222,0,779.46,6.6599,342,1,0,3,3,0,0
tx_legit_007228,0,666.9,6.5041,534,2,0,1,3,0,0
tx_legit_006906,0,131.85,4.8892,880,1,0,2,16,0,0
tx_legit_008700,0,505.61,6.2277,973,1,0,1,1,0,0
tx_legit_000317,0,746.73,6.617,886,1,0,6,3,0,0
tx_legit_000496,0,199.59,5.3013,865,2,0,2,9,0,0
tx_legit_008013,0,464.8,6.1438,640,1,0,1,4,0,0
tx_legit_009769,0,249.48,5.5234,25,1,1,1,4,0,0
tx_legit_007590,0,649.11,6.4771,604,1,0,1,3,0,0
tx_legit_002085,0,1002.01,6.9108,938,1,0,1,4,0,0
tx_legit_003448,0,418.95,6.0401,986,1,1,1,19,0,0
tx_legit_006264,0,429.96,6.066,606,1,0,1,1,0,0
tx_legit_009549,0,843.58,6.7388,858,2,0,1,1,0,0
tx_legit_010853,0,235.32,5.4652,263,1,0,1,10,0,0
tx_legit_001973,0,377.37,5.9359,704,2,0,1,11,0,0
tx_legit_004422,0,273.81,5.6161,461,1,0,1,1,0,0
tx_legit_012249,0,1056.64,6.9638,189,1,1,2,1,0,0
tx_legit_008300,0,2832.37,7.9492,447,4,0,2,18,0,0
tx_legit_003874,0,228.24,5.4348,499,1,0,1,2,0,0
tx_legit_004975,0,200.14,5.304,790,1,0,1,2,0,0
tx_legit_007009,0,819.89,6.7104,438,1,0,2,9,0,0
tx_legit_000883,0,405.76,6.0082,70,1,0,1,2,0,0
tx_fraud_000575,1,39172.25,10.5757,5,13,9,21,18,1,1
tx_legit_007845,0,286.22,5.6602,544,1,1,1,4,0,0
tx_legit_001201,0,330.98,5.8051,242,1,0,2,20,0,0
tx_legit_011221,0,701.34,6.5544,87,2,0,1,2,0,0
tx_fraud_000668,1,1032.85,6.941,264,1,0,27,20,0,0
tx_legit_011539,0,1228.13,7.1141,104,1,0,1,1,0,0
tx_legit_001994,0,175.83,5.1752,439,1,0,1,1,0,0
tx_legit_005894,0,320.04,5.7716,84,1,0,1,1,0,0
tx_legit_001719,0,436.97,6.0822,23,3,0,1,2,0,0
tx_legit_007765,0,985.65,6.8943,480,2,0,3,3,0,0
tx_fraud_000437,1,72504.9,11.1914,7,7,5,1,1,1,1
tx_legit_008680,0,533.85,6.282,611,1,0,2,14,0,0
tx_fraud_000070,1,4324.78,8.3723,5,10,2,9,5,1,1
tx_legit_003758,0,654.89,6.486,471,1,0,1,1,0,0
tx_legit_000032,0,1637.87,7.4018,442,1,0,1,13,0,0
tx_legit_009951,0,622.71,6.4357,392,2,0,1,2,0,0
tx_legit_003528,0,282.64,5.6477,600,1,0,1,1,0,0
tx_legit_013411,0,1235.4,7.12,234,1,0,1,1,0,0
tx_legit_013131,0,363.04,5.8973,792,2,0,1,18,0,0
tx_fraud_000822,1,1358.38,7.2148,318,1,0,1,23,0,0
tx_legit_003093,0,463.27,6.1405,590,1,0,2,1,0,0
tx_legit_009830,0,1021.51,6.93,328,1,0,1,3,0,0
tx_legit_000458,0,260.9,5.568,807,1,0,3,2,0,0
tx_fraud_001134,1,4558.59,8.425,816,2,0,20,15,0,0
tx_legit_007442,0,156.24,5.0578,544,1,0,1,1,0,0
tx_legit_008425,0,684.07,6.5295,150,1,0,1,3,0,0
tx_legit_001406,0,471.76,6.1586,691,2,1,1,17,0,0
tx_legit_003798,0,533.17,6.2807,347,1,0,4,3,0,0
tx_legit_002971,0,698.65,6.5506,612,1,0,1,2,0,0
tx_legit_012023,0,567.61,6.3432,413,1,0,1,1,0,0
tx_legit_007292,0,474.88,6.1652,928,4,0,2,1,0,0
tx_fraud_000899,1,1359.9,7.2159,374,1,0,1,23,0,0
tx_legit_012317,0,403.77,6.0033,163,1,0,3,2,0,0
tx_legit_006846,0,267.99,5.5947,661,1,0,1,1,0,0
tx_legit_005439,0,969.29,6.8776,850,2,0,2,2,0,0
tx_legit_010015,0,697.36,6.5487,842,1,0,1,21,0,0
tx_legit_000423,0,753.84,6.6265,117,1,0,1,4,0,0
tx_legit_006270,0,712.14,6.5697,836,2,0,1,1,0,0
tx_legit_005213,0,505.16,6.2269,744,2,0,1,2,0,0
tx_legit_003058,0,518.58,6.253,793,1,0,1,1,0,0
tx_legit_003770,0,494.78,6.2061,781,2,0,1,2,0,0
tx_legit_005397,0,973.47,6.8819,15,2,0,2,20,0,0
tx_fraud_000013,1,5655.12,8.6405,11,8,4,13,6,0,1
tx_legit_001929,0,482.7,6.1815,814,1,0,1,3,0,0
tx_legit_006031,0,440.85,6.091,113,2,0,1,2,0,0
tx_legit_002947,0,389.69,5.9679,378,1,0,1,1,0,0
tx_legit_002537,0,208.95,5.3469,955,1,0,1,11,0,0
tx_legit_006352,0,415.96,6.033,976,2,0,1,1,0,0
tx_legit_009721,0,203.34,5.3198,928,1,0,4,2,0,0
tx_legit_011507,0,299.21,5.7045,524,1,0,2,2,0,0
tx_legit_012643,0,654.69,6.4857,110,1,0,1,1,0,0
tx_legit_000735,0,623.32,6.4367,908,1,0,1,1,0,0
tx_legit_008733,0,139.31,4.9439,709,2,1,2,1,0,0
tx_legit_013023,0,1100.27,7.0042,437,1,0,2,8,0,0
tx_legit_012991,0,980.56,6.8891,674,1,0,1,1,0,0
tx_legit_008063,0,320.01,5.7715,973,2,0,1,1,0,0
tx_legit_011781,0,331.71,5.8073,259,1,0,1,3,0,0
tx_legit_013047,0,339.89,5.8316,226,2,1,1,1,0,0
tx_legit_004627,0,893.53,6.7963,641,2,0,2,2,0,0
tx_legit_005209,0,1523.36,7.3293,633,1,0,1,1,0,0
tx_legit_004771,0,426.36,6.0576,141,2,0,1,13,0,0
tx_legit_001125,0,156.59,5.06,770,1,0,1,4,0,0
tx_legit_013274,0,654.51,6.4854,591,1,0,3,1,0,0
tx_fraud_000814,1,1964.58,7.5835,356,1,0,1,11,0,0
tx_legit_000570,0,1585.36,7.3692,384,2,0,1,12,0,0
tx_legit_011037,0,293.9,5.6866,437,1,0,1,1,0,0
tx_legit_004389,0,1320.09,7.1862,134,2,0,1,1,0,0
tx_legit_001388,0,234.39,5.4612,293,1,0,1,19,0,0
tx_fraud_000811,1,1834.99,7.5153,330,1,0,1,10,0,0
tx_legit_006340,0,542.27,6.2976,860,1,0,1,1,0,0
tx_legit_010971,0,321.19,5.7751,254,2,0,2,16,0,0
tx_legit_004587,0,508.78,6.234,756,1,0,1,1,0,0
tx_legit_005281,0,375.67,5.9314,882,1,0,1,3,0,0
tx_legit_007242,0,380.38,5.9438,660,1,1,1,1,0,0
tx_legit_012326,0,1502.31,7.3154,857,1,0,2,8,0,0
tx_legit_001223,0,385.47,5.9571,546,2,0,1,1,0,0
tx_legit_013421,0,736.89,6.6038,572,2,0,1,1,0,0
tx_legit_010459,0,207.96,5.3421,826,1,0,2,14,0,0
tx_legit_005010,0,1940.44,7.5712,477,1,0,1,1,0,0
tx_legit_001319,0,520.49,6.2567,771,1,0,1,1,0,0
tx_legit_006165,0,319.95,5.7713,436,1,0,1,1,0,0
tx_legit_011668,0,634.72,6.4548,48,1,0,3,2,0,0
tx_legit_006058,0,932.3,6.8387,190,1,0,1,2,0,0
tx_fraud_000976,1,5441.95,8.6021,180,2,1,6,8,0,0
tx_legit_003419,0,620.26,6.4317,135,2,0,1,1,0,0
tx_legit_002585,0,881.35,6.7826,668,1,0,1,4,0,0
tx_legit_010404,0,152.35,5.0327,627,1,0,1,1,0,0
tx_legit_003632,0,402.11,5.9992,538,1,0,1,17,0,0
tx_legit_011625,0,1975.42,7.589,324,1,0,1,1,0,0
tx_legit_002429,0,540.71,6.2947,625,1,0,1,1,0,0
tx_legit_008309,0,592.84,6.3866,124,1,0,1,1,0,0
tx_fraud_000056,1,10367.71,9.2465,14,12,4,11,3,0,1
tx_fraud_001163,1,5297.76,8.5752,511,2,0,10,18,0,0
tx_legit_008852,0,832.62,6.7258,600,3,0,1,2,0,0
tx_legit_006120,0,2018.29,7.6105,315,1,0,1,1,0,0
tx_legit_012181,0,287.32,5.6641,61,2,0,3,2,0,0
tx_legit_004506,0,838.7,6.733,870,1,0,1,1,0,0
tx_legit_005138,0,250.9,5.529,444,1,0,1,8,0,0
tx_legit_002369,0,427.56,6.0604,587,2,0,1,9,0,0
tx_legit_009556,0,246.0,5.5094,47,4,0,1,2,0,0
tx_legit_012908,0,91.2,4.524,350,4,0,2,14,0,0
tx_legit_008588,0,366.49,5.9067,856,1,0,2,8,0,0
tx_legit_012645,0,770.37,6.6482,167,1,0,4,2,0,0
tx_legit_011796,0,585.57,6.3743,972,1,0,1,2,0,0
tx_legit_006869,0,313.97,5.7525,190,2,0,2,12,0,0
tx_legit_010296,0,112.81,4.7345,295,1,0,1,1,0,0
tx_legit_004118,0,766.09,6.6426,164,2,0,1,1,0,0
tx_legit_005498,0,380.63,5.9445,420,1,0,4,1,0,0
tx_legit_004903,0,282.7,5.6479,746,1,0,4,3,0,0
tx_legit_007930,0,572.8,6.3523,425,2,0,1,1,0,0
tx_legit_004701,0,885.61,6.7874,717,1,0,1,1,0,0
tx_legit_003194,0,163.09,5.1004,625,1,0,1,1,0,0
tx_legit_005518,0,677.1,6.5193,423,1,0,1,2,0,0
tx_legit_000249,0,2279.92,7.7323,782,1,1,6,1,0,0
tx_legit_003318,0,406.34,6.0096,753,1,0,1,1,0,0
tx_legit_004783,0,159.62,5.079,795,2,0,1,2,0,0
tx_legit_002108,0,408.52,6.015,271,1,0,1,1,0,0
tx_legit_000485,0,820.51,6.7111,268,3,0,1,1,0,0
tx_legit_000987,0,727.39,6.5908,958,2,0,4,1,0,0
tx_legit_010016,0,946.12,6.8534,497,1,0,1,1,0,0
tx_legit_009097,0,465.44,6.1451,958,1,0,2,1,0,0
tx_legit_007427,0,2046.36,7.6243,335,1,0,1,2,0,0
tx_legit_003339,0,387.43,5.9621,457,1,0,1,3,0,0
tx_legit_003459,0,340.8,5.8342,704,1,0,6,3,0,0
tx_legit_008734,0,289.49,5.6716,761,1,1,1,13,0,0
tx_legit_000228,0,584.17,6.3719,856,1,0,4,2,0,0
tx_legit_011843,0,577.68,6.3607,123,1,1,1,1,0,0
tx_fraud_000008,1,9288.34,9.1366,4,11,1,16,6,1,1
tx_legit_006172,0,287.81,5.6658,927,1,0,2,1,0,0
tx_legit_010106,0,257.32,5.5542,229,1,1,2,1,0,0
tx_legit_010176,0,731.92,6.597,431,1,0,1,2,0,0
tx_legit_000608,0,400.35,5.9948,804,1,0,1,1,0,0
tx_legit_005697,0,498.58,6.2138,880,2,0,1,2,0,0
tx_legit_004976,0,153.16,5.038,217,1,1,1,1,0,0
tx_legit_011990,0,1470.21,7.2938,276,1,0,1,1,0,0
tx_legit_007001,0,348.39,5.8562,88,1,0,1,2,0,0
tx_legit_010385,0,331.59,5.8069,20,1,0,1,2,0,0
tx_fraud_000771,1,1722.7,7.4522,214,1,0,27,10,0,0
tx_legit_008039,0,451.69,6.1152,144,1,1,1,1,0,0
tx_legit_001788,0,465.77,6.1458,217,1,0,2,1,0,0
tx_legit_006347,0,314.75,5.755,699,1,0,1,1,0,0
tx_legit_005469,0,361.58,5.8932,953,1,0,2,15,0,0
tx_legit_000229,0,705.46,6.5603,858,1,0,1,1,0,0
tx_legit_012902,0,149.56,5.0144,986,1,2,1,1,0,0
tx_legit_000223,0,108.6,4.6968,174,1,0,1,1,0,0
tx_legit_002919,0,362.55,5.8959,78,1,0,1,3,0,0
tx_legit_004124,0,1274.75,7.1513,501,1,0,1,1,0,0
tx_legit_005460,0,243.41,5.4988,44,1,0,1,1,0,0
tx_legit_006719,0,741.43,6.6099,108,1,0,2,1,0,0
tx_legit_009195,0,504.46,6.2255,384,1,0,2,11,0,0
tx_legit_005572,0,485.73,6.1877,465,1,0,1,18,0,0
tx_fraud_000634,1,31963.69,10.3724,0,12,10,18,30,1,1
tx_legit_009020,0,1003.59,6.9123,754,1,0,1,3,0,0
tx_legit_010072,0,841.13,6.7359,703,1,0,1,4,0,0
tx_legit_002081,0,243.03,5.4973,703,3,1,1,1,0,0
tx_legit_012079,0,582.48,6.369,319,1,0,1,1,0,0
tx_legit_001150,0,953.19,6.8609,382,2,0,1,1,0,0
tx_legit_003218,0,634.89,6.455,880,1,0,1,2,0,0
tx_legit_001344,0,79.15,4.3839,633,2,0,5,1,0,0
tx_legit_008712,0,520.96,6.2576,371,1,0,2,15,0,0
tx_legit_005887,0,421.49,6.0462,206,4,0,6,2,0,0
tx_legit_009134,0,961.36,6.8694,554,2,0,2,13,0,0
tx_legit_012679,0,942.61,6.8497,782,1,0,2,1,0,0
tx_fraud_000025,1,4146.07,8.3302,1,4,3,15,4,1,0
tx_legit_001863,0,184.85,5.2249,500,1,0,1,1,0,0
tx_legit_012748,0,733.72,6.5995,487,3,0,1,2,0,0
tx_legit_007298,0,419.27,6.0409,663,1,0,1,11,0,0
tx_legit_006931,0,171.64,5.1512,631,1,0,1,1,0,0
tx_legit_012689,0,748.8,6.6198,500,1,0,1,2,0,0
tx_legit_010521,0,2915.31,7.9781,901,1,0,1,2,0,0
tx_legit_001260,0,343.41,5.8418,685,1,0,1,2,0,0
tx_legit_007913,0,786.3,6.6686,807,3,0,1,2,0,0
tx_legit_000326,0,623.18,6.4364,305,1,0,1,4,0,0
tx_legit_013776,0,217.46,5.3866,539,2,0,1,5,0,0
tx_legit_001694,0,366.92,5.9079,625,1,0,3,3,0,0
tx_legit_003063,0,151.71,5.0285,978,1,0,6,1,0,0
tx_legit_001849,0,158.56,5.0724,928,3,0,2,19,0,0
tx_legit_004848,0,402.98,6.0014,264,1,0,6,3,0,0
tx_legit_008146,0,371.28,5.9196,950,1,0,1,2,0,0
tx_legit_010530,0,564.36,6.3375,816,1,0,1,2,0,0
tx_legit_011705,0,822.45,6.7135,659,1,0,1,21,0,0
tx_legit_001026,0,1441.42,7.2741,686,1,0,1,12,0,0
tx_legit_013062,0,364.45,5.9011,243,1,0,1,1,0,0
tx_legit_001077,0,430.81,6.068,704,2,0,1,1,0,0
tx_legit_004054,0,168.66,5.1338,703,2,0,5,3,0,0
tx_legit_006254,0,284.53,5.6543,474,2,0,3,3,0,0
tx_fraud_000535,1,62439.45,11.042,1,28,8,18,20,1,1
tx_legit_009679,0,242.53,5.4952,612,1,0,3,1,0,0
tx_fraud_000143,1,7231.13,8.8863,22,20,4,2,32,0,1
tx_legit_003616,0,128.91,4.8668,366,1,0,2,1,0,0
tx_legit_005271,0,272.74,5.6122,190,3,0,1,16,0,0
tx_legit_006749,0,1902.88,7.5516,246,1,0,1,2,0,0
tx_legit_009933,0,393.73,5.9782,333,1,1,1,1,0,0
tx_legit_003683,0,617.32,6.427,743,1,0,2,18,0,0
tx_legit_011473,0,471.29,6.1576,266,1,0,1,1,0,0
tx_legit_011155,0,354.84,5.8745,864,1,0,1,12,0,0
tx_legit_007035,0,484.11,6.1844,46,1,0,1,1,0,0
tx_fraud_000106,1,10390.84,9.2488,14,5,3,11,4,0,1
tx_legit_002747,0,158.08,5.0694,770,1,0,3,3,0,0
tx_legit_006942,0,826.94,6.7189,196,1,0,2,9,0,0
tx_legit_006990,0,319.25,5.7691,422,2,0,2,3,0,0
tx_legit_002664,0,286.04,5.6596,720,1,0,2,3,0,0
tx_legit_001666,0,233.21,5.4562,258,2,0,1,2,0,0
tx_legit_004843,0,324.43,5.7851,674,2,0,3,1,0,0
tx_legit_010772,0,874.55,6.7749,167,1,1,1,2,0,0
tx_fraud_000979,1,7024.91,8.8574,101,2,1,8,12,0,0
tx_legit_003877,0,125.57,4.8408,773,2,0,4,1,0,0
tx_legit_004214,0,319.68,5.7704,154,1,0,3,3,0,0
tx_legit_001736,0,568.34,6.3445,259,1,0,1,1,0,0
tx_legit_004540,0,438.64,6.086,882,1,0,1,1,0,0
tx_legit_005587,0,969.48,6.8778,441,1,0,1,19,0,0
tx_legit_000367,0,562.25,6.3337,381,1,0,1,9,0,0
tx_legit_001051,0,604.96,6.4068,410,1,0,1,3,0,0
tx_legit_005253,0,239.65,5.4833,433,1,0,1,2,0,0
tx_legit_004956,0,772.33,6.6507,815,1,1,1,1,0,0
tx_legit_012571,0,762.85,6.6384,988,1,1,1,1,0,0
tx_legit_001505,0,424.52,6.0533,440,1,0,5,2,0,0
tx_legit_009639,0,546.95,6.3062,441,2,0,1,1,0,0
tx_legit_000955,0,623.75,6.4374,61,3,2,1,1,0,0
tx_legit_004273,0,292.38,5.6815,431,1,0,1,2,0,0
tx_legit_005769,0,744.13,6.6136,876,2,0,1,9,0,0
tx_legit_003675,0,1404.88,7.2484,993,1,0,1,2,0,0
tx_legit_002328,0,1117.39,7.0196,104,1,0,1,2,0,0
tx_legit_011046,0,620.68,6.4324,813,1,0,1,2,0,0
tx_legit_003523,0,1332.91,7.1959,916,1,0,3,2,0,0
tx_legit_006016,0,974.46,6.8829,480,1,0,1,1,0,0
tx_legit_012726,0,784.23,6.666,294,1,0,3,2,0,0
tx_legit_009478,0,336.46,5.8214,532,1,0,1,2,0,0
tx_legit_004878,0,753.95,6.6267,516,2,0,1,1,0,0
tx_legit_007324,0,2811.07,7.9417,422,1,0,1,2,0,0
tx_legit_005382,0,422.43,6.0484,327,1,0,2,3,0,0
tx_legit_013392,0,777.84,6.6578,396,2,0,2,1,0,0
tx_legit_011791,0,410.11,6.0189,823,1,0,1,1,0,0
tx_legit_009068,0,1071.26,6.9775,350,2,0,1,2,0,0
tx_legit_002046,0,423.39,6.0507,746,1,0,1,1,0,0
tx_legit_000185,0,1406.8,7.2498,692,1,0,1,1,0,0
tx_legit_003079,0,363.31,5.898,503,2,0,1,15,0,0
tx_legit_011327,0,1056.66,6.9638,324,2,0,2,1,0,0
tx_legit_005043,0,1211.96,7.1008,525,3,0,1,2,0,0
tx_legit_004727,0,261.23,5.5692,201,1,0,3,1,0,0
tx_legit_000589,0,1215.39,7.1036,892,1,0,1,2,0,0
tx_legit_000512,0,101.38,4.6287,763,1,0,1,3,0,0
tx_legit_002030,0,1333.97,7.1967,797,1,0,1,1,0,0
tx_legit_007704,0,3483.15,8.156,292,1,0,1,1,0,0
tx_legit_006176,0,704.63,6.5591,819,1,0,1,1,0,0
tx_legit_003533,0,467.95,6.1505,807,2,0,1,1,0,0
tx_legit_005707,0,819.0,6.7093,146,2,0,2,12,0,0
tx_fraud_000357,1,13656.28,9.522,5,8,3,2,6,1,1
tx_legit_013527,0,321.72,5.7768,76,1,0,2,12,0,0
tx_legit_013544,0,167.07,5.1244,837,1,0,1,1,0,0
tx_legit_010421,0,778.23,6.6583,612,1,0,5,3,0,0
tx_legit_008121,0,1218.69,7.1064,44,1,0,1,1,0,0
tx_legit_002351,0,545.98,6.3044,518,1,0,3,1,0,0
tx_legit_002517,0,889.07,6.7913,592,1,0,1,13,0,0
tx_legit_001438,0,619.29,6.4302,768,1,0,2,14,0,0
tx_legit_003469,0,535.29,6.2847,625,2,0,1,17,0,0
tx_legit_012981,0,380.66,5.9445,953,1,0,1,3,0,0
tx_legit_010931,0,634.7,6.4547,131,1,0,1,2,0,0
tx_legit_013503,0,511.18,6.2387,758,2,0,1,1,0,0
tx_legit_003582,0,395.33,5.9822,368,2,0,3,3,0,0
tx_legit_013353,0,910.53,6.8151,320,1,0,1,1,0,0
tx_legit_010596,0,557.8,6.3258,723,2,0,2,1,0,0
tx_legit_007437,0,265.62,5.5858,150,1,0,1,3,0,0
tx_legit_000716,0,1399.14,7.2443,644,1,0,1,2,0,0
tx_legit_005997,0,1181.95,7.0758,847,2,0,2,19,0,0
tx_fraud_000174,1,11073.78,9.3124,14,16,2,3,16,0,1
tx_legit_005743,0,302.12,5.7141,380,1,0,1,1,0,0
tx_legit_000027,0,260.13,5.565,300,1,0,1,1,0,0
tx_legit_005797,0,262.15,5.5727,844,1,0,1,2,0,0
tx_legit_010684,0,361.07,5.8918,568,1,0,6,2,0,0
tx_legit_008016,0,153.29,5.0388,509,1,0,1,1,0,0
tx_legit_005975,0,211.27,5.3579,320,1,0,2,14,0,0
tx_legit_002263,0,427.64,6.0606,275,1,1,1,2,0,0
tx_legit_008695,0,260.78,5.5675,852,1,0,1,1,0,0
tx_legit_012793,0,791.22,6.6748,397,1,0,2,17,0,0
tx_legit_002448,0,1317.63,7.1843,292,1,1,1,2,0,0
tx_legit_011655,0,113.53,4.7408,222,2,0,1,1,0,0
tx_legit_013344,0,149.97,5.0171,742,1,0,1,3,0,0
tx_legit_005714,0,289.64,5.6721,103,1,0,2,1,0,0
tx_legit_006951,0,378.72,5.9394,973,1,0,1,1,0,0
tx_legit_008119,0,401.32,5.9972,95,1,0,2,1,0,0
tx_legit_004091,0,222.21,5.4081,849,2,0,5,1,0,0
tx_legit_001913,0,3119.68,8.0458,124,1,0,2,16,0,0
tx_legit_006225,0,598.64,6.3963,933,1,0,1,1,0,0
tx_fraud_000274,1,11271.46,9.3301,4,4,2,4,6,1,0
tx_legit_003706,0,2247.45,7.718,243,1,1,1,1,0,0
tx_legit_001326,0,285.59,5.6581,899,1,0,6,1,0,0
tx_legit_013092,0,580.97,6.3664,118,1,0,2,18,0,0
tx_legit_013518,0,255.92,5.5488,382,1,0,1,1,0,0
tx_legit_007403,0,533.92,6.2821,408,2,0,2,9,0,0
tx_legit_012031,0,267.77,5.5939,480,1,0,2,8,0,0
tx_legit_005649,0,627.74,6.4437,720,1,0,6,3,0,0
tx_legit_009183,0,684.34,6.5299,94,1,1,1,1,0,0
tx_legit_005822,0,320.18,5.772,369,1,0,2,2,0,0
tx_legit_004684,0,201.79,5.3122,974,1,0,2,9,0,0
tx_legit_011432,0,888.25,6.7904,524,1,0,1,1,0,0
tx_legit_009987,0,551.14,6.3138,462,1,1,2,8,0,0
tx_legit_002808,0,671.34,6.5108,621,1,0,1,1,0,0
tx_legit_002980,0,571.21,6.3495,110,4,0,1,1,0,0
tx_legit_007405,0,277.2,5.6283,59,2,0,2,15,0,0
tx_legit_003618,0,1095.13,6.9995,308,1,0,1,1,0,0
tx_legit_004075,0,834.97,6.7286,243,4,0,1,12,0,0
tx_legit_000703,0,856.09,6.7535,991,1,0,1,1,0,0
tx_legit_005581,0,292.91,5.6833,183,1,0,1,1,0,0
tx_legit_012566,0,755.24,6.6284,620,1,0,1,1,0,0
tx_legit_008647,0,179.8,5.1974,129,1,0,2,14,0,0
tx_legit_007445,0,523.44,6.2623,337,2,0,1,2,0,0
tx_legit_012150,0,1194.67,7.0865,582,1,0,1,5,0,0
tx_legit_011260,0,306.42,5.7282,130,1,0,2,12,0,0
tx_legit_010105,0,101.93,4.634,668,1,0,1,1,0,0
tx_legit_007321,0,319.51,5.7699,409,1,0,1,3,0,0
tx_legit_002180,0,1037.34,6.9454,831,1,0,2,1,0,0
tx_legit_013340,0,400.51,5.9952,761,1,0,1,1,0,0
tx_legit_010415,0,179.86,5.1977,925,1,0,2,9,0,0
tx_legit_005055,0,147.67,5.0017,992,1,0,1,1,0,0
tx_legit_013272,0,1162.39,7.0591,383,1,1,1,1,0,0
tx_fraud_000664,1,35275.13,10.471,6,14,8,19,35,1,1
tx_legit_009742,0,1730.24,7.4566,133,1,0,1,1,0,0
tx_fraud_000084,1,2691.02,7.898,14,6,3,14,4,0,1
tx_legit_006695,0,212.02,5.3614,777,1,0,1,9,0,0
tx_legit_010972,0,311.53,5.7447,283,1,0,1,1,0,0
tx_legit_008529,0,448.86,6.1089,412,1,0,1,1,0,0
tx_legit_009185,0,161.34,5.0897,235,1,0,1,1,0,0
tx_legit_008853,0,546.46,6.3053,55,1,0,4,1,0,0
tx_legit_006062,0,588.53,6.3793,933,2,0,1,3,0,0
tx_legit_003298,0,258.71,5.5596,740,1,0,2,2,0,0
tx_legit_011752,0,396.05,5.9841,315,2,0,1,2,0,0
tx_legit_003003,0,709.16,6.5655,620,1,0,1,1,0,0
tx_legit_012901,0,207.18,5.3384,152,2,0,2,15,0,0
tx_legit_000224,0,527.79,6.2706,539,1,1,6,1,0,0
tx_legit_004364,0,701.24,6.5543,630,2,0,1,1,0,0
tx_legit_006159,0,1767.17,7.4777,590,2,0,1,1,0,0
tx_legit_013732,0,826.37,6.7183,326,1,0,6,1,0,0
tx_legit_009335,0,274.49,5.6186,283,1,0,1,4,0,0
tx_legit_003420,0,178.59,5.1907,475,4,0,2,1,0,0
tx_legit_002194,0,471.74,6.1585,734,1,0,1,1,0,0
tx_legit_000702,0,536.61,6.2871,859,1,0,2,11,0,0
tx_legit_002101,0,2361.71,7.7676,768,1,1,1,2,0,0
tx_fraud_000091,1,5256.08,8.5673,8,4,1,9,4,0,0
tx_legit_003943,0,229.81,5.4416,383,1,0,1,1,0,0
tx_legit_010649,0,539.41,6.2923,648,1,0,1,14,0,0
tx_legit_005858,0,678.34,6.5211,234,1,0,1,2,0,0
tx_legit_011876,0,212.74,5.3648,33,2,0,1,3,0,0
tx_legit_008291,0,262.13,5.5726,866,2,0,2,11,0,0
tx_legit_006088,0,689.4,6.5373,79,1,0,1,12,0,0
tx_legit_012785,0,361.69,5.8935,272,2,0,1,2,0,0
tx_legit_013319,0,623.27,6.4366,283,1,0,1,1,0,0
tx_legit_006919,0,1469.9,7.2936,110,1,0,1,4,0,0
tx_legit_001316,0,727.08,6.5904,143,1,0,2,1,0,0
tx_legit_003660,0,937.52,6.8443,445,2,0,1,1,0,0
tx_legit_013167,0,254.37,5.5427,400,3,1,1,2,0,0
tx_legit_013423,0,684.07,6.5295,358,1,0,1,1,0,0
tx_legit_012477,0,466.48,6.1474,52,1,0,2,21,0,0
tx_legit_002032,0,368.8,5.913,96,1,0,2,1,0,0
tx_legit_001279,0,175.51,5.1734,331,1,0,1,3,0,0
tx_legit_013790,0,171.07,5.1479,885,1,0,1,1,0,0
tx_legit_006898,0,281.78,5.6447,781,2,0,1,1,0,0
tx_legit_008220,0,773.28,6.6519,565,3,0,1,1,0,0
tx_legit_012372,0,815.55,6.7051,783,1,0,1,2,0,0
tx_fraud_000058,1,14187.36,9.5602,8,9,2,9,3,0,1
tx_legit_002131,0,656.83,6.4889,323,1,0,3,2,0,0
tx_legit_013246,0,360.46,5.8902,741,1,0,1,1,0,0
tx_fraud_000441,1,93263.81,11.4432,5,13,3,1,1,1,1
tx_legit_007051,0,1077.64,6.9835,401,2,0,1,8,0,0
tx_fraud_000734,1,2108.9,7.6544,253,1,0,20,19,0,0
tx_fraud_000353,1,11075.07,9.3125,0,8,2,4,6,1,1
tx_legit_002484,0,402.83,6.001,365,1,0,1,22,0,0
tx_legit_007463,0,404.33,6.0047,922,1,0,3,1,0,0
tx_legit_006163,0,430.66,6.0676,338,2,0,1,3,0,0
tx_legit_007281,0,404.81,6.0059,209,3,0,1,1,0,0
tx_legit_007540,0,917.13,6.8223,225,1,0,1,2,0,0
tx_legit_004756,0,218.47,5.3912,282,1,0,1,21,0,0
tx_legit_004161,0,436.22,6.0804,676,1,0,2,2,0,0
tx_legit_011100,0,940.98,6.848,963,1,0,1,2,0,0
tx_legit_003335,0,344.54,5.8451,849,2,0,1,1,0,0
tx_legit_008334,0,350.47,5.8621,644,1,0,1,2,0,0
tx_legit_010506,0,885.55,6.7873,245,1,0,2,2,0,0
tx_fraud_000777,1,804.34,6.6913,222,1,0,15,19,0,0
tx_legit_007019,0,487.19,6.1907,49,1,0,1,2,0,0
tx_legit_001300,0,2930.06,7.9831,606,1,0,1,2,0,0
tx_legit_006643,0,213.44,5.368,442,1,0,1,1,0,0
tx_legit_010679,0,381.89,5.9477,587,1,0,6,3,0,0
tx_legit_009838,0,827.19,6.7192,769,2,0,1,3,0,0
tx_legit_001303,0,2050.0,7.6261,605,1,0,1,2,0,0
tx_legit_004432,0,599.72,6.3981,206,1,0,4,1,0,0
tx_legit_013368,0,1803.75,7.4982,631,2,0,1,2,0,0
tx_legit_004238,0,598.26,6.3957,315,1,0,1,1,0,0
tx_legit_000865,0,309.44,5.738,603,1,0,1,1,0,0
tx_legit_002299,0,226.93,5.429,684,1,0,5,3,0,0
tx_legit_000932,0,225.7,5.4236,743,3,0,1,1,0,0
tx_legit_002039,0,531.8,6.2781,476,1,0,2,1,0,0
tx_legit_003100,0,200.25,5.3045,587,1,0,2,21,0,0
tx_legit_001937,0,440.13,6.0893,190,1,0,2,13,0,0
tx_legit_009329,0,308.63,5.7354,920,1,0,1,1,0,0
tx_legit_009852,0,448.65,6.1085,803,2,1,1,4,0,0
tx_legit_002470,0,110.05,4.71,757,1,0,1,1,0,0
tx_legit_009091,0,549.67,6.3111,19,1,0,1,1,0,0
tx_legit_008679,0,401.73,5.9983,828,2,0,1,3,0,0
tx_legit_002634,0,337.08,5.8233,457,2,0,1,3,0,0
tx_legit_012400,0,673.97,6.5147,989,1,0,1,1,0,0
tx_legit_012069,0,676.18,6.5179,63,2,0,2,17,0,0
tx_legit_008137,0,874.28,6.7745,81,2,0,1,3,0,0
tx_legit_007256,0,131.11,4.8836,199,1,0,1,3,0,0
tx_legit_004196,0,456.48,6.1257,765,1,0,4,3,0,0
tx_legit_011919,0,443.21,6.0963,27,1,0,1,1,0,0
tx_legit_000332,0,210.19,5.3528,917,2,0,1,1,0,0
tx_legit_013791,0,1029.05,6.9374,160,1,0,1,2,0,0
tx_legit_001397,0,889.14,6.7914,985,1,0,2,20,0,0
tx_legit_002616,0,367.19,5.9086,779,1,0,1,1,0,0
tx_legit_010710,0,838.82,6.7332,287,1,0,1,1,0,0
tx_legit_010175,0,1017.23,6.9258,312,1,0,1,3,0,0
tx_legit_002898,0,893.0,6.7957,80,1,0,2,1,0,0
tx_legit_008794,0,810.66,6.6991,117,1,1,1,2,0,0
tx_legit_013360,0,553.57,6.3182,392,1,0,2,1,0,0
tx_legit_001112,0,706.37,6.5616,431,1,0,1,22,0,0
tx_legit_007087,0,1188.6,7.0814,693,1,0,1,2,0,0
tx_legit_011993,0,225.69,5.4236,722,1,0,1,2,0,0
tx_legit_007936,0,436.95,6.0821,167,1,0,1,2,0,0
tx_legit_007678,0,145.43,4.9865,471,1,0,4,2,0,0
tx_legit_008151,0,302.17,5.7143,717,1,0,1,4,0,0
tx_legit_004881,0,470.18,6.1552,235,1,0,2,1,0,0
tx_legit_011891,0,283.28,5.65,941,3,0,1,1,0,0
tx_legit_003606,0,739.48,6.6073,679,1,0,2,11,0,0
tx_legit_001954,0,484.83,6.1859,194,1,0,1,2,0,0
tx_legit_005990,0,487.51,6.1914,953,1,0,1,1,0,0
tx_legit_009192,0,302.31,5.7148,96,2,0,1,2,0,0
tx_legit_003051,0,533.32,6.281,936,1,0,2,15,0,0
tx_legit_002402,0,427.3,6.0598,633,1,0,6,1,0,0
tx_fraud_000617,1,23768.99,10.0762,3,13,5,18,35,1,1
tx_legit_006441,0,339.96,5.8318,878,2,0,1,2,0,0
tx_legit_010937,0,129.1,4.8683,326,4,0,1,3,0,0
tx_legit_004211,0,704.53,6.5589,804,1,0,2,2,0,0
tx_legit_012759,0,1030.9,6.9392,397,1,1,1,2,0,0
tx_legit_011405,0,152.43,5.0332,131,1,0,2,14,0,0
tx_legit_003252,0,1298.22,7.1695,988,1,0,6,1,0,0
tx_legit_006295,0,995.72,6.9045,522,1,0,3,1,0,0
tx_fraud_001127,1,6593.68,8.794,754,2,0,20,18,0,0
tx_legit_006223,0,611.93,6.4183,136,1,0,1,2,0,0
tx_legit_000882,0,1176.49,7.0711,411,1,0,1,14,0,0
tx_legit_011736,0,326.77,5.7923,952,1,0,1,1,0,0
tx_legit_012095,0,1209.52,7.0988,755,1,0,1,1,0,0
tx_legit_000598,0,175.61,5.1739,696,1,0,1,1,0,0
tx_legit_007258,0,241.6,5.4914,472,1,0,2,11,0,0
tx_legit_009575,0,980.34,6.8889,740,1,0,1,1,0,0
tx_legit_009887,0,748.8,6.6198,672,2,1,1,2,0,0
tx_legit_012188,0,538.07,6.2898,440,2,0,1,1,0,0
tx_legit_011674,0,717.19,6.5767,578,1,0,1,2,0,0
tx_legit_011595,0,1324.63,7.1896,528,1,0,1,20,0,0
tx_legit_001368,0,164.76,5.1105,313,1,0,6,2,0,0
tx_legit_003755,0,484.4,6.185,734,1,0,1,1,0,0
tx_legit_006432,0,260.67,5.5671,158,1,0,1,10,0,0
tx_legit_012939,0,369.41,5.9146,999,1,0,1,2,0,0
tx_legit_010161,0,660.24,6.4941,921,2,0,4,2,0,0
tx_legit_010031,0,366.55,5.9069,703,2,0,1,2,0,0
tx_legit_013250,0,328.58,5.7978,264,2,0,1,1,0,0
tx_legit_012945,0,352.65,5.8683,153,1,0,1,1,0,0
tx_legit_007173,0,319.11,5.7687,761,1,0,1,1,0,0
tx_fraud_000848,1,2875.25,7.9642,450,1,0,1,17,0,0
tx_legit_008797,0,644.02,6.4693,974,1,0,1,9,0,0
tx_legit_000776,0,1306.4,7.1758,945,1,0,1,2,0,0
tx_legit_002313,0,721.94,6.5833,101,1,0,6,2,0,0
tx_legit_012913,0,1084.39,6.9897,992,1,0,1,4,0,0
tx_legit_000763,0,499.23,6.2151,907,1,0,1,21,0,0
tx_legit_011029,0,274.03,5.6169,374,2,0,1,3,0,0
tx_legit_002356,0,393.77,5.9783,648,2,0,1,4,0,0
tx_legit_009046,0,106.19,4.6746,713,2,0,2,22,0,0
tx_legit_009462,0,429.38,6.0647,406,1,0,1,2,0,0
tx_legit_002794,0,177.84,5.1865,768,1,0,1,1,0,0
tx_legit_001624,0,292.51,5.6819,451,1,0,1,1,0,0
tx_legit_010932,0,429.7,6.0654,493,2,0,1,1,0,0
tx_legit_002720,0,394.51,5.9802,779,1,0,1,1,0,0
tx_legit_005478,0,1507.76,7.319,605,2,0,3,1,0,0
tx_legit_006493,0,217.58,5.3872,273,2,0,2,1,0,0
tx_legit_002717,0,1057.51,6.9646,779,2,0,3,3,0,0
tx_legit_003064,0,895.49,6.7985,444,2,0,5,2,0,0
tx_legit_010830,0,323.05,5.7809,595,2,0,1,2,0,0
tx_legit_008495,0,569.15,6.3459,553,1,0,1,2,0,0
tx_legit_002468,0,282.61,5.6476,944,2,0,1,2,0,0
tx_legit_008066,0,1064.94,6.9716,992,1,0,2,1,0,0
tx_legit_001092,0,890.4,6.7928,632,1,0,2,12,0,0
tx_legit_010807,0,501.93,6.2205,283,1,0,2,2,0,0
tx_legit_002795,0,316.14,5.7593,741,2,1,1,1,0,0
tx_legit_012900,0,467.72,6.15,133,4,0,3,1,0,0
tx_legit_000830,0,899.46,6.8029,189,1,0,1,2,0,0
tx_legit_002730,0,169.5,5.1387,702,1,0,1,1,0,0
tx_legit_007596,0,359.68,5.888,580,2,0,1,1,0,0
tx_legit_001023,0,400.14,5.9943,710,1,0,1,1,0,0
tx_legit_010642,0,143.3,4.9719,158,1,0,1,4,0,0
tx_legit_013116,0,349.02,5.858,215,1,0,2,1,0,0
tx_legit_006479,0,984.09,6.8927,217,1,0,2,1,0,0
tx_legit_000225,0,272.0,5.6095,253,1,0,1,1,0,0
tx_legit_005226,0,311.47,5.7445,354,3,1,1,2,0,0
tx_legit_001262,0,132.73,4.8958,158,2,0,1,2,0,0
tx_legit_008148,0,1159.28,7.0564,949,2,2,1,1,0,0
tx_legit_011258,0,685.15,6.5311,57,3,0,1,1,0,0
tx_legit_009363,0,843.97,6.7393,842,1,0,1,2,0,0
tx_fraud_000642,1,58329.18,10.9739,1,12,4,18,19,1,1
tx_legit_011955,0,490.08,6.1966,690,1,0,1,8,0,0
tx_legit_004302,0,872.56,6.7726,702,1,0,1,1,0,0
tx_legit_008399,0,377.03,5.935,818,1,1,6,1,0,0
tx_fraud_000313,1,20018.78,9.9045,2,5,3,2,6,1,1
tx_legit_006754,0,165.85,5.1171,150,1,0,1,22,0,0
tx_legit_004572,0,458.43,6.13,806,2,0,5,1,0,0
tx_legit_004098,0,599.59,6.3979,968,1,0,1,2,0,0
tx_fraud_000674,1,901.68,6.8054,62,1,0,24,11,0,0
tx_legit_001437,0,554.63,6.3201,267,1,0,1,1,0,0
tx_legit_007686,0,313.51,5.751,526,2,0,1,1,0,0
tx_legit_008025,0,1240.93,7.1244,864,1,0,1,2,0,0
tx_legit_005072,0,3186.82,8.0671,913,1,0,1,1,0,0
tx_legit_003976,0,539.19,6.2919,84,1,0,3,3,0,0
tx_legit_003439,0,211.12,5.3572,347,4,0,1,3,0,0
tx_legit_008497,0,657.88,6.4905,586,1,0,1,16,0,0
tx_legit_006232,0,358.2,5.8839,512,1,0,1,1,0,0
tx_legit_000307,0,734.47,6.6005,980,1,0,1,2,0,0
tx_legit_002526,0,671.27,6.5107,402,1,0,2,2,0,0
tx_legit_009628,0,511.38,6.2391,476,4,0,3,3,0,0
tx_legit_011120,0,268.38,5.5961,688,1,1,1,8,0,0
tx_legit_001515,0,753.79,6.6264,58,1,0,1,2,0,0
tx_legit_006091,0,1077.04,6.9829,205,1,0,2,11,0,0
tx_legit_003594,0,324.18,5.7844,501,3,0,1,15,0,0
tx_legit_004299,0,800.71,6.6867,910,1,0,1,2,0,0
tx_legit_005633,0,431.53,6.0697,322,2,0,6,3,0,0
tx_legit_001376,0,331.05,5.8053,457,2,0,1,1,0,0
tx_legit_009028,0,867.69,6.767,365,1,0,1,1,0,0
tx_legit_000289,0,333.34,5.8122,616,1,0,1,1,0,0
tx_legit_007026,0,338.06,5.8262,225,3,0,2,1,0,0
tx_legit_012949,0,383.22,5.9512,676,2,0,1,1,0,0
tx_legit_003838,0,251.25,5.5304,715,1,0,2,15,0,0
tx_legit_012402,0,1316.44,7.1834,977,1,2,1,19,0,0
tx_legit_002068,0,1072.93,6.9791,375,2,1,6,2,0,0
tx_fraud_000217,1,6522.63,8.7832,30,14,3,2,18,0,1
tx_legit_006502,0,807.87,6.6956,977,1,0,1,3,0,0
tx_legit_010001,0,2380.41,7.7754,685,1,0,4,1,0,0
tx_legit_001422,0,272.49,5.6113,804,1,0,2,18,0,0
tx_legit_012169,0,344.6,5.8453,690,1,0,2,2,0,0
tx_legit_003212,0,170.83,5.1465,96,1,0,1,1,0,0
tx_legit_009207,0,758.37,6.6325,907,2,0,1,1,0,0
tx_legit_000150,0,728.48,6.5923,784,1,0,1,21,0,0
tx_legit_013631,0,177.86,5.1866,846,1,0,2,13,0,0
tx_legit_010162,0,558.34,6.3268,773,2,0,1,19,0,0
tx_legit_011161,0,513.96,6.2441,989,1,0,1,4,0,0
tx_legit_003375,0,1612.24,7.386,412,3,0,1,19,0,0
tx_legit_003405,0,1139.34,7.0391,89,1,0,1,3,0,0
tx_legit_012658,0,264.49,5.5816,583,1,0,2,1,0,0
tx_legit_003878,0,251.32,5.5307,684,1,0,1,3,0,0
tx_legit_008157,0,1241.55,7.1249,620,2,0,3,2,0,0
tx_legit_000010,0,874.35,6.7746,628,3,1,1,12,0,0
tx_legit_007471,0,1040.49,6.9484,650,1,0,1,1,0,0
tx_legit_008391,0,583.23,6.3703,700,2,0,1,2,0,0
tx_legit_006117,0,1933.63,7.5677,936,1,0,1,1,0,0
tx_legit_002609,0,914.94,6.82,635,2,0,1,5,0,0
tx_legit_005311,0,394.37,5.9798,534,1,0,3,1,0,0
tx_legit_005262,0,3332.23,8.1117,590,1,1,1,1,0,0
tx_legit_007509,0,408.79,6.0156,632,1,0,1,1,0,0
tx_legit_011926,0,259.76,5.5636,415,1,0,1,2,0,0
tx_legit_004225,0,570.14,6.3476,676,1,0,3,3,0,0
tx_fraud_000246,1,6183.54,8.7298,11,24,3,1,24,0,1
tx_legit_000233,0,306.21,5.7275,631,2,0,1,2,0,0
tx_legit_000445,0,680.84,6.5248,866,1,0,2,19,0,0
tx_legit_013158,0,294.71,5.6894,200,2,0,1,1,0,0
tx_legit_004598,0,528.39,6.2717,346,3,0,1,3,0,0
tx_legit_005752,0,660.75,6.4949,148,2,0,1,11,0,0
tx_legit_003586,0,504.09,6.2247,816,2,1,2,16,0,0
tx_legit_007938,0,269.71,5.601,727,4,1,1,1,0,0
tx_legit_002610,0,511.07,6.2385,988,1,0,2,1,0,0
tx_legit_013696,0,503.24,6.2231,110,1,0,1,4,0,0
tx_legit_000853,0,570.21,6.3478,412,1,0,1,1,0,0
tx_fraud_000295,1,21006.3,9.9526,3,4,1,5,3,1,0
tx_fraud_000222,1,2766.32,7.9256,15,19,3,2,35,0,1
tx_legit_012376,0,878.57,6.7794,399,1,0,1,5,0,0
tx_fraud_000958,1,5058.24,8.529,176,2,1,15,9,0,0
tx_legit_011436,0,667.59,6.5052,491,2,0,1,1,0,0
tx_legit_011336,0,645.46,6.4715,787,2,0,1,2,0,0
tx_legit_008574,0,574.14,6.3546,192,1,0,1,1,0,0
tx_legit_004101,0,567.52,6.343,378,2,0,1,1,0,0
tx_legit_006135,0,212.6,5.3641,989,1,0,1,1,0,0
tx_legit_005040,0,668.63,6.5067,56,1,0,1,3,0,0
tx_fraud_000792,1,1775.57,7.4824,146,1,0,30,20,0,0
tx_legit_002034,0,711.48,6.5688,842,1,0,1,2,0,0
tx_legit_001123,0,1091.26,6.996,391,2,0,2,2,0,0
tx_legit_007223,0,188.8,5.246,635,1,0,5,2,0,0
tx_legit_008337,0,566.75,6.3417,909,1,0,2,13,0,0
tx_legit_012048,0,687.35,6.5343,130,1,0,1,2,0,0
tx_legit_008774,0,1144.07,7.0432,894,1,0,3,1,0,0
tx_legit_013192,0,770.42,6.6482,327,1,0,1,4,0,0
tx_legit_000113,0,443.59,6.0972,716,1,0,3,1,0,0
tx_legit_002836,0,554.96,6.3207,459,1,0,2,21,0,0
tx_legit_011135,0,1198.42,7.0896,845,1,0,1,2,0,0
tx_fraud_001049,1,3989.4,8.2916,86,2,1,7,8,0,0
tx_legit_009132,0,538.09,6.2899,677,2,0,3,3,0,0
tx_legit_005852,0,489.15,6.1947,750,1,0,1,1,0,0
tx_legit_000973,0,1068.99,6.9754,118,1,0,6,1,0,0
tx_legit_007066,0,538.94,6.2915,615,1,0,1,1,0,0
tx_legit_012142,0,1028.44,6.9368,488,2,0,1,1,0,0
tx_legit_004442,0,422.53,6.0486,692,1,0,1,1,0,0
tx_legit_006762,0,363.8,5.8993,823,2,0,5,2,0,0
tx_legit_002607,0,963.12,6.8712,266,1,0,1,1,0,0
tx_legit_001427,0,88.96,4.4994,856,1,0,1,1,0,0
tx_legit_002406,0,1063.86,6.9706,966,1,2,1,1,0,0
tx_fraud_000935,1,6391.14,8.7628,164,2,1,11,6,0,0
tx_legit_011109,0,272.5,5.6113,399,1,0,1,1,0,0
tx_legit_006663,0,155.22,5.0513,222,1,0,2,19,0,0
tx_legit_007903,0,530.8,6.2763,877,1,0,1,1,0,0
tx_legit_013688,0,221.1,5.4031,891,1,1,2,17,0,0
tx_legit_006464,0,142.01,4.9629,353,1,0,3,3,0,0
tx_legit_000687,0,241.94,5.4928,487,1,0,1,4,0,0
tx_fraud_001177,1,7426.74,8.913,856,2,0,20,17,0,0
tx_legit_011367,0,1716.3,7.4485,241,1,0,1,1,0,0
tx_legit_011101,0,108.69,4.6977,639,1,0,2,1,0,0
tx_legit_011442,0,418.19,6.0383,113,1,0,1,1,0,0
tx_legit_005423,0,452.47,6.1169,217,1,0,6,1,0,0
tx_legit_000019,0,313.12,5.7498,796,1,0,2,11,0,0
tx_legit_001917,0,1648.64,7.4083,140,1,0,1,1,0,0
tx_legit_004676,0,354.79,5.8743,774,2,0,1,1,0,0
tx_legit_006631,0,316.58,5.7607,864,3,0,1,1,0,0
tx_legit_005586,0,446.22,6.1031,850,1,0,1,16,0,0
tx_legit_013394,0,1314.26,7.1818,133,1,0,1,1,0,0
tx_legit_013066,0,241.28,5.4901,323,1,0,1,12,0,0
tx_legit_002479,0,406.96,6.0112,340,1,0,1,2,0,0
tx_legit_008015,0,1150.98,7.0492,96,1,0,1,2,0,0
tx_legit_009470,0,1040.5,6.9484,761,1,0,1,1,0,0
tx_legit_002543,0,350.08,5.861,855,2,0,1,1,0,0
tx_legit_011016,0,865.39,6.7643,443,1,0,1,11,0,0
tx_legit_008916,0,493.52,6.2036,80,2,2,1,1,0,0
tx_legit_002322,0,290.61,5.6754,653,1,0,2,1,0,0
tx_legit_003237,0,382.06,5.9482,194,1,0,1,1,0,0
tx_legit_000499,0,258.29,5.5579,209,1,0,1,1,0,0
tx_legit_012303,0,1293.82,7.1661,38,1,0,1,1,0,0
tx_legit_008521,0,846.98,6.7429,677,1,0,1,1,0,0
tx_legit_004303,0,202.47,5.3155,70,1,0,1,22,0,0
tx_legit_004522,0,263.43,5.5776,823,1,0,2,21,0,0
tx_legit_003592,0,1697.46,7.4375,342,2,0,1,1,0,0
tx_legit_004222,0,542.98,6.2989,567,1,0,2,2,0,0
tx_legit_007729,0,439.38,6.0876,892,1,0,1,13,0,0
tx_legit_008684,0,337.14,5.8235,414,1,0,1,3,0,0
tx_legit_001321,0,1406.21,7.2494,800,2,0,1,1,0,0
tx_legit_010096,0,293.91,5.6867,276,3,0,3,2,0,0
tx_legit_010020,0,875.84,6.7763,768,1,0,1,1,0,0
tx_legit_002269,0,266.33,5.5885,596,1,1,1,1,0,0
tx_legit_002903,0,1089.56,6.9944,150,1,0,1,1,0,0
tx_legit_007866,0,349.46,5.8592,152,2,0,1,10,0,0
tx_legit_009054,0,534.0,6.2823,521,2,0,1,2,0,0
tx_legit_001159,0,329.79,5.8015,630,1,0,1,12,0,0
tx_fraud_000280,1,9352.29,9.1435,0,7,1,3,3,1,1
tx_legit_001938,0,818.38,6.7085,436,1,0,1,1,0,0
tx_legit_012305,0,320.55,5.7732,22,2,0,1,14,0,0
tx_legit_001540,0,532.33,6.2791,857,1,0,2,18,0,0
tx_legit_001118,0,1165.79,7.062,307,1,0,1,16,0,0
tx_legit_008906,0,995.73,6.9045,21,1,0,1,1,0,0
tx_legit_008348,0,787.05,6.6696,462,1,0,1,15,0,0
tx_legit_007902,0,298.72,5.7028,209,1,0,2,8,0,0
tx_legit_010584,0,759.8,6.6344,238,2,0,1,3,0,0
tx_legit_009158,0,640.54,6.4639,138,1,0,1,1,0,0
tx_fraud_000570,1,25936.15,10.1634,3,13,6,20,20,1,1
tx_legit_003424,0,898.38,6.8017,676,1,1,2,17,0,0
tx_legit_010386,0,147.71,5.002,548,1,0,1,3,0,0
tx_legit_008842,0,2490.29,7.8206,818,1,0,4,3,0,0
tx_legit_001232,0,365.78,5.9048,419,2,0,1,1,0,0
tx_legit_009504,0,614.86,6.423,437,1,0,1,2,0,0
tx_legit_010325,0,1174.37,7.0693,355,1,0,3,2,0,0
tx_legit_008484,0,414.65,6.0298,785,2,0,1,1,0,0
tx_legit_000292,0,648.82,6.4767,827,1,0,1,2,0,0
tx_legit_010446,0,989.65,6.8984,69,1,0,2,2,0,0
tx_legit_009654,0,682.14,6.5267,157,1,0,3,3,0,0
tx_legit_000603,0,314.29,5.7535,323,2,0,1,18,0,0
tx_legit_010148,0,390.48,5.9699,502,1,0,1,1,0,0
tx_legit_009695,0,509.53,6.2354,491,1,0,1,5,0,0
tx_legit_004182,0,364.2,5.9004,152,1,0,6,1,0,0
tx_legit_005928,0,777.8,6.6578,989,1,0,3,2,0,0
tx_legit_003730,0,530.92,6.2765,310,2,1,1,1,0,0
tx_legit_011162,0,406.15,6.0092,867,3,0,2,2,0,0
tx_legit_001561,0,984.26,6.8929,687,1,0,1,1,0,0
tx_legit_000528,0,403.85,6.0035,877,1,0,1,3,0,0
tx_legit_010656,0,254.78,5.5443,476,1,0,1,20,0,0
tx_legit_008461,0,371.82,5.9211,653,1,0,1,2,0,0
tx_legit_001203,0,350.2,5.8614,825,1,0,1,1,0,0
tx_legit_003362,0,88.81,4.4977,768,2,0,1,1,0,0
tx_legit_012226,0,278.39,5.6326,901,1,0,1,2,0,0
tx_fraud_000853,1,3099.71,8.0394,432,1,0,1,19,0,0
tx_legit_005903,0,150.85,5.0229,971,1,0,1,2,0,0
tx_legit_005730,0,414.27,6.0289,234,2,1,1,4,0,0
tx_legit_010275,0,931.52,6.8379,35,1,0,3,1,0,0
tx_legit_006575,0,314.15,5.753,973,1,0,1,3,0,0
tx_fraud_000508,1,64841.35,11.0797,2,9,7,1,1,1,1
tx_legit_004361,0,520.01,6.2558,47,1,1,1,1,0,0
tx_legit_013694,0,584.65,6.3727,472,1,0,1,12,0,0
tx_legit_002890,0,693.73,6.5435,369,1,0,1,2,0,0
tx_legit_002076,0,138.92,4.9411,510,1,0,1,4,0,0
tx_legit_000981,0,392.1,5.9741,963,1,0,1,1,0,0
tx_legit_000395,0,740.12,6.6082,327,1,0,2,22,0,0
tx_legit_010567,0,139.59,4.9458,777,1,0,5,2,0,0
tx_legit_001680,0,1111.25,7.0141,674,1,0,3,3,0,0
tx_legit_010198,0,845.59,6.7412,35,1,0,2,14,0,0
tx_legit_008517,0,324.48,5.7853,174,1,0,2,1,0,0
tx_fraud_000247,1,13512.57,9.5114,17,9,2,2,18,0,1
tx_legit_011017,0,257.75,5.5559,874,1,0,1,1,0,0
tx_legit_008885,0,385.63,5.9575,586,1,0,1,10,0,0
tx_legit_005851,0,564.99,6.3386,349,1,0,2,1,0,0
tx_legit_007027,0,518.47,6.2528,477,2,0,1,2,0,0
tx_legit_009932,0,2128.48,7.6636,945,1,0,1,1,0,0
tx_legit_002392,0,743.5,6.6127,158,2,0,1,2,0,0
tx_legit_012213,0,922.41,6.8281,166,2,0,1,2,0,0
tx_fraud_000767,1,1268.52,7.1464,271,1,0,29,13,0,0
tx_legit_003853,0,1026.54,6.9349,859,1,0,1,2,0,0
tx_legit_002252,0,554.06,6.3191,743,1,0,1,20,0,0
tx_legit_007516,0,1541.13,7.3409,360,1,1,1,1,0,0
tx_legit_013336,0,276.19,5.6247,561,1,0,3,1,0,0
tx_legit_000993,0,549.45,6.3107,723,1,0,1,1,0,0
tx_legit_008554,0,129.05,4.8679,206,1,0,1,1,0,0
tx_legit_013733,0,293.13,5.684,292,1,1,1,9,0,0
tx_legit_006638,0,736.25,6.6029,673,1,0,1,1,0,0
tx_legit_000344,0,423.56,6.0511,291,1,0,2,20,0,0
tx_legit_006339,0,1033.1,6.9413,685,1,0,1,1,0,0
tx_legit_007476,0,718.7,6.5788,970,1,0,1,1,0,0
tx_legit_001025,0,163.94,5.1056,215,2,0,1,1,0,0
tx_legit_003562,0,589.33,6.3807,768,3,0,1,3,0,0
tx_legit_010353,0,268.33,5.5959,542,1,0,4,2,0,0
tx_fraud_001107,1,7153.12,8.8754,821,2,0,16,17,0,0
tx_legit_000084,0,1015.8,6.9244,993,1,0,1,1,0,0
tx_legit_012202,0,288.58,5.6684,57,1,0,2,13,0,0
tx_legit_012503,0,1811.05,7.5022,839,1,2,1,1,0,0
tx_legit_011468,0,163.87,5.1052,87,2,0,1,1,0,0
tx_legit_008074,0,221.63,5.4055,874,2,0,1,1,0,0
tx_legit_003078,0,692.29,6.5414,475,1,0,2,1,0,0
tx_legit_005239,0,225.17,5.4213,204,1,0,1,1,0,0
tx_fraud_001053,1,5423.78,8.5987,141,2,1,13,7,0,0
tx_legit_006089,0,345.89,5.849,743,1,0,1,1,0,0
tx_legit_012046,0,371.82,5.9211,676,1,0,1,17,0,0
tx_legit_001290,0,640.77,6.4642,745,1,0,1,1,0,0
tx_legit_010500,0,911.57,6.8163,418,1,0,1,1,0,0
tx_fraud_000344,1,19006.9,9.8526,4,8,0,3,5,1,1
tx_legit_012144,0,602.53,6.4028,104,2,0,5,2,0,0
tx_legit_001554,0,454.69,6.1218,807,1,0,1,15,0,0
tx_fraud_000959,1,6406.67,8.7653,47,2,1,8,10,0,0
tx_legit_010069,0,843.26,6.7385,22,1,0,2,16,0,0
tx_legit_007852,0,311.2,5.7436,244,2,0,4,2,0,0
tx_legit_005778,0,2456.56,7.8069,179,1,0,1,4,0,0
tx_legit_011125,0,515.09,6.2463,676,1,0,1,1,0,0
tx_legit_009902,0,1263.02,7.1421,728,1,0,1,2,0,0
tx_legit_007629,0,283.95,5.6523,144,1,1,1,2,0,0
tx_legit_011613,0,816.7,6.7065,495,1,0,2,13,0,0
tx_legit_004778,0,508.64,6.2337,949,1,0,1,4,0,0
tx_legit_013318,0,171.55,5.1507,206,1,0,3,2,0,0
tx_legit_011133,0,364.74,5.9019,469,1,0,1,1,0,0
tx_legit_010442,0,1214.74,7.1031,779,1,0,1,1,0,0
tx_legit_012797,0,179.51,5.1958,290,1,1,1,1,0,0
tx_legit_007587,0,624.38,6.4384,988,1,0,1,1,0,0
tx_legit_007454,0,587.12,6.3769,830,1,0,1,1,0,0
tx_legit_008090,0,623.48,6.4369,735,1,0,2,2,0,0
tx_legit_009141,0,366.8,5.9075,768,1,0,6,1,0,0
tx_legit_005979,0,728.37,6.5922,261,1,0,1,1,0,0
tx_legit_013560,0,1103.95,7.0076,312,1,0,2,2,0,0
tx_legit_009077,0,160.91,5.087,619,1,0,1,2,0,0
tx_legit_005846,0,938.28,6.8451,289,1,0,2,14,0,0
tx_legit_008140,0,785.42,6.6675,550,3,0,2,22,0,0
tx_legit_004491,0,704.84,6.5594,398,2,0,2,19,0,0
tx_legit_007744,0,1209.66,7.0989,78,2,0,1,3,0,0
tx_legit_013686,0,527.53,6.2701,640,1,0,2,22,0,0
tx_legit_007123,0,1112.79,7.0155,661,1,0,1,1,0,0
tx_legit_008698,0,2039.95,7.6212,203,1,0,2,1,0,0
tx_legit_013252,0,577.82,6.361,123,1,0,1,9,0,0
tx_legit_006641,0,246.58,5.5117,324,3,0,1,2,0,0
tx_legit_001038,0,408.36,6.0146,193,1,1,1,4,0,0
tx_legit_008890,0,1227.26,7.1134,640,1,0,2,11,0,0
tx_legit_005222,0,651.14,6.4803,441,1,1,1,1,0,0
tx_legit_013109,0,342.7,5.8398,167,1,0,1,1,0,0
tx_legit_012781,0,365.83,5.9049,330,1,0,1,1,0,0
tx_legit_005939,0,1046.96,6.9546,254,2,0,1,3,0,0
tx_legit_009567,0,283.83,5.6519,852,1,0,1,1,0,0
tx_legit_012061,0,294.98,5.6903,659,2,0,1,1,0,0
tx_legit_005345,0,328.4,5.7973,605,3,0,1,1,0,0
tx_legit_013550,0,323.84,5.7833,699,2,0,3,1,0,0
tx_legit_007877,0,560.07,6.3298,71,1,0,1,2,0,0
tx_legit_003781,0,290.96,5.6766,506,1,0,1,2,0,0
tx_legit_006153,0,304.19,5.7209,536,1,0,2,2,0,0
tx_legit_010149,0,599.5,6.3978,778,1,0,1,1,0,0
tx_legit_001122,0,548.88,6.3097,226,2,0,1,20,0,0
tx_legit_003549,0,281.83,5.6448,323,1,0,1,1,0,0
tx_legit_008483,0,843.61,6.7389,381,2,1,1,2,0,0
tx_legit_013352,0,258.13,5.5573,234,1,0,1,14,0,0
tx_legit_001785,0,876.55,6.7771,450,1,0,1,1,0,0
tx_legit_010996,0,345.15,5.8469,135,1,0,1,1,0,0
tx_legit_004661,0,266.11,5.5877,901,2,0,1,1,0,0
tx_legit_000876,0,807.2,6.6948,345,2,0,1,1,0,0
tx_legit_008133,0,514.38,6.2449,491,1,0,1,1,0,0
tx_legit_003772,0,257.12,5.5534,419,1,0,1,1,0,0
tx_legit_007489,0,243.39,5.4988,378,1,0,1,4,0,0
tx_fraud_000683,1,2043.99,7.6231,68,1,0,18,9,0,0
tx_fraud_000182,1,4069.04,8.3114,15,11,5,4,24,0,1
tx_legit_002864,0,146.84,4.9961,976,1,0,1,1,0,0
tx_legit_000952,0,283.72,5.6515,818,1,0,1,1,0,0
tx_legit_002006,0,730.72,6.5954,592,3,0,1,1,0,0
tx_legit_003366,0,2415.16,7.7899,125,1,0,1,1,0,0
tx_legit_000164,0,906.38,6.8106,425,2,0,5,1,0,0
tx_legit_005368,0,259.69,5.5633,768,2,0,1,2,0,0
tx_legit_008788,0,278.86,5.6343,509,4,0,1,4,0,0
tx_legit_001413,0,473.64,6.1626,560,1,0,1,1,0,0
tx_legit_010507,0,252.17,5.5341,913,1,0,1,2,0,0
tx_legit_012049,0,348.43,5.8563,89,1,0,5,2,0,0
tx_legit_004248,0,760.25,6.635,944,1,0,1,1,0,0
tx_fraud_000819,1,3078.92,8.0327,335,1,0,1,12,0,0
tx_legit_009292,0,124.87,4.8352,418,2,0,1,1,0,0
tx_fraud_001143,1,8386.64,9.0345,469,2,0,20,11,0,0
tx_legit_007020,0,205.04,5.3281,674,2,0,1,1,0,0
tx_legit_003369,0,321.42,5.7759,378,1,1,1,1,0,0
tx_legit_008729,0,773.62,6.6524,659,1,0,1,4,0,0
tx_legit_006508,0,568.12,6.3441,500,4,0,1,1,0,0
tx_legit_003748,0,432.35,6.0715,845,2,0,1,2,0,0
tx_legit_012182,0,324.94,5.7867,645,1,0,1,2,0,0
tx_legit_004883,0,221.93,5.4069,591,1,0,1,1,0,0
tx_legit_008229,0,277.82,5.6306,614,1,0,3,2,0,0
tx_legit_005569,0,947.71,6.8551,371,1,0,1,2,0,0
tx_legit_007888,0,147.23,4.9988,408,1,0,1,1,0,0
tx_legit_001233,0,515.42,6.2469,221,3,1,2,13,0,0
tx_legit_006594,0,442.77,6.0953,625,4,0,1,3,0,0
tx_legit_005557,0,486.36,6.189,757,1,0,1,1,0,0
tx_legit_000855,0,293.74,5.6861,56,2,0,1,17,0,0
tx_legit_013288,0,461.69,6.1371,650,1,0,1,20,0,0
tx_fraud_000554,1,28965.65,10.2739,4,14,5,24,20,1,1
tx_legit_007819,0,298.12,5.7008,674,1,0,1,1,0,0
tx_legit_007755,0,301.65,5.7126,864,2,0,6,3,0,0
tx_legit_002728,0,321.68,5.7767,799,1,0,1,2,0,0
tx_legit_004609,0,950.84,6.8584,754,1,0,2,16,0,0
tx_legit_010732,0,891.13,6.7936,382,2,0,1,1,0,0
tx_legit_010218,0,169.56,5.1391,112,1,0,2,16,0,0
tx_legit_004742,0,823.69,6.715,576,4,0,2,11,0,0
tx_fraud_000781,1,1337.11,7.199,230,1,0,20,15,0,0
tx_legit_012761,0,2488.63,7.8199,399,1,0,1,2,0,0
tx_legit_006984,0,663.96,6.4997,130,1,0,1,1,0,0
tx_legit_010878,0,339.62,5.8308,265,1,0,1,1,0,0
tx_legit_009674,0,386.27,5.9591,426,1,0,2,13,0,0
tx_legit_011098,0,860.66,6.7589,462,2,1,6,3,0,0
tx_legit_002214,0,283.52,5.6508,228,1,0,1,1,0,0
tx_legit_007566,0,1984.07,7.5934,115,1,0,1,4,0,0
tx_legit_000711,0,164.97,5.1118,657,1,1,1,2,0,0
tx_legit_006565,0,1095.47,6.9999,192,1,0,2,18,0,0
tx_legit_005183,0,1591.51,7.3731,625,1,0,1,4,0,0
tx_legit_003635,0,355.72,5.877,381,1,1,2,1,0,0
tx_legit_010313,0,585.59,6.3743,323,1,0,3,2,0,0
tx_legit_005431,0,472.44,6.16,92,1,0,2,1,0,0
tx_legit_011627,0,656.15,6.4879,436,2,0,1,21,0,0
tx_legit_010978,0,1569.58,7.3592,840,1,0,3,1,0,0
tx_legit_000898,0,347.16,5.8527,777,1,0,6,3,0,0
tx_legit_000435,0,523.6,6.2626,590,1,0,2,1,0,0
tx_legit_009621,0,490.26,6.197,787,1,0,5,3,0,0
tx_fraud_000147,1,11417.93,9.343,12,15,2,4,29,0,1
tx_legit_013028,0,912.03,6.8168,21,2,0,2,16,0,0
tx_legit_009173,0,478.39,6.1725,561,1,0,2,1,0,0
tx_legit_011809,0,615.44,6.424,76,3,0,1,1,0,0
tx_legit_007373,0,273.96,5.6166,362,1,0,1,2,0,0
tx_legit_013405,0,1569.12,7.3589,462,1,0,1,12,0,0
tx_legit_006231,0,895.01,6.798,973,1,0,2,10,0,0
tx_legit_000193,0,288.52,5.6682,713,1,0,1,2,0,0
tx_legit_012934,0,495.4,6.2074,35,1,0,3,1,0,0
tx_legit_009591,0,334.0,5.8141,538,2,0,1,1,0,0
tx_legit_003584,0,776.27,6.6558,327,1,0,1,1,0,0
tx_legit_000219,0,583.45,6.3707,785,1,0,1,1,0,0
tx_legit_009234,0,386.98,5.961,955,1,0,1,2,0,0
tx_legit_006277,0,587.48,6.3775,813,1,0,1,1,0,0
tx_legit_005799,0,214.74,5.3741,173,1,0,2,4,0,0
tx_legit_002839,0,1355.18,7.2124,789,1,0,1,3,0,0
tx_legit_002134,0,653.97,6.4846,239,1,1,2,10,0,0
tx_legit_013625,0,320.11,5.7718,880,1,0,1,1,0,0
tx_legit_010260,0,346.27,5.8501,272,1,0,1,1,0,0
tx_legit_001831,0,96.21,4.5769,290,4,0,1,1,0,0
tx_legit_004398,0,890.36,6.7927,200,1,0,1,2,0,0
tx_legit_002472,0,190.25,5.2536,278,1,2,6,1,0,0
tx_legit_012017,0,500.74,6.2181,533,2,0,2,20,0,0
tx_legit_013481,0,622.62,6.4355,925,1,0,1,1,0,0
tx_legit_011236,0,288.31,5.6675,561,1,0,1,3,0,0
tx_legit_013727,0,850.46,6.747,167,1,1,1,1,0,0
tx_legit_010188,0,681.64,6.526,616,1,1,1,11,0,0
tx_legit_001853,0,555.07,6.3209,123,1,0,6,3,0,0
tx_legit_010890,0,395.32,5.9822,936,1,0,1,1,0,0
tx_legit_012134,0,436.98,6.0822,295,2,0,1,13,0,0
tx_legit_002994,0,518.02,6.2519,442,1,0,1,2,0,0
tx_legit_006745,0,269.61,5.6007,306,2,1,1,1,0,0
tx_legit_010477,0,294.46,5.6885,801,1,0,4,1,0,0
tx_legit_002268,0,392.75,5.9757,205,1,0,1,2,0,0
tx_legit_004564,0,314.66,5.7547,69,1,0,1,1,0,0
tx_legit_006364,0,400.99,5.9964,321,1,0,4,3,0,0
tx_legit_011490,0,138.92,4.9411,234,2,2,1,2,0,0
tx_legit_006431,0,525.25,6.2658,542,2,0,1,1,0,0
tx_legit_009611,0,103.79,4.652,277,2,0,1,1,0,0
tx_legit_003929,0,673.93,6.5146,551,1,0,1,1,0,0
tx_legit_007808,0,583.91,6.3715,560,1,0,2,2,0,0
tx_legit_010938,0,727.76,6.5913,327,1,0,2,9,0,0
tx_legit_002812,0,3067.02,8.0288,764,1,0,1,1,0,0
tx_legit_003818,0,1830.27,7.5128,602,1,0,1,2,0,0
tx_legit_003319,0,615.78,6.4245,409,1,0,6,2,0,0
tx_legit_006011,0,674.28,6.5151,575,1,0,6,3,0,0
tx_legit_000578,0,657.92,6.4906,482,1,0,1,17,0,0
tx_legit_010873,0,960.05,6.868,629,1,0,1,1,0,0
tx_legit_012599,0,220.29,5.3995,876,1,0,2,9,0,0
tx_legit_010118,0,794.71,6.6792,113,1,0,2,4,0,0
tx_legit_008818,0,342.55,5.8393,646,1,0,1,11,0,0
tx_legit_012734,0,1576.13,7.3634,690,3,0,1,15,0,0
tx_legit_009594,0,750.67,6.6223,711,1,0,1,14,0,0
tx_fraud_000844,1,2775.35,7.9289,301,1,0,1,19,0,0
tx_legit_010037,0,148.25,5.0056,155,2,0,1,1,0,0
tx_fraud_000113,1,8772.48,9.0795,13,10,4,8,6,0,1
tx_legit_012791,0,427.57,6.0605,142,1,1,1,1,0,0
tx_legit_002063,0,247.41,5.5151,969,1,0,1,1,0,0
tx_legit_011597,0,1840.61,7.5184,858,1,0,1,1,0,0
tx_legit_006629,0,861.88,6.7603,455,1,0,1,1,0,0
tx_legit_012354,0,439.42,6.0877,397,1,0,1,3,0,0
tx_legit_012274,0,723.13,6.585,526,1,0,1,2,0,0
tx_legit_010225,0,250.84,5.5288,701,1,0,4,1,0,0
tx_legit_000794,0,1815.22,7.5045,631,1,0,1,1,0,0
tx_legit_007570,0,878.14,6.7789,685,1,0,6,3,0,0
tx_legit_000369,0,718.79,6.579,857,1,0,1,1,0,0
tx_legit_000455,0,447.47,6.1058,857,2,0,3,1,0,0
tx_legit_011142,0,930.36,6.8366,58,1,0,2,1,0,0
tx_legit_004006,0,1325.22,7.1901,763,2,0,1,2,0,0
tx_legit_013261,0,2768.22,7.9263,383,1,0,1,1,0,0
tx_legit_008314,0,414.46,6.0294,371,2,0,1,1,0,0
tx_legit_013337,0,411.23,6.0216,371,1,1,2,1,0,0
tx_legit_008187,0,704.93,6.5595,150,2,1,1,1,0,0
tx_legit_013145,0,199.01,5.2984,343,2,0,1,9,0,0
tx_legit_006952,0,528.34,6.2716,616,1,0,3,1,0,0
tx_legit_007813,0,508.63,6.2337,267,2,0,1,1,0,0
tx_fraud_001192,1,4409.12,8.3917,458,2,0,18,17,0,0
tx_legit_009844,0,400.7,5.9957,544,1,1,1,1,0,0
tx_legit_012272,0,1035.88,6.944,820,1,0,1,16,0,0
tx_legit_003588,0,316.54,5.7606,549,2,0,5,2,0,0
tx_legit_000800,0,203.4,5.3201,72,2,0,2,1,0,0
tx_legit_005283,0,1164.46,7.0609,408,1,0,1,1,0,0
tx_legit_002521,0,1130.31,7.0311,215,4,0,1,1,0,0
tx_legit_005757,0,401.9,5.9987,496,1,0,1,1,0,0
tx_legit_008672,0,572.96,6.3526,512,1,0,2,20,0,0
tx_legit_009892,0,630.18,6.4476,614,1,1,2,20,0,0
tx_legit_005940,0,239.57,5.483,326,1,0,1,2,0,0
tx_legit_007322,0,649.16,6.4772,947,1,0,2,1,0,0
tx_legit_004017,0,328.96,5.799,665,1,0,1,1,0,0
tx_legit_007144,0,676.15,6.5179,214,1,0,6,2,0,0
tx_legit_003663,0,389.99,5.9687,641,2,0,5,1,0,0
tx_legit_009331,0,557.35,6.325,130,1,1,1,1,0,0
tx_legit_009433,0,328.48,5.7975,34,1,0,2,1,0,0
tx_legit_007973,0,1321.55,7.1873,280,1,0,6,3,0,0
tx_legit_010172,0,187.02,5.2365,261,1,0,2,1,0,0
tx_legit_002442,0,650.35,6.479,86,2,0,1,2,0,0
tx_legit_001091,0,684.72,6.5305,639,1,0,1,3,0,0
tx_fraud_001130,1,2832.87,7.9494,584,2,0,20,9,0,0
tx_legit_006930,0,1319.66,7.1859,915,1,0,1,13,0,0
tx_legit_011855,0,112.41,4.731,495,1,0,1,1,0,0
tx_fraud_000950,1,5546.5,8.6211,45,2,1,11,12,0,0
tx_legit_008507,0,307.14,5.7306,768,1,0,1,1,0,0
tx_legit_010362,0,905.81,6.8099,387,1,0,1,8,0,0
tx_legit_013667,0,427.37,6.06,212,1,0,1,1,0,0
tx_legit_009353,0,359.27,5.8869,284,1,0,2,4,0,0
tx_legit_000647,0,1288.3,7.1619,440,1,1,1,14,0,0
tx_legit_001789,0,844.76,6.7402,768,1,0,4,3,0,0
tx_legit_009714,0,1438.52,7.2721,477,1,0,1,4,0,0
tx_legit_006728,0,549.83,6.3114,23,1,0,1,13,0,0
tx_legit_005904,0,585.46,6.3741,655,2,0,1,2,0,0
tx_fraud_000758,1,1696.34,7.4368,164,1,0,26,12,0,0
tx_legit_006579,0,948.07,6.8555,86,2,0,1,2,0,0
tx_legit_000634,0,1111.79,7.0146,74,3,0,2,2,0,0
tx_legit_009311,0,1143.5,7.0427,375,1,0,2,10,0,0
tx_legit_006257,0,271.68,5.6083,804,1,0,1,1,0,0
tx_legit_004969,0,222.01,5.4072,131,2,1,3,2,0,0
tx_legit_000658,0,369.51,5.9149,741,2,0,1,14,0,0
tx_legit_010900,0,717.63,6.5773,483,1,0,1,1,0,0
tx_legit_003308,0,137.21,4.9288,454,1,0,6,1,0,0
tx_legit_001044,0,198.32,5.2949,720,1,2,3,2,0,0
tx_fraud_000662,1,55440.63,10.9231,1,28,8,19,18,1,1
tx_legit_013122,0,594.7,6.3897,374,1,0,1,1,0,0
tx_legit_004438,0,1827.8,7.5114,925,1,0,1,2,0,0
tx_legit_013284,0,257.6,5.5553,561,1,0,2,1,0,0
tx_legit_011778,0,955.46,6.8632,230,3,0,2,2,0,0
tx_legit_001803,0,753.91,6.6266,568,1,0,6,3,0,0
tx_legit_005550,0,352.14,5.8669,215,2,1,1,1,0,0
tx_legit_004869,0,395.78,5.9834,831,1,0,1,2,0,0
tx_legit_002228,0,623.56,6.437,135,1,1,3,2,0,0
tx_legit_003685,0,480.27,6.1764,265,1,1,1,1,0,0
tx_fraud_000161,1,3402.48,8.1326,27,14,7,2,31,0,1
tx_legit_005190,0,1118.68,7.0208,759,1,0,3,2,0,0
tx_legit_005907,0,196.37,5.2851,993,2,0,1,1,0,0
tx_legit_004654,0,637.74,6.4595,35,1,0,1,1,0,0
tx_legit_008318,0,671.7,6.5113,922,1,0,1,1,0,0
tx_legit_007225,0,513.91,6.244,116,1,0,1,1,0,0
tx_legit_001888,0,535.44,6.285,193,1,0,1,1,0,0
tx_legit_012283,0,698.15,6.5499,222,1,0,6,1,0,0
tx_legit_007536,0,689.39,6.5373,387,1,0,1,2,0,0
tx_legit_005424,0,968.95,6.8772,991,2,0,1,1,0,0
tx_legit_013004,0,556.77,6.3239,644,1,0,1,1,0,0
tx_legit_008288,0,491.41,6.1993,800,2,0,1,2,0,0
tx_legit_007978,0,1389.11,7.2371,20,1,0,3,1,0,0
tx_legit_005844,0,329.41,5.8003,568,1,0,1,1,0,0
tx_legit_009562,0,491.84,6.2002,716,1,0,1,2,0,0
tx_legit_008566,0,367.7,5.91,142,1,0,1,8,0,0
tx_legit_004217,0,420.78,6.0445,536,1,0,2,9,0,0
tx_legit_008305,0,381.17,5.9459,95,2,0,2,15,0,0
tx_legit_005965,0,321.11,5.7749,760,1,0,1,1,0,0
tx_legit_000673,0,641.26,6.465,768,2,0,1,1,0,0
tx_legit_008194,0,540.14,6.2937,522,1,0,2,9,0,0
tx_legit_005981,0,1246.25,7.1287,871,1,0,1,1,0,0
tx_legit_006647,0,168.58,5.1333,656,1,0,1,4,0,0
tx_legit_008720,0,770.43,6.6482,155,1,0,1,1,0,0
tx_legit_000638,0,643.47,6.4684,71,1,0,2,14,0,0
tx_legit_000022,0,313.67,5.7515,223,1,0,1,2,0,0
tx_legit_003314,0,340.95,5.8347,118,1,0,1,1,0,0
tx_legit_001187,0,478.07,6.1718,28,1,0,1,3,0,0
tx_legit_008936,0,572.82,6.3523,354,2,1,1,1,0,0
tx_legit_004942,0,311.01,5.743,47,1,0,2,3,0,0
tx_fraud_000356,1,14445.03,9.5782,2,5,2,5,4,1,1
tx_legit_013211,0,893.7,6.7965,61,1,0,1,19,0,0
tx_legit_003172,0,439.16,6.0871,194,1,0,2,21,0,0
tx_legit_005966,0,136.4,4.9229,212,1,0,1,2,0,0
tx_legit_000998,0,1685.8,7.4306,920,1,0,1,1,0,0
tx_legit_001398,0,476.86,6.1693,194,1,0,1,3,0,0
tx_legit_012062,0,559.37,6.3286,68,1,0,1,1,0,0
tx_legit_010801,0,337.27,5.8238,702,1,0,4,2,0,0
tx_legit_010460,0,445.64,6.1018,470,1,1,1,1,0,0
tx_legit_002587,0,618.18,6.4284,596,1,0,1,1,0,0
tx_legit_002435,0,1013.04,6.9217,701,1,0,1,2,0,0
tx_legit_012692,0,787.54,6.6702,219,1,0,1,3,0,0
tx_legit_006114,0,1357.15,7.2139,43,1,0,1,1,0,0
tx_legit_007751,0,509.73,6.2358,251,2,0,1,1,0,0
tx_legit_006247,0,864.88,6.7637,55,4,0,2,22,0,0
tx_legit_007132,0,324.8,5.7863,126,1,0,2,1,0,0
tx_legit_000434,0,578.14,6.3615,160,1,0,4,1,0,0
tx_legit_006402,0,167.83,5.1289,716,1,0,1,2,0,0
tx_legit_007879,0,1023.01,6.9315,970,1,0,3,3,0,0
tx_legit_009787,0,667.93,6.5057,426,1,0,4,2,0,0
tx_legit_011650,0,134.25,4.9071,782,1,0,1,1,0,0
tx_legit_013561,0,624.5,6.4386,137,1,0,1,1,0,0
tx_legit_000821,0,1324.62,7.1896,106,2,0,1,4,0,0
tx_legit_006696,0,933.04,6.8395,703,1,0,1,13,0,0
tx_legit_008878,0,833.26,6.7265,524,1,0,1,1,0,0
tx_legit_004243,0,891.47,6.794,70,1,0,1,2,0,0
tx_legit_008816,0,192.8,5.2668,111,1,0,3,3,0,0
tx_legit_005127,0,261.55,5.5704,208,1,0,1,1,0,0
tx_fraud_001170,1,4480.51,8.4077,609,2,0,14,13,0,0
tx_legit_007933,0,223.52,5.414,942,1,0,3,1,0,0
tx_legit_004001,0,1107.85,7.0111,866,1,0,1,2,0,0
tx_legit_006715,0,452.58,6.1172,784,1,0,2,1,0,0
tx_legit_006500,0,287.25,5.6638,663,1,1,1,1,0,0
tx_legit_000818,0,131.13,4.8838,354,1,0,1,2,0,0
tx_fraud_000574,1,30696.01,10.3319,4,25,9,10,33,1,1
tx_legit_006533,0,106.41,4.6767,136,2,1,1,2,0,0
tx_legit_001549,0,331.28,5.806,866,1,0,1,1,0,0
tx_fraud_001101,1,6792.36,8.8237,648,2,0,14,17,0,0
tx_legit_010810,0,938.03,6.8448,341,1,0,1,1,0,0
tx_legit_000889,0,938.01,6.8448,56,1,0,1,1,0,0
tx_legit_005354,0,101.62,4.631,172,1,0,2,18,0,0
tx_legit_007854,0,833.26,6.7265,539,1,0,3,3,0,0
tx_legit_008114,0,426.78,6.0586,95,2,0,1,14,0,0
tx_fraud_001084,1,3627.27,8.1965,657,2,0,19,12,0,0
tx_legit_003930,0,1670.5,7.4215,632,1,0,1,1,0,0
tx_legit_007585,0,1037.9,6.9459,892,1,0,1,1,0,0
tx_legit_000036,0,569.55,6.3466,784,1,0,1,1,0,0
tx_legit_005737,0,223.36,5.4133,989,1,0,2,20,0,0
tx_legit_013074,0,270.44,5.6037,331,4,0,1,1,0,0
tx_fraud_001099,1,4336.21,8.375,649,2,0,10,15,0,0
tx_legit_008463,0,386.61,5.96,716,1,0,1,2,0,0
tx_fraud_000057,1,12993.91,9.4723,13,7,3,12,3,0,1
tx_legit_005484,0,595.43,6.391,782,1,0,2,9,0,0
tx_legit_006417,0,192.61,5.2658,194,2,0,1,1,0,0
tx_legit_010456,0,311.46,5.7445,163,2,0,2,1,0,0
tx_legit_009566,0,112.66,4.7332,408,1,0,2,20,0,0
tx_legit_013157,0,599.29,6.3974,840,1,1,1,1,0,0
tx_legit_004826,0,613.11,6.4202,630,1,0,2,13,0,0
tx_legit_001152,0,368.14,5.9112,577,1,0,1,1,0,0
tx_legit_007358,0,462.86,6.1396,107,2,0,1,2,0,0
tx_legit_004219,0,336.51,5.8216,795,1,1,1,2,0,0
tx_legit_011147,0,214.43,5.3726,763,3,0,1,1,0,0
tx_fraud_001189,1,5784.35,8.6631,469,2,0,20,11,0,0
tx_fraud_000345,1,5934.0,8.6886,1,4,1,3,6,1,0
tx_legit_010707,0,214.09,5.3711,443,1,0,2,19,0,0
tx_legit_012747,0,636.93,6.4582,505,1,0,1,2,0,0
tx_legit_011199,0,588.37,6.3791,124,1,0,1,1,0,0
tx_legit_004668,0,481.75,6.1795,254,1,0,1,10,0,0
tx_legit_008688,0,653.78,6.4843,985,4,0,1,2,0,0
tx_legit_000693,0,314.77,5.755,722,1,0,3,1,0,0
tx_fraud_000608,1,58810.49,10.9821,7,24,4,14,18,1,1
tx_legit_007004,0,341.21,5.8354,949,3,0,3,1,0,0
tx_legit_004129,0,552.39,6.3161,922,1,0,2,19,0,0
tx_legit_012501,0,269.01,5.5985,142,1,0,1,21,0,0
tx_legit_001659,0,248.24,5.5184,111,1,0,1,1,0,0
tx_legit_000775,0,1684.59,7.4299,459,2,0,1,1,0,0
tx_legit_012958,0,636.23,6.4571,471,3,2,1,3,0,0
tx_legit_004380,0,215.64,5.3782,425,1,0,1,2,0,0
tx_legit_005706,0,719.69,6.5802,340,1,0,1,1,0,0
tx_legit_010566,0,554.44,6.3198,234,1,0,2,15,0,0
tx_legit_002485,0,1965.3,7.5839,758,1,0,1,1,0,0
tx_legit_004721,0,822.11,6.7131,784,1,0,2,22,0,0
tx_fraud_000391,1,15526.87,9.6504,2,4,0,5,3,1,0
tx_legit_006890,0,475.85,6.1672,564,1,0,1,1,0,0
tx_legit_000266,0,472.53,6.1602,406,1,0,1,2,0,0
tx_legit_000696,0,1043.18,6.951,857,1,0,1,1,0,0
tx_legit_008203,0,729.6,6.5939,504,2,0,1,3,0,0
tx_legit_003900,0,472.21,6.1595,796,2,0,1,1,0,0
tx_legit_006354,0,237.91,5.4761,616,1,0,1,2,0,0
tx_legit_008667,0,289.31,5.6709,140,2,0,1,1,0,0
tx_legit_011907,0,400.53,5.9953,864,1,0,1,2,0,0
tx_legit_003948,0,240.93,5.4886,678,1,0,2,1,0,0
tx_legit_008006,0,1304.15,7.1741,855,2,0,2,11,0,0
tx_legit_000067,0,742.33,6.6111,749,1,0,1,8,0,0
tx_legit_011973,0,276.7,5.6265,475,1,0,2,2,0,0
tx_legit_012572,0,435.83,6.0795,44,1,0,1,21,0,0
tx_legit_006284,0,521.01,6.2577,891,1,0,1,1,0,0
tx_legit_010230,0,132.72,4.8957,382,2,0,3,2,0,0
tx_legit_011075,0,748.9,6.6199,427,4,0,1,21,0,0
tx_legit_007441,0,759.45,6.6339,130,2,0,1,1,0,0
tx_legit_002818,0,266.31,5.5884,676,1,0,3,1,0,0
tx_legit_011471,0,309.84,5.7393,671,1,0,1,4,0,0
tx_legit_004334,0,350.22,5.8614,592,1,0,1,2,0,0
tx_legit_000518,0,371.82,5.9211,200,1,0,2,1,0,0
tx_legit_013133,0,95.77,4.5723,78,1,0,1,4,0,0
tx_legit_006180,0,1258.68,7.1386,288,1,0,1,15,0,0
tx_legit_012279,0,202.03,5.3134,73,2,0,1,1,0,0
tx_legit_012230,0,586.05,6.3751,931,4,0,1,2,0,0
tx_legit_002487,0,1036.53,6.9446,254,1,0,1,1,0,0
tx_legit_013665,0,720.34,6.5811,35,1,0,1,1,0,0
tx_legit_003499,0,298.93,5.7035,649,3,0,1,1,0,0
tx_legit_012493,0,192.45,5.265,290,1,0,1,1,0,0
tx_legit_001838,0,307.67,5.7323,183,1,0,1,1,0,0
tx_legit_000999,0,532.68,6.2798,45,1,0,1,15,0,0
tx_legit_009088,0,1038.63,6.9466,998,1,0,1,2,0,0
tx_legit_000694,0,117.65,4.7762,568,1,0,2,1,0,0
tx_legit_008301,0,319.61,5.7702,751,1,0,1,1,0,0
tx_legit_008457,0,972.97,6.8814,194,3,0,1,1,0,0
tx_legit_013189,0,315.72,5.758,745,3,0,1,4,0,0
tx_legit_009764,0,758.63,6.6328,526,2,0,1,17,0,0
tx_legit_012602,0,795.33,6.68,982,1,0,1,1,0,0
tx_legit_007067,0,484.19,6.1845,895,1,0,1,16,0,0
tx_legit_004428,0,442.17,6.094,856,1,0,1,1,0,0
tx_legit_009730,0,422.47,6.0485,728,1,0,2,14,0,0
tx_legit_010352,0,1591.39,7.373,408,1,0,1,1,0,0
tx_legit_004014,0,1011.14,6.9198,876,2,0,1,1,0,0
tx_legit_004692,0,270.02,5.6022,838,1,0,2,11,0,0
tx_legit_008060,0,853.94,6.751,259,1,0,1,17,0,0
tx_legit_002668,0,342.12,5.8381,733,1,0,1,18,0,0
tx_legit_010040,0,246.93,5.5131,383,1,0,2,10,0,0
tx_legit_003558,0,145.02,4.9837,422,2,0,1,1,0,0
tx_fraud_000749,1,929.86,6.8361,135,1,0,17,19,0,0
tx_legit_001027,0,322.91,5.7805,953,1,0,1,9,0,0
tx_legit_008270,0,570.78,6.3488,188,1,0,1,1,0,0
tx_legit_007147,0,452.61,6.1172,826,1,0,1,1,0,0
tx_legit_005067,0,296.47,5.6953,319,3,1,3,2,0,0
tx_legit_010536,0,405.5,6.0076,571,2,0,1,12,0,0
tx_legit_000302,0,312.31,5.7472,327,1,0,1,4,0,0
tx_legit_007697,0,505.94,6.2284,15,1,0,2,8,0,0
tx_legit_003118,0,765.15,6.6414,892,1,0,1,16,0,0
tx_legit_002075,0,623.2,6.4365,942,1,0,1,1,0,0
tx_legit_000116,0,591.2,6.3838,155,2,0,1,1,0,0
tx_legit_011918,0,607.15,6.4104,231,1,0,2,1,0,0
tx_legit_008945,0,391.15,5.9716,204,1,0,2,1,0,0
tx_legit_001765,0,973.29,6.8817,532,2,0,1,1,0,0
tx_legit_004226,0,534.0,6.2823,869,2,0,1,2,0,0
tx_legit_006245,0,709.23,6.5656,945,2,0,1,5,0,0
tx_legit_003258,0,495.02,6.2066,896,1,0,1,16,0,0
tx_legit_007764,0,141.65,4.9604,198,1,0,1,1,0,0
tx_legit_005982,0,672.88,6.5131,496,1,1,3,1,0,0
tx_legit_013046,0,373.41,5.9254,76,1,0,1,1,0,0
tx_legit_003471,0,554.38,6.3197,925,1,0,1,2,0,0
tx_legit_000727,0,136.15,4.9211,639,1,0,1,1,0,0
tx_legit_011944,0,584.08,6.3717,170,2,0,1,2,0,0
tx_legit_001934,0,207.28,5.3389,852,1,0,1,2,0,0
tx_legit_007190,0,346.02,5.8494,190,2,0,1,1,0,0
tx_legit_001036,0,420.9,6.0448,186,1,0,1,1,0,0
tx_legit_003840,0,2938.09,7.9859,819,1,0,5,1,0,0
tx_legit_006674,0,250.42,5.5271,285,2,0,1,1,0,0
tx_legit_000371,0,1151.86,7.05,403,1,0,1,1,0,0
tx_legit_010479,0,816.85,6.7067,139,3,0,1,2,0,0
tx_legit_004516,0,215.56,5.3779,963,1,0,1,4,0,0
tx_legit_005223,0,492.58,6.2017,28,1,0,1,1,0,0
tx_legit_009613,0,102.53,4.6399,203,1,0,2,17,0,0
tx_legit_007435,0,1103.93,7.0075,383,1,0,1,2,0,0
tx_legit_005145,0,430.43,6.0671,978,1,1,1,1,0,0
tx_legit_002565,0,116.39,4.7655,941,1,0,1,2,0,0
tx_fraud_001025,1,3286.14,8.0978,70,2,1,9,12,0,0
tx_legit_012139,0,679.0,6.5221,381,2,0,1,15,0,0
tx_legit_006222,0,277.08,5.6279,270,4,0,1,3,0,0
tx_legit_003858,0,531.91,6.2784,536,1,0,1,2,0,0
tx_legit_011194,0,327.18,5.7936,417,1,0,1,1,0,0
tx_legit_008641,0,543.27,6.2994,567,3,0,1,1,0,0
tx_legit_008083,0,1246.78,7.1291,819,1,0,6,1,0,0
tx_legit_000718,0,1556.97,7.3511,891,1,0,1,15,0,0
tx_fraud_001118,1,5887.3,8.6807,487,2,0,21,14,0,0
tx_legit_001231,0,948.45,6.8559,275,2,2,2,3,0,0
tx_legit_013282,0,623.32,6.4367,769,1,0,1,1,0,0
tx_legit_011331,0,546.13,6.3047,860,1,0,2,1,0,0
tx_legit_009671,0,752.44,6.6246,205,1,0,1,2,0,0
tx_legit_002158,0,243.19,5.4979,863,1,0,2,14,0,0
tx_legit_007338,0,1774.3,7.4817,474,2,0,2,14,0,0
tx_fraud_000809,1,1243.76,7.1267,327,1,0,1,17,0,0
tx_legit_002608,0,990.14,6.8989,531,2,0,1,1,0,0
tx_legit_007072,0,670.37,6.5093,314,1,0,3,3,0,0
tx_fraud_000928,1,1347.35,7.2066,244,1,0,1,22,0,0
tx_legit_002056,0,260.97,5.5682,526,3,0,1,2,0,0
tx_legit_008200,0,113.35,4.7393,506,1,0,1,18,0,0
tx_legit_004748,0,627.89,6.444,184,1,0,1,1,0,0
tx_legit_010335,0,364.72,5.9019,871,1,0,1,1,0,0
tx_legit_001367,0,707.85,6.5636,709,4,0,1,17,0,0
tx_fraud_000289,1,18331.78,9.8164,5,3,1,2,4,1,0
tx_fraud_000579,1,30240.9,10.317,5,26,9,25,31,1,1
tx_fraud_000780,1,1047.86,6.9555,62,1,0,17,8,0,0
tx_legit_001595,0,340.05,5.832,174,1,0,1,1,0,0
tx_legit_008134,0,352.81,5.8688,158,2,0,1,1,0,0
tx_legit_011365,0,445.64,6.1018,428,1,0,1,1,0,0
tx_legit_013530,0,329.87,5.8017,926,1,0,3,1,0,0
tx_legit_004518,0,642.04,6.4662,233,2,0,1,1,0,0
tx_legit_013490,0,111.3,4.7212,782,1,0,1,14,0,0
tx_legit_004690,0,829.2,6.7217,838,1,2,1,1,0,0
tx_legit_009820,0,950.48,6.858,759,1,0,1,2,0,0
tx_legit_012865,0,525.18,6.2656,167,2,0,2,14,0,0
tx_legit_003506,0,604.5,6.4061,220,2,0,1,1,0,0
tx_fraud_000076,1,7536.11,8.9276,4,6,4,18,3,1,1
tx_legit_005073,0,464.11,6.1423,576,1,1,1,2,0,0
tx_legit_006530,0,392.88,5.976,921,2,0,1,2,0,0
tx_legit_009497,0,306.55,5.7286,665,1,1,1,4,0,0
tx_legit_009491,0,2353.12,7.7639,471,1,0,2,17,0,0
tx_legit_000923,0,1084.5,6.9898,526,2,0,6,2,0,0
tx_legit_004220,0,707.98,6.5638,612,1,0,1,1,0,0
tx_fraud_000305,1,15526.66,9.6504,5,4,0,4,6,1,0
tx_legit_005834,0,919.41,6.8248,374,1,0,1,4,0,0
tx_legit_008559,0,323.79,5.7832,394,1,0,1,2,0,0
tx_legit_010969,0,691.58,6.5404,123,1,0,2,2,0,0
tx_legit_001138,0,294.59,5.689,102,2,0,3,2,0,0
tx_legit_001874,0,931.64,6.838,187,4,0,5,2,0,0
tx_legit_010882,0,159.5,5.0783,114,2,0,2,2,0,0
tx_legit_004608,0,482.02,6.1801,37,1,0,2,1,0,0
tx_legit_004887,0,449.14,6.1096,381,1,0,4,1,0,0
tx_legit_009616,0,447.21,6.1053,544,1,0,1,3,0,0
tx_legit_002796,0,306.98,5.73,578,1,0,1,2,0,0
tx_legit_008848,0,323.73,5.783,477,1,0,2,13,0,0
tx_legit_003502,0,245.41,5.507,921,1,0,1,3,0,0
tx_legit_005833,0,525.02,6.2653,412,1,0,1,1,0,0
tx_legit_010100,0,1189.32,7.082,727,1,0,1,4,0,0
tx_legit_006851,0,607.51,6.411,704,1,0,1,18,0,0
tx_legit_006614,0,442.31,6.0943,681,1,0,1,21,0,0
tx_fraud_000378,1,16064.11,9.6844,5,7,0,4,3,1,1
tx_legit_005639,0,570.49,6.3482,638,1,0,1,2,0,0
tx_legit_002538,0,228.09,5.4341,823,3,0,1,13,0,0
tx_legit_012894,0,1445.18,7.2767,841,1,0,1,2,0,0
tx_legit_013636,0,364.45,5.9011,790,2,0,1,3,0,0
tx_legit_008767,0,1370.91,7.224,816,1,1,1,1,0,0
tx_legit_005547,0,214.58,5.3733,921,1,0,1,1,0,0
tx_legit_002931,0,850.82,6.7474,743,1,0,1,1,0,0
tx_legit_010544,0,143.46,4.973,286,2,0,1,12,0,0
tx_legit_010311,0,454.8,6.1221,903,2,0,1,1,0,0
tx_fraud_000423,1,63138.4,11.0531,10,6,4,1,1,0,1
tx_legit_013203,0,304.48,5.7219,220,1,0,1,4,0,0
tx_legit_006649,0,379.85,5.9424,892,1,0,1,3,0,0
tx_legit_009894,0,726.79,6.59,482,1,0,1,2,0,0
tx_legit_005632,0,487.63,6.1916,500,2,0,3,1,0,0
tx_legit_001059,0,368.84,5.9131,576,1,0,1,9,0,0
tx_fraud_000992,1,4589.81,8.4318,172,2,1,15,5,0,0
tx_legit_005580,0,1198.71,7.0898,292,3,0,1,1,0,0
tx_legit_009723,0,288.75,5.669,584,1,0,1,1,0,0
tx_legit_012818,0,460.52,6.1345,68,4,0,1,2,0,0
tx_legit_001848,0,1023.67,6.9321,485,1,0,1,1,0,0
tx_legit_006243,0,267.54,5.593,271,1,0,4,3,0,0
tx_legit_002207,0,803.29,6.69,866,2,0,1,1,0,0
tx_legit_012490,0,1909.86,7.5553,650,1,0,3,1,0,0
tx_legit_003682,0,834.47,6.728,793,2,1,3,3,0,0
tx_legit_009446,0,292.37,5.6814,657,1,0,2,21,0,0
tx_legit_008553,0,1355.22,7.2125,637,1,0,1,1,0,0
tx_legit_007882,0,233.78,5.4586,366,3,0,2,1,0,0
tx_legit_003403,0,353.52,5.8708,305,1,0,2,17,0,0
tx_legit_003180,0,433.37,6.0739,466,1,1,1,1,0,0
tx_legit_001609,0,283.83,5.6519,704,2,0,2,1,0,0
tx_legit_012766,0,1394.54,7.241,831,1,0,2,8,0,0
tx_fraud_000397,1,12380.51,9.424,0,9,0,3,4,1,1
tx_legit_000157,0,964.66,6.8728,167,1,0,1,16,0,0
tx_legit_007250,0,240.12,5.4853,158,1,0,1,1,0,0
tx_legit_013075,0,777.29,6.6571,383,1,1,1,1,0,0
tx_legit_009911,0,478.14,6.172,708,4,0,2,9,0,0
tx_legit_001297,0,1151.05,7.0493,861,1,0,1,1,0,0
tx_legit_007330,0,1128.79,7.0298,148,3,0,1,1,0,0
tx_legit_004557,0,757.48,6.6313,433,1,0,1,2,0,0
tx_legit_006571,0,1130.62,7.0314,838,1,0,1,1,0,0
tx_fraud_000915,1,2722.86,7.9098,401,1,0,1,14,0,0
tx_legit_003378,0,1297.3,7.1688,982,1,0,1,1,0,0
tx_legit_007158,0,349.86,5.8604,807,1,0,1,18,0,0
tx_legit_006026,0,511.69,6.2397,221,1,0,1,1,0,0
tx_legit_001464,0,392.66,5.9755,195,2,0,5,1,0,0
tx_legit_009915,0,406.07,6.009,492,1,0,1,2,0,0
tx_legit_011218,0,1543.93,7.3427,353,1,0,1,3,0,0
tx_legit_001315,0,765.58,6.6419,307,1,0,1,1,0,0
tx_legit_012070,0,520.43,6.2566,477,2,0,1,1,0,0
tx_legit_011401,0,561.94,6.3332,265,1,0,2,2,0,0
tx_legit_008505,0,1172.88,7.0681,392,1,0,1,4,0,0
tx_fraud_000974,1,7278.81,8.8929,104,2,1,7,11,0,0
tx_legit_009184,0,418.88,6.04,694,1,0,1,3,0,0
tx_legit_011210,0,258.14,5.5574,887,1,0,2,1,0,0
tx_legit_011523,0,436.35,6.0807,221,1,2,2,16,0,0
tx_legit_006615,0,233.05,5.4555,360,1,0,2,1,0,0
tx_legit_002488,0,901.64,6.8053,169,1,0,1,1,0,0
tx_legit_006945,0,285.29,5.657,716,1,0,1,19,0,0
tx_legit_003989,0,653.26,6.4835,456,1,0,1,2,0,0
tx_legit_001882,0,718.26,6.5782,741,1,0,1,1,0,0
tx_legit_012698,0,507.12,6.2307,62,1,0,1,1,0,0
tx_legit_011261,0,482.59,6.1812,322,1,0,1,21,0,0
tx_legit_002428,0,501.42,6.2194,206,2,0,5,2,0,0
tx_legit_005605,0,422.13,6.0477,607,1,0,1,5,0,0
tx_legit_002577,0,626.45,6.4417,983,2,0,1,2,0,0
tx_legit_010135,0,304.86,5.7231,418,2,0,1,1,0,0
tx_legit_003434,0,293.65,5.6858,548,2,0,6,3,0,0
tx_legit_011640,0,249.82,5.5247,853,1,0,2,1,0,0
tx_legit_006639,0,940.83,6.8478,281,4,0,1,1,0,0
tx_legit_010295,0,285.32,5.6571,827,1,1,1,2,0,0
tx_legit_000951,0,622.06,6.4346,392,1,0,2,13,0,0
tx_legit_005885,0,694.7,6.5449,291,1,0,1,10,0,0
tx_legit_010700,0,459.75,6.1329,717,1,0,6,3,0,0
tx_legit_001351,0,1073.73,6.9798,430,1,0,1,3,0,0
tx_legit_011850,0,1044.36,6.9521,312,2,0,1,1,0,0
tx_legit_009505,0,158.6,5.0727,448,1,1,2,2,0,0
tx_legit_000804,0,466.9,6.1483,858,1,0,3,3,0,0
tx_legit_001394,0,441.48,6.0924,795,1,0,2,2,0,0
tx_legit_003081,0,912.41,6.8172,532,1,0,2,10,0,0
tx_legit_003749,0,363.33,5.8981,84,2,0,1,1,0,0
tx_legit_000643,0,339.02,5.829,763,3,0,1,1,0,0
tx_legit_005504,0,2834.96,7.9501,532,1,0,1,1,0,0
tx_legit_003406,0,266.86,5.5905,840,1,0,1,21,0,0
tx_legit_007558,0,405.2,6.0068,157,1,0,1,1,0,0
tx_legit_012186,0,656.23,6.488,957,1,0,1,1,0,0
tx_fraud_000906,1,1619.11,7.3902,157,1,0,1,16,0,0
tx_legit_008469,0,855.11,6.7524,159,2,0,3,2,0,0
tx_legit_006452,0,396.39,5.9849,526,1,0,1,3,0,0
tx_legit_013070,0,776.42,6.656,62,1,0,4,1,0,0
tx_legit_012489,0,327.97,5.796,238,1,0,2,1,0,0
tx_fraud_000818,1,2189.62,7.6919,350,1,0,1,25,0,0
tx_fraud_000543,1,40153.7,10.6005,3,14,6,12,40,1,1
tx_legit_001523,0,274.61,5.619,631,1,0,3,3,0,0
tx_legit_013194,0,1872.35,7.5355,52,2,0,1,1,0,0
tx_legit_009070,0,809.37,6.6975,759,1,0,1,1,0,0
tx_legit_002481,0,494.55,6.2057,496,1,2,1,2,0,0
tx_fraud_000760,1,1541.7,7.3413,105,1,0,14,12,0,0
tx_fraud_000488,1,74337.27,11.2164,10,8,3,1,1,0,1
tx_legit_004472,0,620.79,6.4326,371,4,0,1,1,0,0
tx_legit_012584,0,307.18,5.7307,76,1,0,1,1,0,0
tx_legit_006044,0,427.95,6.0613,835,1,0,2,9,0,0
tx_legit_006118,0,354.73,5.8742,544,1,0,2,13,0,0
tx_legit_005337,0,1931.12,7.5664,861,1,0,1,1,0,0
tx_legit_010449,0,1169.5,7.0652,531,1,0,2,1,0,0
tx_legit_012162,0,729.86,6.5942,882,1,0,3,2,0,0
tx_legit_009444,0,341.95,5.8376,117,1,0,1,3,0,0
tx_legit_000527,0,403.94,6.0037,816,1,0,3,1,0,0
tx_legit_013388,0,286.05,5.6597,205,1,0,1,2,0,0
tx_legit_004452,0,228.72,5.4369,100,1,0,1,1,0,0
tx_legit_006211,0,107.98,4.6912,838,1,0,1,2,0,0
tx_fraud_001136,1,7945.54,8.9805,405,2,0,15,10,0,0
tx_legit_001569,0,342.91,5.8404,331,1,0,6,2,0,0
tx_fraud_000127,1,15607.18,9.6556,4,9,4,12,2,1,1
tx_legit_008820,0,496.58,6.2098,546,1,0,1,3,0,0
tx_legit_005215,0,124.68,4.8337,134,1,0,1,1,0,0
tx_legit_006457,0,282.09,5.6458,746,2,0,1,1,0,0
tx_legit_004150,0,449.53,6.1104,84,1,0,1,1,0,0
tx_legit_007268,0,799.82,6.6856,81,1,0,1,1,0,0
tx_legit_003825,0,1009.78,6.9185,800,1,0,2,18,0,0
tx_legit_013359,0,272.49,5.6113,158,1,0,1,1,0,0
tx_legit_005235,0,460.16,6.1337,677,1,0,1,1,0,0
tx_legit_008078,0,228.41,5.4355,792,1,0,1,13,0,0
tx_legit_000340,0,479.76,6.1754,591,3,1,1,2,0,0
tx_fraud_000789,1,1945.03,7.5735,187,1,0,19,10,0,0
tx_legit_003833,0,538.0,6.2897,735,1,0,1,3,0,0
tx_legit_005124,0,357.3,5.8814,254,1,0,1,1,0,0
tx_legit_013097,0,675.08,6.5163,769,1,0,2,1,0,0
tx_legit_009276,0,403.32,6.0022,241,1,0,1,1,0,0
tx_legit_013125,0,772.06,6.6504,135,2,0,1,13,0,0
tx_legit_005564,0,845.46,6.7411,856,1,0,1,2,0,0
tx_legit_002905,0,188.43,5.244,827,1,0,1,1,0,0
tx_legit_008130,0,832.33,6.7254,869,1,0,2,1,0,0
tx_fraud_000385,1,6835.33,8.83,4,4,1,2,5,1,0
tx_legit_002193,0,666.71,6.5039,261,1,0,6,1,0,0
tx_legit_013321,0,1590.12,7.3722,97,1,0,1,1,0,0
tx_legit_003153,0,476.87,6.1693,974,1,0,4,2,0,0
tx_legit_006651,0,623.97,6.4377,858,2,0,2,18,0,0
tx_legit_013509,0,487.03,6.1904,590,1,0,1,17,0,0
tx_fraud_000564,1,63408.05,11.0574,5,21,4,20,22,1,1
tx_fraud_000743,1,1518.91,7.3264,211,1,0,26,12,0,0
tx_legit_010589,0,265.58,5.5857,205,1,0,1,2,0,0
tx_legit_012101,0,458.87,6.1309,152,1,0,1,18,0,0
tx_legit_008590,0,1174.03,7.069,340,1,0,1,1,0,0
tx_legit_011924,0,792.51,6.6765,328,1,0,1,1,0,0
tx_legit_003891,0,688.07,6.5353,393,1,1,2,17,0,0
tx_legit_006473,0,127.1,4.8528,976,1,0,1,15,0,0
tx_fraud_000482,1,80126.68,11.2914,8,7,7,1,1,0,1
tx_legit_011837,0,865.55,6.7645,145,1,0,1,2,0,0
tx_legit_010668,0,920.31,6.8258,996,1,0,1,1,0,0
tx_legit_010331,0,1655.53,7.4125,382,1,0,1,2,0,0
tx_legit_001067,0,338.87,5.8286,685,1,0,1,1,0,0
tx_legit_010057,0,573.25,6.3531,633,1,0,1,2,0,0
tx_fraud_000799,1,2354.83,7.7646,407,1,0,1,14,0,0
tx_legit_013025,0,921.78,6.8274,612,1,0,2,12,0,0
tx_legit_013551,0,1970.79,7.5867,462,1,0,1,1,0,0
tx_legit_002743,0,139.45,4.9449,860,3,0,2,4,0,0
tx_legit_012713,0,854.46,6.7516,939,3,0,2,2,0,0
tx_legit_000631,0,745.77,6.6158,976,1,1,2,19,0,0
tx_legit_011544,0,1809.06,7.5011,740,1,0,1,2,0,0
tx_legit_005202,0,862.31,6.7608,732,1,0,1,1,0,0
tx_legit_004888,0,305.13,5.724,113,3,0,1,1,0,0
tx_legit_013162,0,665.77,6.5024,918,1,0,1,1,0,0
tx_legit_010320,0,270.77,5.605,844,1,0,1,3,0,0
tx_legit_003876,0,469.88,6.1546,92,3,0,1,1,0,0
tx_legit_004366,0,489.59,6.1956,100,1,0,4,2,0,0
tx_legit_012366,0,305.24,5.7244,216,1,0,2,20,0,0
tx_legit_013120,0,791.55,6.6753,691,1,0,1,1,0,0
tx_legit_007241,0,1683.64,7.4293,200,1,1,1,18,0,0
tx_legit_007207,0,1187.07,7.0801,380,1,0,1,1,0,0
tx_legit_006440,0,435.0,6.0776,397,2,0,1,1,0,0
tx_legit_005403,0,190.49,5.2548,300,4,0,1,1,0,0
tx_legit_002558,0,691.04,6.5396,498,1,0,1,12,0,0
tx_fraud_000430,1,86703.63,11.3703,3,16,5,1,1,1,1
tx_legit_002334,0,271.96,5.6093,775,1,0,1,2,0,0
tx_legit_007382,0,995.66,6.9044,112,2,0,1,2,0,0
tx_legit_007397,0,619.22,6.4301,653,1,0,2,17,0,0
tx_fraud_000991,1,4964.15,8.5102,94,2,1,11,10,0,0
tx_legit_007715,0,149.91,5.0167,277,1,0,1,2,0,0
tx_legit_009396,0,307.52,5.7318,80,1,0,1,2,0,0
tx_legit_002712,0,2137.38,7.6678,207,1,0,2,12,0,0
tx_legit_004340,0,1793.86,7.4927,620,2,0,1,1,0,0
tx_legit_005151,0,450.8,6.1132,536,1,0,1,2,0,0
tx_legit_007701,0,441.66,6.0928,163,1,0,1,14,0,0
tx_legit_001194,0,649.71,6.4781,587,1,0,1,22,0,0
tx_legit_000133,0,518.45,6.2528,892,1,0,1,2,0,0
tx_legit_010494,0,536.26,6.2865,328,1,0,1,2,0,0
tx_legit_004152,0,318.0,5.7652,106,1,0,1,2,0,0
tx_legit_009259,0,914.18,6.8191,528,1,0,1,1,0,0
tx_legit_006009,0,218.47,5.3912,77,1,0,2,9,0,0
tx_legit_011585,0,662.68,6.4978,931,1,0,1,18,0,0
tx_legit_000348,0,317.23,5.7628,503,1,0,1,22,0,0
tx_legit_006147,0,465.42,6.1451,802,1,0,4,2,0,0
tx_legit_013413,0,1151.11,7.0494,614,1,0,1,2,0,0
tx_legit_007193,0,460.84,6.1352,743,1,0,1,1,0,0
tx_legit_004308,0,731.19,6.596,686,1,0,1,1,0,0
tx_legit_005669,0,513.65,6.2435,809,1,1,1,19,0,0
tx_legit_000338,0,205.04,5.3281,255,1,0,1,8,0,0
tx_legit_010307,0,822.46,6.7135,392,1,0,2,8,0,0
tx_legit_004478,0,312.24,5.747,763,1,0,2,12,0,0
tx_fraud_000213,1,6448.6,8.7718,23,23,7,4,16,0,1
tx_legit_005152,0,180.64,5.202,375,1,0,2,1,0,0
tx_legit_010378,0,280.19,5.639,114,1,0,2,21,0,0
tx_legit_011611,0,418.58,6.0393,947,2,0,1,10,0,0
tx_legit_005144,0,110.5,4.714,463,1,0,1,20,0,0
tx_legit_003094,0,865.39,6.7643,696,1,0,1,1,0,0
tx_legit_011399,0,1119.14,7.0212,627,1,0,1,1,0,0
tx_legit_004120,0,690.41,6.5387,674,1,0,1,2,0,0
tx_legit_007775,0,63.37,4.1646,848,2,0,1,1,0,0
tx_legit_001679,0,367.33,5.909,354,1,0,3,1,0,0
tx_legit_006142,0,288.24,5.6673,673,1,0,2,16,0,0
tx_legit_002732,0,650.65,6.4795,448,2,0,1,2,0,0
tx_legit_008921,0,1821.21,7.5078,495,1,0,1,1,0,0
tx_legit_004018,0,437.88,6.0842,500,3,0,1,4,0,0
tx_fraud_000190,1,4106.21,8.3205,7,23,8,2,12,1,1
tx_legit_003414,0,531.39,6.2774,309,1,0,2,13,0,0
tx_legit_008871,0,312.76,5.7486,570,1,0,1,1,0,0
tx_legit_007559,0,472.31,6.1598,436,2,0,2,1,0,0
tx_legit_002337,0,346.27,5.8501,479,1,0,1,2,0,0
tx_legit_005905,0,1112.67,7.0154,156,2,1,1,3,0,0
tx_legit_008033,0,778.77,6.659,114,1,0,2,18,0,0
tx_legit_010725,0,338.67,5.828,880,1,0,1,3,0,0
tx_legit_004511,0,557.32,6.3249,361,2,0,3,2,0,0
tx_legit_005999,0,664.66,6.5008,205,1,0,1,1,0,0
tx_fraud_000486,1,60582.62,11.0118,8,10,4,1,1,0,1
tx_legit_003566,0,643.17,6.468,490,1,0,2,18,0,0
tx_legit_007684,0,993.48,6.9022,732,2,0,1,1,0,0
tx_legit_007134,0,532.84,6.2801,526,1,0,1,2,0,0
tx_legit_001876,0,1235.83,7.1203,529,1,0,2,1,0,0
tx_legit_007677,0,381.07,5.9456,882,1,0,1,1,0,0
tx_fraud_001149,1,7324.81,8.8992,664,2,0,10,16,0,0
tx_legit_001306,0,676.21,6.518,508,1,0,6,3,0,0
tx_legit_009538,0,1756.9,7.4719,923,2,0,1,1,0,0
tx_legit_004104,0,330.93,5.8049,670,1,0,1,2,0,0
tx_legit_010605,0,948.74,6.8562,228,2,1,1,1,0,0
tx_legit_008555,0,1010.52,6.9192,987,2,0,1,11,0,0
tx_legit_004288,0,979.8,6.8884,939,1,0,1,1,0,0
tx_fraud_000379,1,3405.7,8.1335,2,8,1,4,2,1,1
tx_legit_005938,0,1511.78,7.3217,155,1,0,2,16,0,0
tx_legit_009422,0,113.43,4.74,907,1,0,2,1,0,0
tx_legit_010691,0,687.04,6.5338,139,1,0,1,1,0,0
tx_fraud_000654,1,40191.72,10.6014,3,26,8,23,30,1,1
tx_legit_002590,0,527.08,6.2692,630,1,1,2,2,0,0
tx_legit_004592,0,201.31,5.3098,983,1,0,3,1,0,0
tx_legit_007579,0,132.53,4.8943,382,1,0,1,4,0,0
tx_legit_008845,0,636.58,6.4577,816,2,0,2,21,0,0
tx_fraud_000865,1,2433.26,7.7974,292,1,0,1,23,0,0
tx_legit_004921,0,115.53,4.7581,562,1,0,6,1,0,0
tx_legit_000689,0,670.6,6.5097,290,2,1,1,2,0,0
tx_legit_006029,0,206.29,5.3341,540,1,1,2,19,0,0
tx_legit_006312,0,342.6,5.8395,289,1,0,1,1,0,0
tx_legit_012253,0,638.29,6.4604,498,1,0,2,14,0,0
tx_fraud_000255,1,8114.09,9.0015,7,24,7,3,18,1,1
tx_legit_006976,0,278.62,5.6334,115,1,0,1,10,0,0
tx_legit_000514,0,847.82,6.7438,99,1,0,1,1,0,0
tx_legit_005432,0,357.71,5.8825,486,1,0,1,1,0,0
tx_legit_012613,0,228.3,5.435,588,2,1,1,1,0,0
tx_legit_007654,0,281.09,5.6422,174,2,0,1,1,0,0
tx_legit_011209,0,1470.31,7.2939,492,1,0,1,1,0,0
tx_legit_005150,0,1795.65,7.4937,24,2,0,1,1,0,0
tx_legit_010152,0,362.06,5.8946,592,1,2,1,10,0,0
tx_legit_013053,0,366.24,5.906,840,1,0,5,3,0,0
tx_legit_011541,0,434.52,6.0765,365,1,0,1,2,0,0
tx_legit_011920,0,439.72,6.0884,27,1,0,1,1,0,0
tx_legit_009381,0,872.58,6.7726,562,1,1,2,3,0,0
tx_fraud_000417,1,53467.64,10.8869,6,9,7,1,1,1,1
tx_legit_009443,0,224.31,5.4175,349,1,0,1,3,0,0
tx_legit_008668,0,423.69,6.0514,225,1,0,1,13,0,0
tx_legit_009900,0,429.87,6.0658,119,1,0,1,4,0,0
tx_legit_009786,0,205.71,5.3313,545,1,0,1,1,0,0
tx_legit_010714,0,785.8,6.668,949,1,0,1,20,0,0
tx_legit_000129,0,255.96,5.5489,702,1,0,1,5,0,0
tx_fraud_000215,1,12373.27,9.4234,5,24,8,2,19,1,1
tx_legit_001277,0,865.84,6.7649,443,1,0,2,2,0,0
tx_legit_012245,0,747.45,6.618,99,1,0,1,1,0,0
tx_legit_003952,0,285.79,5.6588,876,1,0,2,1,0,0
tx_legit_009007,0,957.9,6.8658,188,1,0,1,1,0,0
tx_fraud_000219,1,11161.96,9.3204,29,9,5,1,35,0,1
tx_legit_009399,0,343.82,5.843,262,1,0,1,1,0,0
tx_legit_001109,0,1246.85,7.1292,179,1,0,1,20,0,0
tx_legit_008544,0,1475.96,7.2977,733,4,0,1,1,0,0
tx_legit_001629,0,307.01,5.7301,267,1,0,1,1,0,0
tx_legit_010190,0,1971.03,7.5868,414,1,0,1,1,0,0
tx_fraud_000271,1,9078.88,9.1138,0,9,1,3,4,1,1
tx_legit_003657,0,1038.09,6.9461,926,1,0,1,1,0,0
tx_fraud_000015,1,2749.85,7.9197,14,5,3,15,6,0,1
tx_legit_008964,0,312.07,5.7464,653,1,0,1,1,0,0
tx_legit_005881,0,513.26,6.2427,334,1,0,1,10,0,0
tx_legit_003803,0,487.45,6.1912,587,1,0,1,1,0,0
tx_legit_010117,0,3612.57,8.1925,436,2,0,1,3,0,0
tx_legit_003012,0,233.16,5.456,760,2,0,2,8,0,0
tx_legit_005832,0,468.28,6.1512,221,1,0,1,1,0,0
tx_legit_004348,0,567.49,6.343,909,1,0,1,1,0,0
tx_legit_006256,0,451.58,6.115,532,2,0,1,12,0,0
tx_legit_001639,0,1852.58,7.5249,623,2,0,1,2,0,0
tx_legit_000813,0,257.07,5.5532,405,1,0,2,11,0,0
tx_legit_013575,0,1479.11,7.2999,635,1,1,1,22,0,0
tx_fraud_000589,1,34272.06,10.4421,2,24,5,16,22,1,1
tx_fraud_000337,1,3048.28,8.0227,1,3,2,3,5,1,0
tx_legit_008686,0,497.39,6.2114,158,2,0,1,1,0,0
tx_legit_005663,0,1802.71,7.4976,233,1,0,1,1,0,0
tx_fraud_000303,1,19679.05,9.8874,1,5,1,4,5,1,1
tx_legit_006977,0,173.16,5.16,876,1,0,2,1,0,0
tx_legit_003493,0,849.34,6.7456,949,1,0,1,1,0,0
tx_legit_004621,0,2206.73,7.6997,828,1,0,1,11,0,0
tx_fraud_000977,1,4646.62,8.4441,71,2,1,10,9,0,0
tx_legit_010930,0,672.92,6.5131,47,1,0,1,1,0,0
tx_legit_011008,0,495.01,6.2066,895,1,0,1,16,0,0
tx_fraud_000890,1,3135.18,8.0508,170,1,0,1,17,0,0
tx_fraud_000693,1,2277.08,7.7311,143,1,0,20,8,0,0
tx_fraud_000238,1,7243.62,8.888,26,19,8,1,23,0,1
tx_legit_003085,0,182.58,5.2127,861,1,0,1,1,0,0
tx_fraud_000361,1,21246.9,9.964,0,9,0,3,4,1,1
tx_legit_005776,0,297.9,5.7001,701,1,1,1,15,0,0
tx_legit_012387,0,1486.73,7.305,452,2,0,1,2,0,0
tx_legit_000663,0,1140.66,7.0402,678,1,0,1,2,0,0
tx_fraud_000316,1,13012.48,9.4737,3,5,1,2,2,1,1
tx_legit_013135,0,355.97,5.8777,357,1,0,1,1,0,0
tx_legit_009585,0,953.97,6.8617,29,1,0,1,1,0,0
tx_legit_003822,0,479.76,6.1754,795,2,1,1,2,0,0
tx_legit_010906,0,482.03,6.1801,803,1,0,2,11,0,0
tx_legit_002640,0,909.72,6.8142,700,1,1,2,18,0,0
tx_legit_012564,0,568.26,6.3443,777,1,0,1,1,0,0
tx_legit_011271,0,489.01,6.1944,394,1,0,1,1,0,0
tx_legit_011245,0,1550.85,7.3472,328,1,0,2,1,0,0
tx_legit_010232,0,2651.96,7.8834,249,1,0,1,1,0,0
tx_legit_005720,0,1441.64,7.2742,502,1,0,1,2,0,0
tx_legit_005488,0,1304.96,7.1747,245,1,0,1,15,0,0
tx_legit_007050,0,238.6,5.479,590,1,1,2,1,0,0
tx_legit_010236,0,440.91,6.0911,238,1,0,2,22,0,0
tx_legit_010004,0,550.19,6.3121,995,1,2,1,14,0,0
tx_fraud_000301,1,12325.39,9.4195,2,9,0,2,6,1,1
tx_legit_000083,0,751.78,6.6238,330,1,0,1,1,0,0
tx_legit_011435,0,400.63,5.9955,758,1,0,1,1,0,0
tx_legit_005080,0,236.88,5.4718,510,3,0,1,3,0,0
tx_legit_002365,0,503.36,6.2233,143,1,0,1,3,0,0
tx_fraud_000419,1,84640.27,11.3462,6,12,5,1,1,1,1
tx_legit_001074,0,1052.87,6.9602,898,1,0,1,1,0,0
tx_legit_009362,0,854.44,6.7516,256,3,0,1,4,0,0
tx_legit_000322,0,298.07,5.7007,724,1,0,2,17,0,0
tx_legit_012359,0,576.34,6.3584,892,1,0,1,1,0,0
tx_legit_007915,0,422.45,6.0484,172,4,0,1,1,0,0
tx_legit_001857,0,469.52,6.1538,544,1,0,1,1,0,0
tx_legit_001272,0,366.81,5.9076,746,1,0,1,19,0,0
tx_legit_007497,0,323.37,5.7819,512,1,0,2,1,0,0
tx_fraud_001152,1,4706.39,8.4569,687,2,0,14,15,0,0
tx_legit_011515,0,121.93,4.8116,180,1,0,1,3,0,0
tx_legit_013632,0,630.6,6.4483,113,2,0,1,1,0,0
tx_legit_005607,0,175.52,5.1734,957,2,2,2,1,0,0
tx_legit_003202,0,798.87,6.6844,685,2,0,1,1,0,0
tx_legit_010367,0,415.76,6.0325,497,2,0,1,2,0,0
tx_legit_012609,0,754.21,6.627,861,1,0,1,17,0,0
tx_legit_010865,0,491.58,6.1997,612,1,0,2,2,0,0
tx_legit_005505,0,682.43,6.5271,570,1,1,1,1,0,0
tx_legit_000361,0,396.69,5.9857,300,1,0,1,1,0,0
tx_legit_001391,0,360.8,5.8911,656,1,0,2,18,0,0
tx_legit_003997,0,609.15,6.4137,942,1,0,1,1,0,0
tx_legit_008171,0,499.39,6.2154,167,1,0,1,1,0,0
tx_legit_001825,0,652.15,6.4818,412,1,1,6,3,0,0
tx_legit_012012,0,698.11,6.5498,315,2,1,1,1,0,0
tx_legit_003621,0,310.84,5.7425,644,1,0,1,1,0,0
tx_legit_001132,0,444.21,6.0985,61,2,0,1,1,0,0
tx_legit_009922,0,492.13,6.2008,892,2,0,1,1,0,0
tx_legit_001769,0,243.35,5.4986,644,2,0,2,10,0,0
tx_legit_002613,0,1045.43,6.9531,728,1,0,1,1,0,0
tx_legit_005810,0,242.41,5.4947,221,1,0,1,3,0,0
tx_legit_005814,0,1272.67,7.1497,901,1,0,4,1,0,0
tx_legit_002862,0,103.92,4.6532,479,1,0,2,1,0,0
tx_legit_012440,0,707.87,6.5637,614,1,0,1,4,0,0
tx_legit_002229,0,518.68,6.2532,612,1,0,2,2,0,0
tx_legit_005515,0,294.15,5.6875,291,2,0,4,1,0,0
tx_fraud_000650,1,31824.19,10.368,4,21,4,18,17,1,1
tx_legit_004507,0,1081.48,6.987,986,2,0,1,1,0,0
tx_fraud_000839,1,2850.3,7.9555,386,1,0,1,24,0,0
tx_legit_005542,0,678.16,6.5209,381,2,0,1,1,0,0
tx_legit_000261,0,479.49,6.1748,336,1,0,1,1,0,0
tx_legit_001030,0,1524.32,7.33,716,1,0,1,1,0,0
tx_legit_006595,0,328.91,5.7988,553,1,0,1,1,0,0
tx_legit_005457,0,428.97,6.0637,924,1,0,6,3,0,0
tx_legit_007151,0,1301.29,7.1719,520,1,0,1,15,0,0
tx_legit_005889,0,471.06,6.1571,418,1,0,1,1,0,0
tx_fraud_000985,1,6026.66,8.7041,121,2,1,7,12,0,0
tx_legit_003284,0,601.61,6.4013,106,2,0,3,1,0,0
tx_legit_012008,0,546.5,6.3054,312,2,0,5,1,0,0
tx_legit_002201,0,666.49,6.5035,493,1,2,1,1,0,0
tx_legit_004136,0,552.45,6.3162,903,1,0,2,11,0,0
tx_legit_000191,0,1634.89,7.3999,824,2,0,1,13,0,0
tx_legit_009777,0,591.96,6.3851,130,1,0,1,2,0,0
tx_legit_002519,0,476.0,6.1675,448,3,1,1,1,0,0
tx_legit_009685,0,969.84,6.8782,291,1,0,1,1,0,0
tx_legit_009366,0,718.75,6.5789,939,1,0,1,1,0,0
tx_legit_004757,0,359.08,5.8863,585,2,0,2,8,0,0
tx_legit_004912,0,917.11,6.8223,315,2,0,1,1,0,0
tx_legit_011685,0,328.7,5.7982,976,2,0,2,2,0,0
tx_legit_008874,0,277.46,5.6293,579,3,0,1,1,0,0
tx_legit_008290,0,248.07,5.5177,304,1,0,1,2,0,0
tx_legit_000216,0,613.44,6.4207,194,2,0,1,20,0,0
tx_legit_010397,0,521.61,6.2588,141,1,0,2,10,0,0
tx_legit_005565,0,209.18,5.348,347,1,0,2,9,0,0
tx_legit_005674,0,764.41,6.6404,172,2,0,1,10,0,0
tx_legit_010144,0,352.34,5.8674,126,1,0,1,2,0,0
tx_legit_009052,0,943.49,6.8506,982,3,0,1,1,0,0
tx_legit_008516,0,873.77,6.774,55,1,0,6,1,0,0
tx_legit_001516,0,752.59,6.6248,687,1,0,2,2,0,0
tx_legit_001467,0,307.64,5.7322,130,1,1,1,1,0,0
tx_legit_001076,0,264.64,5.5821,185,1,0,2,8,0,0
tx_legit_005748,0,1087.87,6.9929,253,1,0,3,1,0,0
tx_legit_000636,0,1166.45,7.0626,337,2,0,1,12,0,0
tx_legit_004399,0,399.21,5.992,543,1,0,6,1,0,0
tx_legit_008537,0,862.85,6.7614,412,1,0,1,1,0,0
tx_legit_010221,0,1351.21,7.2095,740,2,0,2,1,0,0
tx_legit_002631,0,979.44,6.888,234,1,0,1,4,0,0
tx_legit_001401,0,454.96,6.1224,367,1,0,1,2,0,0
tx_legit_003808,0,92.09,4.5336,225,1,0,1,1,0,0
tx_legit_010615,0,281.78,5.6447,704,1,0,2,9,0,0
tx_legit_011014,0,815.8,6.7054,158,1,0,1,1,0,0
tx_legit_012617,0,346.02,5.8494,478,1,0,1,1,0,0
tx_legit_011225,0,403.21,6.0019,808,1,0,2,1,0,0
tx_legit_011667,0,518.11,6.2521,29,1,0,2,14,0,0
tx_legit_010611,0,878.0,6.7788,743,1,0,2,1,0,0
tx_legit_006331,0,548.81,6.3096,615,1,0,1,1,0,0
tx_legit_012133,0,894.31,6.7972,775,1,0,1,3,0,0
tx_legit_008383,0,363.59,5.8988,31,1,0,1,1,0,0
tx_legit_003726,0,132.42,4.8935,906,1,1,1,3,0,0
tx_legit_008225,0,604.38,6.4059,591,2,0,1,1,0,0
tx_legit_004317,0,334.63,5.816,803,1,1,1,14,0,0
tx_legit_009965,0,791.32,6.675,578,1,0,1,1,0,0
tx_legit_006935,0,1137.55,7.0375,989,1,0,1,1,0,0
tx_legit_006392,0,371.86,5.9212,985,1,0,1,1,0,0
tx_legit_009093,0,553.4,6.3179,976,2,0,5,1,0,0
tx_legit_013231,0,889.88,6.7922,194,1,0,1,1,0,0
tx_legit_006705,0,182.43,5.2118,735,3,1,1,1,0,0
tx_legit_009809,0,1063.86,6.9706,167,1,0,1,1,0,0
tx_legit_007276,0,141.51,4.9594,550,1,0,1,1,0,0
tx_legit_008446,0,296.19,5.6944,881,1,2,1,3,0,0
tx_legit_003550,0,905.65,6.8098,683,1,0,1,1,0,0
tx_legit_009701,0,351.78,5.8658,124,2,0,1,22,0,0
tx_legit_002443,0,2768.03,7.9263,852,1,2,2,5,0,0
tx_legit_002685,0,1229.18,7.1149,974,3,0,1,1,0,0
tx_legit_007679,0,267.31,5.5921,226,1,0,1,2,0,0
tx_legit_000978,0,816.49,6.7062,702,1,0,6,1,0,0
tx_legit_001533,0,130.2,4.8767,197,1,0,2,21,0,0
tx_fraud_001034,1,4625.61,8.4396,63,2,1,15,5,0,0
tx_legit_010940,0,720.63,6.5815,158,1,0,1,1,0,0
tx_legit_006764,0,330.41,5.8034,69,1,0,1,1,0,0
tx_legit_008360,0,1464.99,7.2903,772,1,0,1,1,0,0
tx_legit_010618,0,996.58,6.9053,399,4,0,6,2,0,0
tx_fraud_000154,1,3281.65,8.0964,12,17,4,3,13,0,1
tx_legit_001278,0,733.85,6.5997,536,3,0,1,1,0,0
tx_legit_003106,0,322.62,5.7796,691,1,0,1,1,0,0
tx_legit_001084,0,453.01,6.1181,629,1,0,1,1,0,0
tx_legit_010012,0,1131.57,7.0322,382,1,0,1,2,0,0
tx_legit_006830,0,302.02,5.7138,451,1,0,1,2,0,0
tx_legit_010708,0,112.6,4.7327,633,1,2,1,1,0,0
tx_legit_009878,0,313.61,5.7513,775,2,0,1,1,0,0
tx_legit_005359,0,1529.46,7.3333,146,1,0,1,3,0,0
tx_legit_005895,0,1037.58,6.9456,606,1,0,4,1,0,0
tx_legit_006628,0,218.55,5.3916,223,1,0,1,1,0,0
tx_legit_005902,0,538.0,6.2897,538,2,0,1,3,0,0
tx_legit_001912,0,240.69,5.4877,209,1,0,1,2,0,0
tx_legit_004487,0,435.62,6.0791,202,1,0,1,1,0,0
tx_legit_005641,0,705.69,6.5606,849,1,0,1,2,0,0
tx_legit_002391,0,636.82,6.4581,436,1,1,1,1,0,0
tx_legit_005435,0,499.34,6.2153,972,1,0,2,19,0,0
tx_legit_008046,0,717.61,6.5773,898,1,0,1,2,0,0
tx_legit_007706,0,791.27,6.6749,280,2,0,2,12,0,0
tx_legit_008354,0,258.47,5.5586,850,1,0,1,2,0,0
tx_legit_009939,0,588.7,6.3796,972,1,0,5,3,0,0
tx_legit_013103,0,843.74,6.739,906,1,0,3,1,0,0
tx_legit_012432,0,417.82,6.0374,319,1,0,1,1,0,0
tx_legit_002079,0,1474.72,7.2969,759,1,0,2,1,0,0
tx_legit_010889,0,796.85,6.6819,949,2,0,6,3,0,0
tx_legit_008333,0,286.11,5.6599,287,2,0,1,1,0,0
tx_legit_000759,0,542.03,6.2972,625,1,0,1,4,0,0
tx_legit_007658,0,372.33,5.9225,199,2,0,1,2,0,0
tx_legit_001384,0,511.73,6.2397,200,1,0,1,2,0,0
tx_legit_013021,0,993.63,6.9024,947,1,0,1,1,0,0
tx_legit_006677,0,493.68,6.2039,482,2,0,1,1,0,0
tx_legit_010509,0,270.51,5.604,142,1,2,1,1,0,0
tx_legit_008113,0,196.43,5.2854,775,1,0,2,1,0,0
tx_legit_002418,0,332.77,5.8105,130,1,0,1,1,0,0
tx_legit_006404,0,100.77,4.6227,931,1,0,1,1,0,0
tx_legit_005944,0,438.95,6.0867,709,1,0,1,1,0,0
tx_legit_006904,0,901.87,6.8056,839,2,0,1,17,0,0
tx_legit_001804,0,982.96,6.8916,623,4,0,3,2,0,0
tx_legit_001042,0,542.66,6.2983,599,1,0,3,1,0,0
tx_legit_008943,0,174.51,5.1677,102,1,0,1,1,0,0
tx_legit_000742,0,604.67,6.4063,893,1,0,1,19,0,0
tx_legit_009374,0,1106.81,7.0101,484,1,0,1,1,0,0
tx_legit_008398,0,1000.4,6.9092,100,1,0,1,15,0,0
tx_legit_001837,0,434.48,6.0764,778,1,0,2,1,0,0
tx_legit_005225,0,247.9,5.5171,880,1,0,1,1,0,0
tx_legit_012586,0,252.4,5.535,319,4,0,1,3,0,0
tx_legit_005387,0,1844.83,7.5207,606,1,0,1,1,0,0
tx_legit_006601,0,1735.62,7.4597,435,1,0,1,1,0,0
tx_legit_011732,0,1187.41,7.0804,687,3,0,1,1,0,0
tx_legit_012462,0,263.0,5.5759,921,2,0,2,2,0,0
tx_legit_009652,0,283.33,5.6501,245,2,0,1,16,0,0
tx_legit_012453,0,846.56,6.7424,759,1,0,1,3,0,0
tx_legit_007366,0,1511.69,7.3216,519,1,1,4,3,0,0
tx_legit_006407,0,536.74,6.2874,685,2,0,2,11,0,0
tx_legit_002505,0,499.62,6.2158,769,1,0,2,11,0,0
tx_legit_007313,0,1554.19,7.3494,201,1,0,1,1,0,0
tx_fraud_000103,1,17767.74,9.7852,8,10,3,8,6,0,1
tx_legit_004040,0,247.98,5.5174,286,2,0,1,2,0,0
tx_legit_009525,0,943.11,6.8502,222,2,0,1,2,0,0
tx_legit_012819,0,592.75,6.3865,239,1,0,2,1,0,0
tx_legit_004512,0,1972.32,7.5875,432,4,0,5,3,0,0
tx_legit_008561,0,883.04,6.7845,683,1,0,2,1,0,0
tx_legit_007567,0,442.63,6.095,239,1,0,1,2,0,0
tx_legit_003249,0,460.03,6.1335,809,1,0,2,13,0,0
tx_legit_006422,0,404.28,6.0046,836,1,0,1,1,0,0
tx_legit_001692,0,401.22,5.997,132,1,0,1,9,0,0
tx_legit_001514,0,814.6,6.7039,590,1,0,1,2,0,0
tx_legit_010688,0,249.27,5.5225,478,1,0,1,1,0,0
tx_legit_007564,0,860.41,6.7586,114,3,0,1,1,0,0
tx_legit_010407,0,954.3,6.862,272,1,0,2,1,0,0
tx_legit_009306,0,260.42,5.5661,228,1,0,1,1,0,0
tx_legit_004060,0,297.49,5.6987,649,1,0,1,2,0,0
tx_legit_010455,0,144.32,4.9789,858,1,0,1,3,0,0
tx_legit_007580,0,285.32,5.6571,522,1,0,1,2,0,0
tx_legit_000564,0,472.52,6.1602,679,1,0,1,9,0,0
tx_legit_008088,0,422.8,6.0493,599,1,1,1,1,0,0
tx_legit_008491,0,439.64,6.0882,181,1,0,1,1,0,0
tx_legit_008135,0,261.99,5.5721,606,1,0,1,1,0,0
tx_legit_009520,0,385.08,5.956,700,1,0,1,4,0,0
tx_fraud_000175,1,4840.3,8.4849,25,14,2,4,25,0,1
tx_legit_010922,0,379.42,5.9413,694,1,1,1,1,0,0
tx_legit_011416,0,1153.2,7.0512,141,1,0,1,9,0,0
tx_legit_001640,0,704.91,6.5595,555,1,1,1,1,0,0
tx_legit_008775,0,994.37,6.9031,343,1,0,1,14,0,0
tx_legit_007354,0,164.03,5.1061,561,1,0,2,1,0,0
tx_legit_011811,0,1138.65,7.0385,86,1,0,1,1,0,0
tx_legit_010804,0,1169.65,7.0653,571,2,1,2,13,0,0
tx_legit_010594,0,790.21,6.6736,551,3,0,3,2,0,0
tx_legit_011532,0,297.05,5.6973,872,1,0,1,2,0,0
tx_legit_005394,0,2850.45,7.9556,225,2,0,1,1,0,0
tx_legit_003139,0,863.37,6.762,774,1,0,1,1,0,0
tx_legit_001685,0,624.2,6.4381,436,2,0,1,11,0,0
tx_legit_004027,0,506.93,6.2303,183,1,0,1,4,0,0
tx_legit_008176,0,717.47,6.5771,131,1,0,2,1,0,0
tx_legit_008177,0,1227.32,7.1134,616,1,1,1,2,0,0
tx_legit_011324,0,897.31,6.8005,907,1,0,3,1,0,0
tx_legit_009047,0,1184.34,7.0778,668,2,0,1,1,0,0
tx_fraud_000062,1,11877.23,9.3825,3,10,4,10,4,1,1
tx_legit_013760,0,221.94,5.4069,113,1,0,1,1,0,0
tx_legit_010829,0,164.01,5.106,199,1,0,1,2,0,0
tx_legit_006443,0,816.18,6.7059,475,2,1,1,1,0,0
tx_legit_010580,0,424.8,6.054,251,1,0,1,1,0,0
tx_legit_008656,0,2166.31,7.6812,801,1,0,1,1,0,0
tx_legit_001971,0,332.83,5.8106,999,2,0,1,3,0,0
tx_legit_013734,0,1272.33,7.1494,782,1,1,1,2,0,0
tx_legit_007912,0,168.18,5.131,526,1,0,1,3,0,0
tx_legit_004523,0,746.88,6.6172,785,4,0,2,1,0,0
tx_legit_002038,0,510.77,6.2379,471,1,0,1,2,0,0
tx_legit_004811,0,102.06,4.6353,78,1,0,1,1,0,0
tx_legit_001721,0,302.44,5.7152,220,2,0,1,3,0,0
tx_legit_004004,0,511.51,6.2393,489,1,0,1,1,0,0
tx_legit_004077,0,242.94,5.4969,977,1,1,1,3,0,0
tx_legit_013138,0,2162.64,7.6795,715,2,0,2,3,0,0
tx_legit_002412,0,261.22,5.5692,150,1,0,1,4,0,0
tx_fraud_000039,1,6584.31,8.7926,8,9,3,11,3,0,1
tx_legit_012156,0,1340.18,7.2013,410,2,0,1,1,0,0
tx_legit_013595,0,256.22,5.5499,833,2,1,1,1,0,0
tx_legit_003912,0,972.63,6.881,500,1,0,1,1,0,0
tx_legit_008970,0,1102.94,7.0066,538,1,0,1,1,0,0
tx_legit_010267,0,2313.28,7.7469,767,1,0,2,16,0,0
tx_legit_012948,0,245.35,5.5068,690,1,0,1,12,0,0
tx_fraud_000552,1,51067.31,10.8409,3,20,5,13,28,1,1
tx_legit_011294,0,173.79,5.1636,982,1,0,1,1,0,0
tx_legit_009994,0,411.47,6.0222,735,2,0,1,1,0,0
tx_legit_003152,0,293.69,5.6859,986,2,0,1,22,0,0
tx_legit_001813,0,1691.89,7.4342,299,1,0,1,1,0,0
tx_legit_001979,0,276.48,5.6257,72,2,0,1,1,0,0
tx_legit_008272,0,896.93,6.8001,297,1,1,2,18,0,0
tx_legit_010717,0,317.21,5.7627,136,1,0,1,1,0,0
tx_legit_002410,0,465.36,6.145,418,1,0,1,1,0,0
tx_legit_013430,0,627.16,6.4428,73,2,0,1,3,0,0
tx_legit_004492,0,248.98,5.5214,150,1,1,1,3,0,0
tx_legit_012933,0,446.47,6.1036,656,1,0,2,3,0,0
tx_legit_001550,0,256.29,5.5502,88,3,0,1,2,0,0
tx_fraud_000694,1,2198.63,7.696,93,1,0,30,11,0,0
tx_legit_005660,0,1206.1,7.096,979,1,0,3,2,0,0
tx_legit_011958,0,225.11,5.421,336,1,0,2,5,0,0
tx_legit_005048,0,1528.47,7.3327,194,1,0,1,18,0,0
tx_legit_011071,0,143.22,4.9713,225,1,0,1,2,0,0
tx_legit_012917,0,780.12,6.6607,134,1,0,1,1,0,0
tx_legit_012540,0,280.02,5.6384,869,1,0,5,3,0,0
tx_fraud_000997,1,3972.04,8.2873,147,2,1,11,7,0,0
tx_legit_003476,0,141.62,4.9602,238,1,1,1,1,0,0
tx_legit_011500,0,465.94,6.1462,384,2,0,1,1,0,0
tx_legit_008889,0,267.71,5.5936,777,1,0,1,3,0,0
tx_legit_009104,0,273.99,5.6167,64,2,0,1,3,0,0
tx_legit_004823,0,293.96,5.6868,813,2,0,1,2,0,0
tx_fraud_000666,1,1443.64,7.2756,71,1,0,22,16,0,0
tx_legit_004505,0,265.96,5.5871,653,2,0,1,1,0,0
tx_fraud_001128,1,5097.87,8.5368,711,2,0,14,14,0,0
tx_legit_003855,0,71.69,4.2862,286,1,0,1,1,0,0
tx_legit_006481,0,721.81,6.5831,784,1,1,1,1,0,0
tx_legit_007029,0,316.11,5.7592,397,1,0,1,1,0,0
tx_legit_010848,0,577.36,6.3602,493,1,0,1,2,0,0
tx_fraud_000117,1,10019.48,9.2124,10,7,4,12,6,0,1
tx_legit_001823,0,690.69,6.5391,53,1,0,3,1,0,0
tx_legit_007952,0,1030.24,6.9385,726,2,0,1,3,0,0
tx_fraud_000649,1,49164.64,10.803,7,24,6,25,19,1,1
tx_legit_012386,0,194.35,5.2748,103,1,0,2,1,0,0
tx_legit_007131,0,357.88,5.883,928,1,0,3,1,0,0
tx_legit_004693,0,204.33,5.3246,792,1,0,1,1,0,0
tx_legit_001731,0,104.83,4.6618,208,1,1,1,1,0,0
tx_legit_010216,0,256.62,5.5515,524,1,0,1,1,0,0
tx_legit_002772,0,621.12,6.4331,904,1,0,1,1,0,0
tx_legit_012733,0,418.59,6.0393,602,1,2,1,3,0,0
tx_legit_005247,0,763.95,6.6398,563,1,0,2,12,0,0
tx_legit_001527,0,90.42,4.5155,516,1,0,1,2,0,0
tx_legit_008589,0,353.69,5.8712,944,1,0,1,1,0,0
tx_fraud_000375,1,14628.34,9.5908,3,4,1,4,3,1,0
tx_legit_009693,0,103.48,4.649,458,2,0,1,1,0,0
tx_legit_009697,0,553.45,6.318,591,2,0,2,1,0,0
tx_legit_012523,0,2200.01,7.6967,406,1,0,1,2,0,0
tx_legit_000649,0,620.82,6.4327,660,1,0,4,3,0,0
tx_legit_009360,0,317.24,5.7628,585,1,0,1,1,0,0
tx_legit_011359,0,811.95,6.7007,716,2,0,1,2,0,0
tx_legit_001472,0,469.48,6.1538,182,1,2,1,1,0,0
tx_fraud_001008,1,5749.03,8.657,140,2,1,11,5,0,0
tx_legit_006346,0,952.71,6.8604,898,1,0,4,2,0,0
tx_legit_012481,0,123.67,4.8257,931,1,0,5,2,0,0
tx_legit_004550,0,474.11,6.1635,506,2,0,2,19,0,0
tx_legit_011358,0,234.49,5.4617,265,2,1,1,1,0,0
tx_legit_001478,0,185.88,5.2305,154,1,0,1,19,0,0
tx_legit_003615,0,547.37,6.307,876,1,0,1,1,0,0
tx_legit_009031,0,227.93,5.4334,121,1,0,4,3,0,0
tx_legit_010783,0,279.84,5.6378,328,3,0,1,3,0,0
tx_legit_006867,0,490.18,6.1968,120,1,0,2,2,0,0
tx_legit_000908,0,125.94,4.8437,331,2,0,1,2,0,0
tx_legit_012845,0,250.72,5.5283,100,1,0,1,1,0,0
tx_legit_001432,0,241.77,5.4921,186,2,0,1,2,0,0
tx_legit_008763,0,604.6,6.4062,106,1,0,1,1,0,0
tx_legit_013639,0,994.3,6.903,612,1,0,1,3,0,0
tx_fraud_001097,1,6754.42,8.8181,547,2,0,21,12,0,0
tx_legit_010049,0,576.48,6.3587,317,1,0,3,3,0,0
tx_legit_004244,0,494.16,6.2049,568,1,0,1,1,0,0
tx_legit_004016,0,389.25,5.9668,945,3,0,1,3,0,0
tx_legit_001824,0,192.02,5.2628,562,1,0,1,1,0,0
tx_legit_008421,0,267.28,5.592,566,1,0,1,2,0,0
tx_legit_005242,0,325.47,5.7883,467,2,2,2,11,0,0
tx_legit_003694,0,634.97,6.4552,943,1,0,1,1,0,0
tx_legit_003243,0,311.09,5.7433,470,1,0,1,1,0,0
tx_legit_001723,0,1027.47,6.9358,168,1,0,2,15,0,0
tx_fraud_001148,1,3752.28,8.2304,791,2,0,22,8,0,0
tx_legit_010075,0,468.25,6.1511,253,2,0,1,5,0,0
tx_legit_003353,0,1284.71,7.1591,625,1,0,2,1,0,0
tx_legit_005162,0,581.18,6.3668,729,1,0,1,1,0,0
tx_legit_010670,0,475.45,6.1664,467,3,0,1,1,0,0
tx_legit_007033,0,649.53,6.4778,430,3,0,1,1,0,0
tx_legit_013428,0,240.82,5.4882,634,1,0,1,2,0,0
tx_legit_001346,0,306.8,5.7295,358,1,0,3,1,0,0
tx_legit_000269,0,3062.07,8.0272,941,1,0,1,3,0,0
tx_legit_008714,0,355.33,5.8759,634,1,0,1,3,0,0
tx_legit_005336,0,871.05,6.7708,187,4,0,1,2,0,0
tx_legit_009317,0,280.43,5.6399,838,1,0,1,15,0,0
tx_legit_001301,0,475.21,6.1659,517,1,0,1,15,0,0
tx_legit_005000,0,1457.99,7.2855,192,1,0,1,15,0,0
tx_legit_005658,0,1638.95,7.4024,629,1,0,2,19,0,0
tx_legit_011234,0,510.99,6.2383,708,1,0,1,2,0,0
tx_legit_005793,0,750.14,6.6216,971,2,0,1,2,0,0
tx_legit_012863,0,838.45,6.7327,491,1,0,2,1,0,0
tx_legit_011740,0,458.18,6.1294,471,1,0,1,1,0,0
tx_legit_010637,0,117.06,4.7712,890,1,0,4,1,0,0
tx_legit_008417,0,221.24,5.4038,257,3,0,1,2,0,0
tx_legit_012197,0,690.86,6.5394,560,2,0,3,2,0,0
tx_legit_008999,0,151.5,5.0272,291,1,0,1,1,0,0
tx_fraud_000390,1,13983.28,9.5457,1,5,1,3,4,1,1
tx_legit_007139,0,651.28,6.4805,545,1,0,2,18,0,0
tx_legit_004105,0,1789.9,7.4905,568,1,0,1,15,0,0
tx_legit_005134,0,565.85,6.3401,602,1,0,2,18,0,0
tx_legit_001707,0,210.79,5.3556,194,1,0,1,20,0,0
tx_legit_011583,0,1681.85,7.4282,400,1,0,1,17,0,0
tx_legit_009973,0,385.92,5.9582,322,1,0,2,10,0,0
tx_legit_013402,0,335.23,5.8178,773,1,0,1,2,0,0
tx_legit_001006,0,223.05,5.4119,478,1,0,3,2,0,0
tx_legit_002129,0,1167.78,7.0637,933,1,0,5,1,0,0
tx_legit_001163,0,407.66,6.0129,639,1,0,1,1,0,0
tx_legit_007518,0,1650.37,7.4094,936,1,0,2,21,0,0
tx_legit_001202,0,781.4,6.6624,129,1,0,1,18,0,0
tx_fraud_001104,1,5028.02,8.523,896,2,0,13,8,0,0
tx_fraud_000396,1,18153.49,9.8067,2,7,3,4,3,1,1
tx_legit_012458,0,525.71,6.2667,885,1,0,1,2,0,0
tx_legit_009665,0,232.53,5.4533,112,1,1,1,9,0,0
tx_legit_013382,0,707.51,6.5632,35,2,1,1,1,0,0
tx_fraud_000646,1,26734.15,10.1937,1,24,8,24,22,1,1
tx_legit_001489,0,376.32,5.9331,307,1,0,4,1,0,0
tx_legit_008515,0,215.53,5.3777,25,1,0,2,1,0,0
tx_legit_010716,0,1093.54,6.9981,879,1,0,1,18,0,0
tx_legit_005081,0,566.94,6.342,763,1,0,1,2,0,0
tx_legit_008380,0,6654.47,8.8032,149,2,0,1,20,0,0
tx_legit_005775,0,1036.47,6.9445,921,1,0,1,8,0,0
tx_legit_010776,0,696.1,6.5469,868,1,0,1,14,0,0
tx_legit_010344,0,552.71,6.3166,774,1,0,1,1,0,0
tx_legit_001909,0,872.21,6.7722,779,1,0,1,2,0,0
tx_legit_013736,0,963.61,6.8717,986,1,0,2,21,0,0
tx_fraud_001182,1,4568.61,8.4272,770,2,0,11,14,0,0
tx_legit_002614,0,427.41,6.0601,691,2,0,1,1,0,0
tx_legit_002602,0,514.89,6.2459,644,1,0,1,1,0,0
tx_legit_001884,0,591.3,6.384,779,1,0,1,2,0,0
tx_legit_002623,0,169.06,5.1362,179,3,0,1,1,0,0
tx_legit_013232,0,814.03,6.7032,895,1,0,5,3,0,0
tx_legit_012471,0,165.78,5.1167,67,1,0,1,1,0,0
tx_legit_011238,0,467.21,6.1489,238,1,0,1,2,0,0
tx_legit_005126,0,467.94,6.1505,925,1,0,1,1,0,0
tx_legit_010294,0,962.77,6.8709,268,2,0,2,10,0,0
tx_legit_012398,0,54.82,4.0221,315,2,0,1,1,0,0
tx_legit_009508,0,277.37,5.629,627,1,0,1,1,0,0
tx_legit_003801,0,1390.73,7.2383,736,2,0,1,2,0,0
tx_legit_000256,0,79.96,4.394,792,1,0,1,1,0,0
tx_legit_010510,0,690.17,6.5384,988,3,0,1,3,0,0
tx_legit_006760,0,1156.59,7.0541,682,1,0,4,3,0,0
tx_legit_007767,0,1195.71,7.0873,963,1,0,1,1,0,0
tx_legit_012137,0,551.82,6.315,978,1,2,1,1,0,0
tx_legit_008985,0,204.93,5.3275,691,3,0,1,1,0,0
tx_legit_008378,0,2117.95,7.6587,661,1,0,6,3,0,0
tx_legit_004841,0,374.56,5.9284,751,1,0,1,1,0,0
tx_fraud_000952,1,5251.26,8.5664,38,2,1,11,6,0,0
tx_legit_010887,0,534.31,6.2828,52,1,0,1,2,0,0
tx_legit_002654,0,289.31,5.6709,476,1,0,1,2,0,0
tx_legit_006498,0,686.04,6.5324,40,1,0,1,15,0,0
tx_legit_013153,0,159.69,5.0795,668,1,0,2,1,0,0
tx_legit_013697,0,1481.73,7.3016,89,1,0,5,3,0,0
tx_legit_001414,0,295.8,5.6931,84,1,0,1,2,0,0
tx_legit_004268,0,2651.29,7.8832,83,2,1,1,1,0,0
tx_legit_002069,0,301.63,5.7125,356,1,1,2,17,0,0
tx_legit_000049,0,283.77,5.6517,484,2,0,1,1,0,0
tx_legit_009288,0,655.51,6.4869,172,3,0,1,2,0,0
tx_legit_008108,0,546.12,6.3047,242,2,0,1,1,0,0
tx_legit_013584,0,505.05,6.2266,268,1,0,1,2,0,0
tx_legit_007239,0,319.24,5.7691,408,1,1,1,1,0,0
tx_legit_005529,0,869.82,6.7694,15,1,0,1,1,0,0
tx_legit_002909,0,626.69,6.442,255,1,0,5,1,0,0
tx_legit_001644,0,2532.17,7.8372,816,1,1,2,21,0,0
tx_legit_011912,0,343.19,5.8412,471,1,0,1,18,0,0
tx_legit_011338,0,186.23,5.2323,795,2,0,1,2,0,0
tx_legit_012986,0,605.65,6.408,624,2,0,1,2,0,0
tx_legit_007164,0,271.33,5.607,364,1,1,1,1,0,0
tx_legit_003075,0,229.22,5.439,863,2,0,1,3,0,0
tx_legit_001871,0,328.09,5.7963,442,2,0,3,1,0,0
tx_legit_006195,0,536.06,6.2861,514,1,0,1,1,0,0
tx_legit_005647,0,520.69,6.2571,782,1,0,1,2,0,0
tx_legit_007830,0,966.87,6.8751,795,2,0,2,1,0,0
tx_legit_013670,0,1062.78,6.9696,790,1,0,1,13,0,0
tx_legit_007266,0,613.9,6.4215,472,1,0,2,8,0,0
tx_legit_005795,0,309.07,5.7368,677,1,0,5,2,0,0
tx_legit_007375,0,242.74,5.4961,528,1,0,1,1,0,0
tx_legit_008299,0,142.32,4.9651,849,1,0,1,10,0,0
tx_legit_010243,0,1236.67,7.121,503,2,1,1,3,0,0
tx_legit_002832,0,1896.57,7.5483,193,2,0,2,18,0,0
tx_legit_005855,0,799.73,6.6855,187,3,0,1,1,0,0
tx_legit_011687,0,709.53,6.566,799,1,0,1,1,0,0
tx_legit_005017,0,745.73,6.6157,759,1,0,1,2,0,0
tx_legit_006903,0,329.57,5.8008,477,1,0,1,1,0,0
tx_legit_007725,0,825.58,6.7173,920,1,0,1,4,0,0
tx_legit_009792,0,1016.53,6.9251,640,2,0,2,1,0,0
tx_legit_005168,0,1508.29,7.3194,830,1,0,1,1,0,0
tx_legit_011458,0,511.76,6.2398,131,2,0,1,1,0,0
tx_legit_000025,0,1161.07,7.058,899,2,0,3,1,0,0
tx_legit_004349,0,353.13,5.8697,696,1,0,1,2,0,0
tx_legit_012762,0,564.55,6.3378,691,1,0,1,4,0,0
tx_legit_003601,0,352.9,5.869,492,1,0,4,2,0,0
tx_legit_006924,0,432.02,6.0708,844,3,0,2,3,0,0
tx_legit_007274,0,421.17,6.0454,542,1,0,1,4,0,0
tx_legit_012911,0,287.65,5.6652,61,2,0,1,1,0,0
tx_legit_001633,0,82.5,4.4248,379,2,0,1,1,0,0
tx_legit_008242,0,322.75,5.78,72,1,0,1,3,0,0
tx_legit_001958,0,713.46,6.5715,341,1,1,1,22,0,0
tx_legit_012474,0,152.58,5.0342,803,2,0,1,3,0,0
tx_legit_004252,0,643.38,6.4683,668,1,0,2,1,0,0
tx_legit_006648,0,537.73,6.2892,235,1,0,1,1,0,0
tx_legit_009598,0,727.37,6.5908,608,1,0,1,16,0,0
tx_legit_003654,0,5614.05,8.6332,627,1,0,2,22,0,0
tx_legit_007643,0,253.01,5.5374,831,1,0,2,2,0,0
tx_legit_009983,0,154.19,5.0447,465,1,0,1,2,0,0
tx_legit_011931,0,899.19,6.8026,735,1,1,6,1,0,0
tx_legit_004618,0,523.32,6.2621,807,2,0,1,1,0,0
tx_legit_011130,0,618.79,6.4294,140,1,0,2,1,0,0
tx_legit_012869,0,577.17,6.3599,625,2,0,1,2,0,0
tx_legit_005991,0,255.49,5.5471,523,2,0,1,1,0,0
tx_legit_010871,0,316.83,5.7615,644,2,0,1,1,0,0
tx_legit_008896,0,1537.97,7.3389,782,1,1,3,1,0,0
tx_legit_002480,0,870.01,6.7697,569,1,1,1,1,0,0
tx_legit_008023,0,295.6,5.6924,125,2,0,1,1,0,0
tx_legit_004607,0,589.45,6.3809,676,1,1,1,14,0,0
tx_legit_006486,0,707.41,6.563,115,1,0,1,1,0,0
tx_legit_005680,0,782.55,6.6638,286,1,0,1,1,0,0
tx_legit_005687,0,284.1,5.6528,258,2,1,2,1,0,0
tx_legit_008730,0,1866.13,7.5322,256,1,0,1,2,0,0
tx_fraud_000171,1,9503.87,9.1596,16,18,3,1,26,0,1
tx_fraud_000954,1,3307.28,8.1042,129,2,1,11,12,0,0
tx_legit_005036,0,238.96,5.4805,369,1,0,1,3,0,0
tx_legit_006742,0,969.53,6.8778,916,2,0,1,2,0,0
tx_legit_002773,0,598.88,6.3967,877,1,0,1,1,0,0
tx_legit_000241,0,276.99,5.6276,220,2,0,1,1,0,0
tx_legit_011483,0,881.03,6.7822,356,1,0,1,1,0,0
tx_legit_010769,0,1041.33,6.9492,816,1,0,1,3,0,0
tx_legit_009197,0,2219.11,7.7053,329,1,0,1,1,0,0
tx_legit_000237,0,459.17,6.1316,254,1,0,1,3,0,0
tx_fraud_000897,1,1225.44,7.1119,296,1,0,1,16,0,0
tx_legit_001236,0,307.27,5.731,465,1,0,3,3,0,0
tx_fraud_000807,1,2548.33,7.8436,174,1,0,1,20,0,0
tx_legit_003346,0,195.96,5.283,480,1,0,1,1,0,0
tx_legit_008262,0,390.33,5.9696,433,1,0,1,1,0,0
tx_legit_003388,0,342.58,5.8394,521,1,0,1,2,0,0
tx_fraud_000753,1,1780.65,7.4853,190,1,0,14,15,0,0
tx_fraud_000059,1,7728.56,8.9528,4,4,2,18,5,1,0
tx_legit_013458,0,335.23,5.8178,187,2,0,4,2,0,0
tx_legit_007285,0,1103.3,7.007,495,1,0,1,13,0,0
tx_legit_002846,0,551.68,6.3148,15,1,0,2,19,0,0
tx_legit_003131,0,430.3,6.0668,29,1,0,2,1,0,0
tx_legit_002722,0,472.58,6.1603,681,1,0,1,2,0,0
tx_fraud_001109,1,2950.24,7.99,676,2,0,18,17,0,0
tx_legit_008611,0,293.18,5.6842,826,1,1,6,1,0,0
tx_legit_007992,0,923.93,6.8297,544,1,1,1,1,0,0
tx_legit_007501,0,2267.12,7.7267,566,1,0,1,2,0,0
tx_legit_010660,0,223.35,5.4132,150,2,0,1,22,0,0
tx_legit_000386,0,384.0,5.9532,114,1,0,1,1,0,0
tx_fraud_000120,1,9052.45,9.1109,2,8,1,10,6,1,1
tx_legit_012795,0,1667.45,7.4197,538,1,0,1,3,0,0
tx_legit_011124,0,252.2,5.5342,690,4,0,2,1,0,0
tx_legit_012407,0,462.23,6.1382,936,3,0,2,19,0,0
tx_legit_009744,0,1158.41,7.0557,539,1,0,2,1,0,0
tx_fraud_000262,1,14725.69,9.5974,30,22,7,2,22,0,1
tx_legit_003753,0,388.04,5.9637,61,1,0,1,17,0,0
tx_legit_001893,0,1151.93,7.0501,72,1,0,1,1,0,0
tx_fraud_000653,1,40181.67,10.6012,0,19,5,24,35,1,1
tx_legit_007576,0,121.63,4.8092,681,2,0,1,2,0,0
tx_legit_009521,0,1087.05,6.9921,587,1,0,1,15,0,0
tx_legit_011906,0,891.25,6.7937,208,2,1,1,1,0,0
tx_legit_007843,0,470.53,6.156,189,1,0,1,1,0,0
tx_legit_004794,0,2234.02,7.712,66,1,0,2,14,0,0
tx_legit_000343,0,366.73,5.9073,870,1,0,1,1,0,0
tx_legit_003847,0,149.1,5.0113,197,1,0,1,1,0,0
tx_legit_007844,0,169.49,5.1387,155,1,0,1,14,0,0
tx_legit_002496,0,614.22,6.422,406,1,0,1,1,0,0
tx_legit_006744,0,164.19,5.1071,92,2,0,1,1,0,0
tx_fraud_000329,1,11724.27,9.3695,5,3,2,3,4,1,0
tx_legit_007052,0,796.36,6.6813,323,4,0,1,1,0,0
tx_legit_001209,0,326.66,5.792,956,1,0,1,1,0,0
tx_legit_012357,0,980.75,6.8893,963,1,2,1,1,0,0
tx_legit_007737,0,709.77,6.5663,916,1,0,1,2,0,0
tx_fraud_000261,1,14552.41,9.5856,18,23,6,2,24,0,1
tx_legit_002384,0,1844.32,7.5204,418,1,0,1,2,0,0
tx_legit_001046,0,1041.05,6.9489,605,2,2,1,1,0,0
tx_legit_004750,0,190.95,5.2572,79,1,0,1,1,0,0
tx_fraud_000601,1,35437.82,10.4756,2,28,6,11,19,1,1
tx_legit_002748,0,754.34,6.6272,534,1,0,1,1,0,0
tx_legit_005402,0,424.25,6.0527,526,2,0,1,1,0,0
tx_legit_007141,0,631.32,6.4494,985,1,1,1,1,0,0
tx_legit_007798,0,359.12,5.8864,767,1,0,1,1,0,0
tx_legit_002814,0,556.26,6.323,931,1,0,1,1,0,0
tx_legit_002368,0,443.53,6.097,27,1,0,1,1,0,0
tx_legit_006911,0,155.89,5.0555,900,2,0,2,12,0,0
tx_legit_002963,0,396.12,5.9842,655,1,0,1,1,0,0
tx_legit_009718,0,1598.77,7.3776,457,2,0,1,1,0,0
tx_legit_007015,0,300.36,5.7083,120,1,0,1,1,0,0
tx_legit_013373,0,378.75,5.9395,576,1,0,1,1,0,0
tx_legit_000750,0,847.66,6.7437,336,2,0,2,2,0,0
tx_legit_010437,0,532.17,6.2788,399,2,0,1,1,0,0
tx_legit_008434,0,257.14,5.5535,22,1,0,1,1,0,0
tx_legit_007424,0,328.33,5.7971,27,2,0,1,1,0,0
tx_legit_010787,0,383.09,5.9509,691,1,0,1,10,0,0
tx_legit_013015,0,720.17,6.5809,486,1,0,3,3,0,0
tx_legit_013152,0,209.21,5.3481,926,1,1,1,19,0,0
tx_legit_009056,0,533.11,6.2806,277,3,1,2,2,0,0
tx_legit_010120,0,181.82,5.2085,841,1,0,2,12,0,0
tx_legit_013090,0,952.55,6.8602,614,1,0,3,1,0,0
tx_legit_009740,0,223.43,5.4136,382,1,0,2,1,0,0
tx_legit_012385,0,286.1,5.6598,500,1,0,1,1,0,0
tx_legit_004409,0,491.71,6.1999,801,1,0,2,12,0,0
tx_legit_005986,0,1441.13,7.2739,593,2,0,1,1,0,0
tx_fraud_000086,1,2781.22,7.931,4,7,2,15,5,1,1
tx_legit_007071,0,175.09,5.171,399,4,0,2,1,0,0
tx_legit_006566,0,354.7,5.8741,120,1,0,1,1,0,0
tx_legit_007329,0,164.14,5.1068,167,1,0,1,2,0,0
tx_legit_003199,0,345.32,5.8474,540,1,0,1,1,0,0
tx_legit_004738,0,283.18,5.6496,401,1,0,1,2,0,0
tx_legit_011308,0,925.96,6.8319,292,3,0,4,1,0,0
tx_legit_011700,0,307.85,5.7329,559,2,0,2,21,0,0
tx_legit_003067,0,387.39,5.962,803,1,0,1,11,0,0
tx_legit_009776,0,76.66,4.3523,899,1,0,1,1,0,0
tx_fraud_001137,1,2945.75,7.9885,672,2,0,22,13,0,0
tx_legit_002400,0,1618.95,7.3902,701,1,0,1,1,0,0
tx_legit_000058,0,1444.48,7.2762,903,1,0,1,22,0,0
tx_legit_007129,0,1180.54,7.0746,441,1,1,2,19,0,0
tx_legit_009176,0,714.01,6.5723,974,4,0,1,1,0,0
tx_legit_013702,0,777.13,6.6569,342,1,0,1,16,0,0
tx_legit_009476,0,715.73,6.5747,236,1,0,2,18,0,0
tx_legit_002742,0,1242.4,7.1256,129,2,0,1,11,0,0
tx_legit_001393,0,1129.42,7.0303,625,1,0,1,13,0,0
tx_legit_011388,0,374.69,5.9288,542,1,0,1,3,0,0
tx_legit_007344,0,1319.56,7.1858,542,1,0,2,20,0,0
tx_legit_000314,0,897.02,6.8002,341,1,0,3,2,0,0
tx_legit_013019,0,416.5,6.0343,778,1,0,1,1,0,0
tx_legit_012185,0,709.57,6.5661,454,3,0,1,2,0,0
tx_legit_004972,0,745.9,6.6159,55,1,0,1,4,0,0
tx_legit_007557,0,223.82,5.4153,168,1,0,2,4,0,0
tx_legit_001510,0,915.44,6.8205,708,1,0,1,2,0,0
tx_legit_000013,0,135.68,4.9176,183,4,0,1,1,0,0
tx_legit_004691,0,321.09,5.7748,968,1,0,4,2,0,0
tx_legit_000848,0,460.35,6.1342,352,2,0,1,1,0,0
tx_legit_008024,0,133.49,4.9015,560,1,0,1,1,0,0
tx_legit_001585,0,263.85,5.5792,942,1,0,1,1,0,0
tx_legit_000092,0,451.06,6.1138,128,2,0,1,1,0,0
tx_legit_001628,0,891.31,6.7938,718,1,0,6,2,0,0
tx_legit_012075,0,652.02,6.4816,172,4,0,1,2,0,0
tx_legit_002234,0,269.35,5.5997,172,1,0,1,1,0,0
tx_legit_012838,0,292.26,5.6811,238,1,0,1,1,0,0
tx_legit_006708,0,211.84,5.3605,307,1,0,1,1,0,0
tx_legit_011031,0,654.86,6.4859,328,1,1,1,1,0,0
tx_legit_006217,0,4171.18,8.3362,842,1,0,4,3,0,0
tx_legit_001768,0,328.05,5.7962,270,2,0,1,8,0,0
tx_legit_000616,0,356.9,5.8803,199,1,0,1,3,0,0
tx_legit_002281,0,571.1,6.3493,370,1,0,2,17,0,0
tx_legit_009494,0,79.31,4.3859,214,1,0,2,3,0,0
tx_legit_008486,0,714.04,6.5723,887,1,0,2,1,0,0
tx_legit_011150,0,611.37,6.4173,509,1,0,1,1,0,0
tx_legit_006672,0,565.75,6.3399,544,1,0,1,5,0,0
tx_legit_002154,0,809.48,6.6976,772,1,0,1,1,0,0
tx_legit_010066,0,771.5,6.6496,608,1,0,1,1,0,0
tx_legit_006040,0,231.07,5.447,684,4,0,1,2,0,0
tx_legit_012810,0,802.28,6.6887,488,1,0,2,2,0,0
tx_legit_004258,0,3120.77,8.0462,306,1,0,1,2,0,0
tx_legit_011606,0,803.05,6.6897,991,1,0,4,3,0,0
tx_fraud_000658,1,29326.77,10.2863,1,10,9,15,33,1,1
tx_legit_008302,0,642.24,6.4665,361,1,0,1,18,0,0
tx_legit_011890,0,209.71,5.3505,140,1,0,1,3,0,0
tx_legit_007175,0,393.81,5.9784,942,1,0,1,1,0,0
tx_legit_003532,0,452.08,6.1161,341,1,0,1,22,0,0
tx_legit_009577,0,792.13,6.676,323,2,0,4,2,0,0
tx_legit_012120,0,411.51,6.0223,687,2,0,1,1,0,0
tx_legit_003560,0,1344.32,7.2044,648,1,0,1,17,0,0
tx_legit_004872,0,714.84,6.5735,576,1,0,1,12,0,0
tx_fraud_000368,1,20487.6,9.9276,3,4,1,3,2,1,0
tx_legit_005146,0,502.77,6.2221,849,1,0,1,9,0,0
tx_legit_008095,0,113.54,4.7409,411,1,0,3,2,0,0
tx_legit_005231,0,998.16,6.9069,56,1,0,1,2,0,0
tx_legit_006656,0,1125.96,7.0273,852,1,0,1,1,0,0
tx_legit_006260,0,2107.87,7.6539,62,1,0,2,1,0,0
tx_legit_008217,0,1490.8,7.3077,162,1,0,2,1,0,0
tx_legit_010210,0,883.22,6.7847,467,1,2,1,1,0,0
tx_fraud_001167,1,6333.83,8.7538,432,2,0,20,16,0,0
tx_legit_009404,0,144.0,4.9767,418,3,0,1,8,0,0
tx_legit_012700,0,423.22,6.0503,778,1,0,1,2,0,0
tx_legit_000533,0,784.82,6.6667,709,1,0,2,22,0,0
tx_legit_003326,0,445.78,6.1021,382,1,0,1,13,0,0
tx_legit_008442,0,666.52,6.5036,779,1,0,1,13,0,0
tx_legit_007224,0,70.01,4.2628,150,1,0,1,1,0,0
tx_legit_006588,0,563.0,6.3351,472,1,0,1,2,0,0
tx_legit_013747,0,1397.34,7.243,679,2,0,2,1,0,0
tx_legit_007779,0,400.57,5.9954,50,1,0,1,4,0,0
tx_legit_011344,0,262.58,5.5744,703,1,0,2,10,0,0
tx_legit_001816,0,190.22,5.2534,526,1,1,5,2,0,0
tx_legit_002494,0,397.69,5.9882,211,1,0,2,1,0,0
tx_legit_004029,0,417.26,6.0361,798,1,0,1,1,0,0
tx_legit_005284,0,268.77,5.5976,441,1,0,1,20,0,0
tx_legit_013624,0,809.16,6.6972,565,2,0,4,1,0,0
tx_legit_003174,0,436.52,6.0811,708,1,0,1,3,0,0
tx_legit_012708,0,1967.5,7.585,961,1,0,1,1,0,0
tx_legit_011733,0,645.12,6.471,921,1,1,2,1,0,0
tx_legit_011197,0,722.41,6.584,500,1,0,1,1,0,0
tx_fraud_001050,1,7023.39,8.8571,41,2,1,14,11,0,0
tx_legit_003553,0,336.22,5.8207,329,3,0,2,3,0,0
tx_legit_004751,0,942.52,6.8496,818,1,0,1,1,0,0
tx_legit_008165,0,1074.92,6.9809,390,1,0,1,1,0,0
tx_legit_010816,0,732.95,6.5984,143,1,0,1,1,0,0
tx_legit_007892,0,824.24,6.7157,679,1,0,1,1,0,0
tx_legit_004573,0,1384.99,7.2342,708,1,0,2,1,0,0
tx_legit_002566,0,473.66,6.1626,829,1,0,5,1,0,0
tx_fraud_000037,1,13774.01,9.5306,5,8,4,12,3,1,1
tx_legit_011205,0,969.2,6.8775,918,1,0,2,1,0,0
tx_legit_011835,0,290.17,5.6739,627,1,0,1,1,0,0
tx_legit_011869,0,268.9,5.5981,498,3,1,1,1,0,0
tx_legit_001348,0,534.97,6.2841,663,1,0,1,15,0,0
tx_fraud_000004,1,15516.2,9.6497,2,12,4,14,5,1,1
tx_legit_008866,0,211.23,5.3577,691,1,0,2,1,0,0
tx_legit_001267,0,349.8,5.8602,677,1,0,1,14,0,0
tx_legit_013180,0,231.81,5.4502,660,1,0,1,2,0,0
tx_legit_004045,0,467.1,6.1487,186,1,0,4,1,0,0
tx_legit_000493,0,340.8,5.8342,697,1,0,1,1,0,0
tx_legit_001525,0,343.98,5.8435,383,1,0,1,18,0,0
tx_legit_000399,0,241.33,5.4903,573,1,0,1,1,0,0
tx_legit_005785,0,353.41,5.8705,867,1,0,1,1,0,0
tx_legit_013589,0,644.28,6.4697,669,1,0,1,1,0,0
tx_legit_011012,0,406.18,6.0093,561,2,0,4,2,0,0
tx_legit_007733,0,1098.12,7.0023,971,2,0,2,16,0,0
tx_legit_003379,0,923.19,6.8289,993,1,0,3,1,0,0
tx_legit_000124,0,885.59,6.7874,922,1,0,2,1,0,0
tx_legit_008092,0,381.2,5.9459,819,1,0,3,1,0,0
tx_legit_002254,0,315.26,5.7566,743,2,0,1,18,0,0
tx_legit_006652,0,563.95,6.3367,848,1,0,1,1,0,0
tx_legit_006527,0,570.97,6.3491,228,1,0,1,1,0,0
tx_legit_002321,0,915.36,6.8204,980,2,0,1,1,0,0
tx_legit_000685,0,373.69,5.9261,76,1,0,1,1,0,0
tx_legit_004032,0,713.63,6.5718,600,1,0,1,1,0,0
tx_fraud_001042,1,7286.47,8.8939,77,2,1,10,8,0,0
tx_legit_003195,0,753.17,6.6256,417,1,0,4,3,0,0
tx_legit_010622,0,346.53,5.8509,526,1,0,1,1,0,0
tx_legit_010857,0,480.61,6.1771,676,2,0,1,4,0,0
tx_legit_011477,0,2018.86,7.6108,323,2,0,1,1,0,0
tx_legit_000892,0,613.95,6.4215,823,1,0,1,4,0,0
tx_legit_013720,0,92.73,4.5404,328,1,0,2,3,0,0
tx_legit_012889,0,374.16,5.9274,623,1,0,1,2,0,0
tx_legit_011859,0,479.57,6.175,959,1,0,1,3,0,0
tx_legit_010123,0,716.91,6.5763,816,1,0,1,2,0,0
tx_legit_009945,0,305.09,5.7239,189,1,0,1,1,0,0
tx_fraud_001037,1,7362.06,8.9042,151,2,1,6,10,0,0
tx_legit_003737,0,373.38,5.9253,42,3,0,1,1,0,0
tx_legit_009144,0,936.92,6.8437,180,1,0,1,1,0,0
tx_legit_010400,0,1030.24,6.9385,62,1,0,2,14,0,0
tx_legit_005634,0,688.29,6.5357,590,1,0,1,1,0,0
tx_legit_011196,0,687.48,6.5345,802,1,0,1,3,0,0
tx_legit_010363,0,189.27,5.2484,570,1,0,1,1,0,0
tx_legit_001096,0,664.08,6.4999,653,1,0,6,1,0,0
tx_legit_007532,0,501.89,6.2204,140,2,0,1,2,0,0
tx_legit_005331,0,625.58,6.4403,266,1,0,1,1,0,0
tx_legit_008530,0,580.53,6.3657,322,1,0,1,1,0,0
tx_legit_013049,0,1072.33,6.9785,875,2,0,5,2,0,0
tx_legit_000509,0,571.54,6.3501,322,1,0,2,13,0,0
tx_legit_008691,0,374.97,5.9295,686,1,0,1,1,0,0
tx_legit_000662,0,1549.08,7.3461,233,1,0,1,1,0,0
tx_fraud_000202,1,2788.12,7.9335,17,11,3,1,26,0,1
tx_legit_012090,0,168.62,5.1336,194,1,0,1,1,0,0
tx_legit_010701,0,825.25,6.7169,180,1,0,5,1,0,0
tx_legit_010401,0,189.59,5.2501,167,1,0,6,2,0,0
tx_legit_004431,0,617.86,6.4279,114,2,0,1,1,0,0
tx_legit_002295,0,462.44,6.1387,324,2,0,2,3,0,0
tx_legit_011151,0,255.1,5.5456,615,1,0,1,3,0,0
tx_legit_000610,0,346.64,5.8512,341,2,0,2,2,0,0
tx_legit_008560,0,193.81,5.272,967,1,0,1,1,0,0
tx_legit_002561,0,172.78,5.1578,190,1,0,1,2,0,0
tx_legit_005440,0,656.05,6.4878,993,1,1,1,1,0,0
tx_legit_009733,0,232.97,5.4552,920,1,0,2,13,0,0
tx_legit_009998,0,1460.12,7.287,324,1,0,1,1,0,0
tx_legit_007856,0,449.21,6.1097,823,1,0,1,1,0,0
tx_legit_008823,0,2362.24,7.7678,799,3,0,2,2,0,0
tx_legit_013339,0,758.21,6.6323,287,2,0,2,2,0,0
tx_legit_003681,0,460.45,6.1344,123,1,0,1,15,0,0
tx_legit_013743,0,326.45,5.7913,644,1,0,1,1,0,0
tx_fraud_000364,1,9896.19,9.2,3,8,3,2,4,1,1
tx_legit_005389,0,1105.65,7.0091,760,1,1,1,1,0,0
tx_fraud_000572,1,29232.68,10.2831,5,18,10,12,22,1,1
tx_legit_003587,0,563.23,6.3355,573,1,0,2,1,0,0
tx_legit_002308,0,334.61,5.8159,482,2,0,1,1,0,0
tx_legit_001637,0,409.94,6.0184,973,1,0,2,1,0,0
tx_legit_008636,0,395.09,5.9816,602,2,0,2,22,0,0
tx_fraud_001156,1,3525.43,8.168,630,2,0,17,16,0,0
tx_legit_005326,0,63.9,4.1728,766,1,0,1,2,0,0
tx_legit_010201,0,550.08,6.3119,221,1,0,2,3,0,0
tx_legit_004567,0,1308.45,7.1774,686,1,0,1,16,0,0
tx_legit_006897,0,445.98,6.1025,974,2,0,1,3,0,0
tx_legit_011684,0,1003.23,6.912,534,1,0,1,1,0,0
tx_legit_010789,0,677.97,6.5206,781,1,0,1,4,0,0
tx_legit_002196,0,224.06,5.4164,738,3,0,1,1,0,0
tx_legit_006110,0,616.97,6.4264,117,2,0,1,2,0,0
tx_legit_006709,0,987.47,6.8962,732,1,0,2,22,0,0
tx_legit_004143,0,684.33,6.5299,661,1,0,2,1,0,0
tx_legit_011844,0,995.56,6.9043,776,2,0,2,15,0,0
tx_legit_010258,0,341.32,5.8357,158,1,0,1,11,0,0
tx_fraud_001020,1,7132.7,8.8726,162,2,1,11,10,0,0
tx_legit_009941,0,764.31,6.6403,497,1,0,1,2,0,0
tx_legit_003571,0,181.24,5.2053,50,1,0,2,22,0,0
tx_legit_010326,0,135.24,4.9144,213,1,0,1,1,0,0
tx_legit_002170,0,210.51,5.3543,673,1,0,1,1,0,0
tx_legit_008653,0,180.49,5.2012,883,1,0,1,5,0,0
tx_legit_005989,0,2827.35,7.9474,913,1,0,1,1,0,0
tx_fraud_000725,1,1199.01,7.0901,78,1,0,18,20,0,0
tx_legit_005849,0,724.06,6.5863,790,1,0,1,1,0,0
tx_legit_005407,0,1077.44,6.9833,681,1,0,1,1,0,0
tx_legit_006783,0,1361.25,7.2169,70,1,0,1,1,0,0
tx_legit_005451,0,266.86,5.5905,103,1,0,1,1,0,0
tx_legit_010525,0,609.56,6.4144,974,3,0,1,2,0,0
tx_legit_008265,0,384.72,5.9551,347,1,0,2,2,0,0
tx_legit_003556,0,1391.57,7.2389,831,3,0,2,9,0,0
tx_legit_001195,0,992.46,6.9012,443,1,2,2,9,0,0
tx_fraud_000594,1,62631.49,11.045,5,22,9,13,21,1,1
tx_legit_007199,0,434.4,6.0763,114,1,0,2,10,0,0
tx_legit_003458,0,1376.01,7.2277,403,1,0,4,3,0,0
tx_legit_004187,0,176.08,5.1766,892,1,0,1,1,0,0
tx_legit_003198,0,622.66,6.4356,276,1,0,1,1,0,0
tx_legit_007766,0,1320.11,7.1862,277,1,0,4,1,0,0
tx_legit_008923,0,205.65,5.331,972,1,0,1,1,0,0
tx_legit_000243,0,321.14,5.775,290,1,1,1,1,0,0
tx_legit_009439,0,549.41,6.3107,947,1,0,1,2,0,0
tx_legit_005275,0,1461.38,7.2878,789,1,0,2,1,0,0
tx_legit_002332,0,781.66,6.6627,926,1,0,1,1,0,0
tx_legit_000933,0,1171.28,7.0667,115,1,0,1,2,0,0
tx_legit_005442,0,698.22,6.55,29,4,0,1,1,0,0
tx_legit_006282,0,429.94,6.066,861,2,0,2,12,0,0
tx_legit_003739,0,314.5,5.7542,299,1,0,1,2,0,0
tx_legit_000885,0,332.02,5.8082,950,1,0,3,3,0,0
tx_legit_001690,0,510.18,6.2367,83,1,0,1,1,0,0
tx_legit_001627,0,1345.31,7.2051,184,2,0,2,1,0,0
tx_legit_010553,0,934.3,6.8409,882,1,0,1,1,0,0
tx_legit_012872,0,426.89,6.0589,490,1,0,1,1,0,0
tx_legit_013172,0,707.78,6.5635,933,1,0,4,3,0,0
tx_legit_005097,0,1685.46,7.4304,235,1,0,1,17,0,0
tx_legit_008367,0,299.68,5.706,506,1,0,1,1,0,0
tx_legit_005805,0,749.49,6.6207,749,2,0,1,2,0,0
tx_legit_008067,0,506.35,6.2292,416,1,0,2,4,0,0
tx_legit_006759,0,565.9,6.3402,732,3,0,2,2,0,0
tx_legit_011686,0,555.55,6.3218,342,1,0,2,1,0,0
tx_legit_003275,0,211.16,5.3573,758,4,0,1,1,0,0
tx_legit_005623,0,370.33,5.9171,486,1,0,2,2,0,0
tx_legit_010076,0,251.54,5.5316,397,1,0,1,2,0,0
tx_legit_002726,0,593.95,6.3885,205,1,0,3,2,0,0
tx_legit_011747,0,748.6,6.6195,141,1,1,1,2,0,0
tx_fraud_000197,1,9297.37,9.1376,2,20,4,3,17,1,1
tx_legit_000350,0,302.7,5.716,207,3,0,1,2,0,0
tx_legit_008010,0,1030.56,6.9388,732,1,0,1,1,0,0
tx_legit_008827,0,151.01,5.0239,366,3,0,2,10,0,0
tx_legit_007602,0,240.43,5.4866,661,1,0,1,2,0,0
tx_legit_009450,0,1842.1,7.5192,164,1,1,3,2,0,0
tx_legit_003569,0,546.78,6.3059,756,1,0,2,5,0,0
tx_legit_001594,0,322.23,5.7784,55,1,0,2,3,0,0
tx_legit_012757,0,532.39,6.2793,564,1,0,2,18,0,0
tx_legit_011476,0,223.48,5.4138,668,1,0,1,1,0,0
tx_legit_001810,0,449.93,6.1113,544,3,0,1,2,0,0
tx_legit_009403,0,200.76,5.3071,204,2,1,2,21,0,0
tx_legit_010177,0,371.46,5.9201,876,1,0,1,1,0,0
tx_legit_008443,0,389.44,5.9673,797,2,0,1,1,0,0
tx_legit_007275,0,341.86,5.8373,728,1,0,1,1,0,0
tx_fraud_001135,1,5445.09,8.6027,417,2,0,20,11,0,0
tx_legit_003761,0,841.17,6.736,24,1,0,3,1,0,0
tx_legit_013230,0,214.23,5.3717,701,2,0,1,1,0,0
tx_legit_003969,0,1087.72,6.9928,418,1,0,1,1,0,0
tx_legit_012118,0,889.56,6.7919,558,1,0,2,3,0,0
tx_legit_004344,0,2024.55,7.6136,418,4,0,1,19,0,0
tx_legit_009760,0,449.68,6.1108,345,1,0,1,1,0,0
tx_legit_000990,0,856.08,6.7535,471,2,0,1,22,0,0
tx_legit_005956,0,1644.35,7.4057,470,1,0,1,19,0,0
tx_legit_005078,0,1858.06,7.5278,368,1,0,1,14,0,0
tx_legit_004050,0,617.35,6.4271,804,1,0,2,1,0,0
tx_fraud_000516,1,46327.3,10.7435,2,12,4,1,1,1,1
tx_legit_012826,0,462.53,6.1389,684,1,0,1,2,0,0
tx_legit_009051,0,497.13,6.2109,407,1,0,1,3,0,0
tx_legit_007240,0,917.5,6.8227,623,1,0,1,2,0,0
tx_legit_009351,0,318.37,5.7664,198,1,1,1,2,0,0
tx_legit_001900,0,1324.51,7.1896,217,1,0,1,1,0,0
tx_legit_012839,0,1551.88,7.3479,971,2,0,1,1,0,0
tx_legit_013535,0,135.87,4.919,985,1,0,1,1,0,0
tx_fraud_000054,1,11983.29,9.3914,1,5,2,16,5,1,1
tx_legit_001009,0,807.15,6.6947,929,1,0,2,9,0,0
tx_legit_009162,0,855.77,6.7532,680,1,0,1,1,0,0
tx_legit_003347,0,1203.39,7.0937,627,3,0,2,1,0,0
tx_legit_009025,0,1051.76,6.9592,600,2,0,1,1,0,0
tx_fraud_000125,1,5307.21,8.577,11,9,3,10,5,0,1
tx_legit_005602,0,893.26,6.796,538,1,0,2,10,0,0
tx_legit_003150,0,317.86,5.7648,516,2,0,1,1,0,0
tx_legit_010184,0,844.04,6.7394,972,1,1,1,1,0,0
tx_legit_002301,0,1016.6,6.9252,936,1,0,2,18,0,0
tx_legit_002536,0,222.73,5.4104,864,1,0,1,4,0,0
tx_legit_005376,0,238.24,5.4775,307,1,0,2,10,0,0
tx_legit_010319,0,696.68,6.5478,548,1,0,1,2,0,0
tx_legit_005763,0,991.55,6.9003,806,1,0,1,1,0,0
tx_legit_002303,0,987.35,6.896,217,2,0,1,1,0,0
tx_legit_004085,0,325.68,5.789,392,2,0,1,2,0,0
tx_legit_003862,0,455.31,6.1232,541,1,0,1,3,0,0
tx_legit_010219,0,324.78,5.7862,785,1,0,1,1,0,0
tx_legit_002241,0,295.04,5.6905,619,2,2,2,17,0,0
tx_legit_003228,0,151.97,5.0302,154,2,0,1,1,0,0
tx_legit_008941,0,640.3,6.4635,503,1,1,1,4,0,0
tx_legit_008937,0,292.04,5.6803,195,1,0,1,1,0,0
tx_legit_000346,0,1343.2,7.2036,130,3,0,1,1,0,0
tx_legit_012409,0,1319.18,7.1855,319,1,0,1,2,0,0
tx_legit_007305,0,437.37,6.0831,983,3,0,2,12,0,0
tx_fraud_000165,1,14257.62,9.5651,10,17,8,3,32,0,1
tx_legit_009005,0,809.95,6.6982,188,1,0,1,2,0,0
tx_legit_001055,0,1712.55,7.4463,175,1,0,2,1,0,0
tx_legit_004402,0,572.89,6.3524,501,1,0,2,1,0,0
tx_legit_004901,0,623.43,6.4368,918,1,1,1,1,0,0
tx_legit_002469,0,335.98,5.82,290,1,2,1,2,0,0
tx_legit_009641,0,672.31,6.5122,313,2,1,1,1,0,0
tx_legit_005089,0,360.64,5.8906,283,1,0,1,2,0,0
tx_legit_006954,0,177.76,5.186,663,4,0,6,2,0,0
tx_legit_010026,0,262.37,5.5736,106,2,0,1,2,0,0
tx_legit_004611,0,634.34,6.4542,336,1,2,1,1,0,0
tx_legit_012804,0,187.35,5.2383,503,1,0,1,20,0,0
tx_legit_011903,0,609.07,6.4136,854,1,0,1,1,0,0
tx_legit_009330,0,516.62,6.2492,172,1,0,1,11,0,0
tx_legit_002779,0,500.75,6.2181,24,2,0,1,1,0,0
tx_legit_008993,0,660.25,6.4941,672,1,0,2,1,0,0
tx_legit_005995,0,256.84,5.5523,936,2,0,1,1,0,0
tx_legit_011431,0,430.64,6.0676,892,1,0,5,1,0,0
tx_legit_012105,0,895.95,6.799,831,1,0,1,2,0,0
tx_legit_012987,0,560.56,6.3307,352,1,0,1,1,0,0
tx_legit_004937,0,1292.83,7.1654,365,1,0,1,1,0,0
tx_legit_005174,0,685.81,6.5321,827,1,0,3,1,0,0
tx_legit_001371,0,476.85,6.1693,319,1,0,1,2,0,0
tx_legit_007795,0,272.34,5.6107,185,1,0,2,21,0,0
tx_legit_012843,0,590.09,6.382,674,2,0,1,1,0,0
tx_legit_008452,0,648.64,6.4764,288,1,0,1,1,0,0
tx_legit_011319,0,800.41,6.6864,578,1,0,5,1,0,0
tx_legit_002286,0,249.55,5.5237,218,3,0,3,2,0,0
tx_legit_004094,0,239.0,5.4806,405,1,0,2,21,0,0
tx_legit_008678,0,216.91,5.3841,169,1,0,1,2,0,0
tx_legit_000939,0,239.33,5.482,792,1,0,1,2,0,0
tx_legit_011528,0,1013.48,6.9221,292,1,0,2,8,0,0
tx_legit_012037,0,462.75,6.1393,898,1,0,5,3,0,0
tx_legit_011659,0,199.06,5.2986,933,1,0,1,2,0,0
tx_legit_005594,0,396.62,5.9855,602,1,0,3,1,0,0
tx_fraud_001150,1,7987.58,8.9858,560,2,0,18,16,0,0
tx_legit_004067,0,563.03,6.3351,96,1,0,3,2,0,0
tx_legit_003395,0,987.95,6.8966,163,1,1,6,1,0,0
tx_legit_005259,0,1051.02,6.9585,650,1,0,1,2,0,0
tx_legit_006735,0,698.59,6.5505,268,2,0,1,1,0,0
tx_legit_000279,0,218.89,5.3931,974,1,1,1,2,0,0
tx_legit_001841,0,557.46,6.3252,463,2,0,1,2,0,0
tx_legit_009279,0,627.21,6.4429,191,1,1,1,1,0,0
tx_legit_013248,0,647.91,6.4753,977,4,0,2,20,0,0
tx_legit_010949,0,590.24,6.3822,353,1,1,1,1,0,0
tx_legit_007155,0,408.98,6.0161,118,2,0,1,15,0,0
tx_legit_003836,0,785.05,6.667,891,1,2,1,1,0,0
tx_legit_001832,0,619.82,6.431,50,1,0,1,19,0,0
tx_legit_013451,0,606.02,6.4086,294,2,0,1,2,0,0
tx_legit_004847,0,2180.86,7.6879,958,2,0,1,2,0,0
tx_legit_002419,0,627.62,6.4435,603,3,0,1,1,0,0
tx_legit_010318,0,465.3,6.1448,702,1,0,1,1,0,0
tx_legit_001606,0,319.59,5.7702,15,2,1,1,9,0,0
tx_legit_007138,0,841.08,6.7359,103,1,0,1,1,0,0
tx_legit_012293,0,707.58,6.5633,61,1,0,1,2,0,0
tx_legit_012787,0,1090.5,6.9953,510,1,1,1,1,0,0
tx_fraud_000806,1,2143.38,7.6706,196,1,0,1,17,0,0
tx_legit_001711,0,1112.58,7.0153,773,1,0,2,9,0,0
tx_legit_007340,0,483.8,6.1837,298,1,2,1,1,0,0
tx_legit_011872,0,742.53,6.6114,266,3,0,1,4,0,0
tx_legit_012446,0,337.32,5.824,103,1,0,2,12,0,0
tx_legit_006288,0,151.04,5.0241,564,1,0,1,2,0,0
tx_legit_007731,0,265.27,5.5845,852,2,0,1,1,0,0
tx_fraud_000326,1,3523.59,8.1675,5,8,3,4,5,1,1
tx_legit_003055,0,1087.58,6.9926,723,1,0,1,1,0,0
tx_legit_008056,0,313.96,5.7524,759,1,0,1,3,0,0
tx_legit_003634,0,805.31,6.6925,244,2,0,1,3,0,0
tx_legit_001250,0,1311.0,7.1793,137,1,0,1,2,0,0
tx_legit_001614,0,288.38,5.6677,640,1,2,1,1,0,0
tx_legit_006181,0,575.25,6.3565,471,2,0,3,2,0,0
tx_legit_011047,0,1272.52,7.1495,906,1,0,1,15,0,0
tx_legit_011033,0,630.64,6.4483,323,2,0,1,2,0,0
tx_legit_010516,0,138.65,4.9391,219,1,0,1,2,0,0
tx_legit_000829,0,871.51,6.7714,191,1,0,1,1,0,0
tx_legit_010733,0,371.97,5.9215,843,1,0,1,1,0,0
tx_legit_006743,0,89.56,4.506,180,1,0,5,3,0,0
tx_fraud_000784,1,849.14,6.7454,103,1,0,28,14,0,0
tx_legit_006894,0,927.15,6.8332,541,1,0,1,3,0,0
tx_legit_003860,0,3561.85,8.1783,686,1,0,1,1,0,0
tx_legit_001905,0,828.82,6.7212,604,1,0,1,1,0,0
tx_legit_005062,0,441.5,6.0924,611,1,0,1,11,0,0
tx_legit_012954,0,535.91,6.2858,625,1,1,1,1,0,0
tx_legit_005949,0,360.22,5.8895,720,2,0,1,4,0,0
tx_legit_009412,0,284.84,5.6554,583,1,0,1,1,0,0
tx_legit_000733,0,639.51,6.4623,781,1,0,1,1,0,0
tx_legit_012711,0,381.29,5.9462,117,1,0,1,1,0,0
tx_legit_011217,0,271.2,5.6065,418,1,0,1,1,0,0
tx_legit_002436,0,125.18,4.8377,903,2,0,1,1,0,0
tx_legit_006077,0,1094.01,6.9985,824,1,0,1,1,0,0
tx_legit_000415,0,507.97,6.2324,743,2,0,1,1,0,0
tx_legit_006428,0,768.67,6.646,76,3,0,2,1,0,0
tx_legit_002011,0,1114.47,7.017,52,2,0,1,16,0,0
tx_fraud_000185,1,7914.44,8.9766,27,15,3,1,27,0,1
tx_legit_000126,0,492.08,6.2007,740,1,0,1,1,0,0
tx_legit_010797,0,711.46,6.5687,131,1,0,1,1,0,0
tx_legit_007273,0,1216.95,7.1049,562,1,0,1,21,0,0
tx_legit_002208,0,572.33,6.3515,306,1,0,2,14,0,0
tx_legit_009423,0,161.52,5.0908,166,3,0,1,1,0,0
tx_legit_006777,0,147.76,5.0023,25,1,0,3,2,0,0
tx_legit_002222,0,659.7,6.4933,55,1,0,1,1,0,0
tx_legit_001210,0,563.87,6.3366,273,1,1,4,2,0,0
tx_legit_012370,0,682.54,6.5273,898,1,0,1,21,0,0
tx_legit_002346,0,730.57,6.5952,217,1,0,1,10,0,0
tx_fraud_000903,1,2088.59,7.6447,412,1,0,1,22,0,0
tx_legit_013417,0,812.61,6.7015,187,1,0,4,1,0,0
tx_legit_007676,0,2562.2,7.849,525,2,0,2,12,0,0
tx_legit_000579,0,1063.91,6.9706,155,2,0,1,1,0,0
tx_legit_000034,0,218.91,5.3932,267,1,0,2,14,0,0
tx_legit_012401,0,346.22,5.85,533,1,0,1,16,0,0
tx_legit_004131,0,490.1,6.1966,401,1,0,1,4,0,0
tx_legit_007301,0,356.41,5.8789,386,1,0,1,1,0,0
tx_legit_006925,0,214.92,5.3749,974,1,0,1,3,0,0
tx_legit_012077,0,1603.6,7.3806,581,1,0,2,17,0,0
tx_legit_001474,0,1086.44,6.9916,970,1,0,1,2,0,0
tx_legit_010669,0,679.98,6.5235,74,1,0,1,1,0,0
tx_legit_000208,0,392.62,5.9754,265,1,0,1,11,0,0
tx_legit_001493,0,1747.94,7.4668,595,3,0,1,1,0,0
tx_fraud_000314,1,3401.35,8.1322,1,6,2,5,6,1,1
tx_legit_001977,0,224.16,5.4168,172,1,0,1,4,0,0
tx_legit_013611,0,987.93,6.8966,282,1,0,1,1,0,0
tx_legit_008828,0,1463.52,7.2893,787,1,0,1,1,0,0
tx_legit_000143,0,379.21,5.9407,887,3,0,1,1,0,0
tx_legit_005492,0,756.43,6.6299,220,1,0,1,1,0,0
tx_legit_000669,0,373.97,5.9268,564,1,0,1,1,0,0
tx_legit_011443,0,423.6,6.0511,111,1,0,6,3,0,0
tx_fraud_000714,1,1414.86,7.2555,242,1,0,26,16,0,0
tx_legit_007581,0,498.48,6.2136,208,1,0,1,1,0,0
tx_fraud_000173,1,2442.41,7.8011,23,11,4,2,20,0,1
tx_legit_002476,0,935.32,6.842,841,2,1,1,1,0,0
tx_legit_005527,0,363.97,5.8998,62,2,0,1,21,0,0
tx_legit_006684,0,267.49,5.5928,429,1,1,1,12,0,0
tx_legit_008274,0,120.63,4.801,647,2,0,1,1,0,0
tx_legit_007545,0,287.02,5.663,863,1,0,1,3,0,0
tx_legit_006241,0,350.53,5.8623,358,2,0,1,1,0,0
tx_legit_005987,0,310.29,5.7407,929,3,0,5,1,0,0
tx_legit_003329,0,1101.58,7.0054,123,2,0,3,3,0,0
tx_fraud_000637,1,55409.72,10.9225,1,18,6,16,32,1,1
tx_legit_012211,0,642.49,6.4669,206,3,0,1,1,0,0
tx_legit_005204,0,865.47,6.7644,725,1,0,2,8,0,0
tx_legit_011638,0,311.89,5.7459,882,2,0,1,1,0,0
tx_legit_012476,0,793.22,6.6774,759,1,0,1,1,0,0
tx_legit_000986,0,756.61,6.6302,451,1,0,2,1,0,0
tx_legit_011555,0,395.27,5.9821,81,1,1,1,3,0,0
tx_legit_005610,0,444.95,6.1002,903,1,0,1,1,0,0
tx_legit_011780,0,1055.94,6.9631,561,1,0,3,3,0,0
tx_fraud_001122,1,5920.05,8.6863,642,2,0,19,9,0,0
tx_legit_010110,0,1882.83,7.5411,233,1,0,2,2,0,0
tx_legit_009803,0,1282.65,7.1575,479,2,0,2,1,0,0
tx_legit_010443,0,429.95,6.066,508,1,0,1,2,0,0
tx_legit_009145,0,1040.93,6.9488,844,1,0,1,4,0,0
tx_legit_011929,0,575.45,6.3569,841,1,0,1,2,0,0
tx_legit_000615,0,1207.43,7.0971,391,1,0,2,15,0,0
tx_legit_005926,0,658.68,6.4918,582,1,0,1,13,0,0
tx_legit_004858,0,573.81,6.354,454,1,0,3,2,0,0
tx_legit_008264,0,1329.45,7.1933,876,1,0,2,18,0,0
tx_legit_002453,0,122.11,4.8131,495,1,0,2,1,0,0
tx_legit_001978,0,200.16,5.3041,231,1,0,1,9,0,0
tx_legit_009710,0,1322.09,7.1877,826,1,0,1,1,0,0
tx_legit_001226,0,513.03,6.2423,389,1,0,2,15,0,0
tx_legit_011663,0,624.18,6.438,412,1,0,1,19,0,0
tx_legit_009722,0,362.84,5.8967,640,3,0,1,1,0,0
tx_legit_004633,0,279.92,5.6381,104,1,0,1,1,0,0
tx_legit_003639,0,334.69,5.8162,76,2,0,1,1,0,0
tx_fraud_000750,1,1392.28,7.2394,98,1,0,17,16,0,0
tx_legit_004064,0,636.74,6.4579,150,1,0,2,2,0,0
tx_legit_000891,0,392.37,5.9748,681,1,0,2,20,0,0
tx_legit_009757,0,138.2,4.9359,743,1,1,2,9,0,0
tx_legit_007527,0,79.53,4.3886,884,1,0,1,13,0,0
tx_legit_009746,0,512.07,6.2404,809,1,0,1,2,0,0
tx_legit_002798,0,472.51,6.1602,399,1,0,1,4,0,0
tx_legit_012543,0,319.02,5.7684,242,1,0,1,1,0,0
tx_legit_008173,0,902.67,6.8065,826,2,0,1,1,0,0
tx_legit_009124,0,847.05,6.7429,307,1,1,1,18,0,0
tx_legit_011039,0,1361.42,7.217,167,1,0,1,3,0,0
tx_legit_008628,0,502.63,6.2218,869,1,0,3,2,0,0
tx_legit_004264,0,855.56,6.7529,217,1,0,1,1,0,0
tx_legit_012885,0,2509.67,7.8283,412,3,0,2,3,0,0
tx_legit_008440,0,324.3,5.7847,881,1,0,4,3,0,0
tx_legit_003341,0,604.73,6.4064,677,1,1,3,3,0,0
tx_legit_010034,0,1641.32,7.4039,539,1,0,1,2,0,0
tx_legit_013658,0,650.22,6.4788,48,1,0,2,9,0,0
tx_legit_000552,0,436.59,6.0813,190,1,1,1,2,0,0
tx_legit_009936,0,319.58,5.7701,818,2,1,2,1,0,0
tx_legit_000497,0,1152.36,7.0504,76,1,0,1,1,0,0
tx_legit_010457,0,474.56,6.1645,787,2,0,1,17,0,0
tx_legit_006835,0,322.45,5.779,166,1,0,1,2,0,0
tx_fraud_000381,1,7537.73,8.9278,4,4,3,5,3,1,0
tx_legit_012808,0,1030.04,6.9383,392,1,0,1,1,0,0
tx_legit_013414,0,187.38,5.2385,694,1,0,1,2,0,0
tx_legit_013057,0,367.19,5.9086,354,1,0,4,2,0,0
tx_legit_006139,0,383.09,5.9509,986,1,0,2,1,0,0
tx_legit_013443,0,798.82,6.6844,125,1,0,1,2,0,0
tx_legit_011688,0,894.92,6.7979,922,2,0,2,20,0,0
tx_legit_003861,0,308.15,5.7338,330,1,0,1,1,0,0
tx_legit_004058,0,639.94,6.4629,987,2,0,1,1,0,0
tx_legit_006160,0,175.29,5.1721,235,1,0,1,1,0,0
tx_legit_010616,0,704.66,6.5591,782,1,0,1,1,0,0
tx_legit_001366,0,87.16,4.4792,300,1,0,1,1,0,0
tx_legit_008765,0,324.94,5.7867,974,1,0,1,9,0,0
tx_fraud_000007,1,2633.94,7.8766,10,5,1,9,3,0,1
tx_legit_009976,0,492.93,6.2024,608,2,0,1,1,0,0
tx_legit_011853,0,310.32,5.7408,137,1,1,1,1,0,0
tx_legit_006236,0,289.48,5.6715,925,1,1,1,2,0,0
tx_legit_005171,0,1343.08,7.2035,875,1,0,1,1,0,0
tx_legit_000905,0,557.96,6.3261,613,1,0,4,3,0,0
tx_legit_004913,0,701.59,6.5548,220,1,0,1,1,0,0
tx_legit_010193,0,362.41,5.8955,21,1,0,1,2,0,0
tx_legit_012140,0,222.46,5.4092,431,3,0,1,1,0,0
tx_legit_012039,0,595.57,6.3912,610,1,0,1,2,0,0
tx_legit_010303,0,1086.52,6.9917,45,3,0,1,5,0,0
tx_legit_012459,0,360.79,5.8911,531,1,0,1,3,0,0
tx_fraud_000429,1,71480.99,11.1772,2,12,7,1,1,1,1
tx_legit_008861,0,330.82,5.8046,977,1,0,1,2,0,0
tx_legit_012664,0,914.15,6.8191,52,1,0,1,3,0,0
tx_legit_006095,0,1322.15,7.1878,183,1,1,1,1,0,0
tx_legit_013185,0,620.58,6.4323,933,1,0,2,20,0,0
tx_legit_009413,0,368.18,5.9113,641,1,0,1,2,0,0
tx_legit_007814,0,174.61,5.1683,186,1,1,1,1,0,0
tx_legit_000691,0,479.87,6.1756,886,1,0,1,1,0,0
tx_legit_008612,0,612.87,6.4198,476,1,0,1,1,0,0
tx_legit_006730,0,668.42,6.5064,773,3,0,1,1,0,0
tx_legit_012215,0,469.9,6.1546,676,1,0,1,1,0,0
tx_legit_007594,0,448.89,6.109,524,1,1,1,1,0,0
tx_legit_009735,0,2400.22,7.7837,532,1,1,1,2,0,0
tx_legit_000134,0,200.85,5.3075,752,1,0,1,11,0,0
tx_legit_013669,0,141.66,4.9605,989,1,0,1,22,0,0
tx_legit_010891,0,516.36,6.2487,784,1,0,1,10,0,0
tx_legit_009438,0,1296.84,7.1685,258,1,0,1,1,0,0
tx_legit_011801,0,299.27,5.7047,926,1,0,2,1,0,0
tx_legit_003509,0,435.22,6.0781,685,2,0,1,1,0,0
tx_legit_012396,0,643.14,6.4679,869,1,0,1,2,0,0
tx_legit_011967,0,779.78,6.6603,291,1,2,4,3,0,0
tx_legit_010698,0,166.7,5.1222,557,1,0,1,4,0,0
tx_legit_000441,0,255.61,5.5476,225,1,0,2,19,0,0
tx_legit_012024,0,153.8,5.0421,839,1,0,1,1,0,0
tx_legit_009356,0,1777.79,7.4837,475,1,0,3,1,0,0
tx_legit_004766,0,1180.26,7.0743,666,1,0,1,4,0,0
tx_legit_012782,0,166.23,5.1194,95,1,0,1,2,0,0
tx_legit_002786,0,860.8,6.759,290,1,0,1,1,0,0
tx_legit_005537,0,424.74,6.0538,52,1,0,1,2,0,0
tx_legit_002865,0,257.68,5.5556,56,1,0,1,1,0,0
tx_legit_004915,0,872.39,6.7724,570,3,0,1,14,0,0
tx_legit_001119,0,1274.8,7.1513,334,1,0,1,1,0,0
tx_legit_006027,0,357.39,5.8816,659,2,1,1,1,0,0
tx_legit_011717,0,303.52,5.7187,21,1,0,1,22,0,0
tx_legit_005524,0,575.23,6.3565,912,1,0,1,3,0,0
tx_legit_004242,0,1251.51,7.1329,853,2,0,1,1,0,0
tx_legit_007824,0,710.13,6.5669,738,1,1,1,1,0,0
tx_legit_011092,0,334.17,5.8146,753,1,0,2,1,0,0
tx_legit_002426,0,144.01,4.9768,108,1,0,1,1,0,0
tx_legit_012822,0,648.35,6.476,31,4,0,3,3,0,0
tx_legit_003207,0,532.74,6.2799,399,1,0,1,1,0,0
tx_legit_013031,0,1180.79,7.0748,532,2,0,1,19,0,0
tx_fraud_000104,1,6055.64,8.7089,13,4,3,16,5,0,0
tx_legit_009252,0,642.24,6.4665,155,1,1,1,1,0,0
tx_legit_010179,0,682.54,6.5273,604,1,0,1,2,0,0
tx_legit_013201,0,671.48,6.511,235,1,0,1,1,0,0
tx_fraud_000148,1,2442.28,7.8011,13,23,2,2,13,0,1
tx_legit_008278,0,625.34,6.4399,234,1,0,1,2,0,0
tx_legit_007212,0,125.12,4.8372,578,1,0,1,1,0,0
tx_legit_005278,0,839.78,6.7343,454,1,0,1,1,0,0
tx_legit_011880,0,376.94,5.9347,840,1,0,1,1,0,0
tx_legit_004758,0,77.17,4.3589,142,1,0,1,10,0,0
tx_legit_001083,0,1088.07,6.9931,64,1,0,1,2,0,0
tx_legit_006112,0,342.97,5.8406,619,1,0,1,11,0,0
tx_legit_001116,0,455.87,6.1244,218,1,0,1,2,0,0
tx_legit_012447,0,501.71,6.22,426,1,1,5,1,0,0
tx_legit_012851,0,181.34,5.2059,381,2,0,1,1,0,0
tx_legit_006757,0,879.56,6.7806,880,3,0,1,1,0,0
tx_fraud_001071,1,3509.33,8.1635,837,2,0,13,13,0,0
tx_legit_011113,0,1065.72,6.9723,603,1,0,1,2,0,0
tx_legit_001206,0,305.99,5.7268,457,1,0,1,1,0,0
tx_legit_007793,0,1312.07,7.1801,205,1,0,1,4,0,0
tx_legit_013703,0,664.16,6.5,272,2,0,1,3,0,0
tx_legit_000697,0,247.69,5.5162,720,1,0,1,2,0,0
tx_legit_008503,0,242.31,5.4943,981,1,0,1,1,0,0
tx_legit_008582,0,126.95,4.8516,278,1,0,1,1,0,0
tx_legit_006100,0,285.38,5.6573,583,1,0,1,1,0,0
tx_legit_009354,0,589.01,6.3801,820,1,0,1,2,0,0
tx_fraud_000021,1,3485.0,8.1565,7,6,4,8,3,1,1
tx_legit_003148,0,456.02,6.1247,78,1,0,2,1,0,0
tx_legit_012687,0,377.47,5.9361,665,1,0,1,1,0,0
tx_legit_011463,0,449.93,6.1113,350,2,0,1,1,0,0
tx_legit_003141,0,517.93,6.2518,29,1,0,1,1,0,0
tx_legit_002221,0,349.96,5.8607,893,1,0,1,1,0,0
tx_legit_013129,0,914.29,6.8192,923,1,0,1,1,0,0
tx_legit_010927,0,987.08,6.8958,187,4,0,1,1,0,0
tx_legit_009632,0,769.97,6.6476,336,1,0,1,1,0,0
tx_legit_011026,0,240.53,5.487,534,2,0,1,3,0,0
tx_legit_003925,0,230.63,5.4451,969,1,1,1,1,0,0
tx_legit_013060,0,664.97,6.5012,974,1,0,3,3,0,0
tx_legit_006375,0,391.33,5.9721,640,1,0,1,2,0,0
tx_legit_012487,0,540.56,6.2945,542,2,0,1,3,0,0
tx_legit_005437,0,725.77,6.5886,844,2,0,1,4,0,0
tx_legit_006877,0,924.59,6.8304,406,1,0,1,1,0,0
tx_legit_002629,0,327.33,5.794,37,1,0,1,2,0,0
tx_legit_001560,0,208.25,5.3435,344,1,0,1,1,0,0
tx_legit_005955,0,1081.53,6.9871,898,1,0,1,2,0,0
tx_legit_010767,0,507.87,6.2322,864,1,0,2,1,0,0
tx_fraud_000031,1,7034.42,8.8587,1,4,2,12,4,1,0
tx_legit_007470,0,421.76,6.0468,459,1,0,1,14,0,0
tx_legit_006814,0,363.9,5.8996,81,1,0,1,3,0,0
tx_legit_005054,0,194.46,5.2754,700,1,0,2,16,0,0
tx_legit_012486,0,1712.5,7.4463,355,2,0,1,1,0,0
tx_legit_001050,0,668.33,6.5063,310,1,0,1,1,0,0
tx_legit_013291,0,392.74,5.9757,949,1,0,1,1,0,0
tx_legit_005626,0,338.55,5.8276,842,1,0,2,2,0,0
tx_legit_005051,0,430.25,6.0667,330,1,1,1,1,0,0
tx_legit_012937,0,283.71,5.6515,629,1,0,1,2,0,0
tx_legit_013012,0,202.9,5.3176,657,1,0,1,13,0,0
tx_legit_010006,0,1137.72,7.0377,131,1,0,1,3,0,0
tx_legit_012823,0,1203.09,7.0935,404,1,0,1,1,0,0
tx_legit_000406,0,231.54,5.4491,615,1,0,1,5,0,0
tx_legit_005710,0,672.43,6.5124,766,4,0,1,1,0,0
tx_legit_011081,0,175.85,5.1753,672,1,0,1,10,0,0
tx_legit_003489,0,426.89,6.0589,901,1,0,2,10,0,0
tx_legit_011591,0,705.33,6.5601,418,2,0,1,2,0,0
tx_legit_005002,0,384.45,5.9544,17,1,0,3,1,0,0
tx_legit_004080,0,306.88,5.7297,192,1,0,2,20,0,0
tx_legit_007645,0,669.69,6.5083,662,1,0,1,1,0,0
tx_legit_002897,0,316.5,5.7605,80,1,1,2,1,0,0
tx_legit_004471,0,1178.37,7.0727,567,2,0,1,3,0,0
tx_legit_000656,0,413.1,6.0261,848,2,0,1,3,0,0
tx_legit_001369,0,348.91,5.8577,606,1,0,2,10,0,0
tx_legit_011207,0,936.51,6.8432,38,1,0,2,11,0,0
tx_fraud_000521,1,86722.25,11.3705,5,7,6,1,1,1,1
tx_legit_000182,0,341.5,5.8363,640,1,0,1,2,0,0
tx_legit_002914,0,405.73,6.0081,971,3,0,1,2,0,0
tx_legit_012831,0,290.72,5.6758,875,1,1,1,2,0,0
tx_legit_011322,0,635.75,6.4564,826,3,0,1,1,0,0
tx_fraud_000384,1,6070.46,8.7114,0,4,0,2,6,1,0
tx_legit_012475,0,470.05,6.155,322,1,0,1,10,0,0
tx_legit_006788,0,218.27,5.3903,831,2,0,4,2,0,0
tx_fraud_000042,1,5194.64,8.5556,11,7,4,15,4,0,1
tx_legit_003916,0,390.39,5.9697,303,2,0,2,1,0,0
tx_legit_007130,0,476.14,6.1678,561,1,0,1,1,0,0
tx_legit_010739,0,573.03,6.3527,849,1,0,2,1,0,0
tx_legit_003767,0,499.49,6.2156,316,1,0,6,2,0,0
tx_legit_001684,0,369.81,5.9157,111,1,1,1,2,0,0
tx_legit_001819,0,219.11,5.3941,881,1,0,1,1,0,0
tx_legit_012601,0,759.29,6.6337,946,1,0,1,1,0,0
tx_legit_012892,0,303.19,5.7177,67,2,0,1,1,0,0
tx_legit_012294,0,478.81,6.1734,130,1,0,1,3,0,0
tx_legit_012369,0,1393.23,7.2401,560,1,0,2,1,0,0
tx_legit_001273,0,357.71,5.8825,70,1,0,1,1,0,0
tx_legit_005869,0,330.27,5.8029,892,2,0,1,2,0,0
tx_legit_012410,0,939.02,6.8459,167,1,0,3,1,0,0
tx_legit_013681,0,2229.48,7.71,493,1,0,1,20,0,0
tx_legit_006149,0,164.61,5.1096,668,1,0,1,18,0,0
tx_legit_008198,0,601.6,6.4013,492,1,1,1,1,0,0
tx_legit_004624,0,1035.0,6.9431,536,1,0,1,2,0,0
tx_legit_008646,0,737.04,6.604,462,4,0,1,1,0,0
tx_legit_012943,0,836.72,6.7307,786,1,0,1,1,0,0
tx_legit_003708,0,1399.92,7.2449,528,2,0,2,18,0,0
tx_legit_000145,0,395.56,5.9828,25,1,0,5,3,0,0
tx_legit_012905,0,445.93,6.1024,693,1,0,1,1,0,0
tx_legit_003409,0,321.08,5.7748,645,1,0,3,1,0,0
tx_legit_000526,0,229.64,5.4409,717,1,0,1,2,0,0
tx_legit_006190,0,830.57,6.7233,191,2,1,6,1,0,0
tx_fraud_001040,1,7447.1,8.9157,115,2,1,13,7,0,0
tx_legit_006248,0,355.09,5.8752,860,2,0,2,8,0,0
tx_legit_003578,0,286.61,5.6616,215,1,0,1,13,0,0
tx_legit_011408,0,882.79,6.7842,447,2,0,1,1,0,0
tx_legit_012308,0,143.56,4.9737,842,1,0,1,1,0,0
tx_legit_011095,0,464.17,6.1424,862,1,0,6,2,0,0
tx_legit_009890,0,976.79,6.8853,955,3,0,1,1,0,0
tx_legit_011574,0,662.21,6.4971,349,1,0,1,1,0,0
tx_legit_001657,0,266.31,5.5884,870,1,0,2,1,0,0
tx_legit_012956,0,565.13,6.3388,599,3,0,3,4,0,0
tx_fraud_000177,1,1293.78,7.1661,16,19,4,2,24,0,1
tx_legit_004451,0,181.41,5.2063,134,1,0,1,1,0,0
tx_legit_000184,0,1404.33,7.248,327,1,0,2,1,0,0
tx_legit_005698,0,158.78,5.0738,37,2,0,1,1,0,0
tx_legit_004377,0,2392.51,7.7805,442,1,0,2,1,0,0
tx_legit_009970,0,263.84,5.5791,55,1,2,2,2,0,0
tx_legit_011631,0,510.76,6.2379,524,1,1,2,8,0,0
tx_legit_000815,0,512.7,6.2416,324,3,0,1,1,0,0
tx_legit_004485,0,1357.57,7.2142,399,1,0,1,11,0,0
tx_legit_006143,0,387.74,5.9629,394,1,0,1,3,0,0
tx_legit_005766,0,788.3,6.6711,741,3,0,3,2,0,0
tx_fraud_000335,1,7157.24,8.876,0,3,2,2,5,1,0
tx_legit_010591,0,573.75,6.3539,419,1,0,1,5,0,0
tx_legit_007748,0,1630.31,7.3971,389,3,1,1,1,0,0
tx_legit_004126,0,384.08,5.9535,44,1,0,1,1,0,0
tx_legit_002860,0,633.11,6.4522,30,1,1,1,1,0,0
tx_legit_011424,0,632.24,6.4508,665,1,0,1,1,0,0
tx_legit_005149,0,540.47,6.2943,591,1,0,2,2,0,0
tx_legit_007458,0,1242.71,7.1259,557,2,0,5,1,0,0
tx_legit_002462,0,655.1,6.4863,315,1,0,1,1,0,0
tx_legit_009669,0,226.39,5.4267,994,3,0,3,3,0,0
tx_legit_004313,0,1816.41,7.5052,402,1,0,1,1,0,0
tx_legit_006233,0,826.37,6.7183,876,1,0,2,1,0,0
tx_legit_009775,0,1550.74,7.3471,597,1,0,1,1,0,0
tx_legit_004636,0,891.1,6.7936,223,2,0,1,1,0,0
tx_legit_013186,0,604.39,6.4059,895,1,0,1,1,0,0
tx_legit_007837,0,770.14,6.6479,463,1,0,1,1,0,0
tx_legit_006021,0,721.67,6.583,134,1,0,1,2,0,0
tx_fraud_001198,1,5019.48,8.5213,780,2,0,21,13,0,0
tx_legit_012217,0,1057.65,6.9647,741,2,0,1,4,0,0
tx_legit_008069,0,615.02,6.4233,708,1,0,1,3,0,0
tx_legit_010208,0,562.56,6.3343,760,3,0,1,1,0,0
tx_legit_010638,0,257.92,5.5565,795,1,0,2,15,0,0
tx_legit_001661,0,380.41,5.9439,648,1,0,1,1,0,0
tx_fraud_000428,1,93342.84,11.444,1,6,4,1,1,1,1
tx_legit_009032,0,472.74,6.1607,100,1,0,1,1,0,0
tx_legit_003276,0,381.8,5.9475,986,2,0,5,1,0,0
tx_legit_010196,0,2145.42,7.6716,15,1,0,1,3,0,0
tx_legit_007356,0,404.32,6.0047,952,2,0,1,2,0,0
tx_legit_011121,0,193.24,5.2691,567,2,0,1,2,0,0
tx_legit_003066,0,435.02,6.0777,953,1,0,2,12,0,0
tx_fraud_000869,1,1483.82,7.303,348,1,0,1,19,0,0
tx_fraud_000484,1,87618.49,11.3808,10,12,3,1,1,0,1
tx_legit_007206,0,692.32,6.5415,328,1,0,1,1,0,0
tx_legit_012086,0,286.62,5.6616,880,1,0,1,1,0,0
tx_legit_004698,0,503.25,6.2231,852,1,0,2,1,0,0
tx_legit_000363,0,366.38,5.9064,180,1,0,1,1,0,0
tx_legit_012504,0,802.54,6.689,334,1,0,1,2,0,0
tx_legit_000927,0,1984.41,7.5936,262,2,0,1,2,0,0
tx_legit_001358,0,715.09,6.5738,779,1,0,1,1,0,0
tx_legit_002975,0,1716.24,7.4485,708,1,0,1,1,0,0
tx_legit_006605,0,226.27,5.4261,205,1,0,1,1,0,0
tx_fraud_000464,1,73367.08,11.2032,10,7,7,1,1,0,1
tx_legit_013165,0,402.51,6.0002,831,1,0,1,10,0,0
tx_legit_002377,0,512.98,6.2422,371,1,0,1,2,0,0
tx_legit_013085,0,1264.78,7.1434,980,1,1,1,1,0,0
tx_legit_007398,0,119.33,4.7902,164,2,0,5,1,0,0
tx_legit_001383,0,221.54,5.4051,673,3,0,1,2,0,0
tx_legit_002041,0,598.92,6.3968,407,2,1,1,1,0,0
tx_fraud_000320,1,12878.45,9.4634,3,3,0,3,6,1,0
tx_legit_004415,0,212.34,5.3629,268,1,1,1,11,0,0
tx_fraud_000386,1,5205.39,8.5576,0,9,2,4,4,1,1
tx_legit_013410,0,844.18,6.7395,206,3,0,1,5,0,0
tx_legit_009574,0,524.33,6.264,400,2,0,2,8,0,0
tx_legit_000047,0,458.25,6.1296,391,1,0,4,3,0,0
tx_legit_004041,0,840.16,6.7348,848,1,0,1,2,0,0
tx_legit_009689,0,515.6,6.2473,282,1,1,6,2,0,0
tx_legit_004277,0,548.68,6.3093,322,1,0,2,20,0,0
tx_legit_010598,0,292.52,5.6819,397,2,0,1,1,0,0
tx_legit_002741,0,538.44,6.2905,595,1,0,2,3,0,0
tx_legit_011818,0,531.4,6.2774,749,3,1,1,1,0,0
tx_fraud_000584,1,41221.39,10.6267,2,10,4,15,29,1,1
tx_legit_002861,0,844.14,6.7395,97,1,0,1,2,0,0
tx_legit_010755,0,342.28,5.8385,358,1,0,1,2,0,0
tx_legit_004674,0,247.01,5.5135,179,1,1,4,3,0,0
tx_legit_001293,0,1044.25,6.952,926,1,0,2,22,0,0
tx_legit_010023,0,184.38,5.2224,641,1,0,1,1,0,0
tx_legit_001072,0,613.22,6.4204,967,1,1,1,8,0,0
tx_legit_001873,0,494.02,6.2046,192,1,0,1,1,0,0
tx_legit_007790,0,663.24,6.4986,208,1,0,1,4,0,0
tx_legit_005935,0,804.97,6.692,101,1,0,1,21,0,0
tx_legit_011775,0,697.77,6.5493,124,2,0,1,1,0,0
tx_legit_003087,0,530.69,6.2761,95,1,0,2,17,0,0
tx_legit_002553,0,401.07,5.9966,299,1,0,1,1,0,0
tx_fraud_000206,1,2606.55,7.8662,24,20,4,3,12,0,1
tx_legit_012546,0,343.38,5.8417,712,3,0,1,2,0,0
tx_legit_003575,0,263.63,5.5783,356,1,1,2,2,0,0
tx_fraud_000500,1,55095.8,10.9168,2,9,6,1,1,1,1
tx_legit_008127,0,1236.85,7.1211,263,1,0,2,4,0,0
tx_legit_008967,0,725.78,6.5886,573,1,0,1,11,0,0
tx_legit_000808,0,541.07,6.2954,297,1,2,1,20,0,0
tx_legit_013369,0,392.38,5.9748,371,1,0,1,3,0,0
tx_legit_004763,0,366.05,5.9055,360,1,0,1,2,0,0
tx_fraud_001052,1,5088.49,8.5349,153,2,1,8,5,0,0
tx_legit_005526,0,563.08,6.3352,866,1,0,1,3,0,0
tx_legit_002844,0,1316.11,7.1832,868,1,0,2,3,0,0
tx_legit_000780,0,129.03,4.8678,419,1,0,1,1,0,0
tx_legit_009903,0,2053.44,7.6278,993,3,0,1,1,0,0
tx_legit_002643,0,377.21,5.9354,254,1,0,1,1,0,0
tx_legit_004566,0,119.09,4.7882,525,1,0,1,2,0,0
tx_legit_011177,0,1041.86,6.9497,691,2,0,1,2,0,0
tx_legit_000680,0,952.19,6.8598,660,1,0,4,1,0,0
tx_legit_007150,0,429.53,6.065,694,3,0,1,1,0,0
tx_legit_013393,0,754.88,6.6279,418,1,0,1,16,0,0
tx_fraud_000251,1,14647.14,9.5921,9,11,5,4,25,0,1
tx_legit_005123,0,121.26,4.8061,245,1,0,1,1,0,0
tx_legit_009067,0,465.8,6.1459,883,1,0,1,3,0,0
tx_legit_013078,0,655.27,6.4866,701,2,0,2,16,0,0
tx_legit_012016,0,455.82,6.1243,205,1,0,2,4,0,0
tx_legit_011548,0,568.67,6.3451,887,1,0,3,1,0,0
tx_legit_002002,0,422.01,6.0474,923,2,0,1,3,0,0
tx_legit_013449,0,413.13,6.0262,559,1,1,3,2,0,0
tx_legit_005841,0,521.04,6.2577,760,1,0,1,1,0,0
tx_legit_008294,0,117.34,4.7736,760,1,0,1,3,0,0
tx_legit_013343,0,855.69,6.7531,694,1,0,1,10,0,0
tx_legit_005317,0,988.75,6.8975,402,1,0,2,10,0,0
tx_fraud_000961,1,5912.66,8.685,102,2,1,8,9,0,0
tx_legit_010600,0,813.82,6.703,837,1,0,1,2,0,0
tx_legit_008359,0,450.95,6.1136,878,1,2,1,3,0,0
tx_legit_011559,0,992.37,6.9011,217,1,0,1,1,0,0
tx_legit_005873,0,1342.28,7.2029,777,1,0,1,2,0,0
tx_legit_009947,0,135.95,4.9196,844,1,0,1,1,0,0
tx_legit_004469,0,359.4,5.8872,148,1,0,1,1,0,0
tx_legit_003407,0,791.14,6.6747,118,1,0,5,3,0,0
tx_legit_012964,0,402.76,6.0008,430,1,0,1,1,0,0
tx_fraud_000293,1,20176.87,9.9123,1,4,2,5,3,1,0
tx_legit_005664,0,481.16,6.1783,100,1,0,1,1,0,0
tx_legit_003644,0,445.54,6.1015,229,1,0,1,1,0,0
tx_legit_001087,0,243.21,5.498,223,1,0,1,1,0,0
tx_legit_002260,0,440.69,6.0906,887,1,2,2,2,0,0
tx_legit_010272,0,1681.95,7.4283,680,1,0,1,1,0,0
tx_fraud_000226,1,14275.65,9.5664,24,23,4,4,21,0,1
tx_legit_010819,0,501.53,6.2197,749,4,0,4,3,0,0
tx_legit_003926,0,452.12,6.1162,560,1,0,2,15,0,0
tx_legit_003044,0,1052.43,6.9598,604,1,0,3,2,0,0
tx_legit_012125,0,763.22,6.6389,844,2,0,1,2,0,0
tx_legit_012288,0,481.29,6.1785,736,1,0,1,3,0,0
tx_legit_007762,0,195.77,5.282,956,1,0,1,1,0,0
tx_legit_002688,0,851.57,6.7483,618,1,0,2,12,0,0
tx_legit_003137,0,892.49,6.7951,881,3,0,2,10,0,0
tx_legit_013480,0,511.95,6.2402,144,1,0,1,1,0,0
tx_fraud_000444,1,72894.72,11.1968,6,8,4,1,1,1,1
tx_legit_012246,0,549.08,6.3101,123,2,0,2,1,0,0
tx_legit_010794,0,553.49,6.318,612,1,0,3,3,0,0
tx_legit_012064,0,245.94,5.5091,447,1,0,1,1,0,0
tx_legit_000387,0,1272.32,7.1494,857,1,0,1,4,0,0
tx_legit_005892,0,282.81,5.6483,265,2,0,1,2,0,0
tx_legit_013741,0,693.85,6.5437,637,2,0,2,21,0,0
tx_legit_009089,0,768.71,6.646,681,1,0,1,12,0,0
tx_legit_008749,0,263.08,5.5763,929,2,0,2,1,0,0
tx_legit_013215,0,99.5,4.6102,648,1,0,1,1,0,0
tx_legit_002657,0,405.94,6.0087,809,1,0,2,1,0,0
tx_legit_010599,0,331.89,5.8078,675,2,0,1,3,0,0
tx_legit_008577,0,167.46,5.1267,521,1,0,1,2,0,0
tx_legit_003211,0,482.07,6.1802,144,1,0,1,1,0,0
tx_legit_001386,0,984.57,6.8932,861,1,1,1,2,0,0
tx_legit_003899,0,284.56,5.6545,720,1,0,5,3,0,0
tx_legit_012174,0,456.07,6.1248,352,1,0,1,1,0,0
tx_legit_010903,0,213.64,5.369,783,2,0,1,1,0,0
tx_legit_010393,0,794.27,6.6787,747,1,0,1,2,0,0
tx_legit_009271,0,317.67,5.7642,590,1,0,1,3,0,0
tx_legit_002168,0,197.45,5.2905,956,1,0,1,1,0,0
tx_legit_005022,0,695.48,6.546,741,2,0,1,3,0,0
tx_fraud_000684,1,1032.67,6.9409,216,1,0,24,15,0,0
tx_legit_006148,0,128.4,4.8629,110,1,0,2,2,0,0
tx_legit_006509,0,2103.45,7.6518,418,1,2,1,2,0,0
tx_legit_011546,0,268.81,5.5977,760,2,0,1,1,0,0
tx_legit_011138,0,242.78,5.4963,892,1,0,1,2,0,0
tx_legit_008049,0,441.62,6.0927,158,3,0,4,1,0,0
tx_legit_012119,0,2346.86,7.7613,422,1,0,1,1,0,0
tx_legit_000752,0,3385.05,8.1274,296,1,0,1,1,0,0
tx_legit_013770,0,225.84,5.4242,595,2,0,1,1,0,0
tx_legit_002136,0,672.12,6.5119,816,1,0,1,2,0,0
tx_legit_006692,0,408.54,6.015,612,1,0,1,1,0,0
tx_legit_010926,0,825.6,6.7173,208,1,1,1,1,0,0
tx_legit_002727,0,1394.29,7.2409,593,1,0,2,15,0,0
tx_legit_002891,0,935.96,6.8426,320,1,1,2,9,0,0
tx_legit_005862,0,1084.18,6.9895,684,1,0,1,3,0,0
tx_legit_012755,0,1727.37,7.4549,779,2,0,1,14,0,0
tx_legit_005033,0,268.71,5.5973,78,1,0,3,1,0,0
tx_legit_008014,0,313.12,5.7498,352,1,0,1,1,0,0
tx_legit_010496,0,630.87,6.4487,710,4,0,1,4,0,0
tx_legit_012334,0,183.98,5.2202,581,1,0,2,13,0,0
tx_legit_007288,0,468.2,6.151,500,1,1,2,1,0,0
tx_legit_004454,0,530.52,6.2757,123,2,0,1,1,0,0
tx_legit_007719,0,2056.5,7.6292,974,1,0,1,22,0,0
tx_legit_012060,0,617.56,6.4274,370,1,0,1,1,0,0
tx_legit_002192,0,1380.0,7.2306,312,1,0,1,1,0,0
tx_legit_011062,0,375.28,5.9303,378,1,0,1,19,0,0
tx_fraud_000604,1,60893.3,11.0169,7,21,5,16,25,1,1
tx_legit_006564,0,90.49,4.5162,155,1,0,1,1,0,0
tx_legit_000024,0,773.36,6.652,694,1,0,1,1,0,0
tx_legit_013517,0,248.87,5.5209,709,1,0,2,3,0,0
tx_legit_001425,0,252.38,5.5349,761,1,0,1,14,0,0
tx_legit_005154,0,489.5,6.1954,407,2,0,1,1,0,0
tx_legit_005350,0,908.39,6.8128,267,1,0,1,2,0,0
tx_legit_011807,0,246.97,5.5133,785,1,0,1,1,0,0
tx_legit_009348,0,484.25,6.1847,77,1,0,1,1,0,0
tx_legit_001953,0,257.46,5.5547,925,2,0,2,1,0,0
tx_legit_006657,0,289.92,5.673,44,1,0,2,1,0,0
tx_legit_006883,0,1494.61,7.3103,477,2,0,1,2,0,0
tx_legit_004834,0,272.39,5.6109,319,1,0,1,1,0,0
tx_legit_011066,0,453.37,6.1189,363,2,0,1,1,0,0
tx_legit_002024,0,290.27,5.6743,450,1,0,1,1,0,0
tx_legit_002089,0,206.49,5.3351,505,1,0,3,3,0,0
tx_legit_004158,0,246.28,5.5105,433,1,0,5,2,0,0
tx_legit_000257,0,773.23,6.6519,677,1,0,1,2,0,0
tx_legit_002150,0,1693.93,7.4354,217,1,0,1,12,0,0
tx_legit_010854,0,364.8,5.9021,613,1,0,1,1,0,0
tx_legit_009851,0,296.24,5.6945,794,1,0,1,20,0,0
tx_legit_002675,0,1025.3,6.9337,408,2,0,2,9,0,0
tx_legit_012234,0,340.04,5.832,457,2,0,1,1,0,0
tx_legit_007196,0,855.01,6.7523,759,1,0,4,3,0,0
tx_legit_013475,0,671.36,6.5108,831,2,0,2,13,0,0
tx_legit_001800,0,345.11,5.8468,271,1,0,2,2,0,0
tx_legit_010534,0,285.1,5.6563,659,4,0,1,1,0,0
tx_legit_003463,0,502.49,6.2216,199,1,0,1,3,0,0
tx_legit_008944,0,459.39,6.1321,842,2,0,1,2,0,0
tx_legit_012975,0,746.22,6.6164,319,1,0,1,1,0,0
tx_legit_000712,0,296.93,5.6969,258,1,1,1,1,0,0
tx_legit_001697,0,211.77,5.3602,92,2,0,1,1,0,0
tx_fraud_000107,1,15095.53,9.6222,14,12,4,8,4,0,1
tx_legit_007133,0,1484.8,7.3037,635,2,0,1,3,0,0
tx_legit_006032,0,330.37,5.8032,15,2,0,1,1,0,0
tx_legit_013123,0,265.26,5.5845,28,1,0,1,1,0,0
tx_legit_013084,0,274.97,5.6203,558,2,0,2,1,0,0
tx_legit_003548,0,559.71,6.3292,405,2,0,2,10,0,0
tx_legit_007680,0,231.1,5.4472,514,2,0,1,5,0,0
tx_legit_003116,0,282.17,5.646,183,2,0,1,2,0,0
tx_legit_012116,0,1787.73,7.4893,639,1,1,5,3,0,0
tx_legit_002382,0,399.79,5.9934,292,1,0,1,20,0,0
tx_legit_005545,0,269.12,5.5989,641,1,0,2,1,0,0
tx_legit_011164,0,612.08,6.4185,856,1,1,2,16,0,0
tx_legit_013577,0,985.25,6.8939,15,1,0,1,1,0,0
tx_legit_004570,0,185.5,5.2284,880,1,0,1,1,0,0
tx_legit_000625,0,625.18,6.4396,566,1,0,1,2,0,0
tx_legit_004919,0,443.48,6.0969,278,4,0,1,2,0,0
tx_legit_003722,0,365.24,5.9033,887,1,0,2,1,0,0
tx_legit_005853,0,259.36,5.5621,77,1,0,1,1,0,0
tx_fraud_000920,1,2446.85,7.803,178,1,0,1,22,0,0
tx_legit_012600,0,624.75,6.439,377,1,0,2,2,0,0
tx_legit_011720,0,125.79,4.8425,645,1,0,1,1,0,0
tx_legit_005038,0,440.26,6.0896,395,2,0,1,1,0,0
tx_legit_006474,0,3239.45,8.0835,320,1,1,1,1,0,0
tx_legit_010942,0,273.74,5.6158,363,1,0,1,2,0,0
tx_legit_007801,0,277.46,5.6293,159,1,0,1,14,0,0
tx_legit_009870,0,406.94,6.0111,538,1,0,1,1,0,0
tx_legit_011085,0,220.11,5.3987,682,3,0,2,20,0,0
tx_legit_005220,0,1611.8,7.3857,146,1,1,1,2,0,0
tx_legit_004533,0,893.61,6.7964,761,1,1,1,21,0,0
tx_legit_002569,0,333.49,5.8126,221,3,0,1,1,0,0
tx_legit_005836,0,313.6,5.7513,128,1,0,1,1,0,0
tx_legit_011309,0,497.66,6.2119,844,1,0,2,15,0,0
tx_legit_000347,0,229.8,5.4416,809,2,0,1,1,0,0
tx_legit_001833,0,270.13,5.6026,253,1,1,1,1,0,0
tx_legit_000562,0,498.44,6.2135,453,1,0,1,1,0,0
tx_legit_004934,0,678.1,6.5208,886,1,0,1,2,0,0
tx_legit_012010,0,398.01,5.989,708,1,0,1,1,0,0
tx_legit_010957,0,1677.6,7.4257,551,1,0,2,11,0,0
tx_legit_008390,0,397.61,5.988,414,1,0,2,10,0,0
tx_legit_005319,0,402.6,6.0004,874,1,2,2,2,0,0
tx_legit_006189,0,429.22,6.0643,380,2,0,1,1,0,0
tx_fraud_000339,1,20609.51,9.9336,4,8,1,4,6,1,1
tx_legit_007160,0,127.62,4.8569,300,3,0,2,17,0,0
tx_legit_010158,0,138.17,4.9357,349,1,0,4,1,0,0
tx_legit_008034,0,706.64,6.5619,239,1,0,1,1,0,0
tx_legit_012384,0,95.09,4.5653,626,1,0,6,1,0,0
tx_legit_004312,0,186.7,5.2348,885,1,0,1,2,0,0
tx_fraud_000681,1,1527.09,7.3318,218,1,0,30,15,0,0
tx_legit_005523,0,370.76,5.9182,172,1,0,1,17,0,0
tx_legit_011803,0,1013.51,6.9222,485,1,1,1,3,0,0
tx_legit_003646,0,981.85,6.8905,152,1,0,2,1,0,0
tx_legit_008500,0,447.01,6.1048,312,1,0,2,19,0,0
tx_legit_005899,0,266.97,5.5909,287,1,1,2,13,0,0
tx_legit_011697,0,425.67,6.056,429,2,0,1,1,0,0
tx_legit_004970,0,1054.4,6.9617,949,1,0,2,1,0,0
tx_legit_010519,0,1206.6,7.0964,527,1,0,1,1,0,0
tx_legit_011469,0,371.2,5.9194,835,2,0,1,1,0,0
tx_legit_010290,0,761.83,6.637,466,3,0,1,3,0,0
tx_fraud_001057,1,6786.0,8.8228,90,2,1,8,12,0,0
tx_legit_011129,0,648.59,6.4763,555,1,0,1,1,0,0
tx_legit_001924,0,643.18,6.468,517,1,0,1,2,0,0
tx_legit_008478,0,315.33,5.7568,980,1,0,2,1,0,0
tx_legit_007948,0,1152.44,7.0505,354,3,0,2,2,0,0
tx_legit_005719,0,571.92,6.3507,997,1,0,6,1,0,0
tx_legit_006713,0,1359.66,7.2157,674,2,2,1,1,0,0
tx_legit_005749,0,421.69,6.0466,76,2,0,1,1,0,0
tx_legit_007400,0,519.92,6.2556,580,2,0,4,3,0,0
tx_legit_011373,0,892.93,6.7956,999,2,0,2,20,0,0
tx_legit_011554,0,1195.27,7.087,679,1,0,1,1,0,0
tx_legit_002316,0,770.58,6.6484,672,2,0,3,1,0,0
tx_legit_003628,0,273.46,5.6148,641,1,0,1,1,0,0
tx_legit_013239,0,300.98,5.7104,106,1,0,4,3,0,0
tx_legit_003723,0,270.52,5.604,327,1,0,1,2,0,0
tx_legit_008236,0,490.97,6.1984,643,2,0,1,2,0,0
tx_legit_008058,0,724.45,6.5868,766,1,0,1,1,0,0
tx_legit_002733,0,1397.86,7.2434,440,2,0,1,2,0,0
tx_legit_006167,0,756.57,6.6301,15,1,0,3,1,0,0
tx_legit_005052,0,196.48,5.2856,485,1,0,1,1,0,0
tx_legit_004989,0,2814.69,7.943,411,2,0,2,8,0,0
tx_legit_012007,0,705.71,6.5606,949,1,0,2,12,0,0
tx_legit_010842,0,403.32,6.0022,673,1,0,1,1,0,0
tx_legit_009358,0,296.17,5.6943,61,1,0,1,3,0,0
tx_legit_011398,0,626.73,6.4421,812,1,1,1,3,0,0
tx_legit_012415,0,518.09,6.2521,805,1,0,3,1,0,0
tx_legit_003345,0,420.43,6.0437,152,1,0,1,1,0,0
tx_legit_006536,0,115.33,4.7564,206,1,0,2,3,0,0
tx_legit_010959,0,951.58,6.8592,224,1,0,1,1,0,0
tx_legit_007480,0,300.71,5.7095,784,1,0,2,1,0,0
tx_legit_009312,0,513.87,6.2439,727,1,0,1,2,0,0
tx_legit_000452,0,255.21,5.546,327,2,0,3,1,0,0
tx_fraud_000843,1,2922.77,7.9806,132,1,0,1,15,0,0
tx_legit_000783,0,622.56,6.4354,775,1,0,1,3,0,0
tx_fraud_000066,1,14389.73,9.5743,9,6,3,14,5,0,1
tx_legit_012313,0,809.34,6.6975,768,1,0,1,2,0,0
tx_fraud_000962,1,7032.0,8.8584,94,2,1,13,12,0,0
tx_legit_004954,0,121.28,4.8063,192,1,0,1,2,0,0
tx_legit_004256,0,1077.19,6.983,153,1,0,1,2,0,0
tx_legit_003765,0,547.95,6.308,186,1,0,1,2,0,0
tx_legit_011581,0,1069.1,6.9755,261,3,1,1,5,0,0
tx_legit_009554,0,313.55,5.7511,167,2,0,1,1,0,0
tx_legit_011290,0,838.59,6.7329,130,1,0,1,2,0,0
tx_fraud_000233,1,2518.07,7.8316,9,21,5,4,24,0,1
tx_legit_000260,0,471.31,6.1576,818,1,0,2,2,0,0
tx_legit_007506,0,596.15,6.3922,690,1,0,1,1,0,0
tx_legit_001656,0,370.17,5.9167,477,1,0,1,1,0,0
tx_legit_003380,0,350.27,5.8616,355,1,0,5,2,0,0
tx_legit_001923,0,1345.64,7.2054,961,2,0,1,1,0,0
tx_legit_011971,0,246.04,5.5096,934,1,0,1,3,0,0
tx_legit_001961,0,280.35,5.6396,476,2,0,1,2,0,0
tx_legit_000850,0,225.98,5.4249,313,4,0,1,1,0,0
tx_legit_000762,0,458.37,6.1299,541,1,1,1,1,0,0
tx_legit_005863,0,325.15,5.7874,264,1,0,6,2,0,0
tx_legit_007791,0,489.32,6.1951,717,1,0,6,2,0,0
tx_legit_001599,0,1049.05,6.9566,544,1,1,1,1,0,0
tx_legit_003071,0,290.36,5.6746,595,1,1,5,3,0,0
tx_fraud_000098,1,9317.74,9.1398,6,9,2,8,6,1,1
tx_legit_012538,0,1526.31,7.3313,959,1,0,1,1,0,0
tx_legit_009597,0,1496.11,7.3113,685,1,0,1,1,0,0
tx_legit_013255,0,649.37,6.4775,615,1,0,1,3,0,0
tx_legit_009402,0,414.44,6.0293,479,1,0,1,12,0,0
tx_legit_002327,0,602.92,6.4034,837,1,0,1,2,0,0
tx_legit_002160,0,457.85,6.1287,167,1,0,1,17,0,0
tx_legit_000921,0,1191.68,7.084,167,1,0,1,2,0,0
tx_legit_000253,0,329.97,5.802,938,1,1,1,2,0,0
tx_legit_009821,0,539.55,6.2926,459,2,0,1,1,0,0
tx_legit_001022,0,620.87,6.4327,25,1,0,1,1,0,0
tx_legit_005075,0,665.44,6.502,569,1,1,4,2,0,0
tx_legit_000943,0,288.94,5.6697,354,1,0,2,19,0,0
tx_legit_001403,0,429.11,6.064,207,1,0,1,2,0,0
tx_legit_008254,0,247.79,5.5166,104,1,0,1,1,0,0
tx_legit_010085,0,1206.83,7.0966,482,1,0,1,1,0,0
tx_legit_008948,0,1176.28,7.071,933,1,0,1,2,0,0
tx_legit_000547,0,163.38,5.1022,101,2,0,1,1,0,0
tx_legit_008246,0,590.1,6.382,521,1,0,1,1,0,0
tx_legit_007208,0,908.59,6.813,729,1,0,2,3,0,0
tx_legit_001931,0,584.97,6.3733,956,4,0,1,2,0,0
tx_legit_012383,0,145.94,4.99,209,1,0,1,1,0,0
tx_legit_000849,0,378.58,5.9391,491,1,0,1,1,0,0
tx_legit_007932,0,603.93,6.4051,374,1,0,1,8,0,0
tx_legit_003642,0,920.13,6.8256,753,2,0,1,1,0,0
tx_legit_011441,0,746.84,6.6172,667,1,0,1,1,0,0
tx_legit_002492,0,197.1,5.2888,844,1,0,1,1,0,0
tx_legit_009112,0,512.76,6.2418,865,2,0,1,2,0,0
tx_legit_008551,0,547.32,6.3069,272,1,0,2,1,0,0
tx_legit_006123,0,158.68,5.0732,23,1,0,1,2,0,0
tx_legit_001537,0,389.25,5.9668,596,2,0,1,17,0,0
tx_legit_008248,0,313.65,5.7515,815,1,0,2,22,0,0
tx_legit_009708,0,149.24,5.0122,484,1,0,1,2,0,0
tx_legit_001507,0,659.74,6.4934,128,2,0,1,1,0,0
tx_legit_003159,0,732.53,6.5979,319,1,0,1,2,0,0
tx_legit_009799,0,656.28,6.4881,971,1,0,1,1,0,0
tx_legit_000721,0,297.87,5.7,621,1,1,1,1,0,0
tx_fraud_000192,1,4742.35,8.4645,13,8,6,4,24,0,1
tx_legit_006376,0,638.55,6.4608,438,1,0,1,15,0,0
tx_legit_012327,0,431.75,6.0702,495,1,0,2,22,0,0
tx_legit_002705,0,275.8,5.6233,187,1,0,4,1,0,0
tx_legit_000160,0,347.1,5.8525,931,1,0,1,1,0,0
tx_legit_002564,0,958.08,6.866,392,1,0,1,2,0,0
tx_legit_000657,0,557.59,6.3254,561,1,0,3,2,0,0
tx_fraud_000499,1,93626.6,11.4471,6,10,5,1,1,1,1
tx_legit_013744,0,264.53,5.5817,708,1,1,1,2,0,0
tx_legit_008115,0,175.45,5.173,130,1,0,1,3,0,0
tx_fraud_000330,1,9206.82,9.1278,4,4,3,4,5,1,0
tx_legit_013089,0,858.35,6.7562,613,1,0,1,2,0,0
tx_legit_001230,0,236.85,5.4716,397,2,0,3,2,0,0
tx_legit_008343,0,1126.67,7.0279,244,1,1,2,1,0,0
tx_legit_009299,0,496.2,6.209,244,1,0,1,1,0,0
tx_legit_001504,0,753.7,6.6263,213,1,0,2,1,0,0
tx_legit_008409,0,313.9,5.7523,629,2,0,1,3,0,0
tx_legit_004517,0,567.5,6.343,121,1,0,1,1,0,0
tx_legit_002751,0,964.57,6.8727,840,2,0,1,4,0,0
tx_legit_003880,0,261.53,5.5704,261,1,0,1,1,0,0
tx_legit_012418,0,245.11,5.5058,183,1,0,1,1,0,0
tx_legit_007513,0,560.81,6.3312,77,3,1,1,1,0,0
tx_fraud_000987,1,5921.56,8.6865,107,2,1,11,7,0,0
tx_fraud_000856,1,2636.82,7.8777,289,1,0,1,17,0,0
tx_legit_013265,0,485.23,6.1867,647,1,1,1,1,0,0
tx_legit_001632,0,230.65,5.4452,201,3,0,1,3,0,0
tx_fraud_000469,1,89654.99,11.4037,10,6,6,1,1,0,1
tx_legit_012349,0,547.52,6.3072,179,1,0,1,1,0,0
tx_legit_002115,0,182.58,5.2127,194,1,0,1,1,0,0
tx_legit_007012,0,348.75,5.8572,802,1,0,1,2,0,0
tx_legit_011464,0,309.25,5.7374,711,1,0,1,2,0,0
tx_legit_011508,0,1551.67,7.3477,696,1,0,2,1,0,0
tx_legit_012053,0,232.75,5.4543,928,1,2,1,5,0,0
tx_legit_002275,0,1213.86,7.1024,470,1,0,1,1,0,0
tx_legit_008900,0,1686.4,7.4309,647,2,0,1,3,0,0
tx_legit_002563,0,366.8,5.9075,84,3,0,2,1,0,0
tx_legit_007077,0,672.41,6.5124,394,4,0,1,1,0,0
tx_legit_003746,0,463.98,6.142,683,1,0,1,1,0,0
tx_legit_004194,0,947.39,6.8548,299,1,0,2,16,0,0
tx_legit_001389,0,224.07,5.4164,442,2,0,3,3,0,0
tx_legit_008315,0,235.09,5.4642,443,1,0,1,14,0,0
tx_legit_005514,0,623.1,6.4363,963,2,0,1,2,0,0
tx_legit_010153,0,351.96,5.8664,51,3,0,1,1,0,0
tx_legit_000231,0,316.74,5.7612,685,1,0,2,4,0,0
tx_legit_002719,0,220.68,5.4012,922,1,0,2,1,0,0
tx_legit_005462,0,100.71,4.6221,236,1,0,1,2,0,0
tx_legit_007780,0,632.22,6.4508,312,1,0,3,2,0,0
tx_fraud_001004,1,3762.72,8.2332,128,2,1,15,6,0,0
tx_legit_004923,0,682.57,6.5273,162,1,1,1,3,0,0
tx_legit_001725,0,663.65,6.4993,128,1,0,1,2,0,0
tx_fraud_000188,1,12730.49,9.4518,27,9,3,2,31,0,1
tx_legit_007644,0,411.02,6.0211,389,1,0,1,1,0,0
tx_legit_011357,0,516.33,6.2487,775,1,0,3,2,0,0
tx_legit_012589,0,722.18,6.5837,465,2,0,1,2,0,0
tx_legit_002888,0,1880.86,7.54,366,1,0,1,1,0,0
tx_legit_003343,0,510.09,6.2365,100,1,0,1,1,0,0
tx_legit_011259,0,404.44,6.005,530,1,0,1,2,0,0
tx_legit_011896,0,406.41,6.0098,284,2,0,1,1,0,0
tx_legit_001005,0,357.65,5.8823,278,1,2,1,4,0,0
tx_legit_012530,0,196.07,5.2836,276,1,0,1,14,0,0
tx_legit_001866,0,221.37,5.4043,322,1,0,1,1,0,0
tx_legit_007603,0,128.79,4.8659,323,1,0,2,1,0,0
tx_legit_007924,0,248.78,5.5206,507,1,0,1,2,0,0
tx_legit_003468,0,1179.15,7.0734,45,2,0,1,1,0,0
tx_legit_009748,0,932.29,6.8387,491,1,0,1,1,0,0
tx_legit_004408,0,740.24,6.6083,860,2,1,1,1,0,0
tx_legit_000280,0,231.78,5.4501,100,1,0,1,14,0,0
tx_legit_011366,0,186.48,5.2337,193,1,0,1,1,0,0
tx_fraud_000338,1,20779.71,9.9418,3,8,3,2,6,1,1
tx_legit_008364,0,667.29,6.5047,259,1,0,1,1,0,0
tx_legit_013498,0,251.09,5.5298,117,3,1,2,3,0,0
tx_legit_003503,0,1134.48,7.0348,51,1,0,1,2,0,0
tx_legit_003479,0,523.02,6.2615,838,3,0,1,3,0,0
tx_legit_008181,0,766.14,6.6427,155,2,0,1,1,0,0
tx_legit_000531,0,1774.82,7.482,258,1,0,1,2,0,0
tx_legit_004446,0,276.13,5.6245,967,1,0,1,1,0,0
tx_legit_006516,0,438.95,6.0867,605,1,0,1,1,0,0
tx_legit_001807,0,409.3,6.0169,986,1,0,1,2,0,0
tx_legit_000125,0,1159.75,7.0568,374,1,0,2,19,0,0
tx_legit_011662,0,248.55,5.5197,397,1,0,3,1,0,0
tx_legit_003092,0,193.86,5.2723,844,1,0,2,2,0,0
tx_legit_007840,0,148.95,5.0103,303,1,0,1,2,0,0
tx_legit_002231,0,1734.39,7.459,248,1,0,1,1,0,0
tx_legit_009927,0,1431.23,7.267,696,2,1,2,1,0,0
tx_legit_010663,0,1021.27,6.9298,103,1,0,1,10,0,0
tx_legit_006603,0,251.36,5.5309,749,1,0,3,1,0,0
tx_legit_009115,0,446.16,6.1029,874,1,0,5,1,0,0
tx_legit_001426,0,780.6,6.6613,741,2,0,2,17,0,0
tx_legit_010491,0,737.85,6.6051,621,1,0,3,3,0,0
tx_legit_001145,0,237.47,5.4742,963,1,0,2,2,0,0
tx_legit_001852,0,1092.32,6.997,551,1,0,1,1,0,0
tx_legit_012455,0,835.06,6.7287,728,1,2,1,1,0,0
tx_legit_003072,0,552.8,6.3168,154,1,0,2,18,0,0
tx_legit_013297,0,170.92,5.147,663,1,0,1,1,0,0
tx_legit_002665,0,690.08,6.5383,467,1,0,2,1,0,0
tx_legit_006161,0,158.09,5.0695,657,1,1,4,1,0,0
tx_legit_011716,0,425.1,6.0547,930,2,0,3,2,0,0
tx_legit_006421,0,416.24,6.0337,64,1,0,1,1,0,0
tx_legit_012247,0,539.36,6.2922,323,1,0,1,2,0,0
tx_legit_013146,0,402.22,5.9995,955,1,0,1,1,0,0
tx_legit_010768,0,1162.09,7.0588,482,1,0,1,1,0,0
tx_legit_008793,0,1413.6,7.2546,905,1,0,2,18,0,0
tx_legit_002650,0,888.91,6.7911,819,1,0,1,1,0,0
tx_legit_008377,0,479.24,6.1743,218,1,1,1,1,0,0
tx_legit_009546,0,368.22,5.9114,110,1,0,1,2,0,0
tx_legit_013366,0,422.3,6.0481,615,1,1,1,1,0,0
tx_legit_005544,0,520.5,6.2567,327,1,0,1,1,0,0
tx_legit_009284,0,516.52,6.249,934,1,1,2,3,0,0
tx_legit_011206,0,106.42,4.6767,818,1,0,1,1,0,0
tx_legit_010426,0,990.18,6.8989,155,3,0,1,1,0,0
tx_legit_007683,0,490.24,6.1969,835,1,0,2,1,0,0
tx_legit_006933,0,2699.69,7.9013,66,3,0,2,14,0,0
tx_legit_008755,0,143.76,4.9751,570,4,0,1,1,0,0
tx_legit_005251,0,413.71,6.0276,116,1,0,1,4,0,0
tx_legit_001881,0,928.28,6.8344,999,1,1,1,1,0,0
tx_legit_009099,0,752.75,6.6251,119,1,0,1,1,0,0
tx_legit_007694,0,336.53,5.8217,155,1,0,1,1,0,0
tx_legit_006999,0,476.41,6.1684,124,1,0,1,2,0,0
tx_legit_010379,0,634.49,6.4544,761,1,0,1,2,0,0
tx_legit_009376,0,415.45,6.0318,102,1,0,1,3,0,0
tx_legit_008596,0,2304.97,7.7433,607,1,0,1,2,0,0
tx_legit_000357,0,460.15,6.1337,819,1,0,2,1,0,0
tx_legit_012982,0,373.31,5.9251,599,2,0,1,1,0,0
tx_legit_012500,0,600.95,6.4002,116,2,0,1,1,0,0
tx_legit_013124,0,486.59,6.1895,988,1,0,1,17,0,0
tx_legit_009205,0,583.04,6.37,775,1,0,1,1,0,0
tx_legit_007724,0,624.57,6.4387,740,1,1,1,10,0,0
tx_legit_005224,0,1469.04,7.293,321,1,0,1,1,0,0
tx_legit_005210,0,247.47,5.5153,897,2,0,1,2,0,0
tx_legit_005541,0,1397.13,7.2429,302,1,0,3,2,0,0
tx_legit_013126,0,680.98,6.525,807,1,0,1,1,0,0
tx_legit_005003,0,444.4,6.099,78,1,0,1,3,0,0
tx_legit_011878,0,268.39,5.5962,685,4,1,2,10,0,0
tx_legit_010535,0,269.78,5.6013,59,4,0,1,1,0,0
tx_legit_000826,0,846.06,6.7418,381,1,0,3,4,0,0
tx_legit_007089,0,902.06,6.8058,211,1,0,1,1,0,0
tx_legit_004845,0,361.22,5.8923,745,2,0,1,5,0,0
tx_legit_009817,0,495.75,6.2081,949,1,0,1,2,0,0
tx_legit_007869,0,2312.12,7.7464,891,2,1,1,2,0,0
tx_legit_000468,0,530.34,6.2754,500,1,0,2,10,0,0
tx_legit_012578,0,1436.96,7.271,292,2,1,1,1,0,0
tx_legit_012596,0,285.57,5.658,362,1,0,2,3,0,0
tx_legit_004033,0,631.43,6.4496,183,1,0,2,10,0,0
tx_legit_009445,0,318.83,5.7678,936,1,0,1,1,0,0
tx_legit_009770,0,374.44,5.9281,544,2,0,5,2,0,0
tx_legit_008501,0,669.96,6.5087,517,1,0,1,2,0,0
tx_legit_010207,0,257.67,5.5556,483,1,0,1,3,0,0
tx_legit_010484,0,464.05,6.1421,550,1,0,1,1,0,0
tx_legit_004781,0,751.28,6.6231,393,2,0,1,1,0,0
tx_legit_000904,0,1461.73,7.2881,356,1,0,1,22,0,0
tx_legit_010686,0,184.01,5.2204,868,2,0,2,8,0,0
tx_legit_008813,0,377.75,5.9369,934,1,0,1,1,0,0
tx_legit_010713,0,1045.59,6.9533,759,2,0,2,1,0,0
tx_legit_000373,0,1370.94,7.224,674,2,0,1,1,0,0
tx_legit_012324,0,191.53,5.2603,629,1,1,1,1,0,0
tx_legit_004078,0,300.2,5.7078,272,2,0,2,19,0,0
tx_legit_007864,0,2189.45,7.6919,305,1,0,1,3,0,0
tx_legit_012112,0,139.26,4.9435,389,1,0,3,2,0,0
tx_legit_002508,0,585.47,6.3741,264,2,1,1,2,0,0
tx_legit_011706,0,299.43,5.7052,272,2,0,1,2,0,0
tx_legit_003220,0,530.76,6.2762,518,1,0,2,21,0,0
tx_legit_001229,0,523.99,6.2634,738,1,0,4,3,0,0
tx_legit_000916,0,312.95,5.7492,969,1,0,2,18,0,0
tx_legit_013447,0,726.1,6.5891,364,1,0,1,1,0,0
tx_legit_001590,0,352.68,5.8684,701,1,0,1,14,0,0
tx_legit_000242,0,317.76,5.7644,663,1,0,1,3,0,0
tx_legit_000155,0,170.75,5.146,592,1,0,1,1,0,0
tx_legit_002309,0,759.06,6.6334,194,1,0,3,1,0,0
tx_legit_004660,0,201.02,5.3084,703,1,0,1,1,0,0
tx_legit_001854,0,429.91,6.0659,33,1,0,2,1,0,0
tx_legit_005178,0,560.32,6.3303,385,1,0,1,2,0,0
tx_legit_008283,0,728.7,6.5926,130,2,0,3,1,0,0
tx_legit_007858,0,222.06,5.4074,164,1,0,1,3,0,0
tx_legit_009175,0,1330.25,7.1939,276,1,0,3,1,0,0
tx_legit_005099,0,1087.69,6.9927,667,2,0,1,1,0,0
tx_fraud_000360,1,16643.85,9.7199,4,7,2,5,5,1,1
tx_legit_007008,0,343.6,5.8424,611,1,0,1,2,0,0
tx_legit_006716,0,281.31,5.643,631,1,0,1,1,0,0
tx_legit_003292,0,335.7,5.8192,56,1,0,1,1,0,0
tx_legit_006923,0,468.27,6.1512,782,1,0,4,2,0,0
tx_legit_008613,0,606.68,6.4096,877,1,0,2,12,0,0
tx_legit_004149,0,252.21,5.5342,782,1,0,1,1,0,0
tx_legit_001441,0,204.41,5.325,76,1,1,3,1,0,0
tx_legit_005425,0,548.94,6.3098,640,1,0,2,1,0,0
tx_legit_000729,0,529.42,6.2737,915,4,0,1,2,0,0
tx_legit_012332,0,1018.97,6.9275,328,1,1,2,1,0,0
tx_legit_004775,0,923.12,6.8288,529,2,1,1,3,0,0
tx_legit_001447,0,559.77,6.3293,166,1,0,2,1,0,0
tx_legit_004470,0,1514.4,7.3234,759,1,0,2,19,0,0
tx_legit_013091,0,804.49,6.6915,773,1,0,1,5,0,0
tx_fraud_000708,1,2377.83,7.7744,94,1,0,14,16,0,0
tx_fraud_001063,1,5882.74,8.6799,37,2,1,12,7,0,0
tx_legit_005821,0,310.76,5.7422,882,2,0,1,1,0,0
tx_fraud_000989,1,6013.87,8.702,104,2,1,13,8,0,0
tx_legit_005968,0,164.55,5.1093,204,2,0,1,1,0,0
tx_legit_012999,0,447.86,6.1067,212,1,0,3,1,0,0
tx_legit_011882,0,347.9,5.8548,748,1,0,2,1,0,0
tx_legit_003692,0,382.23,5.9486,903,1,0,3,3,0,0
tx_legit_005961,0,816.32,6.706,117,2,0,6,1,0,0
tx_legit_001927,0,633.85,6.4534,953,1,0,1,1,0,0
tx_legit_005066,0,192.74,5.2665,541,1,0,1,1,0,0
tx_legit_009427,0,161.5,5.0907,107,1,0,1,2,0,0
tx_legit_009146,0,1074.4,6.9804,761,1,0,2,2,0,0
tx_legit_000294,0,1040.49,6.9484,154,1,0,1,17,0,0
tx_legit_001331,0,91.57,4.528,432,2,0,1,1,0,0
tx_legit_005701,0,70.38,4.268,829,2,0,4,1,0,0
tx_legit_001385,0,644.83,6.4705,728,1,0,1,1,0,0
tx_legit_008129,0,282.12,5.6459,990,1,0,1,1,0,0
tx_legit_004982,0,2036.09,7.6193,256,1,0,2,19,0,0
tx_legit_002009,0,467.29,6.1491,697,1,0,1,1,0,0
tx_legit_007186,0,527.67,6.2704,313,1,0,1,3,0,0
tx_legit_001350,0,687.56,6.5346,843,1,0,1,1,0,0
tx_legit_004193,0,295.7,5.6927,532,2,0,1,1,0,0
tx_legit_001817,0,257.16,5.5536,659,1,0,1,1,0,0
tx_legit_000464,0,417.92,6.0377,543,2,0,1,1,0,0
tx_legit_013037,0,363.06,5.8973,276,1,1,6,3,0,0
tx_legit_011289,0,275.4,5.6218,189,2,0,1,2,0,0
tx_legit_003112,0,391.19,5.9717,217,1,0,2,10,0,0
tx_legit_003382,0,969.95,6.8783,300,2,0,2,19,0,0
tx_legit_008854,0,448.8,6.1088,64,1,1,1,1,0,0
tx_legit_004924,0,977.04,6.8856,371,1,0,1,2,0,0
tx_legit_006701,0,700.66,6.5534,608,1,0,4,1,0,0
tx_legit_007411,0,883.95,6.7855,843,1,2,5,3,0,0
tx_legit_009512,0,962.38,6.8704,592,1,0,1,1,0,0
tx_legit_013159,0,694.74,6.545,497,1,1,1,1,0,0
tx_legit_000272,0,387.79,5.963,198,2,0,2,1,0,0
tx_legit_009823,0,2408.22,7.7871,768,1,0,6,2,0,0
tx_legit_012068,0,221.78,5.4062,629,1,0,1,1,0,0
tx_legit_000560,0,402.3,5.9997,365,3,0,1,1,0,0
tx_legit_002450,0,303.23,5.7178,475,2,0,2,4,0,0
tx_legit_011665,0,218.78,5.3926,70,1,0,1,3,0,0
tx_legit_006462,0,283.86,5.652,193,1,0,1,1,0,0
tx_legit_003988,0,223.09,5.412,62,1,0,2,16,0,0
tx_legit_004329,0,340.41,5.8331,477,1,1,1,3,0,0
tx_legit_007918,0,198.76,5.2971,357,1,0,1,1,0,0
tx_legit_009886,0,459.83,6.133,124,1,0,2,1,0,0
tx_legit_008586,0,398.56,5.9904,454,1,0,2,15,0,0
tx_legit_010909,0,801.77,6.6881,766,2,1,1,3,0,0
tx_legit_002734,0,457.82,6.1287,877,2,0,1,3,0,0
tx_legit_004725,0,391.42,5.9723,561,1,0,1,1,0,0
tx_legit_009828,0,531.52,6.2776,305,1,0,1,3,0,0
tx_legit_011452,0,399.07,5.9916,316,1,0,1,3,0,0
tx_legit_011284,0,468.35,6.1513,951,4,0,1,1,0,0
tx_legit_003338,0,569.46,6.3464,297,4,0,1,15,0,0
tx_legit_008202,0,1118.6,7.0207,965,1,0,4,3,0,0
tx_legit_012058,0,224.92,5.4202,702,2,0,2,21,0,0
tx_legit_007286,0,1030.31,6.9386,241,2,0,2,11,0,0
tx_legit_002952,0,466.76,6.148,417,1,0,1,19,0,0
tx_legit_010271,0,474.91,6.1652,793,1,0,2,14,0,0
tx_legit_013061,0,604.6,6.4062,828,2,0,1,21,0,0
tx_fraud_000830,1,1427.73,7.2645,206,1,0,1,17,0,0
tx_legit_001933,0,405.32,6.0071,291,1,0,1,1,0,0
tx_legit_009547,0,442.38,6.0944,923,1,0,2,11,0,0
tx_legit_006844,0,537.0,6.2879,422,1,0,5,2,0,0
tx_legit_002801,0,781.93,6.663,156,1,0,1,4,0,0
tx_legit_006793,0,273.49,5.6149,862,1,0,1,1,0,0
tx_legit_010321,0,2399.7,7.7835,252,1,0,1,1,0,0
tx_legit_011698,0,216.28,5.3812,227,1,0,2,4,0,0
tx_legit_009375,0,1006.11,6.9148,983,2,0,1,1,0,0
tx_fraud_000696,1,1151.14,7.0494,246,1,0,22,18,0,0
tx_legit_005637,0,1250.28,7.1319,958,1,1,1,1,0,0
tx_legit_004722,0,511.93,6.2401,613,1,0,2,18,0,0
tx_legit_012268,0,393.33,5.9772,702,1,0,1,16,0,0
tx_fraud_000994,1,5269.4,8.5699,108,2,1,13,7,0,0
tx_legit_009649,0,290.67,5.6756,856,1,0,1,1,0,0
tx_legit_008908,0,524.06,6.2635,921,1,0,1,2,0,0
tx_legit_001773,0,771.24,6.6493,418,1,0,1,1,0,0
tx_legit_012848,0,503.18,6.2229,824,2,0,1,1,0,0
tx_legit_000002,0,1218.52,7.1062,340,2,0,2,3,0,0
tx_legit_001829,0,564.57,6.3378,74,2,0,2,1,0,0
tx_legit_009369,0,203.17,5.319,418,3,0,1,4,0,0
tx_legit_006776,0,2257.46,7.7224,289,1,0,5,2,0,0
tx_legit_009187,0,90.8,4.5196,526,1,1,1,20,0,0
tx_legit_010799,0,293.04,5.6837,387,1,0,1,1,0,0
tx_legit_000646,0,526.2,6.2676,827,1,0,2,16,0,0
tx_legit_009524,0,1146.38,7.0452,492,1,0,2,11,0,0
tx_legit_004011,0,255.95,5.5489,717,4,0,1,19,0,0
tx_legit_002913,0,2015.67,7.6092,245,1,1,2,14,0,0
tx_legit_012720,0,458.67,6.1305,722,1,1,1,2,0,0
tx_legit_011300,0,336.0,5.8201,594,4,0,1,2,0,0
tx_legit_013522,0,530.91,6.2765,921,1,0,1,1,0,0
tx_legit_008742,0,955.3,6.8631,581,1,0,1,1,0,0
tx_legit_002998,0,1019.63,6.9282,557,3,0,2,2,0,0
tx_legit_013435,0,620.27,6.4318,679,1,1,5,1,0,0
tx_fraud_000311,1,5359.81,8.5869,1,5,0,5,3,1,1
tx_legit_001182,0,258.77,5.5598,528,1,0,1,1,0,0
tx_legit_003963,0,370.76,5.9182,644,1,0,2,15,0,0
tx_legit_012884,0,846.17,6.7419,295,1,0,1,19,0,0
tx_legit_007904,0,515.38,6.2468,47,1,0,1,4,0,0
tx_legit_000765,0,148.11,5.0047,779,1,0,2,15,0,0
tx_legit_001166,0,459.75,6.1329,502,1,0,1,1,0,0
tx_legit_008118,0,1097.77,7.0019,720,1,0,1,3,0,0
tx_legit_009808,0,683.31,6.5284,492,3,0,3,3,0,0
tx_legit_000050,0,425.92,6.0566,27,1,0,2,1,0,0
tx_legit_007417,0,495.18,6.2069,361,1,0,1,1,0,0
tx_legit_013309,0,638.86,6.4612,995,1,1,6,2,0,0
tx_fraud_000765,1,2137.83,7.668,227,1,0,18,9,0,0
tx_legit_000706,0,931.42,6.8378,238,1,0,1,1,0,0
tx_legit_009189,0,423.17,6.0501,891,2,0,1,1,0,0
tx_legit_010347,0,581.19,6.3668,229,2,0,1,8,0,0
tx_legit_001573,0,808.91,6.6969,660,1,0,1,2,0,0
tx_legit_009829,0,265.31,5.5847,615,1,0,1,1,0,0
tx_legit_003091,0,587.14,6.377,538,1,0,1,1,0,0
tx_fraud_000534,1,45388.11,10.723,5,21,5,13,22,1,1
tx_legit_013549,0,555.91,6.3224,324,2,0,1,2,0,0
tx_legit_001687,0,697.18,6.5485,803,1,0,1,10,0,0
tx_legit_002943,0,614.28,6.4221,142,1,0,2,1,0,0
tx_legit_008931,0,791.81,6.6756,570,1,0,2,13,0,0
tx_fraud_000470,1,67027.1,11.1129,4,9,6,1,1,1,1
tx_legit_000178,0,389.57,5.9676,368,1,0,1,3,0,0
tx_legit_013182,0,511.25,6.2388,442,1,0,2,1,0,0
tx_legit_005648,0,391.03,5.9713,798,1,0,1,15,0,0
tx_legit_009325,0,720.4,6.5812,945,3,2,1,4,0,0
tx_legit_013190,0,305.58,5.7255,183,1,0,1,2,0,0
tx_legit_002290,0,454.03,6.1204,182,4,0,1,2,0,0
tx_legit_000602,0,584.68,6.3728,220,1,0,1,1,0,0
tx_legit_013643,0,688.09,6.5354,296,1,0,2,3,0,0
tx_legit_011751,0,666.04,6.5029,702,1,0,1,1,0,0
tx_legit_011694,0,380.89,5.9451,674,1,0,1,1,0,0
tx_legit_007308,0,617.52,6.4273,798,1,0,1,1,0,0
tx_legit_013758,0,206.45,5.3349,48,1,0,1,1,0,0
tx_legit_001919,0,255.6,5.5475,78,1,0,1,11,0,0
tx_legit_008144,0,849.62,6.746,601,4,0,3,1,0,0
tx_legit_011651,0,113.84,4.7435,239,1,0,1,1,0,0
tx_legit_013269,0,2710.86,7.9054,111,2,0,1,1,0,0
tx_legit_012255,0,470.8,6.1566,606,1,0,2,1,0,0
tx_legit_000965,0,307.19,5.7307,953,1,0,4,3,0,0
tx_legit_000473,0,838.4,6.7327,526,2,0,2,1,0,0
tx_legit_011488,0,728.44,6.5923,759,1,0,1,8,0,0
tx_legit_003485,0,132.21,4.8919,682,1,0,2,8,0,0
tx_legit_002383,0,368.28,5.9116,542,1,1,1,1,0,0
tx_legit_000777,0,256.2,5.5499,733,1,0,1,20,0,0
tx_legit_006442,0,418.04,6.038,927,1,0,6,1,0,0
tx_legit_002457,0,1266.83,7.1451,546,2,0,1,1,0,0
tx_legit_006066,0,826.91,6.7189,874,1,2,1,2,0,0
tx_legit_001375,0,1274.79,7.1513,443,2,0,3,3,0,0
tx_legit_004326,0,377.46,5.9361,194,1,0,2,22,0,0
tx_legit_006899,0,201.19,5.3092,806,1,0,1,15,0,0
tx_legit_010604,0,527.09,6.2693,390,1,1,1,1,0,0
tx_legit_001645,0,589.33,6.3807,209,4,0,1,1,0,0
tx_legit_010905,0,161.55,5.091,150,1,0,1,1,0,0
tx_legit_001957,0,371.68,5.9207,894,1,0,1,1,0,0
tx_legit_011812,0,422.86,6.0494,369,1,0,1,17,0,0
tx_legit_009198,0,199.71,5.3019,60,1,0,2,1,0,0
tx_legit_009219,0,103.88,4.6528,335,2,0,1,1,0,0
tx_legit_004855,0,688.47,6.5359,204,2,0,1,1,0,0
tx_legit_002240,0,399.07,5.9916,389,1,1,1,4,0,0
tx_legit_004230,0,520.21,6.2562,349,1,0,1,2,0,0
tx_legit_004234,0,550.67,6.313,266,1,0,1,2,0,0
tx_legit_013290,0,120.21,4.7975,957,1,0,1,1,0,0
tx_legit_008693,0,608.53,6.4127,815,1,0,2,1,0,0
tx_legit_012877,0,508.68,6.2338,101,1,0,1,1,0,0
tx_legit_013761,0,544.94,6.3025,578,1,0,1,1,0,0
tx_legit_011764,0,1301.19,7.1718,371,1,0,1,1,0,0
tx_legit_004994,0,659.1,6.4924,212,2,0,2,19,0,0
tx_legit_006645,0,331.46,5.8065,277,1,0,1,5,0,0
tx_fraud_000472,1,65399.6,11.0883,6,14,4,1,1,1,1
tx_legit_009430,0,254.43,5.5429,69,3,0,1,1,0,0
tx_legit_012836,0,1176.11,7.0708,901,1,0,3,3,0,0
tx_legit_010324,0,752.48,6.6247,691,1,0,2,21,0,0
tx_legit_006738,0,155.43,5.0526,903,1,0,1,1,0,0
tx_fraud_000157,1,13215.08,9.4892,14,14,3,3,15,0,1
tx_legit_002530,0,892.53,6.7952,858,1,0,1,2,0,0
tx_legit_009906,0,473.65,6.1626,215,2,0,1,20,0,0
tx_legit_002894,0,87.09,4.4784,579,2,0,1,14,0,0
tx_legit_002746,0,934.1,6.8407,972,1,0,1,22,0,0
tx_legit_009661,0,382.79,5.9501,475,1,0,1,19,0,0
tx_legit_004133,0,169.65,5.1396,221,1,0,2,3,0,0
tx_legit_009834,0,290.48,5.675,354,1,0,4,3,0,0
tx_legit_011275,0,766.25,6.6428,621,2,0,1,2,0,0
tx_legit_005876,0,891.07,6.7935,848,1,0,1,1,0,0
tx_legit_001774,0,113.03,4.7365,187,1,0,1,1,0,0
tx_legit_000667,0,848.84,6.745,545,2,0,1,18,0,0
tx_legit_007439,0,1738.47,7.4613,681,1,1,1,1,0,0
tx_legit_008397,0,1125.26,7.0267,146,1,0,1,2,0,0
tx_legit_005143,0,336.04,5.8202,700,1,0,2,10,0,0
tx_legit_012816,0,405.79,6.0083,684,1,0,1,4,0,0
tx_legit_004237,0,188.55,5.2447,46,1,0,1,2,0,0
tx_legit_006965,0,359.66,5.8879,330,1,0,1,2,0,0
tx_legit_008488,0,251.5,5.5314,741,2,0,1,1,0,0
tx_legit_002166,0,633.02,6.4521,711,1,0,2,13,0,0
tx_legit_010841,0,429.49,6.0649,374,1,0,1,20,0,0
tx_legit_008206,0,883.58,6.7851,915,4,0,1,3,0,0
tx_legit_008741,0,2242.8,7.7159,909,1,0,1,3,0,0
tx_legit_002604,0,1253.67,7.1346,179,1,0,2,15,0,0
tx_fraud_000900,1,1726.65,7.4545,163,1,0,1,10,0,0
tx_legit_008180,0,558.06,6.3263,671,1,0,1,5,0,0
tx_legit_012896,0,487.56,6.1915,528,1,0,2,15,0,0
tx_legit_000064,0,1153.67,7.0516,663,1,1,1,1,0,0
tx_legit_005893,0,154.4,5.046,983,1,0,1,4,0,0
tx_fraud_000014,1,9808.13,9.1911,9,11,4,9,6,0,1
tx_legit_002440,0,371.3,5.9197,15,4,0,1,1,0,0
tx_legit_005521,0,1102.99,7.0067,321,1,0,2,1,0,0
tx_legit_009485,0,579.86,6.3645,197,2,0,1,4,0,0
tx_legit_009236,0,452.25,6.1164,502,1,0,1,1,0,0
tx_legit_013364,0,232.97,5.4552,158,1,0,1,1,0,0
tx_legit_000725,0,330.74,5.8044,906,1,0,1,1,0,0
tx_legit_006731,0,340.07,5.8321,715,1,0,1,1,0,0
tx_legit_000627,0,2841.17,7.9523,450,2,0,2,11,0,0
tx_legit_003464,0,1632.34,7.3984,837,2,0,2,1,0,0
tx_fraud_000934,1,4195.31,8.342,84,2,1,12,9,0,0
tx_legit_010365,0,537.38,6.2886,86,1,0,2,19,0,0
tx_legit_012595,0,553.67,6.3184,685,1,0,1,2,0,0
tx_legit_013310,0,583.69,6.3711,534,1,0,1,1,0,0
tx_legit_001342,0,1989.19,7.596,940,1,1,1,12,0,0
tx_legit_003701,0,570.78,6.3488,769,1,0,1,1,0,0
tx_legit_011293,0,376.45,5.9334,920,1,0,1,1,0,0
tx_legit_004039,0,522.63,6.2608,476,1,0,1,1,0,0
tx_fraud_000710,1,1472.97,7.2957,197,1,0,30,16,0,0
tx_fraud_001082,1,6005.22,8.7006,628,2,0,11,16,0,0
tx_legit_002282,0,327.57,5.7947,623,1,1,1,1,0,0
tx_legit_009656,0,861.92,6.7603,380,2,0,4,1,0,0
tx_legit_001288,0,291.51,5.6785,517,1,0,1,2,0,0
tx_legit_006057,0,498.83,6.2143,685,1,0,1,1,0,0
tx_legit_010989,0,1463.95,7.2896,892,1,0,1,1,0,0
tx_legit_005606,0,1046.87,6.9545,77,1,0,1,1,0,0
tx_legit_005716,0,417.53,6.0367,831,2,0,1,18,0,0
tx_legit_011307,0,744.81,6.6145,467,2,0,1,4,0,0
tx_legit_012338,0,358.51,5.8847,47,1,0,4,1,0,0
tx_legit_007368,0,1160.65,7.0576,852,1,0,1,1,0,0
tx_fraud_001064,1,5814.77,8.6683,125,2,1,10,12,0,0
tx_legit_000974,0,242.01,5.4931,535,1,0,1,14,0,0
tx_legit_009050,0,440.18,6.0895,509,1,0,2,5,0,0
tx_legit_002611,0,743.35,6.6125,492,1,1,1,1,0,0
tx_legit_011439,0,1966.99,7.5848,877,1,0,1,1,0,0
tx_legit_013687,0,188.77,5.2458,913,2,0,1,10,0,0
tx_legit_007135,0,384.92,5.9556,196,1,0,2,14,0,0
tx_legit_000153,0,208.11,5.3429,689,1,0,2,14,0,0
tx_legit_001530,0,767.24,6.6441,319,1,0,2,18,0,0
tx_legit_004477,0,534.88,6.2839,865,1,2,1,1,0,0
tx_legit_002504,0,148.81,5.0094,246,1,1,1,2,0,0
tx_legit_010997,0,343.97,5.8435,181,1,0,3,1,0,0
tx_legit_004439,0,427.0,6.0591,255,1,0,1,1,0,0
tx_legit_011065,0,896.25,6.7993,78,2,0,1,1,0,0
tx_legit_004717,0,479.35,6.1745,197,1,0,1,1,0,0
tx_legit_008211,0,512.03,6.2403,374,1,0,1,1,0,0
tx_legit_012746,0,1432.37,7.2678,612,1,0,1,1,0,0
tx_fraud_000495,1,86937.55,11.373,5,12,6,1,1,1,1
tx_legit_002868,0,535.56,6.2852,101,1,0,2,1,0,0
tx_legit_001392,0,475.92,6.1673,155,1,0,1,1,0,0
tx_legit_009060,0,231.29,5.448,138,1,2,5,3,0,0
tx_legit_008117,0,308.73,5.7357,302,1,0,2,21,0,0
tx_legit_008556,0,466.12,6.1466,571,2,0,1,1,0,0
tx_legit_004850,0,365.57,5.9042,329,1,1,1,1,0,0
tx_legit_003098,0,316.6,5.7608,575,1,0,1,3,0,0
tx_legit_011314,0,255.96,5.5489,659,3,0,2,20,0,0
tx_legit_012978,0,162.1,5.0944,57,1,1,3,1,0,0
tx_legit_003744,0,323.2,5.7814,706,3,0,1,3,0,0
tx_legit_012990,0,616.59,6.4258,929,1,0,2,1,0,0
tx_legit_010728,0,295.96,5.6936,563,2,0,1,11,0,0
tx_legit_004729,0,194.5,5.2756,150,1,0,1,2,0,0
tx_legit_007838,0,1003.47,6.9122,684,1,0,2,13,0,0
tx_legit_010145,0,517.1,6.2502,125,1,0,1,1,0,0
tx_legit_007652,0,1085.37,6.9906,768,1,0,2,2,0,0
tx_fraud_000917,1,1448.4,7.2789,409,1,0,1,15,0,0
tx_legit_008432,0,244.94,5.5051,685,1,0,2,1,0,0
tx_legit_004347,0,343.05,5.8408,675,1,0,3,3,0,0
tx_legit_000333,0,694.72,6.5449,191,1,0,1,1,0,0
tx_legit_008406,0,594.61,6.3896,156,1,0,1,10,0,0
tx_legit_003713,0,132.32,4.8928,858,1,0,1,1,0,0
tx_fraud_000829,1,3077.95,8.0323,384,1,0,1,21,0,0
tx_legit_001864,0,706.51,6.5618,389,1,0,1,2,0,0
tx_legit_007630,0,517.26,6.2505,94,2,0,2,20,0,0
tx_legit_004655,0,273.19,5.6138,528,3,0,1,20,0,0
tx_fraud_000331,1,21389.22,9.9707,4,7,3,5,6,1,1
tx_legit_011180,0,177.53,5.1848,840,1,0,1,15,0,0
tx_legit_012765,0,637.26,6.4587,629,2,0,6,2,0,0
tx_legit_010993,0,1058.53,6.9656,117,3,0,1,2,0,0
tx_legit_009303,0,977.12,6.8856,529,1,1,1,1,0,0
tx_fraud_000984,1,6026.07,8.704,105,2,1,12,10,0,0
tx_legit_008429,0,767.16,6.644,701,1,1,1,1,0,0
tx_legit_007459,0,618.29,6.4286,278,1,0,2,4,0,0
tx_legit_010576,0,1261.19,7.1406,205,1,0,1,1,0,0
tx_legit_008519,0,308.05,5.7335,302,1,0,1,3,0,0
tx_legit_002459,0,977.7,6.8862,958,1,0,1,1,0,0
tx_legit_002924,0,222.08,5.4075,180,1,0,1,1,0,0
tx_fraud_000616,1,19561.43,9.8814,4,28,5,23,34,1,1
tx_legit_011191,0,1194.5,7.0863,663,2,2,2,1,0,0
tx_legit_011758,0,1702.2,7.4403,225,1,0,2,9,0,0
tx_legit_004675,0,2166.1,7.6811,515,1,0,1,13,0,0
tx_legit_008638,0,553.87,6.3187,553,3,0,1,1,0,0
tx_legit_013345,0,359.4,5.8872,887,2,0,1,1,0,0
tx_legit_010327,0,235.6,5.4664,708,1,0,1,1,0,0
tx_legit_004272,0,444.06,6.0982,256,1,0,5,1,0,0
tx_legit_002967,0,1421.6,7.2602,815,1,0,1,1,0,0
tx_legit_010224,0,204.67,5.3263,183,1,0,2,1,0,0
tx_legit_000845,0,457.7,6.1284,570,1,1,1,2,0,0
tx_legit_012509,0,388.96,5.966,84,1,0,1,3,0,0
tx_legit_012059,0,657.21,6.4895,367,1,0,1,1,0,0
tx_legit_013673,0,180.68,5.2022,941,2,0,1,2,0,0
tx_legit_011444,0,385.87,5.9581,701,1,0,3,2,0,0
tx_fraud_000883,1,1439.21,7.2725,98,1,0,1,23,0,0
tx_legit_006973,0,213.8,5.3697,102,2,0,2,1,0,0
tx_legit_006667,0,164.51,5.109,675,3,0,2,2,0,0
tx_legit_013238,0,239.92,5.4845,648,1,0,1,4,0,0
tx_fraud_000578,1,22119.19,10.0042,0,29,9,16,20,1,1
tx_legit_001081,0,603.76,6.4048,33,1,0,1,1,0,0
tx_fraud_000367,1,17555.95,9.7732,3,4,2,5,2,1,0
tx_legit_003776,0,1398.32,7.2437,422,2,0,2,2,0,0
tx_legit_002511,0,602.23,6.4023,294,3,0,1,2,0,0
tx_legit_004381,0,486.14,6.1886,287,1,0,1,2,0,0
tx_legit_002172,0,659.56,6.4931,193,1,0,1,15,0,0
tx_legit_000875,0,689.05,6.5368,61,1,0,2,1,0,0
tx_legit_012654,0,79.99,4.3943,103,1,0,2,4,0,0
tx_legit_009180,0,210.57,5.3546,87,2,0,1,8,0,0
tx_legit_007774,0,469.77,6.1544,627,1,0,1,1,0,0
tx_legit_005786,0,204.52,5.3255,454,1,0,1,3,0,0
tx_legit_000076,0,335.49,5.8186,241,2,0,1,13,0,0
tx_legit_003417,0,473.28,6.1618,331,1,0,1,1,0,0
tx_legit_007850,0,1601.76,7.3795,169,1,1,1,14,0,0
tx_legit_009136,0,213.51,5.3684,546,1,0,1,1,0,0
tx_legit_004295,0,2022.8,7.6127,986,1,0,1,17,0,0
tx_legit_003813,0,297.19,5.6977,193,1,0,1,2,0,0
tx_legit_000459,0,610.3,6.4156,131,1,0,1,19,0,0
tx_legit_003204,0,493.21,6.203,447,1,0,2,1,0,0
tx_legit_003294,0,940.11,6.8471,804,1,0,1,1,0,0
tx_legit_009602,0,632.06,6.4506,866,1,0,4,3,0,0
tx_legit_004335,0,464.26,6.1426,513,1,0,2,1,0,0
tx_legit_008640,0,259.38,5.5621,278,1,0,1,1,0,0
tx_legit_008420,0,540.65,6.2946,198,1,0,3,2,0,0
tx_legit_004857,0,1192.04,7.0843,815,1,0,2,1,0,0
tx_legit_003233,0,235.6,5.4664,879,1,0,3,2,0,0
tx_legit_006382,0,561.05,6.3316,566,2,0,4,2,0,0
tx_legit_012312,0,631.53,6.4497,856,1,0,1,1,0,0
tx_legit_013774,0,296.03,5.6938,486,1,0,2,15,0,0
tx_legit_001287,0,215.21,5.3763,562,2,0,1,1,0,0
tx_legit_007872,0,341.12,5.8352,763,1,0,1,14,0,0
tx_legit_011989,0,489.69,6.1958,401,2,0,1,15,0,0
tx_legit_000066,0,797.69,6.683,863,1,0,1,2,0,0
tx_legit_010606,0,2929.11,7.9828,626,1,0,1,1,0,0
tx_fraud_000363,1,4734.98,8.4629,1,7,1,3,6,1,1
tx_legit_013712,0,857.44,6.7551,272,1,0,1,3,0,0
tx_legit_007070,0,551.01,6.3136,745,1,0,1,10,0,0
tx_legit_001251,0,1205.57,7.0955,510,1,0,1,1,0,0
tx_legit_003648,0,228.79,5.4372,477,2,0,1,1,0,0
tx_legit_000075,0,429.26,6.0644,526,1,0,5,3,0,0
tx_legit_011422,0,801.72,6.688,243,1,0,1,1,0,0
tx_legit_002550,0,334.8,5.8165,629,3,0,1,1,0,0
tx_legit_007010,0,412.44,6.0245,961,1,2,1,1,0,0
tx_legit_011643,0,610.9,6.4166,562,2,0,1,1,0,0
tx_legit_004685,0,771.92,6.6502,101,1,0,1,1,0,0
tx_legit_006323,0,929.24,6.8354,966,1,0,2,1,0,0
tx_legit_002047,0,495.14,6.2069,849,2,0,1,1,0,0
tx_legit_008054,0,711.44,6.5687,823,2,0,1,1,0,0
tx_legit_005221,0,220.75,5.4016,892,1,0,1,19,0,0
tx_legit_006130,0,1314.11,7.1817,408,1,0,2,19,0,0
tx_legit_008244,0,1355.02,7.2123,559,1,0,2,9,0,0
tx_legit_008276,0,682.6,6.5274,272,1,0,1,1,0,0
tx_legit_009526,0,192.15,5.2635,593,4,0,1,1,0,0
tx_legit_002144,0,511.05,6.2384,662,2,0,1,1,0,0
tx_legit_001970,0,505.53,6.2276,346,1,0,4,2,0,0
tx_legit_005718,0,566.41,6.3411,167,2,0,1,1,0,0
tx_legit_011545,0,503.38,6.2233,644,1,0,1,1,0,0
tx_legit_013224,0,136.31,4.9222,66,1,0,1,1,0,0
tx_legit_001065,0,355.86,5.8773,949,3,1,1,12,0,0
tx_legit_006038,0,196.26,5.2845,735,1,0,1,1,0,0
tx_legit_002758,0,410.85,6.0207,604,1,0,2,3,0,0
tx_fraud_001014,1,3867.29,8.2606,122,2,1,11,5,0,0
tx_legit_003684,0,199.93,5.303,155,1,0,1,22,0,0
tx_legit_012893,0,246.3,5.5106,313,1,0,1,1,0,0
tx_fraud_000156,1,7965.02,8.9829,9,20,7,2,15,0,1
tx_legit_008418,0,827.5,6.7196,980,1,0,1,1,0,0
tx_legit_010574,0,276.28,5.625,775,2,0,1,10,0,0
tx_legit_004552,0,1274.3,7.1509,751,1,1,1,21,0,0
tx_legit_005510,0,583.67,6.371,953,1,0,1,1,0,0
tx_legit_005927,0,567.93,6.3438,692,1,0,1,1,0,0
tx_legit_002432,0,797.85,6.6832,732,1,0,1,2,0,0
tx_legit_002438,0,112.58,4.7325,15,1,0,1,1,0,0
tx_legit_008313,0,432.51,6.0719,150,1,0,2,12,0,0
tx_legit_009600,0,196.01,5.2833,631,1,0,1,1,0,0
tx_fraud_001190,1,8033.22,8.9915,666,2,0,13,10,0,0
tx_fraud_000794,1,1021.38,6.9299,68,1,0,24,16,0,0
tx_legit_009875,0,1292.2,7.1649,488,1,0,1,3,0,0
tx_legit_013298,0,923.15,6.8289,500,1,0,1,2,0,0
tx_legit_000230,0,170.66,5.1455,67,1,0,5,2,0,0
tx_legit_013044,0,382.89,5.9504,719,1,0,1,3,0,0
tx_legit_006847,0,1199.2,7.0902,393,1,0,2,21,0,0
tx_legit_000683,0,1264.52,7.1432,962,1,0,1,2,0,0
tx_legit_011898,0,231.01,5.4468,15,1,1,1,2,0,0
tx_fraud_001115,1,3963.9,8.2852,759,2,0,20,8,0,0
tx_fraud_000138,1,3807.54,8.245,18,13,2,1,27,0,1
tx_legit_011369,0,3551.43,8.1754,323,1,0,1,4,0,0
tx_legit_004645,0,497.36,6.2113,268,1,0,1,3,0,0
tx_fraud_001165,1,5168.59,8.5505,554,2,0,20,17,0,0
tx_legit_009475,0,136.91,4.9266,967,1,0,1,9,0,0
tx_legit_004056,0,222.73,5.4104,612,2,0,1,1,0,0
tx_legit_000679,0,937.52,6.8443,866,1,0,1,3,0,0
tx_legit_012195,0,144.0,4.9767,849,3,0,1,8,0,0
tx_legit_003466,0,193.85,5.2722,566,1,0,3,1,0,0
tx_legit_001715,0,1091.57,6.9963,189,1,0,1,1,0,0
tx_legit_005260,0,368.75,5.9128,205,1,0,1,1,0,0
tx_legit_005483,0,423.67,6.0513,579,1,0,1,15,0,0
tx_fraud_000526,1,47606.86,10.7708,4,7,6,1,1,1,1
tx_legit_000972,0,290.61,5.6754,402,1,0,2,17,0,0
tx_legit_007143,0,651.03,6.4801,328,3,0,1,1,0,0
tx_legit_001526,0,2244.12,7.7165,196,2,0,1,1,0,0
tx_legit_003282,0,426.63,6.0583,190,1,0,1,1,0,0
tx_legit_000820,0,490.43,6.1973,615,1,0,1,1,0,0
tx_legit_003542,0,646.6,6.4733,842,1,0,1,1,0,0
tx_legit_004864,0,175.01,5.1705,200,1,0,1,2,0,0
tx_legit_012450,0,122.02,4.8123,833,1,0,1,1,0,0
tx_legit_003348,0,180.34,5.2004,548,1,0,1,1,0,0
tx_fraud_000993,1,3638.35,8.1996,48,2,1,15,5,0,0
tx_legit_010116,0,619.78,6.431,796,1,0,1,1,0,0
tx_legit_010652,0,630.43,6.448,294,1,0,4,2,0,0
tx_legit_010954,0,226.14,5.4256,397,1,0,1,3,0,0
tx_legit_008332,0,329.9,5.8018,381,1,0,6,3,0,0
tx_legit_004875,0,116.26,4.7644,588,1,0,1,1,0,0
tx_legit_012625,0,695.47,6.546,35,1,0,1,1,0,0
tx_legit_010831,0,316.28,5.7598,518,1,0,2,1,0,0
tx_legit_010640,0,642.75,6.4673,82,1,0,1,1,0,0
tx_legit_001675,0,680.08,6.5237,330,1,0,1,1,0,0
tx_legit_001566,0,1944.52,7.5733,989,1,1,1,1,0,0
tx_legit_013067,0,318.25,5.766,921,1,0,5,1,0,0
tx_legit_011526,0,634.5,6.4544,155,1,0,3,2,0,0
tx_legit_008381,0,1422.88,7.2611,831,3,0,2,2,0,0
tx_legit_010538,0,346.44,5.8506,218,1,0,1,4,0,0
tx_legit_007080,0,668.27,6.5062,215,2,0,2,21,0,0
tx_legit_011208,0,270.36,5.6034,353,1,0,1,1,0,0
tx_legit_011418,0,358.42,5.8845,148,1,0,1,1,0,0
tx_legit_001320,0,825.04,6.7166,838,1,1,1,22,0,0
tx_legit_004824,0,154.5,5.0466,861,2,0,2,10,0,0
tx_legit_000913,0,334.64,5.816,190,2,0,1,21,0,0
tx_legit_007331,0,1198.68,7.0898,480,1,0,1,1,0,0
tx_legit_012947,0,201.31,5.3098,467,1,0,1,4,0,0
tx_legit_003015,0,565.74,6.3399,512,1,1,1,1,0,0
tx_legit_013508,0,555.33,6.3214,738,1,0,1,3,0,0
tx_fraud_000550,1,51391.41,10.8472,1,22,6,20,35,1,1
tx_legit_001942,0,610.38,6.4157,371,1,0,1,2,0,0
tx_legit_009537,0,412.06,6.0236,727,1,1,1,1,0,0
tx_legit_004716,0,152.56,5.0341,179,1,0,2,1,0,0
tx_legit_008738,0,208.5,5.3447,77,1,0,1,2,0,0
tx_legit_004140,0,174.41,5.1671,976,1,0,4,1,0,0
tx_legit_004048,0,141.79,4.9614,354,1,0,1,9,0,0
tx_legit_013147,0,725.67,6.5885,110,3,0,1,20,0,0
tx_legit_009850,0,1160.31,7.0573,158,3,0,2,1,0,0
tx_legit_012089,0,136.32,4.9223,789,1,0,1,2,0,0
tx_fraud_000713,1,1240.56,7.1241,103,1,0,25,9,0,0
tx_legit_009006,0,298.48,5.702,993,2,0,1,2,0,0
tx_legit_009741,0,582.81,6.3696,136,1,0,1,2,0,0
tx_legit_008834,0,663.1,6.4984,691,1,0,1,1,0,0
tx_legit_002976,0,334.44,5.8154,194,1,0,2,1,0,0
tx_legit_002715,0,589.38,6.3808,590,1,0,1,1,0,0
tx_legit_001600,0,255.1,5.5456,50,1,0,1,21,0,0
tx_legit_002112,0,454.36,6.1211,500,1,0,2,15,0,0
tx_legit_010587,0,1831.8,7.5136,517,2,0,2,2,0,0
tx_legit_004204,0,515.5,6.2471,881,1,0,2,15,0,0
tx_legit_012752,0,253.29,5.5385,208,3,0,1,1,0,0
tx_legit_000730,0,315.15,5.7562,264,2,1,2,10,0,0
tx_legit_003179,0,548.83,6.3096,190,1,0,2,12,0,0
tx_legit_001651,0,186.59,5.2343,58,1,0,1,1,0,0
tx_legit_013087,0,242.13,5.4936,657,1,0,1,1,0,0
tx_legit_011252,0,654.99,6.4861,638,1,0,2,3,0,0
tx_legit_008888,0,282.08,5.6457,806,1,0,1,1,0,0
tx_legit_008279,0,157.32,5.0646,804,2,0,1,1,0,0
tx_legit_007568,0,300.42,5.7085,103,1,0,1,1,0,0
tx_legit_010759,0,307.96,5.7332,603,1,0,6,1,0,0
tx_legit_013196,0,211.37,5.3583,501,1,0,1,3,0,0
tx_legit_000521,0,453.67,6.1196,567,1,0,1,1,0,0
tx_legit_005053,0,153.49,5.0401,747,1,2,1,13,0,0
tx_legit_001795,0,281.44,5.6435,373,2,1,1,2,0,0
tx_legit_008531,0,277.79,5.6305,562,1,0,2,8,0,0
tx_legit_004057,0,781.66,6.6627,201,1,0,4,1,0,0
tx_legit_012560,0,367.03,5.9082,614,1,0,1,1,0,0
tx_legit_008411,0,642.6,6.4671,111,2,0,1,1,0,0
tx_legit_011838,0,405.62,6.0079,824,1,0,1,4,0,0
tx_legit_002062,0,602.1,6.4021,234,3,0,1,1,0,0
tx_legit_007247,0,646.51,6.4731,768,1,2,1,1,0,0
tx_legit_013495,0,580.27,6.3652,758,1,0,4,2,0,0
tx_legit_007910,0,897.37,6.8006,437,1,0,1,13,0,0
tx_legit_001205,0,1063.93,6.9707,187,1,0,2,1,0,0
tx_legit_012224,0,2572.53,7.853,399,1,0,2,2,0,0
tx_legit_013598,0,81.85,4.417,640,3,0,1,1,0,0
tx_legit_013637,0,266.07,5.5875,625,3,0,1,1,0,0
tx_legit_007588,0,479.16,6.1741,653,1,0,3,3,0,0
tx_legit_004767,0,1144.99,7.044,702,1,0,2,17,0,0
tx_legit_005771,0,179.42,5.1953,451,1,0,5,3,0,0
tx_legit_006074,0,301.59,5.7124,641,1,0,1,1,0,0
tx_legit_007911,0,1463.66,7.2894,35,1,0,1,1,0,0
tx_legit_003097,0,491.21,6.1989,383,1,0,1,1,0,0
tx_legit_008435,0,404.07,6.0041,384,4,0,1,1,0,0
tx_legit_000866,0,299.97,5.707,986,2,0,3,1,0,0
tx_legit_006242,0,219.29,5.3949,639,1,0,2,1,0,0
tx_legit_002004,0,189.09,5.2475,208,1,0,1,1,0,0
tx_legit_010630,0,1014.27,6.9229,850,1,0,1,1,0,0
tx_legit_012857,0,2093.21,7.6469,852,3,0,3,3,0,0
tx_legit_000421,0,177.23,5.1831,778,1,1,1,2,0,0
tx_legit_002763,0,164.2,5.1072,655,1,0,1,3,0,0
tx_legit_012478,0,416.07,6.0333,286,1,0,1,2,0,0
tx_legit_012011,0,593.58,6.3879,756,1,0,1,2,0,0
tx_legit_005932,0,799.33,6.685,544,1,0,2,3,0,0
tx_legit_003691,0,741.6,6.6102,568,1,0,1,3,0,0
tx_legit_006775,0,346.96,5.8521,816,1,0,2,14,0,0
tx_legit_002008,0,879.9,6.7809,143,1,0,2,1,0,0
tx_legit_006213,0,365.05,5.9028,132,1,0,1,2,0,0
tx_legit_012373,0,104.63,4.6599,796,1,0,1,1,0,0
tx_fraud_000094,1,15239.15,9.6317,9,7,2,9,6,0,1
tx_legit_007464,0,175.63,5.1741,657,2,0,1,2,0,0
tx_legit_010429,0,1029.28,6.9376,426,3,1,2,10,0,0
tx_fraud_000011,1,9583.45,9.1679,11,4,4,10,6,0,0
tx_legit_004851,0,99.29,4.6081,821,1,0,1,1,0,0
tx_legit_011827,0,540.18,6.2938,563,1,0,1,1,0,0
tx_legit_003446,0,362.45,5.8956,412,1,0,1,1,0,0
tx_fraud_000487,1,59121.79,10.9874,7,15,3,1,1,1,1
tx_legit_009048,0,567.19,6.3425,493,1,1,1,1,0,0
tx_legit_006612,0,1460.52,7.2872,95,2,0,2,2,0,0
tx_legit_007500,0,737.72,6.6049,952,2,1,2,1,0,0
tx_legit_006568,0,456.72,6.1263,117,1,0,2,10,0,0
tx_legit_011724,0,428.92,6.0636,663,1,0,2,22,0,0
tx_legit_011254,0,459.95,6.1333,593,1,0,1,1,0,0
tx_legit_012942,0,153.56,5.0406,771,1,0,1,2,0,0
tx_legit_011412,0,454.55,6.1215,774,1,0,1,2,0,0
tx_legit_000968,0,4219.47,8.3477,972,1,0,1,1,0,0
tx_legit_002001,0,1423.9,7.2619,796,1,0,1,1,0,0
tx_legit_001390,0,958.72,6.8666,804,3,0,4,1,0,0
tx_legit_012030,0,171.13,5.1483,590,2,0,1,1,0,0
tx_legit_012179,0,666.8,6.504,187,1,1,1,2,0,0
tx_fraud_001197,1,5485.97,8.6101,693,2,0,12,9,0,0
tx_legit_003898,0,159.56,5.0787,741,1,0,1,13,0,0
tx_legit_006003,0,934.03,6.8406,222,1,0,1,2,0,0
tx_legit_004679,0,362.58,5.896,25,2,0,1,2,0,0
tx_legit_009595,0,852.87,6.7498,115,1,0,1,3,0,0
tx_legit_009079,0,331.37,5.8062,956,3,1,1,1,0,0
tx_legit_013487,0,63.46,4.166,782,1,0,4,1,0,0
tx_legit_003230,0,423.14,6.0501,492,1,0,2,15,0,0
tx_legit_003867,0,438.71,6.0861,997,1,0,1,20,0,0
tx_legit_007905,0,297.14,5.6976,222,2,0,2,8,0,0
tx_legit_010662,0,119.99,4.7957,662,2,0,1,3,0,0
tx_legit_001907,0,1468.54,7.2927,716,1,0,1,1,0,0
tx_legit_001671,0,100.74,4.6224,892,2,0,1,4,0,0
tx_legit_010645,0,164.47,5.1088,106,1,0,1,2,0,0
tx_legit_002244,0,490.59,6.1976,902,1,0,1,1,0,0
tx_legit_007291,0,325.54,5.7886,27,1,0,1,1,0,0
tx_legit_008762,0,470.09,6.155,825,1,0,1,20,0,0
tx_fraud_000309,1,13621.28,9.5195,1,4,2,2,3,1,0
tx_legit_003627,0,2075.98,7.6387,972,1,0,4,1,0,0
tx_fraud_000901,1,2824.44,7.9464,289,1,0,1,21,0,0
tx_legit_006980,0,180.05,5.1988,743,1,0,2,5,0,0
tx_legit_005328,0,1326.08,7.1907,25,1,0,5,1,0,0
tx_fraud_000480,1,54069.94,10.8981,2,15,6,1,1,1,1
tx_legit_001906,0,461.97,6.1377,620,1,0,1,1,0,0
tx_legit_011942,0,693.83,6.5437,443,2,0,1,1,0,0
tx_fraud_000717,1,1571.26,7.3603,227,1,0,18,14,0,0
tx_fraud_001066,1,7243.0,8.8879,705,2,0,20,17,0,0
tx_legit_002475,0,823.54,6.7148,22,1,0,2,19,0,0
tx_legit_010074,0,1408.62,7.2511,542,1,0,1,1,0,0
tx_legit_006948,0,50.0,3.9318,679,1,0,1,2,0,0
tx_legit_002620,0,1186.83,7.0799,142,2,0,2,2,0,0
tx_legit_000096,0,204.76,5.3267,766,1,0,1,2,0,0
tx_legit_001481,0,130.11,4.876,768,1,0,1,3,0,0
tx_legit_006993,0,1955.13,7.5787,354,1,0,1,1,0,0
tx_legit_007781,0,331.05,5.8053,858,1,1,1,1,0,0
tx_legit_004496,0,276.31,5.6251,201,1,0,1,16,0,0
tx_legit_011883,0,610.39,6.4157,335,2,0,1,4,0,0
tx_legit_010785,0,2075.07,7.6382,131,1,0,1,2,0,0
tx_legit_011916,0,239.74,5.4837,875,1,0,4,1,0,0
tx_legit_004509,0,1337.97,7.1997,500,1,0,1,1,0,0
tx_legit_011815,0,473.17,6.1616,690,1,0,1,1,0,0
tx_legit_006679,0,680.81,6.5248,899,1,0,1,4,0,0
tx_legit_005103,0,232.95,5.4551,871,4,1,1,2,0,0
tx_legit_007925,0,536.74,6.2874,221,1,0,1,9,0,0
tx_legit_003942,0,628.86,6.4455,335,1,1,1,3,0,0
tx_legit_010495,0,121.56,4.8086,102,3,0,1,1,0,0
tx_fraud_000461,1,88701.52,11.393,5,7,6,1,1,1,1
tx_legit_004576,0,976.44,6.8849,540,1,0,1,1,0,0
tx_fraud_000260,1,5295.18,8.5747,9,13,3,3,30,0,1
tx_legit_011826,0,901.38,6.805,805,1,0,2,10,0,0
tx_legit_013311,0,315.11,5.7561,967,1,0,1,2,0,0
tx_legit_007786,0,337.58,5.8248,430,1,0,1,1,0,0
tx_legit_006467,0,779.48,6.6599,677,1,0,2,18,0,0
tx_legit_007614,0,474.44,6.1642,697,1,0,1,2,0,0
tx_legit_010233,0,482.03,6.1801,942,1,0,2,13,0,0
tx_legit_010090,0,210.87,5.356,205,1,0,1,1,0,0
tx_legit_012569,0,326.0,5.79,20,3,1,2,19,0,0
tx_legit_008408,0,742.84,6.6118,554,1,0,1,1,0,0
tx_legit_006075,0,411.62,6.0225,157,2,0,1,1,0,0
tx_legit_005976,0,286.06,5.6597,263,1,0,1,4,0,0
tx_legit_008666,0,415.36,6.0316,846,1,0,1,2,0,0
tx_fraud_000019,1,12191.52,9.4086,12,5,4,10,3,0,1
tx_legit_007426,0,377.71,5.9368,789,1,0,5,3,0,0
tx_legit_005682,0,286.3,5.6605,753,2,0,1,1,0,0
tx_legit_013166,0,126.62,4.8491,98,2,2,2,18,0,0
tx_legit_006707,0,296.24,5.6945,389,2,0,2,3,0,0
tx_fraud_001105,1,5867.23,8.6773,432,2,0,22,16,0,0
tx_legit_010913,0,456.47,6.1257,120,2,1,1,1,0,0
tx_legit_011755,0,199.13,5.299,498,2,0,1,1,0,0
tx_legit_009846,0,1284.35,7.1588,169,1,0,1,1,0,0
tx_legit_008353,0,1159.49,7.0566,986,1,0,1,1,0,0
tx_legit_010845,0,501.79,6.2202,146,1,0,2,1,0,0
tx_legit_000353,0,1428.81,7.2653,548,2,0,2,2,0,0
tx_legit_002731,0,1152.45,7.0505,349,1,0,1,20,0,0
tx_legit_012690,0,103.22,4.6465,518,1,0,6,2,0,0
tx_legit_007085,0,674.2,6.515,265,1,0,2,20,0,0
tx_legit_002562,0,1053.71,6.961,254,2,0,1,1,0,0
tx_legit_013603,0,2364.75,7.7689,462,1,0,2,19,0,0
tx_legit_011947,0,238.35,5.4779,794,4,0,1,3,0,0
tx_fraud_000907,1,2472.77,7.8135,281,1,0,1,21,0,0
tx_legit_004802,0,1169.32,7.065,56,1,2,1,21,0,0
tx_fraud_001030,1,4312.38,8.3695,125,2,1,15,10,0,0
tx_legit_002935,0,236.45,5.47,649,1,0,2,1,0,0
tx_legit_007104,0,897.68,6.8009,517,2,0,1,1,0,0
tx_legit_000156,0,254.49,5.5432,917,2,0,2,2,0,0
tx_legit_004619,0,378.52,5.9389,976,1,0,1,1,0,0
tx_legit_004229,0,1537.4,7.3385,816,2,0,2,1,0,0
tx_legit_003812,0,287.97,5.6663,877,1,0,4,3,0,0
tx_legit_000446,0,470.93,6.1568,432,1,0,1,3,0,0
tx_legit_008867,0,249.0,5.5215,225,1,0,1,1,0,0
tx_legit_006505,0,284.95,5.6558,986,1,0,1,1,0,0
tx_legit_001214,0,414.53,6.0296,428,1,0,1,1,0,0
tx_fraud_000195,1,11894.23,9.3839,3,13,6,2,33,1,1
tx_legit_002363,0,506.57,6.2296,927,4,0,2,1,0,0
tx_legit_004009,0,358.02,5.8834,490,1,0,1,2,0,0
tx_fraud_000860,1,1579.1,7.3652,419,1,0,1,24,0,0
tx_legit_003754,0,618.12,6.4283,204,1,0,1,4,0,0
tx_legit_009729,0,317.86,5.7648,418,1,0,1,1,0,0
tx_legit_006937,0,482.43,6.1809,225,1,0,3,1,0,0
tx_legit_005396,0,420.52,6.0439,539,1,0,1,21,0,0
tx_legit_009171,0,287.66,5.6652,610,1,0,1,20,0,0
tx_legit_005357,0,544.53,6.3018,490,1,0,2,10,0,0
tx_fraud_000941,1,4744.03,8.4649,37,2,1,14,11,0,0
tx_legit_013170,0,1254.05,7.1349,300,2,0,2,12,0,0
tx_legit_005069,0,937.34,6.8441,582,1,0,1,1,0,0
tx_legit_013234,0,359.12,5.8864,880,1,0,1,13,0,0
tx_legit_007541,0,264.46,5.5815,570,1,0,1,13,0,0
tx_legit_009126,0,853.6,6.7506,347,1,0,1,1,0,0
tx_legit_001855,0,300.71,5.7095,671,2,0,1,1,0,0
tx_legit_010625,0,450.73,6.1131,784,1,0,2,17,0,0
tx_legit_012915,0,701.55,6.5547,961,1,0,4,3,0,0
tx_legit_012517,0,422.65,6.0489,672,3,0,1,12,0,0
tx_legit_012302,0,602.03,6.402,408,1,0,3,4,0,0
tx_legit_005420,0,255.69,5.5479,672,1,0,1,16,0,0
tx_legit_011746,0,285.92,5.6592,842,2,0,1,1,0,0
tx_fraud_001033,1,6430.18,8.7689,141,2,1,14,12,0,0
tx_legit_002080,0,421.87,6.0471,623,1,0,1,1,0,0
tx_legit_002239,0,169.56,5.1391,505,1,0,1,17,0,0
tx_legit_009686,0,1304.73,7.1745,702,1,0,1,1,0,0
tx_legit_011772,0,1422.39,7.2608,836,4,1,2,1,0,0
tx_legit_001455,0,509.41,6.2352,442,1,0,1,1,0,0
tx_legit_005021,0,194.35,5.2748,829,1,0,1,18,0,0
tx_legit_003068,0,1290.76,7.1638,465,1,0,1,2,0,0
tx_legit_013038,0,372.31,5.9224,167,1,0,1,1,0,0
tx_legit_002029,0,1090.36,6.9952,56,1,0,5,1,0,0
tx_legit_002574,0,520.15,6.256,778,1,0,2,22,0,0
tx_legit_006046,0,201.17,5.3091,422,1,0,2,4,0,0
tx_legit_006056,0,138.32,4.9368,98,1,0,1,3,0,0
tx_legit_004047,0,224.05,5.4163,668,1,0,1,1,0,0
tx_legit_007399,0,468.27,6.1512,957,1,0,1,2,0,0
tx_legit_005303,0,197.21,5.2893,605,1,0,3,2,0,0
tx_legit_004712,0,764.0,6.6399,23,2,0,1,3,0,0
tx_legit_012558,0,440.46,6.0901,529,1,0,1,14,0,0
tx_legit_007538,0,1650.14,7.4092,578,2,0,1,1,0,0
tx_legit_000726,0,204.11,5.3235,38,1,0,1,1,0,0
tx_legit_005194,0,1084.69,6.99,800,1,0,1,1,0,0
tx_legit_007110,0,788.4,6.6713,891,1,0,3,1,0,0
tx_legit_011779,0,806.07,6.6934,399,2,0,2,1,0,0
tx_legit_010136,0,517.48,6.2509,850,1,0,1,1,0,0
tx_legit_009469,0,221.74,5.406,526,1,0,1,1,0,0
tx_legit_008568,0,903.12,6.807,709,2,0,1,3,0,0
tx_legit_001989,0,661.99,6.4968,591,1,0,1,22,0,0
tx_legit_004613,0,600.7,6.3998,632,1,0,1,5,0,0
tx_legit_001028,0,228.97,5.4379,433,2,0,2,16,0,0
tx_legit_000628,0,390.66,5.9704,772,1,0,1,1,0,0
tx_legit_002663,0,265.36,5.5848,772,2,0,1,1,0,0
tx_legit_010921,0,862.47,6.761,973,1,0,1,2,0,0
tx_fraud_000768,1,1647.45,7.4076,132,1,0,19,9,0,0
tx_legit_005879,0,323.21,5.7814,617,1,0,2,17,0,0
tx_legit_011885,0,966.29,6.8745,676,1,0,1,1,0,0
tx_legit_012153,0,578.87,6.3628,662,3,0,1,1,0,0
tx_legit_007492,0,836.92,6.7309,156,3,0,1,2,0,0
tx_legit_011160,0,288.21,5.6672,967,1,1,1,1,0,0
tx_legit_002842,0,1249.48,7.1313,629,1,0,3,1,0,0
tx_fraud_000503,1,71864.89,11.1826,1,6,3,1,1,1,1
tx_legit_004548,0,296.21,5.6944,592,1,1,1,3,0,0
tx_legit_012844,0,296.98,5.697,526,1,0,5,1,0,0
tx_legit_004578,0,837.26,6.7313,73,1,0,2,1,0,0
tx_legit_007825,0,986.92,6.8956,363,1,0,6,3,0,0
tx_legit_001783,0,669.34,6.5078,305,2,0,1,3,0,0
tx_legit_002152,0,631.08,6.449,515,1,0,4,2,0,0
tx_legit_006960,0,336.03,5.8202,315,1,0,1,1,0,0
tx_legit_009541,0,216.0,5.3799,477,1,0,1,1,0,0
tx_fraud_000348,1,20849.29,9.9451,4,4,1,3,6,1,0
tx_legit_005934,0,401.77,5.9984,396,1,0,1,18,0,0
tx_legit_008909,0,444.56,6.0993,641,1,0,1,1,0,0
tx_legit_008166,0,225.22,5.4215,762,1,0,1,1,0,0
tx_legit_004925,0,533.73,6.2818,804,1,0,1,1,0,0
tx_legit_005467,0,569.86,6.3471,471,1,0,1,1,0,0
tx_legit_013412,0,1747.13,7.4663,703,1,0,1,13,0,0
tx_legit_007700,0,1194.94,7.0867,234,1,0,1,1,0,0
tx_legit_004218,0,405.7,6.0081,974,1,0,5,3,0,0
tx_legit_004719,0,1047.31,6.9549,103,1,1,1,2,0,0
tx_legit_009771,0,281.16,5.6425,781,1,1,1,2,0,0
tx_legit_000141,0,657.84,6.4905,95,1,0,2,1,0,0
tx_legit_011632,0,1991.83,7.5973,21,2,0,1,1,0,0
tx_legit_007631,0,746.86,6.6172,795,1,1,1,4,0,0
tx_legit_010529,0,546.73,6.3058,64,1,0,1,1,0,0
tx_legit_012969,0,639.78,6.4627,200,1,0,1,1,0,0
tx_legit_004832,0,148.21,5.0054,44,3,0,2,14,0,0
tx_legit_008783,0,344.73,5.8457,374,1,0,1,18,0,0
tx_fraud_000291,1,18188.13,9.8086,3,4,0,4,2,1,0
tx_legit_003303,0,284.11,5.6529,108,1,0,1,2,0,0
tx_legit_011899,0,181.3,5.2057,801,1,0,1,1,0,0
tx_legit_005455,0,438.06,6.0846,399,4,0,1,21,0,0
tx_legit_011013,0,249.9,5.5251,124,1,0,3,2,0,0
tx_legit_011283,0,842.14,6.7371,134,1,1,1,8,0,0
tx_legit_008633,0,530.78,6.2762,891,1,0,1,1,0,0
tx_legit_009318,0,2408.82,7.7873,502,1,0,1,2,0,0
tx_legit_000548,0,587.08,6.3769,290,2,0,1,12,0,0
tx_legit_001446,0,191.32,5.2592,418,1,0,1,1,0,0
tx_legit_005184,0,853.44,6.7504,35,1,0,2,1,0,0
tx_legit_007220,0,969.04,6.8773,132,1,0,2,14,0,0
tx_legit_004172,0,451.41,6.1146,497,1,0,2,20,0,0
tx_legit_009343,0,663.03,6.4983,920,2,0,1,1,0,0
tx_legit_013093,0,716.55,6.5758,660,1,0,1,1,0,0
tx_legit_002686,0,1087.82,6.9928,594,1,0,1,13,0,0
tx_legit_004736,0,264.73,5.5825,502,2,0,2,10,0,0
tx_legit_010712,0,1224.71,7.1113,841,1,0,1,1,0,0
tx_legit_000287,0,318.56,5.7669,796,3,1,1,1,0,0
tx_legit_003958,0,389.79,5.9682,564,2,0,1,20,0,0
tx_legit_004554,0,203.53,5.3207,179,1,0,1,1,0,0
tx_legit_011419,0,210.18,5.3527,135,1,0,1,2,0,0
tx_legit_001517,0,809.6,6.6978,641,1,0,2,1,0,0
tx_legit_011370,0,589.04,6.3802,288,4,0,1,10,0,0
tx_legit_003018,0,818.45,6.7086,392,1,0,2,1,0,0
tx_legit_001485,0,407.49,6.0125,524,1,0,1,3,0,0
tx_legit_003650,0,1514.52,7.3235,751,1,0,1,2,0,0
tx_legit_006266,0,404.61,6.0054,115,4,0,1,17,0,0
tx_legit_000936,0,265.9,5.5869,957,1,1,3,2,0,0
tx_legit_013558,0,397.94,5.9888,562,1,0,3,1,0,0
tx_legit_007985,0,512.05,6.2404,772,1,0,1,1,0,0
tx_legit_001616,0,210.71,5.3552,619,1,1,1,19,0,0
tx_legit_004948,0,104.75,4.6611,722,1,0,1,4,0,0
tx_legit_011149,0,675.43,6.5168,595,1,0,1,1,0,0
tx_legit_000851,0,2145.5,7.6716,515,1,0,6,3,0,0
tx_legit_006773,0,189.19,5.248,40,2,0,2,8,0,0
tx_legit_012426,0,807.8,6.6956,53,1,0,2,1,0,0
tx_legit_009548,0,230.41,5.4442,680,3,1,1,4,0,0
tx_legit_009510,0,630.92,6.4488,589,1,0,2,2,0,0
tx_legit_007386,0,332.36,5.8092,920,1,0,1,1,0,0
tx_legit_000029,0,1059.28,6.9663,150,2,0,1,12,0,0
tx_legit_008914,0,590.64,6.3829,202,1,0,2,2,0,0
tx_legit_013355,0,380.22,5.9434,375,1,0,1,1,0,0
tx_legit_004448,0,723.64,6.5857,615,2,0,2,1,0,0
tx_legit_011176,0,616.35,6.4254,259,1,0,1,1,0,0
tx_legit_003543,0,1692.62,7.4346,203,1,0,1,2,0,0
tx_legit_013615,0,320.24,5.7722,875,1,0,4,3,0,0
tx_legit_001574,0,831.28,6.7242,61,2,0,1,1,0,0
tx_legit_012404,0,740.01,6.608,901,1,1,1,1,0,0
tx_legit_008658,0,1784.85,7.4876,901,1,0,1,2,0,0
tx_legit_008216,0,333.56,5.8128,150,1,0,5,2,0,0
tx_legit_000911,0,443.56,6.0971,716,3,0,1,1,0,0
tx_legit_010284,0,480.82,6.1776,762,2,1,1,1,0,0
tx_legit_010818,0,428.33,6.0622,47,1,0,2,13,0,0
tx_legit_004774,0,493.26,6.2031,964,1,0,1,1,0,0
tx_legit_002057,0,288.03,5.6665,402,1,2,2,15,0,0
tx_legit_012553,0,318.9,5.768,756,2,0,1,1,0,0
tx_legit_005703,0,148.31,5.006,388,1,0,1,2,0,0
tx_legit_009426,0,622.33,6.4351,565,1,0,2,1,0,0
tx_legit_006997,0,366.53,5.9068,78,1,0,3,1,0,0
tx_legit_003289,0,2391.9,7.7803,696,1,0,1,1,0,0
tx_legit_004818,0,585.01,6.3733,220,1,0,1,3,0,0
tx_legit_011865,0,1143.08,7.0424,152,2,2,1,1,0,0
tx_legit_002381,0,109.0,4.7005,631,1,0,1,1,0,0
tx_legit_008969,0,711.64,6.569,869,1,0,2,20,0,0
tx_fraud_000105,1,3230.36,8.0807,10,12,2,11,2,0,1
tx_legit_009500,0,563.46,6.3359,576,1,0,1,3,0,0
tx_legit_008670,0,1000.75,6.9095,745,1,0,1,1,0,0
tx_fraud_001095,1,4078.32,8.3137,575,2,0,20,18,0,0
tx_legit_003277,0,583.16,6.3702,279,1,0,2,1,0,0
tx_legit_005207,0,1331.36,7.1947,865,2,0,1,1,0,0
tx_legit_007178,0,768.96,6.6463,280,1,0,1,4,0,0
tx_legit_005994,0,718.77,6.5789,561,1,1,2,10,0,0
tx_fraud_001073,1,4782.95,8.473,691,2,0,13,12,0,0
tx_legit_012463,0,1845.22,7.5209,782,2,0,1,1,0,0
tx_legit_008706,0,290.56,5.6752,940,1,0,2,1,0,0
tx_legit_000273,0,808.46,6.6964,803,1,0,4,2,0,0
tx_legit_000888,0,996.54,6.9053,452,1,0,1,2,0,0
tx_legit_011744,0,740.87,6.6092,761,1,0,2,19,0,0
tx_legit_007474,0,557.07,6.3245,663,3,0,4,1,0,0
tx_legit_008600,0,585.5,6.3742,137,2,1,1,2,0,0
tx_legit_000769,0,517.52,6.251,861,1,0,2,17,0,0
tx_legit_003735,0,524.4,6.2642,546,3,0,1,1,0,0
tx_legit_008143,0,823.37,6.7146,163,2,0,1,1,0,0
tx_legit_009458,0,481.61,6.1792,326,1,0,1,1,0,0
tx_legit_010754,0,337.94,5.8258,859,1,0,2,22,0,0
tx_legit_009481,0,1914.27,7.5576,566,1,2,1,1,0,0
tx_legit_006669,0,551.48,6.3144,465,3,0,1,1,0,0
tx_legit_011083,0,285.77,5.6587,536,2,0,2,16,0,0
tx_legit_013181,0,546.22,6.3049,598,1,0,2,10,0,0
tx_fraud_000679,1,1924.1,7.5627,235,1,0,17,16,0,0
tx_legit_009913,0,223.07,5.412,329,3,0,3,1,0,0
tx_fraud_000343,1,19100.82,9.8575,1,4,2,5,5,1,0
tx_legit_009239,0,1727.89,7.4552,56,1,0,1,1,0,0
tx_fraud_000242,1,7478.32,8.9199,16,19,7,3,20,0,1
tx_legit_012330,0,1118.16,7.0203,533,2,0,5,2,0,0
tx_legit_007554,0,201.15,5.309,354,1,0,2,12,0,0
tx_legit_008701,0,883.46,6.785,684,1,0,1,16,0,0
tx_legit_008386,0,970.51,6.8789,224,1,0,1,1,0,0
tx_legit_001308,0,1288.92,7.1623,858,2,0,3,2,0,0
tx_legit_012056,0,182.47,5.2121,286,2,0,1,1,0,0
tx_legit_003017,0,591.42,6.3842,186,1,0,1,10,0,0
tx_legit_007347,0,292.47,5.6818,392,3,0,6,2,0,0
tx_legit_013775,0,372.32,5.9224,48,1,0,2,16,0,0
tx_legit_013347,0,2160.82,7.6787,418,1,0,1,2,0,0
tx_legit_005380,0,426.96,6.059,625,1,0,4,2,0,0
tx_legit_007013,0,368.33,5.9117,663,2,0,2,2,0,0
tx_legit_006413,0,592.82,6.3866,559,1,0,1,1,0,0
tx_legit_010115,0,482.82,6.1817,329,2,0,1,2,0,0
tx_legit_006573,0,186.44,5.2335,727,1,0,1,1,0,0
tx_legit_005344,0,161.12,5.0883,29,1,0,1,1,0,0
tx_legit_007891,0,84.29,4.4461,696,2,0,2,1,0,0
tx_legit_000463,0,309.01,5.7366,256,1,0,1,1,0,0
tx_legit_013559,0,244.8,5.5045,391,1,0,1,2,0,0
tx_legit_011394,0,595.87,6.3917,768,1,0,1,1,0,0
tx_legit_010703,0,1166.93,7.063,39,2,0,2,10,0,0
tx_legit_001939,0,655.85,6.4875,571,2,0,2,4,0,0
tx_legit_004160,0,161.99,5.0937,283,2,0,5,1,0,0
tx_legit_005847,0,669.51,6.508,864,2,0,1,5,0,0
tx_legit_002965,0,591.85,6.3849,276,1,1,1,1,0,0
tx_legit_003392,0,400.06,5.9941,426,2,0,1,5,0,0
tx_legit_001955,0,751.18,6.623,974,1,0,1,1,0,0
tx_legit_011041,0,280.45,5.64,815,1,1,2,20,0,0
tx_legit_010113,0,439.92,6.0889,829,2,0,5,3,0,0
tx_legit_009579,0,501.34,6.2193,173,1,0,2,16,0,0
tx_legit_007782,0,712.97,6.5708,534,1,0,1,2,0,0
tx_legit_003188,0,578.42,6.362,220,1,0,1,21,0,0
tx_legit_000870,0,1108.25,7.0114,623,1,0,1,14,0,0
tx_legit_010724,0,479.14,6.1741,94,1,0,1,1,0,0
tx_legit_010454,0,1168.22,7.0641,422,1,0,1,1,0,0
tx_legit_010869,0,410.35,6.0194,969,2,0,1,1,0,0
tx_legit_006986,0,179.5,5.1957,907,1,0,1,1,0,0
tx_legit_001070,0,216.01,5.3799,413,1,0,1,2,0,0
tx_legit_001916,0,340.68,5.8339,671,2,0,1,2,0,0
tx_legit_005631,0,678.76,6.5217,192,2,0,1,3,0,0
tx_legit_012616,0,330.94,5.805,197,4,0,4,3,0,0
tx_legit_007980,0,134.71,4.9105,467,1,0,1,4,0,0
tx_legit_000012,0,750.36,6.6219,114,1,0,1,20,0,0
tx_legit_007961,0,412.42,6.0245,24,1,0,2,1,0,0
tx_legit_004647,0,1134.53,7.0349,708,1,0,2,14,0,0
tx_legit_003132,0,327.4,5.7942,669,1,1,1,1,0,0
tx_legit_011086,0,260.05,5.5647,100,1,0,2,2,0,0
tx_legit_009919,0,373.67,5.926,701,1,0,1,2,0,0
tx_legit_006654,0,493.98,6.2045,334,1,0,1,2,0,0
tx_legit_002460,0,542.12,6.2973,373,1,0,1,1,0,0
tx_legit_001944,0,269.0,5.5984,542,1,0,1,2,0,0
tx_fraud_000873,1,3190.5,8.0682,293,1,0,1,10,0,0
tx_legit_007572,0,496.01,6.2086,229,1,0,1,1,0,0
tx_fraud_000909,1,3221.55,8.0779,210,1,0,1,12,0,0
tx_legit_008253,0,637.9,6.4597,542,1,2,1,1,0,0
tx_legit_003475,0,235.21,5.4647,260,3,1,2,1,0,0
tx_legit_000859,0,366.97,5.908,691,1,1,1,1,0,0
tx_legit_006635,0,244.52,5.5034,749,2,0,1,1,0,0
tx_legit_001910,0,665.86,6.5026,447,1,0,1,1,0,0
tx_legit_001086,0,1011.9,6.9206,27,1,0,2,20,0,0
tx_legit_001333,0,288.88,5.6695,330,2,0,1,1,0,0
tx_legit_000515,0,276.55,5.626,221,2,0,1,2,0,0
tx_legit_010539,0,412.74,6.0252,686,2,1,1,1,0,0
tx_legit_001452,0,162.3,5.0956,77,1,0,1,21,0,0
tx_legit_003819,0,554.84,6.3205,411,1,0,1,1,0,0
tx_legit_005131,0,472.92,6.161,629,2,0,1,2,0,0
tx_legit_001865,0,1174.57,7.0695,922,2,0,1,19,0,0
tx_legit_004286,0,1561.66,7.3541,852,2,0,2,1,0,0
tx_legit_001529,0,793.21,6.6773,625,1,0,1,2,0,0
tx_legit_008622,0,89.49,4.5052,672,1,0,2,12,0,0
tx_legit_011540,0,241.08,5.4893,652,2,0,1,21,0,0
tx_legit_003354,0,1076.88,6.9828,36,1,0,2,2,0,0
tx_legit_010070,0,171.31,5.1493,70,2,0,2,1,0,0
tx_legit_004600,0,492.25,6.201,270,2,0,2,15,0,0
tx_legit_005046,0,440.62,6.0904,29,2,0,2,2,0,0
tx_legit_010498,0,343.1,5.8409,661,1,0,1,1,0,0
tx_legit_001227,0,737.6,6.6048,971,3,0,1,3,0,0
tx_legit_008581,0,872.15,6.7721,223,1,0,1,20,0,0
tx_legit_001491,0,290.97,5.6767,928,1,0,1,2,0,0
tx_legit_013283,0,871.71,6.7716,412,1,0,1,1,0,0
tx_fraud_000944,1,6944.39,8.8458,100,2,1,13,12,0,0
tx_legit_009914,0,238.78,5.4797,256,1,0,2,1,0,0
tx_legit_007479,0,2010.43,7.6066,283,1,0,1,1,0,0
tx_legit_004530,0,346.38,5.8504,180,1,0,1,2,0,0
tx_legit_013383,0,3173.76,8.063,261,1,1,1,1,0,0
tx_legit_008284,0,424.76,6.0539,818,1,0,1,2,0,0
tx_legit_003224,0,867.34,6.7666,316,2,0,2,11,0,0
tx_legit_013193,0,200.22,5.3044,264,2,0,1,1,0,0
tx_legit_006291,0,330.87,5.8047,283,1,0,5,2,0,0
tx_legit_012941,0,1332.69,7.1957,547,1,0,1,1,0,0
tx_legit_012151,0,550.51,6.3127,435,1,1,4,3,0,0
tx_legit_000255,0,582.72,6.3694,312,1,0,1,21,0,0
tx_legit_002956,0,342.84,5.8402,561,2,1,5,1,0,0
tx_legit_010721,0,411.1,6.0213,477,3,0,1,1,0,0
tx_legit_004005,0,330.63,5.804,881,1,0,1,1,0,0
tx_legit_007040,0,473.29,6.1618,580,1,0,1,2,0,0
tx_legit_010895,0,1043.79,6.9516,668,2,0,1,4,0,0
tx_legit_011454,0,209.77,5.3508,852,1,0,1,1,0,0
tx_legit_010980,0,668.23,6.5061,149,1,1,1,4,0,0
tx_legit_003599,0,229.47,5.4401,188,1,0,1,1,0,0
tx_legit_007862,0,1328.76,7.1928,757,2,0,1,1,0,0
tx_legit_006090,0,398.54,5.9903,687,1,0,1,2,0,0
tx_legit_012237,0,120.67,4.8013,34,1,0,1,1,0,0
tx_fraud_000126,1,6155.01,8.7252,8,6,2,15,2,0,1
tx_legit_011509,0,266.53,5.5892,476,2,0,1,1,0,0
tx_legit_008356,0,227.91,5.4333,179,1,0,3,1,0,0
tx_legit_010044,0,1173.41,7.0685,923,2,1,1,3,0,0
tx_legit_008464,0,81.8,4.4164,483,1,0,1,2,0,0
tx_legit_002265,0,910.48,6.8151,249,1,0,2,8,0,0
tx_legit_006865,0,799.07,6.6847,21,1,0,1,3,0,0
tx_fraud_000290,1,9288.27,9.1366,2,8,0,3,6,1,1
tx_fraud_000132,1,4705.42,8.4567,13,9,2,9,2,0,1
tx_legit_011387,0,924.46,6.8303,281,1,0,2,16,0,0
tx_legit_002342,0,332.4,5.8093,579,1,0,3,1,0,0
tx_legit_013221,0,545.97,6.3044,510,2,0,1,1,0,0
tx_legit_003794,0,495.56,6.2077,72,1,0,2,1,0,0
tx_legit_006880,0,529.52,6.2739,681,1,0,5,2,0,0
tx_legit_009401,0,837.34,6.7314,166,2,0,1,2,0,0
tx_legit_011264,0,1029.84,6.9381,275,2,0,1,2,0,0
tx_legit_005744,0,241.68,5.4917,277,1,0,1,2,0,0
tx_legit_008602,0,833.25,6.7265,657,1,0,1,1,0,0
tx_legit_005238,0,784.73,6.6666,291,1,0,1,8,0,0
tx_fraud_000142,1,6956.12,8.8475,5,8,7,2,33,1,1
tx_legit_006795,0,283.72,5.6515,203,1,0,1,1,0,0
tx_legit_001099,0,372.09,5.9218,592,2,0,1,1,0,0
tx_legit_001943,0,293.79,5.6863,961,1,0,1,17,0,0
tx_fraud_001102,1,4253.52,8.3557,602,2,0,22,14,0,0
tx_legit_000413,0,377.03,5.935,156,1,0,1,2,0,0
tx_legit_001588,0,1062.15,6.969,224,1,0,1,2,0,0
tx_legit_012671,0,179.59,5.1962,230,1,0,1,19,0,0
tx_fraud_000581,1,49533.58,10.8104,7,26,8,11,27,1,1
tx_legit_006771,0,240.4,5.4865,106,2,0,1,13,0,0
tx_legit_006064,0,187.97,5.2416,136,1,0,1,3,0,0
tx_legit_012946,0,370.48,5.9175,306,3,0,2,8,0,0
tx_legit_005683,0,233.07,5.4556,365,2,0,1,2,0,0
tx_fraud_000902,1,3274.59,8.0943,299,1,0,1,22,0,0
tx_legit_002007,0,521.59,6.2588,313,1,0,4,3,0,0
tx_legit_010935,0,206.23,5.3338,306,1,0,1,2,0,0
tx_legit_010689,0,730.1,6.5946,347,1,0,1,1,0,0
tx_legit_009281,0,138.61,4.9389,672,1,1,1,1,0,0
tx_legit_009588,0,956.08,6.8639,499,3,0,2,13,0,0
tx_legit_012328,0,907.29,6.8116,142,1,0,1,8,0,0
tx_legit_008396,0,72.16,4.2926,531,1,0,2,13,0,0
tx_legit_011794,0,1323.36,7.1887,587,1,0,1,1,0,0
tx_legit_001263,0,1536.36,7.3378,181,1,0,1,1,0,0
tx_legit_001362,0,164.89,5.1113,840,1,0,4,1,0,0
tx_legit_007709,0,802.83,6.6894,403,1,0,1,1,0,0
tx_legit_009242,0,246.6,5.5118,891,1,0,2,21,0,0
tx_legit_009468,0,866.53,6.7657,730,2,0,1,1,0,0
tx_legit_011756,0,678.53,6.5214,276,1,0,1,2,0,0
tx_legit_000316,0,656.47,6.4884,235,1,0,1,1,0,0
tx_legit_010790,0,578.45,6.3621,614,2,0,1,2,0,0
tx_legit_005959,0,249.11,5.5219,683,1,0,1,21,0,0
tx_legit_009854,0,1421.85,7.2604,621,1,0,1,2,0,0
tx_legit_002386,0,895.1,6.7981,423,1,0,1,2,0,0
tx_legit_002586,0,1260.0,7.1397,380,1,0,1,1,0,0
tx_legit_006000,0,673.13,6.5134,938,2,0,5,3,0,0
tx_legit_009142,0,1514.6,7.3236,128,1,0,1,1,0,0
tx_legit_005570,0,223.79,5.4152,819,1,0,1,1,0,0
tx_legit_009995,0,424.54,6.0534,608,2,0,3,2,0,0
tx_legit_007408,0,298.61,5.7025,817,1,0,1,1,0,0
tx_legit_012225,0,903.65,6.8075,196,1,0,3,1,0,0
tx_legit_012738,0,804.88,6.6919,316,1,0,1,1,0,0
tx_legit_008188,0,194.77,5.2769,723,1,0,2,1,0,0
tx_legit_008141,0,83.75,4.4397,576,1,0,1,20,0,0
tx_legit_011256,0,789.3,6.6724,910,1,0,1,1,0,0
tx_legit_006895,0,789.26,6.6724,977,1,0,2,2,0,0
tx_legit_003699,0,1062.9,6.9697,579,1,0,1,3,0,0
tx_legit_010073,0,409.26,6.0168,809,2,0,1,1,0,0
tx_legit_006049,0,902.03,6.8058,175,1,0,1,3,0,0
tx_legit_002962,0,425.94,6.0566,588,2,0,1,1,0,0
tx_fraud_000697,1,1997.44,7.6001,228,1,0,13,10,0,0
tx_legit_005695,0,371.02,5.9189,86,1,0,1,2,0,0
tx_legit_012043,0,667.53,6.5051,380,1,0,2,1,0,0
tx_legit_012544,0,641.21,6.4649,882,1,0,2,2,0,0
tx_legit_013332,0,959.98,6.868,760,1,0,1,1,0,0
tx_legit_002739,0,198.72,5.2969,859,4,0,2,12,0,0
tx_fraud_000607,1,34931.89,10.4612,3,29,5,19,19,1,1
tx_legit_009862,0,340.55,5.8335,818,1,1,1,1,0,0
tx_legit_013143,0,215.32,5.3768,947,1,0,1,1,0,0
tx_legit_008087,0,715.84,6.5749,484,1,0,1,3,0,0
tx_legit_006069,0,937.01,6.8438,292,1,0,1,1,0,0
tx_legit_002015,0,622.93,6.436,359,1,0,2,1,0,0
tx_legit_003069,0,1192.19,7.0844,586,1,1,1,18,0,0
tx_legit_006528,0,433.29,6.0737,938,2,0,1,1,0,0
tx_legit_010585,0,436.98,6.0822,959,1,0,2,11,0,0
tx_legit_010191,0,727.95,6.5916,281,1,0,1,1,0,0
tx_legit_006374,0,869.42,6.769,985,2,0,2,16,0,0
tx_legit_011318,0,690.5,6.5389,907,1,0,2,11,0,0
tx_legit_004648,0,488.37,6.1931,448,4,0,2,2,0,0
tx_legit_000948,0,941.87,6.8489,779,1,0,1,1,0,0
tx_legit_005506,0,944.41,6.8516,242,1,0,1,1,0,0
tx_legit_002320,0,387.28,5.9617,784,1,0,6,1,0,0
tx_legit_003773,0,932.22,6.8386,518,1,0,1,3,0,0
tx_legit_007670,0,506.95,6.2304,477,1,0,1,2,0,0
tx_legit_010447,0,1202.19,7.0927,238,2,1,1,3,0,0
tx_legit_008045,0,693.87,6.5437,874,1,0,1,1,0,0
tx_legit_012235,0,398.19,5.9894,351,1,0,2,19,0,0
tx_legit_005820,0,556.77,6.3239,513,1,0,1,2,0,0
tx_legit_007999,0,556.17,6.3229,763,1,0,1,1,0,0
tx_legit_008459,0,596.66,6.393,647,1,0,1,2,0,0
tx_legit_006914,0,181.4,5.2062,118,1,0,1,1,0,0
tx_legit_009178,0,1324.32,7.1894,913,1,0,3,1,0,0
tx_legit_010562,0,510.73,6.2378,518,4,0,1,1,0,0
tx_legit_002706,0,245.11,5.5058,247,1,0,1,1,0,0
tx_legit_009319,0,136.12,4.9209,381,1,0,3,2,0,0
tx_legit_011639,0,493.29,6.2031,433,1,0,1,22,0,0
tx_legit_002510,0,348.85,5.8575,976,1,1,1,2,0,0
tx_legit_009535,0,718.91,6.5791,717,1,0,1,1,0,0
tx_legit_000375,0,1520.51,7.3275,545,3,0,1,1,0,0
tx_fraud_001036,1,5812.97,8.668,112,2,1,15,8,0,0
tx_legit_002533,0,532.86,6.2801,495,1,0,1,1,0,0
tx_legit_010102,0,670.86,6.51,46,3,0,1,1,0,0
tx_legit_011070,0,169.42,5.1383,340,1,0,1,1,0,0
tx_legit_003427,0,3961.61,8.2847,879,1,0,4,1,0,0
tx_legit_007295,0,90.55,4.5169,238,2,0,2,18,0,0
tx_legit_008419,0,535.99,6.286,986,2,0,2,3,0,0
tx_legit_010774,0,302.32,5.7148,612,1,1,5,2,0,0
tx_legit_002458,0,141.08,4.9564,295,2,0,1,14,0,0
tx_legit_009627,0,443.68,6.0974,838,2,0,2,12,0,0
tx_legit_005675,0,816.12,6.7058,335,2,0,1,1,0,0
tx_legit_006983,0,975.8,6.8843,288,1,0,2,13,0,0
tx_legit_009670,0,422.15,6.0477,569,2,0,2,19,0,0
tx_fraud_000092,1,3014.12,8.0114,4,5,4,16,6,1,1
tx_legit_013531,0,659.52,6.493,509,1,0,1,1,0,0
tx_legit_011451,0,176.19,5.1772,29,1,1,3,1,0,0
tx_legit_008991,0,823.31,6.7145,229,1,0,1,1,0,0
tx_legit_010348,0,387.76,5.963,926,1,0,1,2,0,0
tx_legit_006770,0,582.28,6.3687,62,2,0,1,1,0,0
tx_legit_007613,0,330.01,5.8021,392,1,0,1,3,0,0
tx_legit_008437,0,308.47,5.7349,46,1,0,5,2,0,0
tx_legit_007126,0,931.35,6.8377,742,1,2,1,1,0,0
tx_fraud_000234,1,3184.03,8.0662,11,14,2,4,30,0,1
tx_fraud_000352,1,4168.5,8.3356,0,7,3,4,4,1,1
tx_legit_005958,0,593.72,6.3881,55,1,1,1,3,0,0
tx_fraud_001021,1,6379.52,8.761,54,2,1,13,9,0,0
tx_legit_010527,0,689.89,6.538,809,1,0,1,4,0,0
tx_legit_007390,0,926.69,6.8327,192,1,0,1,2,0,0
tx_legit_013642,0,457.35,6.1276,136,2,0,1,4,0,0
tx_legit_013552,0,1042.87,6.9507,982,1,0,1,10,0,0
tx_fraud_000973,1,4111.18,8.3217,95,2,1,14,10,0,0
tx_legit_006246,0,741.24,6.6097,392,3,0,3,1,0,0
tx_legit_009347,0,857.48,6.7552,650,2,0,3,1,0,0
tx_legit_009544,0,715.48,6.5744,25,1,1,2,2,0,0
tx_legit_007543,0,1641.58,7.404,258,1,0,1,1,0,0
tx_legit_009930,0,711.1,6.5682,254,1,0,1,2,0,0
tx_legit_002934,0,1561.31,7.3539,484,2,0,1,1,0,0
tx_legit_000007,0,375.7,5.9314,674,2,0,1,1,0,0
tx_legit_003145,0,403.19,6.0019,80,1,0,5,2,0,0
tx_legit_000861,0,350.22,5.8614,201,1,0,1,17,0,0
tx_legit_003330,0,650.75,6.4797,261,1,0,2,1,0,0
tx_legit_012414,0,881.69,6.783,221,1,0,1,1,0,0
tx_legit_010052,0,864.71,6.7635,620,1,0,1,1,0,0
tx_legit_003266,0,907.36,6.8116,323,1,0,4,1,0,0
tx_legit_005560,0,514.35,6.2448,97,1,0,1,1,0,0
tx_legit_013175,0,1044.06,6.9518,616,1,0,2,1,0,0
tx_legit_013630,0,1062.54,6.9694,635,1,0,2,8,0,0
tx_legit_004117,0,238.01,5.4765,140,4,0,2,20,0,0
tx_legit_012232,0,208.73,5.3458,522,1,0,1,2,0,0
tx_legit_005825,0,388.75,5.9655,430,1,0,1,2,0,0
tx_legit_004575,0,724.01,6.5862,852,1,0,1,1,0,0
tx_legit_011864,0,387.63,5.9626,599,3,0,3,3,0,0
tx_legit_009268,0,602.82,6.4033,600,1,0,1,2,0,0
tx_legit_013795,0,1400.96,7.2456,772,2,2,1,1,0,0
tx_legit_012452,0,692.1,6.5412,108,1,0,2,19,0,0
tx_legit_001014,0,288.78,5.6691,816,1,0,2,18,0,0
tx_legit_008116,0,465.57,6.1454,201,1,0,1,1,0,0
tx_legit_005777,0,213.96,5.3705,455,1,0,1,4,0,0
tx_legit_003473,0,708.7,6.5648,156,1,0,2,9,0,0
tx_fraud_000018,1,6608.77,8.7963,1,5,4,11,2,1,1
tx_fraud_000267,1,8496.26,9.0475,5,4,1,4,6,1,0
tx_legit_009285,0,470.56,6.156,655,1,0,1,1,0,0
tx_fraud_001164,1,6983.16,8.8514,680,2,0,15,18,0,0
tx_legit_004879,0,428.93,6.0636,112,1,0,1,16,0,0
tx_legit_010852,0,548.16,6.3084,696,1,1,1,1,0,0
tx_legit_011467,0,375.6,5.9312,131,1,0,2,2,0,0
tx_legit_004346,0,1148.49,7.0471,419,2,0,2,2,0,0
tx_legit_003206,0,264.31,5.5809,187,1,0,1,21,0,0
tx_legit_005398,0,544.65,6.302,136,2,0,1,4,0,0
tx_legit_000360,0,894.57,6.7975,585,3,0,2,1,0,0
tx_legit_001361,0,326.02,5.79,588,1,0,1,2,0,0
tx_legit_005727,0,2515.94,7.8308,728,2,0,1,1,0,0
tx_legit_006893,0,281.13,5.6424,541,1,0,2,19,0,0
tx_legit_003133,0,633.97,6.4536,259,1,0,1,2,0,0
tx_legit_002850,0,1942.19,7.5721,497,3,0,1,2,0,0
tx_legit_006780,0,1927.27,7.5644,640,1,0,2,10,0,0
tx_legit_011915,0,199.74,5.302,408,1,0,1,1,0,0
tx_legit_000425,0,533.89,6.2821,636,1,0,1,1,0,0
tx_legit_008321,0,476.15,6.1678,740,1,0,1,2,0,0
tx_fraud_000688,1,2429.33,7.7958,68,1,0,21,16,0,0
tx_legit_007499,0,203.88,5.3224,734,3,0,2,14,0,0
tx_legit_012026,0,1010.4,6.9191,613,1,0,1,1,0,0
tx_legit_012533,0,1142.0,7.0414,146,1,0,1,11,0,0
tx_legit_005919,0,661.34,6.4958,159,1,0,1,20,0,0
tx_legit_004240,0,1456.37,7.2844,474,1,0,1,14,0,0
tx_legit_011923,0,946.8,6.8541,315,1,0,2,1,0,0
tx_legit_005257,0,337.01,5.8231,632,2,0,3,1,0,0
tx_fraud_000863,1,1264.44,7.1432,417,1,0,1,18,0,0
tx_legit_006544,0,784.96,6.6669,804,1,0,2,11,0,0
tx_legit_012854,0,1190.68,7.0831,797,1,0,3,1,0,0
tx_legit_001830,0,624.29,6.4382,705,1,0,1,1,0,0
tx_legit_011263,0,345.43,5.8477,703,2,0,2,1,0,0
tx_legit_010092,0,271.52,5.6077,447,1,0,2,1,0,0
tx_legit_003859,0,766.82,6.6436,996,1,0,1,1,0,0
tx_legit_007989,0,903.56,6.8074,440,1,0,1,1,0,0
tx_legit_008185,0,1744.6,7.4649,228,1,1,1,1,0,0
tx_legit_004368,0,264.3,5.5809,134,2,0,1,1,0,0
tx_legit_002938,0,488.88,6.1942,625,1,0,2,1,0,0
tx_legit_010465,0,1113.26,7.0159,815,1,0,5,2,0,0
tx_legit_006127,0,370.21,5.9168,238,1,0,2,17,0,0
tx_legit_000917,0,499.75,6.2161,691,2,0,1,2,0,0
tx_legit_011963,0,1814.93,7.5044,231,1,0,1,1,0,0
tx_legit_003088,0,289.6,5.6719,459,2,0,1,21,0,0
tx_legit_001559,0,316.29,5.7598,294,1,0,1,13,0,0
tx_legit_007355,0,506.71,6.2299,719,1,0,6,1,0,0
tx_fraud_001077,1,8322.01,9.0268,543,2,0,16,10,0,0
tx_legit_010941,0,336.76,5.8223,599,2,0,1,19,0,0
tx_legit_005482,0,617.21,6.4268,561,1,0,1,1,0,0
tx_legit_004536,0,334.53,5.8157,821,1,0,1,2,0,0
tx_legit_012672,0,1774.89,7.4821,571,1,0,1,2,0,0
tx_legit_002499,0,315.2,5.7564,576,1,0,1,3,0,0
tx_legit_003396,0,722.38,6.5839,177,1,0,2,1,0,0
tx_legit_004108,0,134.61,4.9098,331,1,0,1,2,0,0
tx_legit_012078,0,946.46,6.8538,510,1,0,1,9,0,0
tx_legit_010112,0,168.29,5.1316,662,1,0,2,20,0,0
tx_legit_011646,0,470.87,6.1567,844,2,0,2,1,0,0
tx_legit_010253,0,757.35,6.6311,455,1,0,2,19,0,0
tx_legit_012683,0,428.52,6.0627,832,1,0,1,20,0,0
tx_legit_003607,0,122.23,4.8141,477,1,0,1,1,0,0
tx_legit_005135,0,217.46,5.3866,475,1,0,1,3,0,0
tx_legit_002778,0,429.89,6.0659,918,1,0,1,1,0,0
tx_legit_009417,0,331.5,5.8066,148,1,2,1,1,0,0
tx_legit_004773,0,968.75,6.877,471,2,0,4,1,0,0
tx_legit_010412,0,521.33,6.2583,875,2,0,1,18,0,0
tx_legit_011799,0,2025.45,7.614,612,2,0,1,2,0,0
tx_legit_002596,0,834.91,6.7285,684,1,0,1,2,0,0
tx_legit_008001,0,276.23,5.6248,591,1,1,1,1,0,0
tx_legit_009840,0,436.34,6.0807,645,1,0,1,12,0,0
tx_legit_012828,0,358.36,5.8843,582,1,0,1,14,0,0
tx_legit_005960,0,734.78,6.6009,430,1,0,6,2,0,0
tx_legit_008055,0,921.35,6.8269,220,1,0,2,8,0,0
tx_legit_010880,0,386.66,5.9601,566,2,0,1,3,0,0
tx_legit_003931,0,486.89,6.1901,193,1,0,1,1,0,0
tx_legit_002388,0,922.88,6.8286,907,1,0,1,2,0,0
tx_legit_007401,0,617.32,6.427,546,1,0,1,2,0,0
tx_legit_006913,0,383.83,5.9528,884,1,0,1,1,0,0
tx_legit_001147,0,549.7,6.3112,130,1,0,1,2,0,0
tx_legit_011913,0,266.18,5.5879,322,1,1,1,4,0,0
tx_legit_012033,0,279.15,5.6353,982,4,0,1,20,0,0
tx_legit_007171,0,530.56,6.2758,283,1,0,1,1,0,0
tx_legit_013111,0,519.29,6.2544,557,1,0,1,2,0,0
tx_legit_006262,0,625.23,6.4397,548,1,0,2,1,0,0
tx_legit_007688,0,595.98,6.3919,154,2,0,1,1,0,0
tx_legit_011497,0,1718.08,7.4495,910,1,0,1,16,0,0
tx_legit_011190,0,176.02,5.1763,474,2,0,1,2,0,0
tx_legit_008887,0,662.68,6.4978,130,2,0,3,1,0,0
tx_legit_011905,0,206.6,5.3356,24,1,0,1,2,0,0
tx_legit_005305,0,165.49,5.1149,801,1,0,1,3,0,0
tx_fraud_000631,1,57307.6,10.9562,1,30,9,19,16,1,1
tx_legit_005843,0,810.57,6.699,751,1,0,1,12,0,0
tx_legit_002912,0,509.73,6.2358,167,1,0,1,1,0,0
tx_fraud_000445,1,59922.11,11.0008,4,16,4,1,1,1,1
tx_legit_005920,0,287.62,5.6651,130,1,0,1,1,0,0
tx_legit_005042,0,645.76,6.472,186,1,0,2,21,0,0
tx_legit_008472,0,89.24,4.5025,490,1,0,1,1,0,0
tx_legit_008956,0,146.32,4.9926,40,1,0,2,2,0,0
tx_legit_001759,0,443.9,6.0978,610,1,0,2,11,0,0
tx_legit_001409,0,765.19,6.6414,328,1,0,1,15,0,0
tx_legit_006845,0,1498.35,7.3128,103,1,0,3,1,0,0
tx_legit_011871,0,733.73,6.5995,478,1,0,1,1,0,0
tx_legit_003552,0,362.45,5.8956,653,1,0,1,1,0,0
tx_legit_011852,0,302.17,5.7143,215,1,0,1,3,0,0
tx_fraud_000128,1,13018.68,9.4742,1,5,4,13,4,1,1
tx_legit_001528,0,1237.17,7.1214,520,1,0,1,1,0,0
tx_legit_000427,0,465.56,6.1454,319,1,0,1,1,0,0
tx_legit_006229,0,803.57,6.6903,96,1,0,1,1,0,0
tx_fraud_000782,1,2243.45,7.7162,74,1,0,23,14,0,0
tx_legit_000575,0,418.62,6.0393,254,1,0,1,1,0,0
tx_legit_008184,0,1093.09,6.9977,980,2,0,3,1,0,0
tx_legit_002104,0,643.74,6.4688,856,1,0,1,3,0,0
tx_legit_004762,0,573.73,6.3539,436,2,0,1,1,0,0
tx_legit_012138,0,971.0,6.8794,634,1,0,1,2,0,0
tx_legit_013450,0,293.83,5.6864,428,1,0,1,1,0,0
tx_legit_011186,0,346.2,5.8499,989,1,0,1,1,0,0
tx_legit_005667,0,776.35,6.6559,893,1,0,3,1,0,0
tx_legit_011038,0,290.51,5.6751,354,1,0,1,1,0,0
tx_legit_011337,0,820.33,6.7109,952,2,1,1,1,0,0
tx_legit_011938,0,175.61,5.1739,673,1,0,1,1,0,0
tx_legit_011937,0,686.42,6.5329,382,2,1,1,2,0,0
tx_legit_000791,0,1666.24,7.4189,894,1,0,2,3,0,0
tx_legit_008821,0,537.1,6.288,34,2,0,1,3,0,0
tx_fraud_000676,1,1239.48,7.1233,140,1,0,18,16,0,0
tx_fraud_000358,1,9143.24,9.1209,3,5,2,4,2,1,1
tx_legit_011082,0,379.59,5.9417,764,1,1,2,1,0,0
tx_legit_004232,0,442.38,6.0944,347,1,0,2,1,0,0
tx_legit_002612,0,326.33,5.791,229,2,0,1,1,0,0
tx_legit_005677,0,1260.83,7.1403,726,2,0,1,1,0,0
tx_legit_009873,0,1118.14,7.0203,33,2,0,2,20,0,0
tx_legit_009727,0,176.16,5.1771,528,1,0,1,1,0,0
tx_legit_012032,0,678.96,6.522,81,1,0,1,1,0,0
tx_legit_010205,0,655.44,6.4868,769,1,0,1,8,0,0
tx_legit_012916,0,466.22,6.1468,61,4,0,2,3,0,0
tx_legit_010608,0,60.67,4.1218,673,2,0,1,1,0,0
tx_legit_000839,0,1536.03,7.3376,733,1,0,1,1,0,0
tx_legit_009704,0,337.83,5.8255,830,1,0,1,1,0,0
tx_fraud_000815,1,3091.29,8.0367,260,1,0,1,19,0,0
tx_legit_007589,0,334.06,5.8143,890,1,1,1,10,0,0
tx_legit_001553,0,102.16,4.6363,644,1,0,2,1,0,0
tx_legit_012714,0,596.57,6.3929,360,1,0,1,11,0,0
tx_fraud_001060,1,6651.87,8.8028,115,2,1,8,9,0,0
tx_legit_004132,0,1382.34,7.2323,978,1,0,1,1,0,0
tx_legit_005167,0,395.65,5.9831,218,1,0,6,2,0,0
tx_fraud_000870,1,3169.75,8.0617,304,1,0,1,13,0,0
tx_legit_011438,0,499.67,6.2159,677,1,0,5,1,0,0
tx_fraud_000022,1,10192.1,9.2295,3,10,2,8,5,1,1
tx_legit_003513,0,735.39,6.6018,490,1,0,1,1,0,0
tx_legit_007529,0,687.08,6.5339,294,1,0,1,1,0,0
tx_legit_007369,0,1794.9,7.4933,371,2,0,1,2,0,0
tx_legit_013197,0,267.88,5.5943,475,2,1,1,2,0,0
tx_legit_009455,0,112.58,4.7325,872,3,0,2,1,0,0
tx_legit_012244,0,123.17,4.8217,581,1,0,1,1,0,0
tx_legit_000198,0,524.53,6.2644,354,1,0,2,12,0,0
tx_legit_001704,0,408.63,6.0153,429,1,0,1,1,0,0
tx_fraud_000925,1,2328.07,7.7532,301,1,0,1,15,0,0
tx_legit_012000,0,279.13,5.6353,53,2,0,1,1,0,0
tx_legit_012035,0,1072.53,6.9787,648,4,0,2,13,0,0
tx_legit_000152,0,885.64,6.7874,226,1,0,1,1,0,0
tx_legit_012897,0,458.32,6.1297,870,1,0,1,3,0,0
tx_legit_006862,0,562.15,6.3335,290,1,0,1,1,0,0
tx_legit_003633,0,344.83,5.8459,477,1,2,1,9,0,0
tx_legit_004965,0,339.87,5.8315,906,1,0,1,2,0,0
tx_legit_005897,0,504.81,6.2262,220,1,0,1,3,0,0
tx_legit_004547,0,534.58,6.2834,155,1,1,1,2,0,0
tx_legit_012275,0,203.41,5.3201,170,1,0,1,1,0,0
tx_legit_005007,0,171.7,5.1516,312,1,0,2,22,0,0
tx_legit_006784,0,200.4,5.3053,679,3,0,1,1,0,0
tx_legit_006409,0,309.41,5.7379,476,1,0,2,2,0,0
tx_legit_005299,0,275.07,5.6207,345,1,0,1,1,0,0
tx_legit_006251,0,621.19,6.4332,566,3,0,1,10,0,0
tx_legit_003040,0,899.18,6.8026,720,2,0,2,1,0,0
tx_legit_001967,0,812.14,6.7009,665,1,0,2,1,0,0
tx_fraud_000383,1,7513.33,8.9246,5,8,3,2,6,1,1
tx_legit_001130,0,873.03,6.7731,158,1,0,1,2,0,0
tx_legit_013698,0,772.61,6.6511,24,1,0,1,1,0,0
tx_legit_010488,0,1007.37,6.9161,825,2,0,1,2,0,0
tx_legit_011831,0,1104.93,7.0084,544,1,0,6,2,0,0
tx_legit_007252,0,1641.48,7.404,976,1,0,1,1,0,0
tx_legit_012201,0,305.26,5.7244,720,1,0,1,1,0,0
tx_legit_004528,0,197.7,5.2918,995,1,0,1,1,0,0
tx_legit_009882,0,375.16,5.93,713,1,0,2,2,0,0
tx_legit_004672,0,724.78,6.5872,354,1,0,3,1,0,0
tx_legit_007154,0,354.08,5.8723,768,1,0,2,22,0,0
tx_legit_001058,0,1246.51,7.1289,741,4,0,1,12,0,0
tx_legit_011278,0,354.82,5.8744,708,1,0,1,1,0,0
tx_legit_004596,0,1270.46,7.1479,702,1,0,2,1,0,0
tx_legit_010934,0,453.64,6.1195,720,1,0,2,4,0,0
tx_legit_010420,0,687.15,6.534,217,1,0,1,1,0,0
tx_legit_009457,0,507.3,6.2311,882,2,0,1,14,0,0
tx_legit_002618,0,600.35,6.3992,352,1,0,1,2,0,0
tx_legit_013151,0,752.23,6.6244,385,1,0,2,13,0,0
tx_legit_001259,0,382.08,5.9482,796,2,0,1,1,0,0
tx_legit_013715,0,1418.32,7.2579,876,2,0,1,1,0,0
tx_legit_006949,0,480.22,6.1763,592,1,2,1,1,0,0
tx_legit_011877,0,389.68,5.9679,967,1,0,2,9,0,0
tx_legit_011494,0,324.62,5.7857,884,1,0,1,11,0,0
tx_legit_001558,0,246.96,5.5133,640,1,0,1,3,0,0
tx_legit_000245,0,201.87,5.3126,327,1,0,2,2,0,0
tx_legit_000816,0,1227.93,7.1139,881,1,0,1,13,0,0
tx_legit_005929,0,516.58,6.2492,903,1,0,2,9,0,0
tx_legit_000749,0,94.12,4.5551,969,1,0,1,12,0,0
tx_legit_007785,0,1083.58,6.9889,337,1,0,1,4,0,0
tx_legit_012022,0,578.48,6.3621,206,1,0,6,1,0,0
tx_legit_004262,0,577.45,6.3604,531,4,0,1,1,0,0
tx_legit_013420,0,737.22,6.6042,625,1,0,1,3,0,0
tx_legit_000491,0,875.27,6.7757,342,1,0,3,3,0,0
tx_legit_010466,0,213.56,5.3686,405,1,0,2,8,0,0
tx_fraud_000610,1,51243.99,10.8444,3,26,10,11,18,1,1
tx_legit_009211,0,393.59,5.9778,579,1,0,1,1,0,0
tx_fraud_000531,1,79588.17,11.2846,9,16,4,1,1,0,1
tx_legit_012216,0,2631.72,7.8758,999,2,0,2,3,0,0
tx_legit_011461,0,1406.78,7.2498,268,1,0,1,1,0,0
tx_legit_004363,0,710.64,6.5676,322,1,0,1,1,0,0
tx_legit_001741,0,328.77,5.7984,993,1,0,1,11,0,0
tx_legit_006022,0,597.66,6.3947,762,1,0,2,1,0,0
tx_legit_013020,0,325.06,5.7871,677,1,0,1,9,0,0
tx_legit_001587,0,569.54,6.3466,61,1,0,2,1,0,0
tx_legit_010565,0,297.21,5.6978,792,3,0,5,3,0,0
tx_legit_005721,0,177.59,5.1851,546,1,0,1,1,0,0
tx_legit_005367,0,359.13,5.8865,495,1,0,1,1,0,0
tx_legit_003400,0,332.17,5.8087,335,1,0,2,2,0,0
tx_legit_003438,0,439.3,6.0875,939,1,0,1,22,0,0
tx_legit_004700,0,2976.06,7.9987,853,1,0,1,17,0,0
tx_legit_003317,0,262.75,5.575,904,1,0,2,1,0,0
tx_legit_006174,0,1659.63,7.415,117,2,0,2,2,0,0
tx_legit_001974,0,557.84,6.3259,40,1,0,2,19,0,0
tx_legit_004321,0,87.66,4.4848,423,1,0,1,20,0,0
tx_legit_005803,0,241.41,5.4906,531,1,0,1,1,0,0
tx_legit_007461,0,257.7,5.5557,45,1,0,1,1,0,0
tx_legit_003574,0,549.76,6.3113,81,1,0,3,3,0,0
tx_legit_003302,0,870.6,6.7703,141,1,0,1,1,0,0
tx_legit_008224,0,804.75,6.6918,988,1,0,1,1,0,0
tx_legit_012111,0,701.1,6.5541,37,1,2,1,1,0,0
tx_legit_000956,0,539.93,6.2933,614,1,0,1,1,0,0
tx_legit_011722,0,489.2,6.1948,292,1,0,1,1,0,0
tx_legit_011027,0,641.79,6.4658,760,1,0,3,3,0,0
tx_legit_009950,0,1554.74,7.3497,373,1,0,1,11,0,0
tx_legit_012973,0,808.69,6.6967,657,1,0,1,2,0,0
tx_legit_011188,0,574.61,6.3554,599,3,0,1,1,0,0
tx_legit_005764,0,304.91,5.7233,593,2,0,1,1,0,0
tx_legit_001859,0,1278.44,7.1542,234,1,1,1,1,0,0
tx_legit_002174,0,210.46,5.354,220,1,1,1,1,0,0
tx_legit_010234,0,335.88,5.8197,603,1,0,2,1,0,0
tx_legit_007763,0,265.55,5.5856,331,1,0,1,1,0,0
tx_legit_008026,0,789.33,6.6725,387,1,1,1,8,0,0
tx_legit_011216,0,93.51,4.5487,950,1,0,2,2,0,0
tx_legit_001544,0,214.34,5.3722,333,1,0,1,1,0,0
tx_legit_007436,0,346.72,5.8514,969,1,0,1,2,0,0
tx_legit_008145,0,586.19,6.3753,720,1,0,1,1,0,0
tx_legit_008218,0,582.85,6.3696,242,1,0,1,14,0,0
tx_legit_004488,0,293.12,5.684,906,1,0,1,2,0,0
tx_legit_009934,0,762.11,6.6374,727,1,1,1,1,0,0
tx_legit_009411,0,1327.48,7.1918,871,2,0,1,15,0,0
tx_legit_012623,0,146.92,4.9967,200,1,0,5,1,0,0
tx_legit_004371,0,223.37,5.4133,21,3,0,1,4,0,0
tx_legit_010046,0,2158.92,7.6778,320,2,0,1,1,0,0
tx_legit_011355,0,528.73,6.2724,503,1,0,1,3,0,0
tx_legit_009017,0,445.13,6.1006,852,2,0,4,2,0,0
tx_legit_009011,0,1071.52,6.9778,514,1,1,2,1,0,0
tx_legit_003103,0,495.02,6.2066,790,1,0,1,21,0,0
tx_legit_001655,0,313.12,5.7498,155,1,0,1,1,0,0
tx_legit_001791,0,250.57,5.5277,331,2,0,6,3,0,0
tx_legit_001922,0,98.63,4.6015,957,1,0,1,1,0,0
tx_legit_011127,0,214.81,5.3744,272,1,0,1,3,0,0
tx_legit_009300,0,760.94,6.6359,871,1,0,2,1,0,0
tx_legit_001792,0,780.37,6.661,324,1,0,1,1,0,0
tx_legit_010603,0,444.11,6.0983,899,1,0,4,3,0,0
tx_legit_007649,0,481.36,6.1787,804,1,0,1,1,0,0
tx_legit_011845,0,218.1,5.3895,90,1,0,1,3,0,0
tx_legit_012258,0,525.12,6.2655,271,3,0,1,1,0,0
tx_legit_001983,0,217.02,5.3846,650,1,0,6,1,0,0
tx_legit_011269,0,711.27,6.5685,214,2,0,6,3,0,0
tx_legit_005921,0,703.08,6.5569,216,2,0,1,2,0,0
tx_legit_009715,0,276.43,5.6256,814,1,0,1,1,0,0
tx_legit_003604,0,767.41,6.6443,186,1,0,1,2,0,0
tx_legit_000825,0,639.16,6.4617,506,1,0,1,1,0,0
tx_legit_002348,0,909.23,6.8137,284,1,0,5,2,0,0
tx_legit_003041,0,874.84,6.7752,193,1,0,1,1,0,0
tx_fraud_000269,1,20339.12,9.9204,3,5,1,3,4,1,1
tx_legit_008410,0,246.95,5.5132,868,3,0,2,1,0,0
tx_legit_005327,0,514.37,6.2449,583,1,1,2,2,0,0
tx_legit_001167,0,541.24,6.2957,194,2,0,1,12,0,0
tx_legit_004863,0,350.25,5.8615,533,1,1,1,1,0,0
tx_fraud_000766,1,2491.07,7.8209,98,1,0,13,9,0,0
tx_fraud_000945,1,6005.5,8.7006,117,2,1,6,9,0,0
tx_legit_000551,0,1205.29,7.0953,676,1,0,1,1,0,0
tx_legit_012527,0,162.68,5.0979,100,1,0,1,4,0,0
tx_fraud_000580,1,30202.9,10.3157,2,13,7,23,24,1,1
tx_legit_006311,0,404.66,6.0055,273,2,0,1,4,0,0
tx_legit_003950,0,587.01,6.3767,312,2,0,1,17,0,0
tx_legit_009972,0,488.93,6.1943,614,1,0,1,3,0,0
tx_legit_000137,0,130.6,4.8798,953,1,0,1,1,0,0
tx_legit_005603,0,812.76,6.7017,561,1,0,3,2,0,0
tx_legit_002157,0,694.36,6.5444,298,1,0,2,9,0,0
tx_legit_012852,0,118.04,4.7795,543,1,0,2,1,0,0
tx_fraud_000453,1,81801.08,11.3121,1,14,6,1,1,1,1
tx_legit_006115,0,468.17,6.151,743,1,0,1,1,0,0
tx_legit_006220,0,338.83,5.8284,854,1,0,1,19,0,0
tx_legit_002439,0,449.41,6.1102,829,1,0,5,2,0,0
tx_legit_001501,0,382.08,5.9482,665,1,0,2,20,0,0
tx_legit_004489,0,311.97,5.7461,647,1,0,1,1,0,0
tx_legit_008251,0,142.17,4.964,550,1,2,1,15,0,0
tx_legit_005237,0,992.46,6.9012,234,1,0,1,1,0,0
tx_legit_001238,0,281.18,5.6425,804,1,0,1,2,0,0
tx_legit_006253,0,1068.31,6.9748,20,2,0,2,1,0,0
tx_legit_010802,0,1104.73,7.0083,751,1,0,4,3,0,0
tx_legit_005216,0,343.94,5.8434,681,1,0,1,1,0,0
tx_legit_003796,0,113.61,4.7415,198,2,0,1,1,0,0
tx_legit_002737,0,1229.4,7.1151,859,1,0,1,1,0,0
tx_fraud_000916,1,2207.09,7.6999,195,1,0,1,25,0,0
tx_legit_007447,0,1176.92,7.0715,248,1,0,1,1,0,0
tx_legit_005410,0,1283.05,7.1578,150,2,0,1,3,0,0
tx_legit_004932,0,1007.52,6.9162,676,1,0,1,1,0,0
tx_legit_012157,0,168.93,5.1354,958,1,0,2,9,0,0
tx_legit_007061,0,244.15,5.5019,64,1,0,1,2,0,0
tx_legit_006572,0,1259.03,7.1389,501,2,0,2,19,0,0
tx_legit_008237,0,288.42,5.6679,940,1,0,4,2,0,0
tx_legit_006469,0,226.45,5.4269,598,1,0,1,1,0,0
tx_legit_006388,0,1176.63,7.0713,230,1,0,1,19,0,0
tx_legit_005823,0,426.24,6.0573,554,1,0,5,1,0,0
tx_legit_008009,0,1999.29,7.601,725,1,0,1,1,0,0
tx_legit_007632,0,485.22,6.1867,735,1,0,1,2,0,0
tx_legit_012968,0,291.53,5.6786,986,1,0,1,13,0,0
tx_legit_006938,0,414.28,6.029,33,1,1,1,14,0,0
tx_legit_009942,0,493.9,6.2044,184,1,0,1,1,0,0
tx_legit_006456,0,412.57,6.0248,57,4,0,2,1,0,0
tx_legit_003868,0,483.23,6.1826,754,1,0,1,1,0,0
tx_legit_001641,0,919.91,6.8254,892,1,0,1,20,0,0
tx_legit_010235,0,860.08,6.7582,724,1,0,2,3,0,0
tx_legit_002968,0,290.94,5.6765,486,1,0,1,8,0,0
tx_legit_005206,0,220.64,5.4011,202,1,0,1,1,0,0
tx_legit_002937,0,1037.08,6.9451,608,1,0,1,12,0,0
tx_legit_010345,0,1034.88,6.943,414,1,0,2,3,0,0
tx_legit_013635,0,706.49,6.5617,284,2,0,2,16,0,0
tx_legit_013783,0,532.91,6.2802,465,1,0,1,1,0,0
tx_legit_001969,0,474.44,6.1642,687,1,0,2,1,0,0
tx_legit_008707,0,685.8,6.532,448,1,1,1,2,0,0
tx_legit_009076,0,645.17,6.4711,605,1,0,1,1,0,0
tx_legit_005255,0,509.81,6.236,152,1,0,2,1,0,0
tx_legit_000183,0,230.67,5.4453,738,1,0,1,4,0,0
tx_legit_009865,0,250.4,5.527,184,1,0,1,1,0,0
tx_legit_001343,0,817.22,6.7071,681,2,0,1,1,0,0
tx_legit_008256,0,832.83,6.726,952,1,0,5,1,0,0
tx_legit_000276,0,1353.72,7.2114,228,2,0,1,2,0,0
tx_legit_008325,0,131.0,4.8828,393,1,0,1,1,0,0
tx_legit_003974,0,665.54,6.5021,535,1,0,3,4,0,0
tx_legit_005428,0,515.46,6.247,436,1,0,1,2,0,0
tx_legit_006367,0,621.55,6.4338,116,1,0,1,3,0,0
tx_legit_009825,0,703.75,6.5578,863,3,0,2,8,0,0
tx_legit_003590,0,297.61,5.6991,913,1,0,1,9,0,0
tx_fraud_000613,1,15117.1,9.6236,7,16,6,22,27,1,1
tx_fraud_000079,1,3627.01,8.1964,6,10,1,11,3,1,1
tx_legit_008897,0,453.14,6.1184,662,1,0,1,2,0,0
tx_legit_009651,0,317.82,5.7646,80,2,0,2,2,0,0
tx_fraud_001141,1,8466.17,9.044,704,2,0,10,9,0,0
tx_legit_007526,0,559.11,6.3281,397,1,0,1,1,0,0
tx_legit_004088,0,177.83,5.1864,637,1,1,1,1,0,0
tx_legit_007255,0,708.42,6.5644,719,1,1,1,1,0,0
tx_legit_001115,0,1263.85,7.1427,389,1,0,1,1,0,0
tx_legit_009473,0,221.28,5.4039,152,1,0,1,1,0,0
tx_legit_002700,0,1018.26,6.9268,702,1,0,2,1,0,0
tx_legit_012841,0,865.58,6.7646,766,1,0,1,1,0,0
tx_legit_006093,0,266.37,5.5886,467,1,0,1,1,0,0
tx_fraud_000496,1,65936.77,11.0965,3,8,5,1,1,1,1
tx_legit_004436,0,604.13,6.4054,179,1,0,2,12,0,0
tx_legit_013280,0,761.08,6.6361,190,1,0,1,2,0,0
tx_legit_008190,0,490.05,6.1965,775,2,0,1,1,0,0
tx_fraud_000685,1,1769.84,7.4792,292,1,0,24,20,0,0
tx_legit_009041,0,565.32,6.3392,587,1,0,1,17,0,0
tx_legit_002052,0,343.95,5.8434,159,1,0,1,3,0,0
tx_legit_004787,0,383.93,5.9531,272,4,0,1,1,0,0
tx_legit_006506,0,1006.47,6.9152,312,1,2,1,3,0,0
tx_legit_009059,0,1625.73,7.3943,330,2,0,1,17,0,0
tx_legit_003519,0,1281.7,7.1567,849,1,0,2,8,0,0
tx_legit_007349,0,2145.87,7.6718,239,2,0,1,1,0,0
tx_legit_010690,0,513.62,6.2434,217,2,0,1,2,0,0
tx_legit_011402,0,986.44,6.8951,195,2,0,1,1,0,0
tx_legit_005503,0,845.51,6.7411,778,1,0,1,2,0,0
tx_legit_006529,0,515.39,6.2469,395,1,0,3,1,0,0
tx_legit_003674,0,482.21,6.1805,29,1,0,1,2,0,0
tx_legit_010185,0,402.22,5.9995,70,2,0,3,2,0,0
tx_legit_002770,0,554.3,6.3195,497,2,0,2,4,0,0
tx_legit_009646,0,2170.66,7.6832,137,4,0,1,3,0,0
tx_legit_006051,0,219.02,5.3937,727,1,0,1,1,0,0
tx_legit_005406,0,187.68,5.2401,96,1,0,1,1,0,0
tx_legit_005362,0,1038.2,6.9462,718,1,1,1,1,0,0
tx_legit_004495,0,662.52,6.4976,794,1,0,1,2,0,0
tx_legit_009610,0,722.58,6.5842,420,3,0,4,3,0,0
tx_fraud_000896,1,1207.64,7.0973,258,1,0,1,16,0,0
tx_legit_004604,0,387.78,5.963,724,1,0,1,2,0,0
tx_legit_002140,0,242.78,5.4963,199,3,0,3,1,0,0
tx_legit_003260,0,413.36,6.0267,47,2,0,3,3,0,0
tx_legit_003494,0,109.27,4.7029,155,1,0,1,2,0,0
tx_legit_008800,0,308.79,5.7359,427,1,1,1,2,0,0
tx_legit_011249,0,333.45,5.8125,235,2,0,1,1,0,0
tx_legit_001430,0,843.52,6.7388,322,1,1,1,1,0,0
tx_legit_011562,0,537.12,6.2881,700,1,0,1,2,0,0
tx_legit_005530,0,596.59,6.3929,313,1,0,4,3,0,0
tx_legit_011956,0,198.38,5.2952,735,1,0,1,4,0,0
tx_legit_011568,0,344.32,5.8445,803,1,0,1,1,0,0
tx_legit_012588,0,348.55,5.8566,510,1,0,2,1,0,0
tx_legit_004275,0,1620.98,7.3914,767,1,0,2,9,0,0
tx_legit_007203,0,190.05,5.2525,64,2,0,5,2,0,0
tx_legit_009709,0,197.22,5.2894,257,1,0,1,1,0,0
tx_legit_012343,0,378.25,5.9382,292,1,0,4,2,0,0
tx_legit_011054,0,321.36,5.7757,286,1,0,1,10,0,0
tx_legit_004468,0,714.7,6.5733,467,3,0,1,2,0,0
tx_legit_011538,0,787.83,6.6706,379,1,0,2,18,0,0
tx_fraud_000114,1,13257.55,9.4924,9,6,1,8,2,0,1
tx_fraud_000790,1,1473.3,7.2959,121,1,0,24,19,0,0
tx_legit_005891,0,644.78,6.4705,350,1,0,1,1,0,0
tx_legit_008950,0,1273.71,7.1505,389,1,0,1,1,0,0
tx_legit_000556,0,550.2,6.3121,606,1,0,1,1,0,0
tx_legit_011763,0,155.03,5.05,433,1,0,1,1,0,0
tx_legit_011001,0,1705.19,7.442,614,1,0,1,2,0,0
tx_legit_002691,0,418.72,6.0396,221,1,0,1,2,0,0
tx_legit_013296,0,252.98,5.5373,351,2,0,1,1,0,0
tx_legit_009266,0,275.44,5.622,669,1,0,1,1,0,0
tx_legit_004699,0,1453.99,7.2828,636,1,0,1,2,0,0
tx_legit_005765,0,60.31,4.1159,637,1,0,2,14,0,0
tx_legit_000946,0,1007.31,6.916,186,1,0,1,1,0,0
tx_legit_000365,0,563.49,6.3359,320,2,0,6,1,0,0
tx_legit_012907,0,997.52,6.9063,593,1,0,1,2,0,0
tx_legit_011348,0,268.73,5.5974,956,2,0,1,21,0,0
tx_legit_011257,0,109.15,4.7018,595,1,0,1,19,0,0
tx_legit_007336,0,85.25,4.4573,141,1,0,2,17,0,0
tx_legit_013765,0,1307.5,7.1766,566,1,0,4,1,0,0
tx_legit_011874,0,50.0,3.9318,938,1,0,2,1,0,0
tx_legit_007836,0,501.24,6.2191,677,1,0,1,4,0,0
tx_legit_006804,0,396.85,5.9861,815,1,0,1,1,0,0
tx_legit_010372,0,690.24,6.5385,418,2,0,5,3,0,0
tx_legit_009322,0,572.52,6.3518,137,2,1,1,1,0,0
tx_legit_001890,0,366.87,5.9077,967,1,0,1,1,0,0
tx_legit_004322,0,503.51,6.2236,723,1,0,2,2,0,0
tx_legit_001738,0,132.93,4.8973,333,1,0,4,2,0,0
tx_legit_002593,0,1176.02,7.0707,474,2,0,2,15,0,0
tx_legit_008965,0,441.12,6.0916,132,1,0,1,2,0,0
tx_legit_013350,0,671.19,6.5105,598,1,0,2,15,0,0
tx_legit_004714,0,445.43,6.1013,653,1,0,1,2,0,0
tx_legit_007014,0,601.13,6.4005,668,2,0,1,1,0,0
tx_legit_000393,0,204.48,5.3253,391,2,0,2,1,0,0
tx_legit_013052,0,167.15,5.1249,329,2,0,2,2,0,0
tx_legit_008471,0,866.04,6.7651,298,1,0,1,2,0,0
tx_legit_004909,0,232.37,5.4526,566,1,0,3,1,0,0
tx_legit_003962,0,1273.74,7.1505,671,1,0,1,1,0,0
tx_legit_013040,0,1415.4,7.2559,155,2,1,1,1,0,0
tx_legit_001302,0,206.4,5.3346,781,1,0,1,3,0,0
tx_legit_009261,0,162.44,5.0964,256,2,0,1,19,0,0
tx_legit_002461,0,1264.82,7.1435,407,1,1,4,1,0,0
tx_legit_011985,0,1725.02,7.4536,560,1,0,4,2,0,0
tx_legit_000121,0,149.37,5.0131,943,1,0,1,2,0,0
tx_legit_006786,0,523.8,6.263,403,1,0,1,1,0,0
tx_legit_012108,0,534.01,6.2823,130,1,0,1,1,0,0
tx_legit_008172,0,421.62,6.0465,57,1,1,1,2,0,0
tx_fraud_000744,1,809.86,6.6981,93,1,0,15,20,0,0
tx_legit_006828,0,244.07,5.5015,802,1,0,6,1,0,0
tx_legit_004319,0,696.08,6.5469,801,1,0,5,1,0,0
tx_legit_003042,0,82.61,4.4262,194,2,0,1,1,0,0
tx_legit_008214,0,676.79,6.5188,38,1,0,1,1,0,0
tx_legit_002661,0,732.23,6.5975,877,1,0,1,1,0,0
tx_legit_010742,0,1813.06,7.5033,886,3,0,6,1,0,0
tx_legit_009337,0,398.51,5.9902,491,1,0,1,1,0,0
tx_legit_010493,0,523.22,6.2619,804,1,0,2,14,0,0
tx_legit_006036,0,1003.86,6.9126,936,1,1,2,2,0,0
tx_legit_012021,0,1063.37,6.9701,986,1,0,1,10,0,0
tx_legit_010332,0,307.83,5.7328,124,1,0,1,1,0,0
tx_legit_000655,0,343.45,5.8419,625,3,0,2,3,0,0
tx_legit_004093,0,302.86,5.7166,600,1,0,1,1,0,0
tx_legit_011730,0,962.85,6.8709,479,1,0,1,5,0,0
tx_legit_003789,0,105.77,4.6707,796,1,0,1,1,0,0
tx_legit_011287,0,472.3,6.1597,702,1,1,1,1,0,0
tx_legit_011403,0,567.55,6.3431,766,1,0,1,8,0,0
tx_legit_008342,0,418.79,6.0398,44,2,0,2,2,0,0
tx_legit_005004,0,502.3,6.2212,138,2,0,1,4,0,0
tx_legit_009253,0,368.84,5.9131,505,1,0,1,1,0,0
tx_legit_000470,0,423.83,6.0517,383,1,0,2,1,0,0
tx_legit_008532,0,115.99,4.7621,60,1,0,1,13,0,0
tx_legit_004988,0,244.32,5.5026,160,1,0,1,1,0,0
tx_legit_004664,0,613.09,6.4201,686,1,0,1,16,0,0
tx_legit_001157,0,596.65,6.393,649,1,0,3,2,0,0
tx_legit_007634,0,621.45,6.4337,657,1,0,1,3,0,0
tx_legit_012579,0,145.95,4.9901,419,1,0,1,2,0,0
tx_legit_001665,0,560.42,6.3305,158,2,0,1,1,0,0
tx_legit_006279,0,887.95,6.79,863,1,0,2,2,0,0
tx_legit_003219,0,235.7,5.4668,384,1,1,1,3,0,0
tx_legit_001032,0,200.52,5.3059,731,1,0,1,1,0,0
tx_fraud_000328,1,8143.8,9.0051,5,3,2,5,2,1,0
tx_legit_002792,0,141.26,4.9577,647,2,0,1,3,0,0
tx_legit_002181,0,938.27,6.8451,551,1,0,1,1,0,0
tx_legit_013217,0,450.96,6.1136,505,1,0,3,2,0,0
tx_legit_007515,0,462.4,6.1386,942,1,0,1,1,0,0
tx_legit_005157,0,1015.82,6.9244,614,1,0,1,18,0,0
tx_fraud_000671,1,1406.43,7.2495,185,1,0,21,10,0,0
tx_legit_009961,0,263.77,5.5789,459,1,0,1,1,0,0
tx_legit_007533,0,625.37,6.4399,743,1,0,2,10,0,0
tx_legit_005635,0,313.74,5.7517,291,1,0,1,22,0,0
tx_legit_009391,0,196.48,5.2856,635,1,0,5,2,0,0
tx_legit_005525,0,654.6,6.4856,816,1,0,1,1,0,0
tx_fraud_000055,1,17506.29,9.7704,14,10,2,11,6,0,1
tx_legit_008355,0,391.41,5.9723,217,1,0,2,18,0,0
tx_legit_013018,0,718.45,6.5785,380,2,1,2,16,0,0
tx_legit_002200,0,410.89,6.0208,506,2,0,1,5,0,0
tx_legit_012626,0,275.19,5.6211,775,1,0,2,22,0,0
tx_legit_000664,0,228.23,5.4347,737,1,0,1,2,0,0
tx_legit_006971,0,350.64,5.8626,217,1,0,1,1,0,0
tx_legit_007525,0,237.69,5.4752,775,1,0,1,1,0,0
tx_legit_003391,0,2785.54,7.9326,988,1,0,2,1,0,0
tx_legit_011822,0,985.1,6.8938,61,1,0,1,4,0,0
tx_legit_006327,0,304.03,5.7204,357,1,0,6,3,0,0
tx_fraud_000442,1,79234.88,11.2802,9,15,6,1,1,0,1
tx_legit_005111,0,663.2,6.4986,353,2,0,1,1,0,0
tx_fraud_000033,1,15279.14,9.6343,10,10,4,17,3,0,1
tx_legit_003512,0,230.72,5.4455,38,3,0,1,1,0,0
tx_legit_002809,0,1442.2,7.2746,775,1,0,1,1,0,0
tx_legit_001663,0,249.05,5.5217,905,2,0,1,1,0,0
tx_legit_013726,0,1046.54,6.9542,187,2,0,1,1,0,0
tx_fraud_000003,1,3754.77,8.231,3,11,3,8,2,1,1
tx_legit_004631,0,488.63,6.1937,529,1,0,1,1,0,0
tx_fraud_000101,1,2769.62,7.9268,1,10,3,8,4,1,1
tx_legit_008979,0,1002.76,6.9115,769,1,0,4,3,0,0
tx_legit_004786,0,1165.41,7.0617,456,1,0,1,13,0,0
tx_legit_009518,0,101.4,4.6289,941,2,0,2,22,0,0
tx_legit_013721,0,627.97,6.4441,79,1,0,1,1,0,0
tx_legit_011842,0,390.33,5.9696,696,2,0,2,2,0,0
tx_legit_009763,0,671.02,6.5103,668,1,0,1,1,0,0
tx_legit_009441,0,990.78,6.8995,292,1,0,1,1,0,0
tx_legit_004635,0,726.71,6.5899,112,1,0,1,2,0,0
tx_legit_006002,0,298.67,5.7027,654,1,0,1,1,0,0
tx_fraud_000555,1,64624.38,11.0764,3,14,9,11,22,1,1
tx_legit_010967,0,153.91,5.0428,980,1,0,2,17,0,0
tx_legit_000665,0,584.18,6.3719,183,1,0,2,1,0,0
tx_legit_000792,0,540.73,6.2948,399,4,0,1,2,0,0
tx_legit_011200,0,858.23,6.756,272,1,0,1,5,0,0
tx_legit_013279,0,171.21,5.1487,673,1,0,3,1,0,0
tx_fraud_000225,1,13642.84,9.521,30,9,4,2,24,0,1
tx_legit_004769,0,367.62,5.9098,28,2,0,4,3,0,0
tx_legit_005627,0,939.26,6.8462,462,1,0,1,1,0,0
tx_legit_012029,0,453.06,6.1182,221,1,0,1,4,0,0
tx_legit_010128,0,221.04,5.4029,150,1,0,1,1,0,0
tx_fraud_000565,1,55049.52,10.916,7,22,6,21,27,1,1
tx_legit_005461,0,296.67,5.696,277,2,0,1,1,0,0
tx_legit_001186,0,801.47,6.6877,278,1,0,1,2,0,0
tx_legit_000167,0,528.55,6.272,382,1,0,2,14,0,0
tx_fraud_001041,1,4037.35,8.3036,68,2,1,12,10,0,0
tx_legit_005446,0,324.89,5.7866,29,1,0,1,2,0,0
tx_legit_006015,0,125.63,4.8413,703,3,0,1,3,0,0
tx_legit_007365,0,347.13,5.8526,907,1,0,5,2,0,0
tx_legit_012263,0,480.92,6.1778,58,2,0,1,13,0,0
tx_legit_004109,0,934.87,6.8415,768,1,0,1,2,0,0
tx_legit_008721,0,484.35,6.1849,627,1,0,1,1,0,0
tx_legit_011237,0,516.65,6.2493,265,1,0,4,2,0,0
tx_legit_012536,0,296.59,5.6957,198,2,0,1,11,0,0
tx_legit_003936,0,165.21,5.1133,989,4,0,1,1,0,0
tx_legit_001330,0,979.55,6.8881,838,2,0,1,1,0,0
tx_legit_010514,0,569.92,6.3472,758,1,0,2,2,0,0
tx_legit_004582,0,1649.38,7.4088,66,1,0,1,2,0,0
tx_legit_012107,0,185.75,5.2298,90,1,0,1,1,0,0
tx_legit_003823,0,602.94,6.4035,387,1,0,5,1,0,0
tx_legit_012052,0,487.46,6.1913,532,3,0,1,1,0,0
tx_legit_013235,0,69.08,4.2496,160,1,0,1,1,0,0
tx_legit_012813,0,354.07,5.8723,357,1,0,1,1,0,0
tx_legit_001748,0,699.65,6.552,363,1,0,1,3,0,0
tx_legit_011063,0,341.99,5.8377,623,1,0,1,11,0,0
tx_legit_007054,0,182.63,5.2129,116,1,0,6,2,0,0
tx_legit_006408,0,397.29,5.9872,786,1,0,1,3,0,0
tx_legit_006758,0,398.56,5.9904,582,1,0,1,1,0,0
tx_legit_009617,0,1288.91,7.1623,532,1,0,1,2,0,0
tx_legit_009080,0,660.88,6.4951,152,2,0,1,18,0,0
tx_legit_005531,0,622.94,6.4361,908,2,0,2,1,0,0
tx_legit_009626,0,1616.49,7.3886,760,3,0,1,1,0,0
tx_legit_008963,0,255.79,5.5483,756,1,0,4,3,0,0
tx_legit_009822,0,1454.3,7.283,155,1,0,5,1,0,0
tx_legit_013607,0,1285.96,7.16,816,1,0,4,3,0,0
tx_legit_008873,0,587.58,6.3777,249,1,0,1,1,0,0
tx_legit_006838,0,310.34,5.7409,428,1,0,4,3,0,0
tx_legit_009421,0,479.89,6.1756,944,1,0,1,1,0,0
tx_legit_008603,0,193.48,5.2703,317,1,0,1,2,0,0
tx_legit_002791,0,958.71,6.8666,550,1,2,1,3,0,0
tx_legit_010715,0,687.66,6.5347,777,1,0,1,3,0,0
tx_legit_009414,0,178.09,5.1879,115,1,0,1,1,0,0
tx_legit_013222,0,307.45,5.7316,970,1,0,1,1,0,0
tx_legit_007531,0,399.87,5.9936,391,1,0,1,3,0,0
tx_legit_005745,0,647.1,6.474,70,2,0,1,1,0,0
tx_legit_011187,0,891.0,6.7935,690,1,0,3,3,0,0
tx_legit_000187,0,472.5,6.1602,629,1,0,1,1,0,0
tx_legit_007776,0,1323.83,7.189,391,1,0,1,8,0,0
tx_legit_003702,0,476.09,6.1677,397,2,0,1,2,0,0
tx_legit_007922,0,225.2,5.4214,330,2,0,1,1,0,0
tx_legit_012080,0,1509.69,7.3203,806,1,0,1,1,0,0
tx_legit_009926,0,631.79,6.4501,878,2,0,2,16,0,0
tx_legit_000329,0,520.1,6.2559,341,2,0,1,2,0,0
tx_fraud_000669,1,2089.65,7.6452,231,1,0,19,8,0,0
tx_legit_005953,0,51.38,3.9585,183,1,0,1,1,0,0
tx_legit_012419,0,1279.82,7.1553,907,2,0,1,1,0,0
tx_legit_005666,0,208.35,5.344,312,1,0,1,2,0,0
tx_legit_004770,0,148.95,5.0103,335,1,0,1,1,0,0
tx_legit_012992,0,642.64,6.4671,340,1,1,1,12,0,0
tx_legit_013564,0,1759.18,7.4732,443,2,1,1,1,0,0
tx_legit_004418,0,464.65,6.1434,289,1,0,2,1,0,0
tx_legit_010870,0,277.0,5.6276,518,1,0,2,1,0,0
tx_legit_003124,0,333.0,5.8111,414,2,1,1,1,0,0
tx_legit_010047,0,311.33,5.7441,229,1,0,2,14,0,0
tx_legit_001914,0,256.96,5.5528,565,1,0,3,2,0,0
tx_legit_000914,0,295.2,5.691,126,1,0,2,13,0,0
tx_legit_004307,0,245.17,5.506,882,1,1,1,1,0,0
tx_legit_013510,0,769.95,6.6476,474,1,0,6,2,0,0
tx_legit_005372,0,471.26,6.1575,397,2,0,1,4,0,0
tx_legit_003381,0,138.99,4.9416,842,1,0,1,1,0,0
tx_legit_011995,0,465.55,6.1454,821,1,0,1,4,0,0
tx_legit_000754,0,1330.54,7.1941,898,1,1,2,1,0,0
tx_legit_011840,0,350.8,5.8631,733,4,0,2,5,0,0
tx_legit_013007,0,399.67,5.9931,749,2,0,3,2,0,0
tx_legit_000484,0,427.94,6.0613,442,1,0,2,3,0,0
tx_legit_000112,0,843.39,6.7386,559,1,0,1,3,0,0
tx_legit_001219,0,281.52,5.6437,302,1,0,2,1,0,0
tx_fraud_000529,1,72120.21,11.1861,2,11,7,1,1,1,1
tx_legit_009084,0,327.5,5.7945,342,2,0,1,3,0,0
tx_legit_007962,0,113.04,4.7365,105,1,0,1,3,0,0
tx_fraud_000067,1,12615.93,9.4428,2,5,4,12,2,1,1
tx_legit_007494,0,354.28,5.8729,423,2,0,1,1,0,0
tx_legit_003285,0,619.45,6.4304,986,1,0,1,3,0,0
tx_legit_013184,0,551.6,6.3146,96,2,0,1,15,0,0
tx_legit_001812,0,724.38,6.5867,809,2,0,6,2,0,0
tx_legit_013335,0,1489.44,7.3068,48,2,0,6,3,0,0
tx_fraud_000739,1,2088.14,7.6445,167,1,0,16,10,0,0
tx_legit_003848,0,1211.59,7.1005,877,3,0,2,1,0,0
tx_legit_001575,0,170.26,5.1432,920,1,0,1,9,0,0
tx_legit_002828,0,433.13,6.0733,297,1,0,1,12,0,0
tx_legit_003690,0,339.69,5.831,35,1,0,6,3,0,0
tx_legit_013320,0,463.16,6.1402,604,2,0,2,15,0,0
tx_legit_003946,0,261.68,5.5709,292,2,0,5,2,0,0
tx_legit_004178,0,1051.85,6.9593,224,2,0,3,1,0,0
tx_legit_013399,0,1952.36,7.5773,477,1,0,1,11,0,0
tx_legit_001364,0,619.99,6.4313,69,3,0,1,1,0,0
tx_fraud_000562,1,19035.14,9.8541,2,22,8,21,34,1,1
tx_legit_011057,0,269.8,5.6014,743,1,0,2,1,0,0
tx_legit_005468,0,434.3,6.076,465,2,0,2,1,0,0
tx_legit_009498,0,1115.38,7.0178,412,1,0,1,1,0,0
tx_legit_007122,0,334.63,5.816,27,1,0,2,19,0,0
tx_legit_004208,0,748.76,6.6198,501,2,0,1,13,0,0
tx_legit_005096,0,209.46,5.3493,150,1,0,2,14,0,0
tx_legit_000894,0,452.39,6.1168,229,1,0,1,4,0,0
tx_legit_005734,0,540.02,6.2935,772,4,0,1,3,0,0
tx_legit_001986,0,413.44,6.0269,471,1,2,1,1,0,0
tx_legit_004151,0,2320.01,7.7498,785,1,0,1,2,0,0
tx_legit_004437,0,200.6,5.3063,280,1,0,3,3,0,0
tx_legit_012861,0,708.52,6.5646,498,1,0,1,1,0,0
tx_legit_006240,0,323.94,5.7836,495,1,0,2,1,0,0
tx_legit_002856,0,178.62,5.1908,611,1,0,1,1,0,0
tx_legit_004955,0,438.21,6.085,826,1,0,2,8,0,0
tx_legit_008676,0,1429.3,7.2656,100,1,0,6,1,0,0
tx_legit_009092,0,437.78,6.084,336,1,2,1,2,0,0
tx_legit_010424,0,167.67,5.1279,286,3,0,2,2,0,0
tx_legit_002258,0,247.45,5.5152,403,1,0,2,22,0,0
tx_legit_000051,0,309.93,5.7396,414,1,0,3,1,0,0
tx_legit_004065,0,508.49,6.2334,522,3,0,1,1,0,0
tx_legit_003169,0,579.28,6.3635,287,1,0,1,1,0,0
tx_legit_006582,0,129.47,4.8711,287,1,0,2,14,0,0
tx_legit_000486,0,1042.47,6.9503,389,2,0,1,2,0,0
tx_legit_010339,0,416.69,6.0347,943,1,0,2,9,0,0
tx_legit_001215,0,483.48,6.1831,844,2,0,5,3,0,0
tx_legit_012631,0,335.54,5.8187,716,1,0,1,1,0,0
tx_legit_005008,0,734.85,6.601,575,2,1,1,1,0,0
tx_legit_002928,0,402.52,6.0002,728,1,0,2,1,0,0
tx_legit_003984,0,621.08,6.4331,174,1,0,3,3,0,0
tx_legit_010635,0,1700.53,7.4393,202,1,0,1,1,0,0
tx_legit_008623,0,597.81,6.3949,590,1,0,1,1,0,0
tx_legit_011385,0,480.19,6.1763,276,1,1,1,1,0,0
tx_legit_004743,0,1421.59,7.2602,476,3,0,1,1,0,0
tx_legit_002325,0,1904.65,7.5526,516,2,1,1,1,0,0
tx_legit_008863,0,2366.96,7.7698,217,1,0,1,2,0,0
tx_legit_000582,0,3039.52,8.0198,660,3,0,2,9,0,0
tx_legit_009694,0,412.4,6.0244,132,1,0,1,14,0,0
tx_legit_004424,0,237.48,5.4743,130,1,0,5,2,0,0
tx_legit_011248,0,1615.5,7.388,380,1,0,1,2,0,0
tx_legit_006396,0,473.74,6.1628,340,1,0,1,1,0,0
tx_legit_005137,0,628.22,6.4445,183,1,0,1,1,0,0
tx_legit_004617,0,189.63,5.2503,732,1,0,1,1,0,0
tx_legit_003546,0,1028.76,6.9371,926,1,0,1,2,0,0
tx_legit_010963,0,1090.38,6.9952,779,2,1,2,1,0,0
tx_legit_007200,0,954.97,6.8627,672,1,0,1,1,0,0
tx_legit_009117,0,939.9,6.8468,848,1,0,1,1,0,0
tx_legit_008550,0,1369.0,7.2226,962,1,0,1,19,0,0
tx_legit_012771,0,198.55,5.2961,702,1,0,1,1,0,0
tx_legit_009010,0,547.32,6.3069,743,1,0,1,1,0,0
tx_legit_012435,0,496.98,6.2106,634,1,0,6,3,0,0
tx_legit_006581,0,332.16,5.8086,202,1,0,1,2,0,0
tx_legit_012345,0,630.08,6.4474,313,1,0,2,1,0,0
tx_legit_007346,0,802.95,6.6895,482,1,0,1,1,0,0
tx_legit_002420,0,185.31,5.2274,906,1,0,1,22,0,0
tx_legit_002917,0,132.02,4.8905,727,1,0,2,1,0,0
tx_fraud_000122,1,6983.46,8.8514,2,12,3,14,3,1,1
tx_legit_005978,0,374.2,5.9275,230,1,0,5,1,0,0
tx_legit_002405,0,255.61,5.5476,781,1,1,4,3,0,0
tx_legit_006520,0,502.08,6.2207,303,2,0,2,1,0,0
tx_legit_006491,0,2682.21,7.8948,724,1,0,1,1,0,0
tx_legit_008703,0,972.5,6.8809,519,1,0,1,1,0,0
tx_legit_004406,0,348.09,5.8553,657,1,0,1,1,0,0
tx_legit_001114,0,438.44,6.0855,657,1,0,1,1,0,0
tx_legit_013285,0,160.45,5.0842,685,1,1,1,2,0,0
tx_legit_000384,0,294.58,5.6889,586,1,0,2,17,0,0
tx_legit_007897,0,394.78,5.9809,784,1,0,1,10,0,0
tx_legit_000782,0,294.64,5.6891,432,2,0,1,1,0,0
tx_legit_006711,0,548.99,6.3099,661,3,0,1,2,0,0
tx_legit_005295,0,391.7,5.973,418,2,0,1,13,0,0
tx_legit_001740,0,282.79,5.6482,81,1,0,1,2,0,0
tx_legit_010990,0,146.18,4.9917,942,2,0,3,2,0,0
tx_legit_012497,0,199.34,5.3,160,1,0,1,2,0,0
tx_legit_007881,0,157.68,5.0669,648,1,0,1,1,0,0
tx_legit_013580,0,742.02,6.6107,932,1,0,1,1,0,0
tx_legit_004667,0,656.74,6.4888,336,1,0,1,16,0,0
tx_legit_004594,0,1192.06,7.0843,381,1,0,2,1,0,0
tx_legit_008520,0,278.57,5.6333,408,3,0,2,1,0,0
tx_legit_013777,0,117.33,4.7735,690,3,0,1,1,0,0
tx_legit_007062,0,505.41,6.2273,272,1,0,1,1,0,0
tx_legit_001987,0,3237.08,8.0827,50,1,0,1,2,0,0
tx_legit_000962,0,530.67,6.276,637,2,0,2,1,0,0
tx_legit_008605,0,992.5,6.9012,679,1,0,1,1,0,0
tx_legit_002427,0,330.46,5.8035,544,1,0,1,4,0,0
tx_legit_002326,0,652.76,6.4827,408,1,0,3,2,0,0
tx_legit_005659,0,512.73,6.2417,352,1,0,1,9,0,0
tx_legit_010568,0,439.03,6.0868,802,1,0,2,10,0,0
tx_legit_011873,0,1170.03,7.0656,550,1,0,1,1,0,0
tx_legit_011798,0,739.86,6.6078,915,2,0,1,2,0,0
tx_legit_005390,0,335.29,5.818,38,1,0,1,1,0,0
tx_legit_004207,0,527.94,6.2709,743,1,2,1,1,0,0
tx_legit_012610,0,723.82,6.5859,568,1,0,2,21,0,0
tx_legit_006152,0,249.29,5.5226,103,2,0,1,2,0,0
tx_legit_004503,0,833.36,6.7267,202,1,0,1,1,0,0
tx_legit_002648,0,2033.08,7.6178,573,1,0,1,1,0,0
tx_legit_012743,0,104.31,4.6569,715,1,0,3,3,0,0
tx_legit_003084,0,580.5,6.3656,104,1,0,1,1,0,0
tx_legit_002257,0,220.26,5.3993,79,2,0,1,1,0,0
tx_legit_005340,0,858.61,6.7565,549,1,0,1,2,0,0
tx_legit_006939,0,1365.1,7.2197,534,1,0,1,1,0,0
tx_legit_006460,0,446.01,6.1026,736,1,0,2,2,0,0
tx_legit_000585,0,293.9,5.6866,201,1,0,1,2,0,0
tx_legit_009110,0,1239.68,7.1234,542,1,1,1,1,0,0
tx_legit_007402,0,1759.08,7.4731,68,1,0,1,2,0,0
tx_legit_010071,0,3326.81,8.1101,945,1,0,1,1,0,0
tx_legit_000461,0,257.14,5.5535,229,1,0,2,1,0,0
tx_legit_008371,0,63.34,4.1642,585,1,0,1,2,0,0
tx_legit_000005,0,1263.03,7.1421,100,1,1,1,1,0,0
tx_legit_002993,0,607.89,6.4116,485,1,0,2,11,0,0
tx_legit_006308,0,720.27,6.581,406,1,0,2,18,0,0
tx_fraud_001079,1,6307.38,8.7496,767,2,0,12,9,0,0
tx_legit_003711,0,830.46,6.7232,185,2,0,1,1,0,0
tx_legit_007307,0,336.49,5.8215,184,1,0,5,3,0,0
tx_legit_002875,0,386.86,5.9606,176,1,0,1,1,0,0
tx_legit_006947,0,633.85,6.4534,307,1,0,1,1,0,0
tx_legit_000120,0,750.72,6.6224,843,1,0,1,2,0,0
tx_legit_000597,0,1329.06,7.193,952,1,0,1,2,0,0
tx_legit_000082,0,198.51,5.2959,986,1,0,3,1,0,0
tx_legit_003653,0,204.11,5.3235,323,1,0,2,2,0,0
tx_legit_001015,0,144.55,4.9805,627,1,0,2,1,0,0
tx_legit_006047,0,701.42,6.5545,646,1,0,1,3,0,0
tx_legit_002123,0,1268.85,7.1467,532,1,0,1,17,0,0
tx_legit_002354,0,472.46,6.1601,958,2,0,1,1,0,0
tx_legit_011839,0,438.08,6.0847,588,1,0,1,1,0,0
tx_legit_013796,0,1352.23,7.2102,657,1,0,1,1,0,0
tx_legit_013326,0,318.82,5.7678,38,1,0,1,1,0,0
tx_legit_003487,0,451.74,6.1153,961,2,0,1,1,0,0
tx_legit_002957,0,322.79,5.7801,941,2,0,1,1,0,0
tx_legit_012918,0,657.01,6.4892,330,4,1,1,2,0,0
tx_legit_006577,0,457.1,6.1271,150,1,1,1,2,0,0
tx_fraud_000097,1,12327.57,9.4197,13,11,4,9,2,0,1
tx_legit_013349,0,497.43,6.2115,941,2,0,1,1,0,0
tx_legit_003831,0,1929.15,7.5654,755,1,1,2,13,0,0
tx_legit_008099,0,485.21,6.1866,340,1,0,1,1,0,0
tx_legit_009619,0,395.85,5.9836,167,4,0,1,1,0,0
tx_legit_005708,0,1411.88,7.2534,570,3,0,2,1,0,0
tx_legit_005459,0,389.09,5.9664,440,1,0,1,2,0,0
tx_legit_003223,0,315.33,5.7568,474,1,0,1,15,0,0
tx_legit_009278,0,1039.19,6.9472,113,1,0,3,3,0,0
tx_legit_004384,0,171.64,5.1512,204,1,0,2,1,0,0
tx_legit_001311,0,587.65,6.3778,694,1,0,5,3,0,0
tx_legit_007210,0,683.98,6.5294,495,1,1,1,1,0,0
tx_fraud_000189,1,6696.41,8.8095,22,19,6,3,31,0,1
tx_legit_002849,0,407.89,6.0134,582,1,0,1,2,0,0
tx_legit_010511,0,1022.07,6.9306,93,1,0,1,1,0,0
tx_legit_000151,0,431.23,6.069,58,1,0,1,1,0,0
tx_legit_006503,0,386.07,5.9586,729,2,0,2,3,0,0
tx_legit_006134,0,473.12,6.1615,674,1,0,1,1,0,0
tx_legit_009896,0,295.61,5.6924,478,1,0,2,17,0,0
tx_legit_008422,0,387.94,5.9634,785,1,0,2,16,0,0
tx_legit_000549,0,1228.65,7.1145,663,2,0,1,2,0,0
tx_legit_009405,0,229.3,5.4394,152,1,0,1,1,0,0
tx_legit_005102,0,307.13,5.7305,136,2,0,1,1,0,0
tx_legit_005780,0,2783.02,7.9317,712,1,0,2,8,0,0
tx_legit_006369,0,429.14,6.0641,300,1,0,1,2,0,0
tx_legit_008423,0,153.2,5.0383,15,1,1,2,2,0,0
tx_legit_004916,0,256.26,5.5501,77,1,0,1,1,0,0
tx_legit_002973,0,350.42,5.862,279,1,0,1,1,0,0
tx_legit_006145,0,410.55,6.0199,963,1,0,1,2,0,0
tx_fraud_000012,1,9429.53,9.1517,11,12,1,11,4,0,1
tx_legit_002939,0,804.99,6.6921,158,1,0,4,1,0,0
tx_legit_011342,0,235.49,5.4659,662,1,1,1,1,0,0
tx_legit_008101,0,910.36,6.8149,635,1,0,2,11,0,0
tx_legit_000588,0,226.06,5.4252,66,2,0,1,2,0,0
tx_legit_001174,0,330.29,5.803,927,1,0,2,11,0,0
tx_legit_012290,0,652.39,6.4822,238,1,0,1,1,0,0
tx_legit_011055,0,164.77,5.1106,206,1,0,1,1,0,0
tx_legit_005662,0,329.13,5.7995,961,1,0,1,2,0,0
tx_legit_010761,0,617.09,6.4266,107,1,0,1,1,0,0
tx_legit_001243,0,1254.01,7.1349,380,3,0,1,1,0,0
tx_legit_004044,0,842.96,6.7381,722,1,0,1,4,0,0
tx_legit_013381,0,1510.74,7.321,820,1,0,1,21,0,0
tx_fraud_001012,1,4501.83,8.4125,73,2,1,13,12,0,0
tx_legit_003732,0,5305.72,8.5767,486,1,0,1,1,0,0
tx_legit_002433,0,273.07,5.6134,35,1,1,1,2,0,0
tx_legit_012632,0,277.54,5.6296,277,1,0,4,3,0,0
tx_legit_008012,0,537.62,6.289,225,1,0,1,1,0,0
tx_legit_008051,0,233.35,5.4568,717,2,0,5,3,0,0
tx_legit_008856,0,197.7,5.2918,611,1,0,1,1,0,0
tx_legit_013374,0,510.57,6.2375,795,1,0,1,1,0,0
tx_legit_002401,0,738.74,6.6063,902,2,0,1,1,0,0
tx_legit_008445,0,270.07,5.6024,354,1,0,1,2,0,0
tx_fraud_000740,1,1116.91,7.0192,188,1,0,12,10,0,0
tx_legit_001357,0,774.47,6.6535,619,1,0,1,3,0,0
tx_legit_007510,0,1511.71,7.3217,457,1,0,1,4,0,0
tx_legit_002679,0,602.59,6.4029,236,1,0,2,10,0,0
tx_legit_003661,0,322.86,5.7803,131,1,0,1,10,0,0
tx_legit_006393,0,2333.35,7.7555,347,1,0,1,1,0,0
tx_legit_008204,0,551.34,6.3142,476,1,0,1,14,0,0
tx_legit_006625,0,240.6,5.4873,704,2,0,1,2,0,0
tx_legit_012121,0,676.16,6.5179,265,1,0,1,13,0,0
tx_legit_008002,0,960.1,6.8681,684,1,0,2,17,0,0
tx_legit_013651,0,580.65,6.3659,425,1,0,3,3,0,0
tx_legit_010336,0,579.24,6.3634,155,1,0,1,1,0,0
tx_legit_009833,0,405.45,6.0075,669,1,0,2,22,0,0
tx_legit_010027,0,752.01,6.6241,993,1,0,2,8,0,0
tx_legit_011481,0,433.45,6.0741,225,1,1,1,1,0,0
tx_legit_002740,0,364.5,5.9013,21,1,0,1,4,0,0
tx_legit_011866,0,788.66,6.6716,245,1,0,1,3,0,0
tx_legit_007975,0,574.3,6.3549,427,1,0,1,13,0,0
tx_legit_008277,0,1325.96,7.1906,383,2,0,1,1,0,0
tx_legit_012045,0,350.11,5.8611,508,1,0,1,4,0,0
tx_legit_006554,0,458.15,6.1294,227,1,0,1,1,0,0
tx_legit_006946,0,733.62,6.5994,111,2,0,1,1,0,0
tx_legit_011927,0,568.15,6.3441,138,1,1,1,2,0,0
tx_legit_006166,0,693.61,6.5434,466,4,0,3,3,0,0
tx_legit_004974,0,662.26,6.4972,39,2,0,1,1,0,0
tx_legit_000078,0,427.41,6.0601,276,1,0,1,15,0,0
tx_fraud_001196,1,5581.54,8.6274,518,2,0,12,12,0,0
tx_legit_006122,0,1575.15,7.3627,177,1,0,1,3,0,0
tx_legit_009539,0,423.12,6.05,40,1,0,2,1,0,0
tx_legit_011404,0,415.22,6.0312,289,1,0,1,1,0,0
tx_legit_012928,0,448.15,6.1074,18,1,0,5,3,0,0
tx_legit_003791,0,502.28,6.2211,502,2,0,1,2,0,0
tx_fraud_000187,1,12232.83,9.412,22,23,3,1,31,0,1
tx_legit_002471,0,137.48,4.9307,44,2,0,1,11,0,0
tx_legit_003008,0,192.94,5.2675,38,2,0,1,1,0,0
tx_legit_012433,0,3543.76,8.1732,186,1,0,1,2,0,0
tx_legit_007991,0,299.98,5.707,493,1,0,1,4,0,0
tx_legit_001280,0,456.34,6.1254,631,1,0,1,17,0,0
tx_legit_010612,0,229.03,5.4382,854,2,0,1,1,0,0
tx_legit_008872,0,253.56,5.5395,815,1,0,6,3,0,0
tx_legit_003073,0,497.79,6.2122,703,1,0,1,1,0,0
tx_legit_011145,0,441.46,6.0924,417,1,0,1,21,0,0
tx_legit_011024,0,404.1,6.0041,879,1,0,1,1,0,0
tx_fraud_000088,1,12277.17,9.4156,12,8,4,15,5,0,1
tx_legit_007088,0,334.35,5.8152,70,1,0,1,2,0,0
tx_legit_013444,0,315.48,5.7573,886,1,0,1,2,0,0
tx_legit_006955,0,327.0,5.793,212,1,0,1,1,0,0
tx_legit_011352,0,570.06,6.3475,561,3,0,2,1,0,0
tx_legit_006888,0,559.13,6.3282,751,4,0,1,1,0,0
tx_legit_012772,0,94.62,4.5604,619,1,0,1,1,0,0
tx_legit_007090,0,194.42,5.2752,600,1,0,1,1,0,0
tx_legit_012512,0,1500.21,7.314,759,1,0,1,1,0,0
tx_legit_007503,0,1159.9,7.057,492,2,0,1,1,0,0
tx_legit_001894,0,922.51,6.8282,124,3,0,1,9,0,0
tx_legit_002806,0,296.02,5.6938,659,1,0,1,1,0,0
tx_legit_004274,0,176.76,5.1804,758,1,0,1,1,0,0
tx_legit_010627,0,1759.42,7.4733,296,1,0,1,1,0,0
tx_legit_006916,0,970.21,6.8785,497,1,0,3,1,0,0
tx_fraud_000421,1,69970.83,11.1558,1,12,3,1,1,1,1
tx_legit_007232,0,132.39,4.8933,100,1,0,1,1,0,0
tx_legit_013489,0,284.75,5.6551,406,1,0,1,2,0,0
tx_legit_005860,0,167.36,5.1261,723,1,0,1,1,0,0
tx_fraud_000880,1,2399.19,7.7833,229,1,0,1,12,0,0
tx_legit_010199,0,1062.8,6.9696,866,1,0,4,2,0,0
tx_legit_011171,0,1139.87,7.0395,190,3,1,1,17,0,0
tx_legit_004906,0,2288.29,7.736,758,1,0,1,1,0,0
tx_legit_012742,0,673.17,6.5135,79,1,0,4,1,0,0
tx_legit_003609,0,708.19,6.5641,852,1,0,1,1,0,0
tx_legit_001011,0,635.72,6.4563,886,1,0,1,3,0,0
tx_legit_004052,0,2195.08,7.6944,120,1,0,1,1,0,0
tx_legit_003983,0,728.12,6.5918,915,1,0,1,1,0,0
tx_fraud_000537,1,49079.83,10.8012,5,10,10,10,33,1,1
tx_legit_003332,0,1476.43,7.2981,516,1,0,2,1,0,0
tx_legit_002197,0,80.12,4.3959,619,2,1,2,2,0,0
tx_legit_013454,0,575.2,6.3565,717,2,0,1,1,0,0
tx_legit_010623,0,167.68,5.128,126,1,0,1,3,0,0
tx_legit_007215,0,201.98,5.3131,150,1,0,1,1,0,0
tx_legit_007079,0,333.92,5.8139,344,1,0,1,3,0,0
tx_legit_006039,0,946.61,6.8539,157,1,0,3,1,0,0
tx_legit_009062,0,587.93,6.3783,673,1,0,1,1,0,0
tx_legit_008506,0,515.75,6.2476,562,2,0,3,1,0,0
tx_legit_001139,0,348.64,5.8569,532,1,0,1,1,0,0
tx_legit_009277,0,361.77,5.8938,244,2,0,1,3,0,0
tx_fraud_000682,1,1787.38,7.4891,150,1,0,26,17,0,0
tx_legit_005963,0,224.91,5.4201,117,1,0,2,10,0,0
tx_legit_010209,0,216.46,5.382,452,2,1,4,2,0,0
tx_legit_007640,0,1009.92,6.9186,478,1,0,3,2,0,0
tx_legit_011572,0,1033.25,6.9414,142,1,0,1,1,0,0
tx_legit_006808,0,460.71,6.1349,590,1,0,1,18,0,0
tx_legit_011302,0,451.58,6.115,254,1,0,2,1,0,0
tx_legit_000737,0,1237.0,7.1213,631,1,0,2,3,0,0
tx_legit_004813,0,1252.27,7.1335,709,1,0,1,2,0,0
tx_legit_012805,0,539.65,6.2928,190,1,0,2,1,0,0
tx_legit_006996,0,491.16,6.1988,596,2,0,3,3,0,0
tx_legit_009638,0,550.78,6.3131,354,2,0,1,2,0,0
tx_legit_012166,0,1355.0,7.2123,899,2,0,1,1,0,0
tx_legit_005447,0,185.94,5.2308,772,1,0,1,2,0,0
tx_legit_003816,0,1309.15,7.1779,440,1,0,1,1,0,0
tx_legit_010306,0,511.2,6.2387,258,1,1,1,1,0,0
tx_legit_011556,0,260.8,5.5676,768,4,0,1,2,0,0
tx_legit_012696,0,201.47,5.3106,693,1,0,3,1,0,0
tx_legit_002414,0,143.54,4.9736,697,1,2,3,2,0,0
tx_legit_009000,0,624.2,6.4381,350,1,0,1,2,0,0
tx_legit_004708,0,368.25,5.9115,693,1,0,1,1,0,0
tx_legit_011704,0,1174.29,7.0693,38,2,0,1,1,0,0
tx_legit_011521,0,425.99,6.0568,231,1,0,2,2,0,0
tx_legit_010962,0,1485.93,7.3045,40,1,0,1,4,0,0
tx_legit_002721,0,465.14,6.1445,819,1,0,2,4,0,0
tx_legit_013599,0,787.23,6.6698,610,1,0,6,3,0,0
tx_legit_000301,0,461.25,6.1361,927,1,0,1,1,0,0
tx_legit_003704,0,718.52,6.5786,309,1,0,1,2,0,0
tx_legit_010250,0,300.84,5.7099,852,1,0,4,1,0,0
tx_legit_009203,0,473.92,6.1631,760,1,1,1,1,0,0
tx_legit_006017,0,1120.06,7.022,931,1,0,1,3,0,0
tx_legit_007269,0,298.71,5.7028,844,1,2,1,1,0,0
tx_legit_011479,0,316.34,5.76,386,1,0,1,1,0,0
tx_legit_008768,0,596.93,6.3935,583,3,0,1,2,0,0
tx_legit_006818,0,333.72,5.8133,500,1,0,2,13,0,0
tx_legit_005551,0,959.69,6.8677,61,1,0,6,2,0,0
tx_legit_011068,0,332.39,5.8093,61,2,1,2,12,0,0
tx_legit_009015,0,145.62,4.9878,123,1,0,4,1,0,0
tx_legit_002999,0,4152.58,8.3317,225,1,0,1,1,0,0
tx_legit_006336,0,78.8,4.3795,529,1,0,5,2,0,0
tx_legit_011496,0,719.77,6.5803,661,1,0,6,3,0,0
tx_legit_002863,0,384.66,5.955,967,1,0,1,1,0,0
tx_legit_008385,0,580.85,6.3662,373,1,0,1,3,0,0
tx_legit_001706,0,315.55,5.7575,916,1,0,1,2,0,0
tx_legit_007628,0,829.78,6.7224,908,1,0,1,1,0,0
tx_legit_010462,0,1204.63,7.0948,146,1,0,2,20,0,0
tx_legit_000382,0,709.04,6.5653,297,1,0,1,1,0,0
tx_legit_013035,0,1867.01,7.5326,843,2,0,2,2,0,0
tx_legit_006454,0,222.07,5.4075,856,2,0,1,1,0,0
tx_legit_010377,0,789.74,6.673,341,2,0,1,1,0,0
tx_legit_009170,0,331.1,5.8054,159,1,0,2,8,0,0
tx_legit_007342,0,225.85,5.4243,490,1,0,2,20,0,0
tx_legit_000919,0,235.16,5.4645,350,1,1,1,1,0,0
tx_legit_003046,0,1028.22,6.9366,103,1,0,1,1,0,0
tx_fraud_000705,1,2053.45,7.6278,144,1,0,30,9,0,0
tx_legit_009644,0,252.52,5.5354,404,1,0,1,1,0,0
tx_legit_012996,0,1423.02,7.2612,271,4,0,6,1,0,0
tx_legit_006720,0,1290.31,7.1634,150,1,0,1,2,0,0
tx_legit_001589,0,544.82,6.3023,193,1,0,1,4,0,0
tx_legit_013676,0,150.77,5.0224,324,1,0,1,1,0,0
tx_legit_013723,0,403.03,6.0015,96,1,0,1,2,0,0
tx_legit_000942,0,312.22,5.7469,272,4,0,1,2,0,0
tx_legit_007423,0,205.7,5.3313,323,1,0,1,1,0,0
tx_legit_001134,0,220.13,5.3988,907,1,0,1,1,0,0
tx_legit_013214,0,683.9,6.5293,62,1,0,5,3,0,0
tx_legit_011447,0,1252.89,7.134,354,1,0,2,5,0,0
tx_fraud_000272,1,14633.96,9.5912,5,7,1,3,3,1,1
tx_legit_000862,0,189.6,5.2502,113,1,0,1,1,0,0
tx_fraud_000409,1,65242.17,11.0859,2,9,5,1,1,1,1
tx_legit_005871,0,408.2,6.0142,344,1,0,1,4,0,0
tx_legit_010107,0,606.6,6.4095,434,1,0,1,8,0,0
tx_fraud_001058,1,3472.73,8.153,85,2,1,13,6,0,0
tx_legit_000424,0,842.69,6.7378,733,2,0,1,1,0,0
tx_legit_000630,0,449.91,6.1113,106,1,2,1,22,0,0
tx_legit_005532,0,339.36,5.83,797,2,0,1,1,0,0
tx_legit_012296,0,352.5,5.8679,22,1,0,1,2,0,0
tx_legit_006362,0,439.16,6.0871,561,1,0,2,1,0,0
tx_legit_004886,0,498.68,6.214,276,1,0,1,2,0,0
tx_legit_013474,0,1295.01,7.167,430,1,0,1,1,0,0
tx_legit_008674,0,238.56,5.4788,340,1,0,1,2,0,0
tx_legit_008489,0,1136.2,7.0363,819,2,0,3,5,0,0
tx_legit_011118,0,157.01,5.0627,150,1,0,4,3,0,0
tx_legit_008786,0,730.13,6.5946,993,2,0,1,2,0,0
tx_legit_001176,0,420.81,6.0446,478,1,0,2,16,0,0
tx_legit_013660,0,631.73,6.45,155,2,1,1,1,0,0
tx_legit_000954,0,584.06,6.3717,272,2,0,1,4,0,0
tx_legit_008744,0,545.56,6.3036,396,1,0,2,12,0,0
tx_legit_000887,0,434.04,6.0754,131,1,0,1,1,0,0
tx_legit_011158,0,718.75,6.5789,16,1,0,1,3,0,0
tx_legit_005419,0,856.69,6.7542,933,2,0,2,1,0,0
tx_legit_005378,0,546.42,6.3052,747,2,0,1,1,0,0
tx_legit_013104,0,1770.52,7.4796,52,1,0,1,2,0,0
tx_legit_006116,0,1198.18,7.0894,815,1,0,1,3,0,0
tx_legit_000345,0,850.02,6.7464,873,1,0,1,1,0,0
tx_legit_001672,0,813.12,6.7021,443,1,0,1,8,0,0
tx_legit_008450,0,1540.76,7.3407,858,1,0,1,1,0,0
tx_legit_008082,0,327.74,5.7953,843,2,0,1,4,0,0
tx_legit_009684,0,1389.61,7.2375,554,1,0,1,1,0,0
tx_legit_013730,0,161.59,5.0912,765,1,0,2,18,0,0
tx_legit_000890,0,1004.89,6.9136,503,1,0,1,10,0,0
tx_legit_011295,0,220.8,5.4018,559,2,0,2,1,0,0
tx_legit_013342,0,583.06,6.37,355,2,0,1,2,0,0
tx_legit_002341,0,389.04,5.9662,713,1,0,2,1,0,0
tx_legit_008629,0,797.01,6.6821,594,1,0,2,3,0,0
tx_legit_010150,0,454.97,6.1224,38,1,0,2,17,0,0
tx_legit_009924,0,981.18,6.8898,447,1,1,1,2,0,0
tx_legit_005576,0,382.49,5.9493,614,1,0,5,1,0,0
tx_legit_006037,0,544.74,6.3021,572,1,0,1,1,0,0
tx_legit_003096,0,366.51,5.9068,296,3,0,1,2,0,0
tx_legit_012756,0,205.45,5.3301,128,2,0,1,1,0,0
tx_legit_004037,0,478.08,6.1719,501,3,1,1,4,0,0
tx_legit_013233,0,298.95,5.7036,605,1,0,2,1,0,0
tx_legit_008456,0,529.88,6.2745,129,1,0,1,12,0,0
tx_legit_013407,0,465.12,6.1444,623,1,0,1,14,0,0
tx_legit_004747,0,129.05,4.8679,164,1,0,2,1,0,0
tx_legit_004043,0,573.25,6.3531,617,1,0,2,2,0,0
tx_legit_011107,0,1769.76,7.4792,23,1,0,1,21,0,0
tx_legit_012280,0,284.79,5.6553,896,2,0,1,2,0,0
tx_legit_005969,0,216.34,5.3815,713,1,0,1,1,0,0
tx_legit_003344,0,343.27,5.8414,719,1,0,1,2,0,0
tx_legit_004119,0,1664.23,7.4177,807,1,1,1,1,0,0
tx_legit_000293,0,384.92,5.9556,520,2,0,1,11,0,0
tx_legit_009487,0,433.26,6.0736,733,2,0,1,2,0,0
tx_legit_000609,0,225.42,5.4224,725,1,0,1,1,0,0
tx_legit_005882,0,1238.84,7.1227,943,2,0,1,3,0,0
tx_legit_000590,0,1117.87,7.0201,741,1,0,2,2,0,0
tx_legit_005205,0,194.61,5.2761,768,1,0,2,21,0,0
tx_legit_010471,0,592.42,6.3859,572,1,0,2,12,0,0
tx_legit_010919,0,267.15,5.5915,419,3,0,2,1,0,0
tx_legit_006080,0,419.69,6.0419,768,1,0,1,17,0,0
tx_legit_011123,0,1596.4,7.3761,126,1,0,1,1,0,0
tx_legit_002697,0,962.13,6.8702,785,1,0,2,11,0,0
tx_legit_009931,0,136.39,4.9228,882,2,0,1,1,0,0
tx_legit_002291,0,818.09,6.7082,724,1,0,1,1,0,0
tx_legit_002095,0,125.58,4.8409,78,1,0,1,2,0,0
tx_legit_010291,0,407.43,6.0123,519,1,0,1,1,0,0
tx_legit_002431,0,357.1,5.8808,980,1,0,1,1,0,0
tx_legit_007514,0,524.3,6.264,735,1,0,1,1,0,0
tx_legit_009841,0,959.33,6.8673,850,2,0,1,1,0,0
tx_legit_002826,0,322.38,5.7788,304,1,0,2,1,0,0
tx_legit_000109,0,265.62,5.5858,540,1,0,3,1,0,0
tx_legit_010252,0,276.0,5.624,276,1,0,1,1,0,0
tx_legit_000494,0,745.7,6.6157,465,2,0,1,1,0,0
tx_legit_009154,0,646.25,6.4727,923,1,0,1,18,0,0
tx_legit_013521,0,449.34,6.11,524,1,1,1,1,0,0
tx_legit_000674,0,829.88,6.7225,870,1,0,1,1,0,0
tx_legit_009437,0,206.4,5.3346,543,1,0,2,2,0,0
tx_legit_012724,0,413.02,6.0259,552,1,0,1,2,0,0
tx_legit_006283,0,654.94,6.4861,767,1,0,2,1,0,0
tx_legit_000708,0,591.53,6.3844,503,1,0,3,1,0,0
tx_legit_004977,0,492.58,6.2017,292,1,0,1,21,0,0
tx_legit_011637,0,134.69,4.9104,792,1,0,2,14,0,0
tx_fraud_000820,1,2716.64,7.9075,399,1,0,1,12,0,0
tx_legit_000107,0,480.38,6.1767,753,1,0,1,10,0,0
tx_legit_012377,0,1541.73,7.3413,545,1,0,2,1,0,0
tx_legit_010305,0,303.49,5.7186,980,2,0,6,1,0,0
tx_legit_006289,0,238.89,5.4802,123,1,0,1,2,0,0
tx_legit_011868,0,714.1,6.5724,811,1,0,6,1,0,0
tx_legit_009065,0,214.35,5.3723,923,1,0,1,20,0,0
tx_fraud_000787,1,1497.37,7.3121,220,1,0,13,20,0,0
tx_legit_004142,0,196.54,5.2859,261,1,0,1,2,0,0
tx_legit_012768,0,485.26,6.1867,300,1,0,1,1,0,0
tx_legit_009386,0,623.65,6.4372,42,1,0,1,1,0,0
tx_legit_011771,0,295.17,5.6909,103,1,0,3,2,0,0
tx_legit_008029,0,450.05,6.1116,678,1,0,1,1,0,0
tx_legit_008838,0,133.91,4.9046,864,1,0,3,3,0,0
tx_legit_012573,0,388.04,5.9637,158,1,0,1,2,0,0
tx_fraud_000035,1,8674.22,9.0682,1,5,4,15,6,1,1
tx_legit_006125,0,312.74,5.7486,205,1,0,2,21,0,0
tx_legit_013749,0,451.45,6.1147,900,1,0,1,1,0,0
tx_legit_005661,0,906.02,6.8102,264,1,1,1,1,0,0
tx_legit_000879,0,671.53,6.511,310,1,0,1,2,0,0
tx_legit_008811,0,655.56,6.487,28,2,0,1,1,0,0
tx_legit_004350,0,286.75,5.6621,759,1,0,1,2,0,0
tx_legit_012820,0,685.1,6.531,76,2,0,1,1,0,0
tx_legit_007357,0,195.42,5.2803,877,1,0,1,2,0,0
tx_legit_011696,0,186.4,5.2332,418,1,0,3,1,0,0
tx_legit_005774,0,1362.85,7.2181,328,1,0,6,3,0,0
tx_legit_005558,0,751.35,6.6232,399,1,1,5,3,0,0
tx_legit_006206,0,757.09,6.6308,375,1,0,2,1,0,0
tx_legit_005533,0,1254.38,7.1352,614,1,0,1,1,0,0
tx_legit_012979,0,366.57,5.9069,986,1,0,1,2,0,0
tx_legit_001088,0,454.99,6.1225,146,1,0,1,5,0,0
tx_legit_002444,0,2239.66,7.7145,853,1,0,2,10,0,0
tx_legit_005203,0,516.51,6.249,971,1,0,1,15,0,0
tx_legit_013553,0,364.41,5.901,671,3,0,2,4,0,0
tx_legit_003960,0,717.15,6.5767,383,1,0,2,14,0,0
tx_legit_013537,0,1133.75,7.0342,500,1,0,1,14,0,0
tx_legit_008534,0,1370.88,7.2239,71,1,0,1,10,0,0
tx_legit_009826,0,657.98,6.4907,17,2,0,1,3,0,0
tx_legit_011440,0,190.59,5.2554,625,1,0,1,1,0,0
tx_legit_010064,0,383.16,5.9511,741,1,0,4,3,0,0
tx_legit_003205,0,228.78,5.4371,371,2,0,1,1,0,0
tx_legit_008580,0,299.51,5.7055,838,1,0,1,3,0,0
tx_legit_008089,0,630.33,6.4478,995,3,0,1,2,0,0
tx_fraud_000023,1,12992.8,9.4722,8,11,1,12,5,0,1
tx_fraud_000027,1,4951.19,8.5076,1,4,4,12,3,1,0
tx_fraud_000773,1,2272.12,7.7289,217,1,0,17,8,0,0
tx_legit_010682,0,226.61,5.4276,174,1,0,1,21,0,0
tx_legit_001878,0,802.6,6.6891,238,1,0,1,2,0,0
tx_legit_000090,0,736.84,6.6037,614,1,0,2,17,0,0
tx_legit_004318,0,1198.83,7.0899,945,1,0,1,1,0,0
tx_fraud_000292,1,6352.57,8.7568,0,3,2,4,6,1,0
tx_legit_001997,0,1082.97,6.9884,95,1,0,1,1,0,0
tx_legit_013112,0,1741.91,7.4633,570,1,0,3,2,0,0
tx_legit_008267,0,375.63,5.9313,655,2,0,1,3,0,0
tx_legit_012952,0,559.43,6.3287,921,2,0,1,1,0,0
tx_legit_010607,0,659.74,6.4934,612,1,0,1,1,0,0
tx_legit_008231,0,273.41,5.6146,360,1,0,1,1,0,0
tx_legit_007185,0,585.11,6.3735,953,1,0,1,1,0,0
tx_legit_005636,0,348.39,5.8562,419,1,0,3,2,0,0
tx_legit_003514,0,376.24,5.9329,150,1,0,6,3,0,0
tx_legit_003486,0,443.17,6.0962,330,2,1,1,12,0,0
tx_legit_007523,0,825.64,6.7174,47,3,0,2,2,0,0
tx_legit_006622,0,1106.0,7.0094,344,2,0,3,3,0,0
tx_legit_000312,0,263.39,5.5774,404,2,0,2,4,0,0
tx_legit_008868,0,345.71,5.8485,659,1,0,1,3,0,0
tx_legit_006083,0,560.91,6.3313,595,1,0,1,1,0,0
tx_legit_005191,0,553.58,6.3182,959,1,0,1,1,0,0
tx_legit_013515,0,1354.89,7.2122,912,4,0,1,12,0,0
tx_legit_000390,0,497.91,6.2124,84,1,0,1,3,0,0
tx_fraud_001035,1,3649.17,8.2025,69,2,1,10,5,0,0
tx_legit_010826,0,550.91,6.3134,123,3,0,2,22,0,0
tx_legit_003090,0,1020.01,6.9285,826,2,1,2,11,0,0
tx_legit_013719,0,879.26,6.7802,659,1,1,1,1,0,0
tx_legit_013666,0,413.95,6.0282,614,1,2,2,4,0,0
tx_fraud_000249,1,10809.98,9.2883,19,21,6,4,16,0,1
tx_legit_007393,0,681.02,6.5251,182,1,0,4,1,0,0
tx_legit_001818,0,420.28,6.0433,768,1,0,1,1,0,0
tx_legit_008825,0,522.04,6.2597,831,1,0,1,4,0,0
tx_legit_007638,0,313.88,5.7522,540,2,0,1,1,0,0
tx_fraud_000304,1,6904.86,8.8401,4,3,2,3,3,1,0
tx_legit_003705,0,737.86,6.6051,931,2,0,2,2,0,0
tx_legit_005804,0,603.87,6.405,724,1,0,1,4,0,0
tx_legit_007493,0,1616.78,7.3888,258,1,0,1,1,0,0
tx_legit_009167,0,874.7,6.775,732,1,0,1,2,0,0
tx_legit_010590,0,135.94,4.9195,392,1,0,5,2,0,0
tx_legit_002072,0,477.99,6.1717,720,1,0,1,1,0,0
tx_legit_009262,0,558.72,6.3274,515,1,0,1,2,0,0
tx_legit_013371,0,161.79,5.0925,980,1,0,1,1,0,0
tx_legit_008953,0,520.16,6.2561,945,1,1,2,1,0,0
tx_legit_009920,0,452.81,6.1177,691,2,0,3,3,0,0
tx_legit_005475,0,961.88,6.8699,616,2,0,2,2,0,0
tx_legit_010464,0,744.8,6.6145,763,1,0,3,3,0,0
tx_legit_011742,0,616.69,6.426,272,1,1,1,4,0,0
tx_legit_010165,0,387.72,5.9629,760,2,0,1,1,0,0
tx_legit_013528,0,421.05,6.0451,684,2,0,1,11,0,0
tx_legit_004385,0,647.12,6.4741,309,1,0,1,1,0,0
tx_legit_012507,0,655.8,6.4874,941,2,0,1,1,0,0
tx_legit_001898,0,176.17,5.1771,16,2,0,1,2,0,0
tx_legit_003031,0,213.03,5.3661,298,1,0,1,1,0,0
tx_legit_004577,0,422.69,6.049,457,1,0,6,2,0,0
tx_legit_001568,0,656.99,6.4892,408,1,0,5,1,0,0
tx_legit_011056,0,557.27,6.3248,523,1,0,1,1,0,0
tx_legit_003240,0,186.38,5.2331,606,1,0,3,1,0,0
tx_legit_000838,0,745.64,6.6156,797,3,0,2,18,0,0
tx_legit_003881,0,163.39,5.1022,566,1,0,3,3,0,0
tx_legit_011397,0,402.42,6.0,477,1,0,1,16,0,0
tx_legit_008972,0,595.27,6.3907,655,3,0,1,1,0,0
tx_legit_008243,0,309.27,5.7374,760,1,0,2,12,0,0
tx_legit_001171,0,571.14,6.3494,795,1,0,1,2,0,0
tx_legit_007392,0,361.09,5.8919,244,1,0,1,2,0,0
tx_legit_005230,0,780.35,6.661,759,1,0,6,3,0,0
tx_legit_005728,0,186.43,5.2334,199,2,0,1,1,0,0
tx_legit_004549,0,413.78,6.0277,757,1,0,1,16,0,0
tx_legit_013499,0,663.96,6.4997,737,1,0,1,1,0,0
tx_legit_012551,0,791.27,6.6749,759,1,0,1,1,0,0
tx_legit_010043,0,50.0,3.9318,997,3,0,1,5,0,0
tx_legit_010083,0,2123.42,7.6613,33,1,0,2,13,0,0
tx_legit_008347,0,189.87,5.2516,942,2,0,1,3,0,0
tx_legit_009789,0,451.49,6.1148,977,1,0,1,2,0,0
tx_legit_013789,0,1240.15,7.1238,938,1,0,1,1,0,0
tx_legit_000189,0,255.07,5.5455,567,1,0,2,1,0,0
tx_legit_008250,0,961.12,6.8691,16,2,0,6,3,0,0
tx_legit_013453,0,594.06,6.3887,718,2,0,1,4,0,0
tx_legit_007504,0,486.63,6.1896,620,1,0,1,1,0,0
tx_legit_012271,0,161.54,5.0909,797,1,0,1,1,0,0
tx_legit_009558,0,748.4,6.6193,78,1,0,1,3,0,0
tx_legit_002058,0,360.91,5.8914,417,1,0,1,3,0,0
tx_legit_005371,0,172.89,5.1584,190,1,1,1,3,0,0
tx_legit_011462,0,821.79,6.7127,859,1,0,1,2,0,0
tx_legit_005485,0,2124.76,7.6619,370,2,0,5,2,0,0
tx_legit_003924,0,351.18,5.8641,143,1,0,1,2,0,0
tx_legit_000599,0,893.05,6.7958,809,1,0,1,3,0,0
tx_legit_008764,0,632.97,6.452,676,1,0,1,1,0,0
tx_fraud_000456,1,74731.51,11.2217,5,9,5,1,1,1,1
tx_legit_006957,0,545.65,6.3038,27,2,0,1,2,0,0
tx_legit_010395,0,191.82,5.2618,825,4,0,1,1,0,0
tx_legit_007800,0,495.78,6.2081,26,1,0,2,16,0,0
tx_legit_012840,0,235.52,5.466,224,1,0,1,2,0,0
tx_legit_003659,0,1290.28,7.1634,253,1,0,1,1,0,0
tx_legit_004831,0,259.14,5.5612,478,2,0,1,1,0,0
tx_legit_012289,0,517.49,6.2509,545,1,0,1,11,0,0
tx_legit_008255,0,348.7,5.8571,830,4,0,2,1,0,0
tx_legit_006395,0,567.35,6.3427,312,3,0,1,20,0,0
tx_legit_004445,0,265.92,5.5869,580,3,0,1,2,0,0
tx_legit_012506,0,969.75,6.8781,155,1,0,2,8,0,0
tx_legit_002545,0,637.89,6.4597,811,2,0,1,1,0,0
tx_legit_005234,0,528.01,6.271,278,2,0,3,2,0,0
tx_legit_007152,0,886.05,6.7879,142,2,0,1,2,0,0
tx_legit_013050,0,480.76,6.1774,544,2,0,1,1,0,0
tx_legit_005287,0,349.07,5.8581,874,1,1,1,1,0,0
tx_legit_003286,0,742.2,6.611,636,1,0,1,1,0,0
tx_fraud_001117,1,6397.29,8.7638,655,2,0,22,13,0,0
tx_legit_000342,0,525.45,6.2662,750,1,0,6,1,0,0
tx_legit_002694,0,1189.17,7.0819,954,1,0,1,1,0,0
tx_legit_011949,0,1084.14,6.9895,989,1,0,1,1,0,0
tx_legit_002674,0,282.71,5.648,264,2,0,1,1,0,0
tx_legit_006768,0,387.39,5.962,149,1,0,1,1,0,0
tx_legit_003652,0,297.97,5.7003,258,2,0,2,16,0,0
tx_legit_006792,0,488.8,6.194,214,1,1,1,3,0,0
tx_legit_001660,0,476.08,6.1677,624,1,0,1,1,0,0
tx_legit_007056,0,563.59,6.3361,681,2,0,1,1,0,0
tx_legit_007610,0,1761.75,7.4746,724,1,0,3,3,0,0
tx_legit_010653,0,536.1,6.2862,505,1,0,1,3,0,0
tx_legit_005268,0,548.81,6.3096,806,1,0,1,2,0,0
tx_legit_012168,0,390.97,5.9712,15,1,0,1,1,0,0
tx_legit_008154,0,159.69,5.0795,760,1,0,2,15,0,0
tx_legit_006562,0,455.0,6.1225,37,1,0,1,1,0,0
tx_legit_000021,0,1563.32,7.3552,399,1,0,1,2,0,0
tx_legit_006616,0,1748.73,7.4672,361,1,0,1,1,0,0
tx_legit_004876,0,1484.85,7.3037,822,1,0,1,1,0,0
tx_legit_004021,0,287.36,5.6642,933,2,0,1,2,0,0
tx_legit_013148,0,280.11,5.6387,945,1,0,2,15,0,0
tx_legit_006966,0,1140.83,7.0404,104,1,0,1,12,0,0
tx_legit_009633,0,801.12,6.6873,894,1,0,2,3,0,0
tx_legit_001945,0,733.58,6.5993,962,1,0,6,3,0,0
tx_legit_013713,0,720.32,6.5811,362,2,0,2,9,0,0
tx_fraud_000321,1,6384.58,8.7618,0,5,3,4,5,1,1
tx_legit_009392,0,1534.82,7.3368,967,1,0,2,1,0,0
tx_legit_002961,0,646.78,6.4736,883,1,0,1,3,0,0
tx_legit_013767,0,475.73,6.167,649,1,0,1,1,0,0
tx_legit_007544,0,293.85,5.6865,402,1,1,1,2,0,0
tx_fraud_001029,1,4620.48,8.4385,117,2,1,12,7,0,0
tx_legit_005783,0,786.48,6.6688,655,1,0,2,1,0,0
tx_legit_011962,0,235.79,5.4672,99,1,0,1,1,0,0
tx_legit_008932,0,371.75,5.9209,833,1,0,1,3,0,0
tx_legit_012640,0,378.37,5.9385,381,1,0,1,2,0,0
tx_legit_008652,0,518.91,6.2537,891,2,0,1,12,0,0
tx_legit_006133,0,613.66,6.4211,221,1,0,1,8,0,0
tx_legit_005200,0,526.76,6.2686,694,1,0,1,18,0,0
tx_legit_008234,0,369.11,5.9138,712,1,0,2,1,0,0
tx_legit_003457,0,280.26,5.6393,704,4,0,1,1,0,0
tx_legit_013772,0,927.0,6.833,234,1,0,1,1,0,0
tx_legit_007362,0,464.3,6.1427,982,1,0,2,1,0,0
tx_fraud_000046,1,9594.65,9.1691,6,5,4,10,2,1,1
tx_legit_004788,0,659.39,6.4928,532,1,0,1,18,0,0
tx_fraud_000596,1,58855.26,10.9829,7,29,4,16,27,1,1
tx_legit_003432,0,989.84,6.8986,407,2,1,1,1,0,0
tx_legit_002597,0,1340.03,7.2012,463,1,0,1,3,0,0
tx_legit_000268,0,592.62,6.3862,977,2,0,1,2,0,0
tx_legit_006714,0,974.32,6.8828,380,1,0,1,1,0,0
tx_legit_009495,0,1502.75,7.3157,576,1,0,1,9,0,0
tx_legit_004416,0,1633.99,7.3994,528,2,0,1,1,0,0
tx_legit_007769,0,331.79,5.8075,702,1,0,1,2,0,0
tx_legit_000304,0,386.41,5.9595,185,1,0,1,2,0,0
tx_legit_010131,0,187.12,5.2371,687,1,0,1,12,0,0
tx_legit_007859,0,348.69,5.857,883,2,0,1,4,0,0
tx_legit_003538,0,269.02,5.5985,789,1,0,1,1,0,0
tx_legit_011708,0,319.48,5.7698,733,1,0,1,1,0,0
tx_legit_000244,0,380.09,5.943,923,1,0,2,9,0,0
tx_legit_001256,0,496.38,6.2094,940,1,0,6,2,0,0
tx_legit_012923,0,557.38,6.325,519,1,0,2,20,0,0
tx_fraud_000355,1,5935.08,8.6888,4,9,0,3,4,1,1
tx_legit_006193,0,252.9,5.5369,619,1,0,1,1,0,0
tx_legit_004066,0,308.7,5.7356,89,1,0,3,1,0,0
tx_legit_005250,0,130.31,4.8776,148,1,0,6,2,0,0
tx_legit_000795,0,475.59,6.1667,208,1,0,1,1,0,0
tx_legit_009929,0,245.37,5.5068,880,2,0,1,22,0,0
tx_legit_002848,0,137.26,4.9291,182,1,0,2,13,0,0
tx_fraud_000332,1,15955.31,9.6776,4,9,0,4,2,1,1
tx_legit_005908,0,1158.59,7.0558,234,1,0,1,4,0,0
tx_legit_001647,0,289.09,5.6702,441,1,1,1,2,0,0
tx_legit_011653,0,269.14,5.5989,349,1,0,1,1,0,0
tx_legit_011317,0,222.9,5.4112,192,2,0,1,1,0,0
tx_legit_005937,0,280.34,5.6396,528,1,1,1,2,0,0
tx_legit_010968,0,247.22,5.5143,222,1,0,1,4,0,0
tx_legit_008351,0,672.76,6.5129,673,1,0,1,4,0,0
tx_legit_012265,0,766.89,6.6436,773,1,0,2,14,0,0
tx_legit_000011,0,201.84,5.3124,456,1,1,2,16,0,0
tx_fraud_000248,1,3200.99,8.0715,17,20,3,2,17,0,1
tx_legit_012750,0,598.06,6.3954,778,1,0,1,2,0,0
tx_legit_000884,0,484.13,6.1844,696,1,0,1,14,0,0
tx_legit_013202,0,350.37,5.8618,939,1,0,1,4,0,0
tx_legit_003423,0,385.91,5.9582,83,1,0,1,2,0,0
tx_legit_006014,0,86.61,4.4729,526,1,0,1,1,0,0
tx_legit_012430,0,486.18,6.1886,838,1,0,1,20,0,0
tx_legit_007890,0,2406.01,7.7861,269,1,2,2,18,0,0
tx_legit_000086,0,1221.64,7.1088,256,1,0,1,1,0,0
tx_legit_008996,0,711.27,6.5685,392,2,0,1,1,0,0
tx_legit_001950,0,884.02,6.7856,701,1,0,1,1,0,0
tx_legit_007374,0,220.63,5.401,691,1,0,2,20,0,0
tx_legit_003262,0,435.57,6.0789,823,2,0,6,3,0,0
tx_fraud_000416,1,74897.3,11.2239,9,12,3,1,1,0,1
tx_legit_006067,0,356.93,5.8803,438,1,0,3,1,0,0
tx_legit_005496,0,1201.09,7.0918,37,1,0,1,2,0,0
tx_legit_002599,0,370.58,5.9178,35,2,0,1,1,0,0
tx_legit_004796,0,150.5,5.0206,866,1,0,1,1,0,0
tx_legit_011139,0,541.5,6.2962,735,1,0,1,21,0,0
tx_legit_004793,0,578.58,6.3623,381,1,0,2,2,0,0
tx_legit_010338,0,156.75,5.061,528,2,0,1,9,0,0
tx_legit_008758,0,1507.68,7.319,942,4,0,3,1,0,0
tx_legit_011495,0,168.39,5.1322,600,2,0,2,2,0,0
tx_legit_007044,0,404.43,6.0049,97,1,0,4,3,0,0
tx_legit_008992,0,191.5,5.2601,319,1,0,1,1,0,0
tx_legit_008192,0,396.99,5.9864,371,1,0,2,1,0,0
tx_legit_000779,0,785.11,6.6671,441,1,0,1,1,0,0
tx_legit_010468,0,841.4,6.7363,673,1,0,1,8,0,0
tx_legit_006878,0,227.85,5.4331,671,2,0,1,17,0,0
tx_legit_007803,0,544.03,6.3008,48,1,0,1,21,0,0
tx_legit_006405,0,1662.22,7.4165,140,1,0,1,1,0,0
tx_legit_006929,0,521.87,6.2593,422,1,0,1,2,0,0
tx_fraud_000795,1,1981.71,7.5922,189,1,0,24,11,0,0
tx_legit_009696,0,482.35,6.1807,556,1,0,2,19,0,0
tx_legit_002495,0,107.6,4.6877,25,1,0,2,1,0,0
tx_legit_002584,0,697.76,6.5493,108,1,0,1,21,0,0
tx_legit_007870,0,589.88,6.3816,852,1,0,1,1,0,0
tx_legit_001702,0,1074.79,6.9808,347,1,0,1,4,0,0
tx_legit_000709,0,297.49,5.6987,768,1,0,1,1,0,0
tx_legit_001274,0,456.59,6.126,117,1,0,2,19,0,0
tx_legit_001536,0,256.26,5.5501,592,1,0,3,1,0,0
tx_legit_010280,0,299.31,5.7048,239,2,0,2,13,0,0
tx_legit_003815,0,277.29,5.6287,191,1,0,1,2,0,0
tx_legit_006169,0,252.12,5.5339,529,1,0,2,19,0,0
tx_legit_000283,0,492.52,6.2016,536,1,0,1,1,0,0
tx_legit_004465,0,752.11,6.6242,474,1,0,1,1,0,0
tx_legit_002010,0,166.49,5.1209,217,1,0,1,3,0,0
tx_legit_007168,0,1377.03,7.2284,541,4,0,2,1,0,0
tx_legit_005534,0,560.91,6.3313,785,1,0,1,2,0,0
tx_legit_003160,0,331.49,5.8066,116,2,1,1,9,0,0
tx_legit_012408,0,1397.91,7.2434,455,1,0,1,2,0,0
tx_legit_003490,0,241.13,5.4895,688,3,0,1,19,0,0
tx_legit_009705,0,934.22,6.8408,783,2,0,1,2,0,0
tx_legit_007625,0,358.37,5.8844,142,1,0,1,3,0,0
tx_legit_002567,0,261.19,5.5691,98,1,0,1,16,0,0
tx_legit_011661,0,269.75,5.6012,967,1,0,3,2,0,0
tx_legit_005159,0,221.65,5.4056,356,2,1,2,18,0,0
tx_fraud_000735,1,839.69,6.7342,73,1,0,27,20,0,0
tx_legit_002920,0,3941.97,8.2797,863,1,0,1,1,0,0
tx_legit_012337,0,304.17,5.7209,103,1,0,1,1,0,0
tx_legit_009683,0,99.06,4.6058,995,1,0,1,2,0,0
tx_legit_007394,0,378.2,5.9381,276,1,0,1,16,0,0
tx_legit_001880,0,794.0,6.6783,969,1,0,1,16,0,0
tx_legit_002477,0,531.85,6.2782,851,1,0,1,2,0,0
tx_legit_011551,0,492.42,6.2014,589,1,1,1,12,0,0
tx_legit_013655,0,271.26,5.6068,265,1,0,1,1,0,0
tx_legit_013419,0,647.14,6.4741,308,1,0,1,1,0,0
tx_legit_000926,0,1727.17,7.4548,209,1,0,1,3,0,0
tx_legit_001402,0,1752.11,7.4691,108,2,1,1,18,0,0
tx_legit_011174,0,887.1,6.7891,842,1,0,1,1,0,0
tx_legit_001980,0,244.2,5.5021,620,1,0,1,2,0,0
tx_legit_002503,0,164.41,5.1084,684,1,0,1,8,0,0
tx_fraud_001048,1,6180.03,8.7292,136,2,1,14,11,0,0
tx_legit_006537,0,600.56,6.3995,386,1,0,1,17,0,0
tx_legit_002445,0,268.76,5.5975,103,1,0,2,10,0,0
tx_legit_003190,0,1368.98,7.2226,831,4,0,3,1,0,0
tx_legit_008540,0,354.55,5.8737,29,1,0,1,3,0,0
tx_legit_012066,0,143.11,4.9706,765,1,0,1,1,0,0
tx_legit_013470,0,1020.02,6.9286,913,1,0,1,1,0,0
tx_legit_009127,0,899.95,6.8034,397,1,0,1,2,0,0
tx_legit_010665,0,314.85,5.7553,561,1,0,1,3,0,0
tx_legit_012320,0,119.79,4.7941,24,2,0,1,1,0,0
tx_legit_003740,0,443.18,6.0962,230,1,0,1,1,0,0
tx_legit_013497,0,2697.6,7.9005,882,1,0,2,9,0,0
tx_legit_011140,0,1386.56,7.2353,942,1,0,1,1,0,0
tx_legit_005370,0,934.36,6.8409,842,1,0,4,1,0,0
tx_legit_008597,0,706.14,6.5612,345,1,2,2,11,0,0
tx_fraud_001072,1,5611.01,8.6327,547,2,0,11,10,0,0
tx_legit_009648,0,619.06,6.4298,653,2,0,1,1,0,0
tx_legit_010786,0,264.97,5.5834,980,3,1,1,3,0,0
tx_legit_012342,0,2649.14,7.8824,408,2,1,2,20,0,0
tx_legit_003099,0,298.56,5.7023,203,1,2,3,2,0,0
tx_legit_001216,0,209.27,5.3484,663,1,0,1,1,0,0
tx_fraud_001193,1,5548.07,8.6214,467,2,0,22,18,0,0
tx_legit_009863,0,521.22,6.2581,840,1,0,1,1,0,0
tx_legit_006535,0,1162.92,7.0595,953,1,0,6,2,0,0
tx_legit_006150,0,532.76,6.2799,331,1,0,1,22,0,0
tx_legit_009773,0,397.4,5.9875,795,1,0,1,3,0,0
tx_fraud_001172,1,2787.18,7.9331,487,2,0,12,18,0,0
tx_legit_013695,0,182.69,5.2132,423,1,0,1,3,0,0
tx_legit_012850,0,857.31,6.755,225,1,0,1,2,0,0
tx_legit_000179,0,685.43,6.5315,120,1,0,1,3,0,0
tx_legit_010309,0,177.26,5.1832,40,1,0,1,4,0,0
tx_legit_002671,0,430.6,6.0675,432,2,0,1,3,0,0
tx_legit_002137,0,682.81,6.5277,266,1,0,4,1,0,0
tx_legit_000751,0,363.04,5.8973,901,1,0,2,1,0,0
tx_legit_006385,0,178.18,5.1884,110,1,0,1,1,0,0
tx_legit_006765,0,249.35,5.5229,482,1,0,3,1,0,0
tx_legit_004210,0,1011.09,6.9198,258,3,0,1,1,0,0
tx_legit_006415,0,791.13,6.6747,587,1,0,1,3,0,0
tx_legit_008518,0,180.7,5.2024,400,1,0,1,3,0,0
tx_legit_012454,0,358.91,5.8859,942,1,0,1,1,0,0
tx_legit_002624,0,357.44,5.8818,842,1,0,1,1,0,0
tx_legit_004652,0,458.99,6.1312,877,2,1,1,1,0,0
tx_legit_008902,0,1443.63,7.2756,370,2,1,1,1,0,0
tx_legit_008841,0,797.23,6.6824,290,1,0,1,2,0,0
tx_legit_005655,0,403.21,6.0019,129,1,0,1,4,0,0
tx_legit_011226,0,510.49,6.2373,346,1,0,1,15,0,0
tx_legit_008648,0,830.08,6.7227,225,1,0,6,2,0,0
tx_legit_002635,0,497.98,6.2126,431,3,0,1,1,0,0
tx_fraud_000536,1,28421.02,10.2549,1,14,10,13,25,1,1
tx_legit_005158,0,478.46,6.1727,361,1,0,1,1,0,0
tx_legit_011061,0,401.59,5.9979,35,1,0,1,2,0,0
tx_fraud_001075,1,5060.01,8.5293,471,2,0,10,14,0,0
tx_legit_000532,0,582.61,6.3692,245,1,0,1,1,0,0
tx_legit_007100,0,443.02,6.0959,677,2,0,1,2,0,0
tx_legit_006250,0,290.51,5.6751,192,1,0,2,1,0,0
tx_legit_005507,0,968.87,6.8772,391,1,0,1,2,0,0
tx_legit_011377,0,452.12,6.1162,307,1,0,1,1,0,0
tx_legit_008545,0,231.36,5.4483,245,1,0,1,1,0,0
tx_legit_012988,0,502.92,6.2224,958,1,0,1,13,0,0
tx_legit_006146,0,384.88,5.9555,745,1,0,2,18,0,0
tx_fraud_000640,1,55502.52,10.9242,2,26,7,18,19,1,1
tx_legit_012143,0,572.39,6.3516,246,1,0,1,4,0,0
tx_legit_012041,0,840.9,6.7357,228,1,0,2,10,0,0
tx_legit_005699,0,203.73,5.3217,106,1,0,1,1,0,0
tx_legit_007940,0,517.09,6.2501,102,1,0,2,11,0,0
tx_legit_009471,0,336.57,5.8218,220,1,0,1,1,0,0
tx_legit_008925,0,1354.41,7.2119,175,1,0,1,2,0,0
tx_legit_002311,0,631.93,6.4504,291,1,0,1,18,0,0
tx_legit_000928,0,653.04,6.4832,646,1,0,1,1,0,0
tx_legit_012657,0,253.33,5.5386,205,1,0,1,2,0,0
tx_legit_007539,0,345.72,5.8485,259,1,0,2,9,0,0
tx_legit_001532,0,630.88,6.4487,757,3,0,1,4,0,0
tx_legit_001572,0,2170.82,7.6833,662,1,1,2,9,0,0
tx_legit_007367,0,458.09,6.1292,249,2,0,1,2,0,0
tx_legit_000042,0,455.74,6.1241,185,2,0,1,2,0,0
tx_legit_011968,0,552.27,6.3158,535,3,0,1,4,0,0
tx_fraud_000398,1,21771.91,9.9884,5,4,2,2,6,1,0
tx_legit_010988,0,380.3,5.9436,593,1,0,1,2,0,0
tx_fraud_000686,1,2304.36,7.743,137,1,0,14,14,0,0
tx_legit_005088,0,748.6,6.6195,959,4,0,1,2,0,0
tx_legit_000553,0,198.13,5.294,657,3,0,1,2,0,0
tx_legit_006593,0,2062.32,7.6321,263,2,0,1,18,0,0
tx_legit_006813,0,614.47,6.4224,732,2,0,1,3,0,0
tx_legit_010727,0,275.79,5.6233,341,1,0,1,2,0,0
tx_legit_006423,0,735.6,6.602,584,2,0,1,22,0,0
tx_legit_008869,0,421.57,6.0464,169,2,0,3,1,0,0
tx_legit_011547,0,371.31,5.9197,88,1,0,1,1,0,0
tx_legit_012355,0,483.87,6.1839,321,1,0,1,2,0,0
tx_legit_010758,0,651.4,6.4807,361,1,0,1,2,0,0
tx_legit_003325,0,641.85,6.4659,843,1,0,1,1,0,0
tx_legit_009726,0,416.35,6.0339,303,2,0,1,19,0,0
tx_legit_007297,0,1401.93,7.2463,216,3,0,1,3,0,0
tx_legit_013171,0,335.47,5.8185,632,1,0,1,3,0,0
tx_legit_000760,0,714.64,6.5732,759,1,0,1,1,0,0
tx_legit_012254,0,1285.23,7.1595,235,1,0,1,2,0,0
tx_legit_005116,0,354.71,5.8741,955,1,0,1,1,0,0
tx_legit_012580,0,357.59,5.8822,738,1,0,1,2,0,0
tx_legit_012424,0,1100.69,7.0046,378,1,0,1,1,0,0
tx_legit_002117,0,210.57,5.3546,852,2,0,1,1,0,0
tx_legit_009938,0,728.7,6.5926,420,1,1,2,12,0,0
tx_legit_001313,0,1075.59,6.9816,378,1,0,1,1,0,0
tx_legit_013293,0,929.64,6.8359,719,2,0,1,1,0,0
tx_legit_002995,0,925.56,6.8315,549,1,0,1,2,0,0
tx_fraud_000365,1,16340.83,9.7015,3,9,2,5,2,1,1
tx_legit_012445,0,209.47,5.3493,760,1,0,1,1,0,0
tx_legit_006359,0,498.24,6.2131,578,2,0,4,2,0,0
tx_legit_011879,0,422.26,6.048,524,1,0,1,13,0,0
tx_legit_004331,0,504.73,6.226,42,1,0,1,2,0,0
tx_legit_000840,0,219.26,5.3948,225,2,0,5,3,0,0
tx_fraud_000558,1,45759.36,10.7312,3,21,6,14,25,1,1
tx_legit_009452,0,679.28,6.5225,764,2,0,1,3,0,0
tx_legit_008233,0,684.24,6.5298,933,2,0,1,1,0,0
tx_legit_012604,0,949.87,6.8574,425,2,0,3,2,0,0
tx_legit_009860,0,467.95,6.1505,286,1,0,1,1,0,0
tx_legit_004953,0,838.11,6.7323,825,1,1,1,1,0,0
tx_legit_013198,0,418.5,6.0391,925,1,1,1,1,0,0
tx_legit_008661,0,351.72,5.8657,215,1,0,1,3,0,0
tx_legit_003854,0,1190.46,7.0829,436,2,0,2,1,0,0
tx_fraud_000130,1,16653.75,9.7205,13,12,3,11,3,0,1
tx_legit_002120,0,1954.47,7.5784,917,1,0,5,3,0,0
tx_legit_008320,0,394.24,5.9795,586,1,0,2,21,0,0
tx_legit_008249,0,598.34,6.3958,137,1,0,1,3,0,0
tx_legit_006703,0,827.94,6.7201,411,2,0,1,1,0,0
tx_legit_000799,0,455.65,6.1239,184,1,1,1,1,0,0
tx_legit_002768,0,179.77,5.1972,235,1,0,1,1,0,0
tx_fraud_000561,1,48355.54,10.7864,6,30,10,15,19,1,1
tx_legit_006244,0,1606.02,7.3821,727,1,0,1,20,0,0
tx_legit_001239,0,1691.32,7.4339,203,1,0,1,1,0,0
tx_legit_000704,0,365.35,5.9036,852,1,0,4,3,0,0
tx_legit_009408,0,621.56,6.4338,553,1,1,1,1,0,0
tx_legit_011605,0,547.93,6.308,538,3,1,1,1,0,0
tx_legit_005827,0,497.09,6.2108,197,1,0,1,1,0,0
tx_legit_003934,0,683.8,6.5291,926,1,0,1,1,0,0
tx_legit_009692,0,359.86,5.8885,226,2,0,1,2,0,0
tx_legit_002417,0,874.96,6.7753,354,1,0,1,20,0,0
tx_legit_011761,0,691.42,6.5402,766,1,0,2,1,0,0
tx_legit_001033,0,316.35,5.76,38,1,0,1,2,0,0
tx_legit_002065,0,702.06,6.5554,418,1,0,1,19,0,0
tx_legit_009208,0,386.76,5.9604,426,1,0,2,20,0,0
tx_legit_003689,0,1055.43,6.9627,295,1,1,1,1,0,0
tx_legit_013486,0,664.23,6.5001,258,1,0,1,2,0,0
tx_legit_002452,0,2006.3,7.6045,819,1,0,1,1,0,0
tx_legit_000356,0,292.97,5.6835,478,1,2,1,2,0,0
tx_legit_007950,0,204.51,5.3255,530,1,0,2,1,0,0
tx_legit_008395,0,1757.46,7.4722,886,1,0,5,1,0,0
tx_legit_006514,0,446.86,6.1045,909,1,0,1,1,0,0
tx_legit_009204,0,630.06,6.4474,124,1,0,1,1,0,0
tx_legit_001548,0,100.28,4.6179,418,1,0,1,1,0,0
tx_legit_000305,0,1428.16,7.2648,784,1,0,4,3,0,0
tx_legit_001947,0,162.01,5.0938,235,2,0,6,2,0,0
tx_legit_004907,0,745.64,6.6156,959,1,0,1,1,0,0
tx_legit_004185,0,185.9,5.2306,294,4,0,1,1,0,0
tx_legit_009949,0,524.11,6.2636,433,1,0,1,20,0,0
tx_legit_001598,0,268.08,5.595,937,1,0,1,18,0,0
tx_legit_011711,0,964.38,6.8725,599,2,0,2,2,0,0
tx_legit_007060,0,354.54,5.8736,343,2,0,1,3,0,0
tx_legit_011726,0,806.36,6.6938,450,3,0,2,2,0,0
tx_legit_004971,0,1417.36,7.2573,406,2,0,1,9,0,0
tx_legit_010950,0,1253.6,7.1346,15,1,1,2,22,0,0
tx_legit_013096,0,469.24,6.1532,194,1,2,1,1,0,0
tx_legit_001144,0,365.46,5.9039,567,2,0,1,1,0,0
tx_legit_010541,0,999.64,6.9084,846,1,0,1,2,0,0
tx_legit_010238,0,505.67,6.2279,785,1,0,1,2,0,0
tx_legit_010592,0,240.76,5.4879,396,1,0,1,1,0,0
tx_legit_008403,0,470.55,6.156,702,1,0,1,1,0,0
tx_legit_011881,0,425.21,6.0549,847,1,1,1,1,0,0
tx_legit_000131,0,715.56,6.5745,619,1,1,1,1,0,0
tx_legit_002489,0,243.11,5.4976,874,1,0,1,22,0,0
tx_legit_005172,0,525.61,6.2665,825,1,0,1,15,0,0
tx_legit_006737,0,239.55,5.4829,623,1,0,1,20,0,0
tx_legit_013586,0,694.58,6.5447,823,1,0,2,1,0,0
tx_legit_003793,0,207.59,5.3404,105,1,0,5,3,0,0
tx_legit_005375,0,602.37,6.4025,306,1,0,1,1,0,0
tx_legit_004659,0,890.07,6.7924,774,1,0,6,3,0,0
tx_legit_009118,0,429.76,6.0656,584,1,0,1,2,0,0
tx_legit_009280,0,181.8,5.2084,843,1,0,1,2,0,0
tx_legit_003764,0,405.86,6.0085,487,1,2,4,2,0,0
tx_legit_003842,0,248.95,5.5213,404,1,0,1,1,0,0
tx_legit_000154,0,295.96,5.6936,952,1,0,1,1,0,0
tx_legit_008819,0,496.33,6.2093,843,1,0,1,4,0,0
tx_legit_012966,0,296.1,5.6941,136,1,0,1,1,0,0
tx_legit_008444,0,603.79,6.4049,700,1,1,2,16,0,0
tx_legit_000796,0,219.82,5.3973,864,3,0,1,2,0,0
tx_legit_001949,0,363.92,5.8997,392,2,0,1,1,0,0
tx_legit_004103,0,212.97,5.3658,684,1,0,2,4,0,0
tx_fraud_000926,1,1434.22,7.2691,226,1,0,1,19,0,0
tx_legit_003295,0,248.24,5.5184,115,2,0,1,1,0,0
tx_legit_003013,0,702.3,6.5558,202,1,0,2,4,0,0
tx_legit_006859,0,425.93,6.0566,652,2,0,2,16,0,0
tx_legit_008664,0,833.33,6.7266,956,1,0,1,1,0,0
tx_legit_005742,0,767.31,6.6442,782,1,0,1,18,0,0
tx_legit_003631,0,771.27,6.6493,156,1,0,1,18,0,0
tx_legit_005101,0,656.65,6.4887,510,1,0,1,3,0,0
tx_legit_008528,0,182.77,5.2137,576,2,1,1,1,0,0
tx_legit_008911,0,287.46,5.6646,796,2,0,1,1,0,0
tx_legit_004515,0,360.89,5.8913,117,1,0,1,2,0,0
tx_legit_003883,0,817.75,6.7078,229,1,0,2,12,0,0
tx_legit_004097,0,1437.74,7.2715,778,1,0,1,1,0,0
tx_legit_007363,0,984.25,6.8929,95,1,0,1,18,0,0
tx_legit_001312,0,167.3,5.1257,23,2,0,1,14,0,0
tx_legit_001903,0,577.53,6.3605,993,1,1,1,4,0,0
tx_legit_004795,0,868.81,6.7683,379,2,0,1,15,0,0
tx_legit_003904,0,1029.47,6.9378,183,1,0,1,1,0,0
tx_legit_012825,0,708.46,6.5645,701,2,0,1,5,0,0
tx_legit_006597,0,867.09,6.7663,412,1,0,1,2,0,0
tx_legit_004121,0,445.19,6.1007,164,1,0,2,15,0,0
tx_legit_005539,0,1023.92,6.9324,221,2,0,1,1,0,0
tx_legit_007530,0,708.25,6.5642,315,1,0,1,1,0,0
tx_legit_004216,0,590.56,6.3828,532,1,0,1,3,0,0
tx_legit_001617,0,933.93,6.8405,312,1,0,1,1,0,0
tx_legit_002718,0,311.11,5.7434,208,1,1,2,21,0,0
tx_legit_012807,0,966.61,6.8748,835,1,0,1,1,0,0
tx_legit_013768,0,456.16,6.125,500,1,0,1,1,0,0
tx_legit_012794,0,348.14,5.8555,103,1,0,1,1,0,0
tx_legit_002017,0,180.78,5.2028,463,1,0,1,1,0,0
tx_legit_003171,0,282.82,5.6483,179,1,0,1,1,0,0
tx_fraud_000891,1,2738.77,7.9156,419,1,0,1,25,0,0
tx_legit_000060,0,684.52,6.5302,759,1,0,1,1,0,0
tx_legit_012219,0,813.16,6.7022,222,1,0,4,2,0,0
tx_legit_007674,0,253.52,5.5394,221,1,0,2,1,0,0
tx_legit_003890,0,755.65,6.6289,936,1,0,2,1,0,0
tx_legit_012375,0,302.17,5.7143,271,1,0,1,1,0,0
tx_legit_007003,0,192.69,5.2663,636,1,0,1,1,0,0
tx_fraud_001000,1,6279.94,8.7453,102,2,1,6,7,0,0
tx_legit_002273,0,688.65,6.5362,839,2,0,1,2,0,0
tx_legit_009702,0,339.83,5.8314,615,1,0,1,1,0,0
tx_legit_002247,0,353.17,5.8698,648,1,0,1,1,0,0
tx_legit_003828,0,1082.88,6.9883,82,1,0,1,1,0,0
tx_legit_004148,0,701.83,6.5551,970,1,0,1,2,0,0
tx_legit_005115,0,607.22,6.4105,488,1,0,1,2,0,0
tx_legit_003998,0,431.66,6.07,288,2,0,2,1,0,0
tx_legit_010369,0,776.47,6.656,390,1,0,1,1,0,0
tx_legit_000880,0,368.6,5.9124,686,1,0,1,2,0,0
tx_legit_003827,0,568.0,6.3439,291,2,0,1,2,0,0
tx_legit_007335,0,628.32,6.4446,814,1,0,1,1,0,0
tx_legit_010146,0,1062.36,6.9692,362,1,1,1,3,0,0
tx_legit_011143,0,745.69,6.6157,146,2,0,1,2,0,0
tx_legit_008776,0,162.39,5.0961,146,3,0,1,2,0,0
tx_legit_011660,0,1598.3,7.3773,174,2,0,1,3,0,0
tx_legit_008470,0,270.03,5.6022,991,1,0,1,1,0,0
tx_legit_012898,0,217.61,5.3873,277,1,0,6,3,0,0
tx_legit_008966,0,909.18,6.8136,586,1,0,1,18,0,0
tx_legit_003591,0,263.71,5.5786,626,1,0,2,2,0,0
tx_legit_013786,0,508.91,6.2342,969,1,0,1,3,0,0
tx_legit_008610,0,258.19,5.5576,590,1,0,1,3,0,0
tx_legit_009555,0,687.91,6.5351,403,1,0,5,3,0,0
tx_legit_007738,0,278.84,5.6342,614,2,0,3,3,0,0
tx_legit_009980,0,1322.42,7.188,605,4,1,1,21,0,0
tx_legit_011152,0,356.42,5.8789,950,3,0,1,19,0,0
tx_legit_007195,0,528.54,6.272,908,1,0,1,1,0,0
tx_legit_003995,0,759.71,6.6343,860,1,0,1,1,0,0
tx_legit_013404,0,777.41,6.6573,375,1,0,1,2,0,0
tx_legit_010440,0,633.3,6.4525,430,3,0,1,3,0,0
tx_legit_009398,0,1040.78,6.9487,986,1,0,2,13,0,0
tx_legit_003666,0,735.16,6.6014,785,1,1,1,1,0,0
tx_legit_009107,0,1215.8,7.104,153,1,0,1,1,0,0
tx_legit_013251,0,441.6,6.0927,478,1,0,1,1,0,0
tx_legit_013754,0,188.92,5.2466,172,1,0,1,1,0,0
tx_legit_013485,0,389.6,5.9677,470,1,0,1,1,0,0
tx_fraud_000995,1,7010.6,8.8553,161,2,1,10,7,0,0
tx_legit_008988,0,3180.32,8.0651,812,1,0,1,1,0,0
tx_legit_009755,0,868.8,6.7683,891,1,0,1,1,0,0
tx_legit_002711,0,1836.38,7.5161,874,1,0,1,3,0,0
tx_legit_006682,0,438.72,6.0861,208,1,0,1,2,0,0
tx_legit_000404,0,796.05,6.6809,953,1,0,1,1,0,0
tx_legit_006226,0,273.58,5.6152,572,1,0,2,15,0,0
tx_legit_006534,0,236.98,5.4722,892,1,0,1,2,0,0
tx_legit_006410,0,955.44,6.8632,423,1,0,1,1,0,0
tx_legit_003023,0,262.16,5.5728,831,1,0,1,1,0,0
tx_fraud_000366,1,11621.1,9.3607,4,8,2,3,4,1,1
tx_legit_006182,0,575.78,6.3575,486,1,0,1,17,0,0
tx_legit_008303,0,350.28,5.8616,194,1,0,3,2,0,0
tx_legit_012646,0,175.36,5.1725,251,1,0,1,1,0,0
tx_legit_013079,0,993.45,6.9022,286,1,0,1,4,0,0
tx_legit_003442,0,1580.77,7.3663,835,1,0,3,3,0,0
tx_legit_011862,0,795.15,6.6798,331,2,0,3,1,0,0
tx_legit_009996,0,164.33,5.1079,50,1,0,2,3,0,0
tx_legit_010672,0,288.68,5.6688,148,2,2,1,1,0,0
tx_legit_007675,0,633.28,6.4525,892,1,0,1,1,0,0
tx_legit_001846,0,214.34,5.3722,740,2,0,1,1,0,0
tx_legit_003941,0,463.12,6.1401,772,2,0,1,2,0,0
tx_legit_008189,0,394.29,5.9796,401,1,0,1,1,0,0
tx_legit_008899,0,820.66,6.7113,282,1,0,1,2,0,0
tx_legit_009783,0,164.19,5.1071,294,1,1,1,2,0,0
tx_legit_012416,0,608.64,6.4129,844,1,0,1,12,0,0
tx_legit_001895,0,761.2,6.6362,565,1,0,1,1,0,0
tx_legit_009023,0,1408.48,7.251,660,1,1,1,1,0,0
tx_legit_007907,0,420.77,6.0445,52,1,0,2,1,0,0
tx_fraud_000468,1,86901.09,11.3725,8,11,4,1,1,0,1
tx_legit_013705,0,610.94,6.4166,614,3,0,1,2,0,0
tx_legit_002872,0,186.52,5.2339,334,1,0,6,1,0,0
tx_legit_010666,0,429.5,6.0649,288,1,0,1,1,0,0
tx_legit_001400,0,786.11,6.6684,154,1,0,1,1,0,0
tx_legit_012594,0,193.19,5.2688,882,1,0,1,1,0,0
tx_legit_001742,0,404.25,6.0045,756,1,0,1,1,0,0
tx_fraud_000065,1,14253.62,9.5648,7,9,2,10,4,1,1
tx_legit_010697,0,191.28,5.259,277,1,0,2,2,0,0
tx_legit_004710,0,640.76,6.4642,493,1,0,6,1,0,0
tx_legit_009053,0,507.41,6.2313,603,1,0,2,10,0,0
tx_legit_000803,0,2023.4,7.613,743,1,0,2,1,0,0
tx_legit_006907,0,150.91,5.0233,886,1,0,1,2,0,0
tx_legit_003752,0,1466.53,7.2913,779,1,0,2,1,0,0
tx_legit_004602,0,241.87,5.4925,334,1,0,1,1,0,0
tx_legit_001972,0,596.11,6.3921,902,2,0,2,14,0,0
tx_legit_008710,0,1291.0,7.1639,856,1,0,2,1,0,0
tx_legit_003025,0,540.46,6.2943,949,1,0,1,1,0,0
tx_legit_000235,0,192.97,5.2677,863,2,0,1,1,0,0
tx_legit_006698,0,670.66,6.5098,475,1,0,1,8,0,0
tx_legit_008671,0,403.83,6.0035,516,1,0,1,9,0,0
tx_legit_013491,0,576.18,6.3582,313,2,0,1,2,0,0
tx_legit_003531,0,509.75,6.2359,168,1,1,3,2,0,0
tx_legit_008306,0,269.97,5.602,726,1,0,6,2,0,0
tx_legit_008252,0,710.51,6.5674,201,2,0,1,1,0,0
tx_legit_003677,0,603.88,6.405,474,1,0,3,3,0,0
tx_legit_000641,0,983.89,6.8925,422,1,0,1,1,0,0
tx_legit_002323,0,854.57,6.7518,287,1,0,1,3,0,0
tx_legit_002261,0,85.2,4.4567,79,1,0,1,1,0,0
tx_legit_004026,0,213.99,5.3706,849,1,0,1,1,0,0
tx_legit_005779,0,754.52,6.6274,872,2,0,2,12,0,0
tx_legit_009564,0,1543.09,7.3422,942,1,0,4,1,0,0
tx_legit_007409,0,450.94,6.1135,653,1,0,1,1,0,0
tx_legit_000907,0,450.9,6.1135,614,1,0,1,2,0,0
tx_legit_010129,0,322.57,5.7794,193,1,0,1,1,0,0
tx_legit_001183,0,457.12,6.1271,726,1,0,4,3,0,0
tx_legit_007917,0,314.5,5.7542,333,1,0,1,1,0,0
tx_legit_001764,0,843.64,6.7389,96,1,0,2,10,0,0
tx_legit_009557,0,492.5,6.2015,838,1,0,4,1,0,0
tx_legit_006693,0,1219.61,7.1071,17,1,0,2,13,0,0
tx_legit_010868,0,420.26,6.0433,965,2,0,1,3,0,0
tx_legit_003991,0,1598.06,7.3772,272,2,0,3,2,0,0
tx_legit_007947,0,204.43,5.3251,492,1,0,1,1,0,0
tx_legit_001988,0,217.59,5.3872,641,1,0,1,18,0,0
tx_legit_006338,0,1275.93,7.1522,292,1,0,2,14,0,0
tx_legit_000563,0,695.4,6.5459,84,1,0,3,2,0,0
tx_legit_008756,0,225.93,5.4246,874,3,1,1,2,0,0
tx_legit_001662,0,926.31,6.8323,217,1,0,1,1,0,0
tx_legit_013617,0,903.76,6.8077,352,1,2,1,11,0,0
tx_legit_006342,0,292.71,5.6826,84,1,0,4,1,0,0
tx_legit_003185,0,284.29,5.6535,958,1,1,1,12,0,0
tx_legit_008022,0,348.16,5.8555,273,1,0,1,1,0,0
tx_fraud_000874,1,2092.98,7.6468,405,1,0,1,18,0,0
tx_legit_006596,0,418.97,6.0402,410,2,0,1,1,0,0
tx_legit_002283,0,419.28,6.0409,166,1,0,1,1,0,0
tx_legit_011753,0,837.11,6.7311,474,1,0,1,3,0,0
tx_legit_008587,0,228.03,5.4339,365,1,0,1,3,0,0
tx_legit_007802,0,315.03,5.7558,800,1,0,1,1,0,0
tx_legit_000251,0,202.81,5.3172,593,2,0,1,1,0,0
tx_legit_000079,0,398.42,5.99,310,1,0,1,2,0,0
tx_legit_011219,0,881.68,6.783,661,1,1,1,4,0,0
tx_fraud_000230,1,12400.02,9.4255,25,10,3,2,30,0,1
tx_legit_003080,0,945.22,6.8525,418,2,0,1,2,0,0
tx_legit_011262,0,250.2,5.5262,451,1,0,1,2,0,0
tx_legit_004755,0,462.28,6.1383,322,1,2,1,1,0,0
tx_legit_012883,0,759.5,6.634,61,1,0,1,3,0,0
tx_legit_005842,0,477.4,6.1704,272,1,0,1,1,0,0
tx_legit_000159,0,501.83,6.2203,206,1,0,1,2,0,0
tx_legit_007113,0,329.1,5.7994,823,1,1,1,1,0,0
tx_legit_000835,0,800.63,6.6866,563,1,0,1,1,0,0
tx_legit_010351,0,262.2,5.5729,15,2,0,1,3,0,0
tx_legit_002482,0,699.76,6.5522,100,2,1,1,1,0,0
tx_fraud_001093,1,7426.03,8.9129,821,2,0,15,12,0,0
tx_legit_006183,0,819.67,6.7101,100,3,1,2,1,0,0
tx_legit_009737,0,1521.32,7.328,974,1,0,1,1,0,0
tx_legit_006318,0,347.64,5.854,45,2,0,2,8,0,0
tx_legit_001420,0,380.32,5.9436,904,1,0,1,17,0,0
tx_legit_011347,0,401.16,5.9969,391,1,0,1,1,0,0
tx_legit_011111,0,663.18,6.4986,132,1,0,1,1,0,0
tx_legit_002873,0,162.07,5.0942,360,2,1,5,1,0,0
tx_legit_009904,0,429.97,6.066,861,1,0,1,1,0,0
tx_legit_007919,0,797.24,6.6824,326,1,0,1,1,0,0
tx_legit_008052,0,429.59,6.0652,478,1,0,1,2,0,0
tx_legit_001658,0,535.17,6.2845,388,1,0,1,2,0,0
tx_legit_011450,0,308.59,5.7352,723,1,0,6,1,0,0
tx_legit_003565,0,224.23,5.4171,251,2,0,1,18,0,0
tx_legit_010255,0,306.78,5.7294,802,1,0,1,2,0,0
tx_legit_008739,0,472.94,6.1611,569,1,0,1,1,0,0
tx_legit_005600,0,269.56,5.6005,983,1,0,4,1,0,0
tx_legit_005760,0,972.89,6.8813,271,2,0,1,1,0,0
tx_legit_010902,0,1179.09,7.0733,851,3,0,6,2,0,0
tx_legit_000580,0,136.92,4.9267,236,1,0,2,14,0,0
tx_legit_012555,0,811.24,6.6998,546,1,1,1,14,0,0
tx_legit_007169,0,476.5,6.1686,702,3,0,1,1,0,0
tx_legit_009045,0,435.37,6.0785,947,1,0,1,18,0,0
tx_legit_003387,0,1146.54,7.0454,209,3,0,2,3,0,0
tx_legit_004799,0,397.75,5.9883,55,3,0,1,14,0,0
tx_legit_012025,0,337.66,5.825,583,1,0,1,1,0,0
tx_legit_011006,0,735.69,6.6022,693,1,0,4,2,0,0
tx_legit_010796,0,940.99,6.848,194,2,0,1,1,0,0
tx_legit_004444,0,465.36,6.145,441,1,0,4,3,0,0
tx_legit_009489,0,351.0,5.8636,335,1,0,1,18,0,0
tx_legit_003884,0,360.04,5.889,100,1,0,4,2,0,0
tx_legit_005772,0,166.18,5.1191,141,1,0,3,1,0,0
tx_legit_007181,0,726.71,6.5899,822,1,0,1,2,0,0
tx_legit_007108,0,861.84,6.7602,727,1,1,1,2,0,0
tx_legit_005039,0,201.53,5.3109,673,3,0,1,1,0,0
tx_legit_001045,0,189.09,5.2475,525,2,1,2,8,0,0
tx_fraud_000701,1,1238.36,7.1224,123,1,0,17,18,0,0
tx_legit_010975,0,175.41,5.1728,204,1,0,1,1,0,0
tx_legit_011586,0,295.36,5.6916,775,1,0,2,20,0,0
tx_legit_000881,0,839.44,6.7339,500,1,0,1,1,0,0
tx_legit_006889,0,3301.75,8.1025,952,1,0,1,1,0,0
tx_legit_011676,0,133.16,4.899,766,3,0,6,1,0,0
tx_legit_005588,0,494.08,6.2047,628,1,0,1,3,0,0
tx_fraud_001089,1,5762.33,8.6593,592,2,0,19,18,0,0
tx_legit_003738,0,189.61,5.2502,298,1,1,1,1,0,0
tx_fraud_000659,1,18549.08,9.8282,0,27,4,22,26,1,1
tx_legit_005618,0,1010.84,6.9195,704,1,0,1,1,0,0
tx_legit_012788,0,288.19,5.6671,840,1,0,1,2,0,0
tx_legit_009615,0,64.43,4.181,195,1,0,6,1,0,0
tx_legit_008787,0,137.21,4.9288,546,1,0,1,2,0,0
tx_legit_005535,0,1752.23,7.4692,627,1,0,1,1,0,0
tx_legit_009682,0,960.35,6.8683,568,2,0,2,21,0,0
tx_legit_006518,0,239.13,5.4812,455,1,0,1,4,0,0
tx_fraud_000721,1,1455.19,7.2836,290,1,0,18,9,0,0
tx_legit_005494,0,223.74,5.4149,534,1,0,1,11,0,0
tx_legit_006343,0,230.34,5.4439,781,1,0,2,22,0,0
tx_legit_005312,0,277.28,5.6286,314,1,0,1,3,0,0
tx_legit_005377,0,183.2,5.216,290,1,0,1,1,0,0
tx_legit_010478,0,1676.86,7.4253,998,1,0,2,11,0,0
tx_legit_007972,0,69.76,4.2593,296,1,0,2,21,0,0
tx_legit_000210,0,329.05,5.7992,406,1,0,5,2,0,0
tx_legit_011410,0,374.09,5.9272,758,2,0,1,2,0,0
tx_legit_012441,0,321.97,5.7776,273,3,0,5,2,0,0
tx_legit_008335,0,191.59,5.2606,321,1,0,1,17,0,0
tx_legit_010055,0,490.58,6.1976,185,1,0,1,1,0,0
tx_legit_004271,0,753.24,6.6257,112,1,0,1,1,0,0
tx_legit_009780,0,478.79,6.1733,126,1,0,1,3,0,0
tx_legit_013106,0,549.45,6.3107,84,1,0,2,20,0,0
tx_legit_013395,0,671.82,6.5115,180,1,1,1,1,0,0
tx_legit_010532,0,475.18,6.1658,87,1,0,2,15,0,0
tx_legit_008525,0,211.13,5.3572,760,1,0,1,1,0,0
tx_legit_010461,0,932.83,6.8393,498,2,0,2,4,0,0
tx_fraud_000585,1,20657.22,9.9359,7,27,8,11,29,1,1
tx_legit_013051,0,377.4,5.936,796,1,0,1,1,0,0
tx_legit_006438,0,574.2,6.3547,260,1,0,1,3,0,0
tx_fraud_000520,1,82775.14,11.3239,7,10,7,1,1,1,1
tx_legit_008843,0,155.57,5.0535,179,1,0,1,3,0,0
tx_legit_002541,0,473.6,6.1625,520,1,1,1,13,0,0
tx_legit_000138,0,619.74,6.4309,591,1,0,1,1,0,0
tx_legit_013242,0,836.12,6.73,887,1,0,1,2,0,0
tx_fraud_000306,1,10372.65,9.247,5,3,0,2,3,1,0
tx_legit_012665,0,702.49,6.5561,95,3,0,1,1,0,0
tx_legit_000056,0,265.31,5.5847,250,1,0,2,9,0,0
tx_legit_011288,0,551.88,6.3151,932,1,0,1,1,0,0
tx_legit_012412,0,878.25,6.7791,160,2,0,1,1,0,0
tx_legit_000790,0,513.8,6.2438,389,3,0,3,3,0,0
tx_legit_004669,0,611.38,6.4174,756,1,0,2,4,0,0
tx_legit_001443,0,391.18,5.9717,657,1,0,2,3,0,0
tx_fraud_000673,1,997.52,6.9063,104,1,0,25,14,0,0
tx_legit_007595,0,1666.92,7.4193,669,2,1,1,2,0,0
tx_fraud_000400,1,64253.86,11.0706,6,13,7,1,1,1,1
tx_fraud_000229,1,8408.78,9.0372,24,8,7,4,33,0,1
tx_legit_001314,0,178.7,5.1913,539,1,0,2,1,0,0
tx_legit_007317,0,91.15,4.5234,506,1,0,1,1,0,0
tx_legit_011969,0,171.6,5.151,289,1,0,1,21,0,0
tx_legit_012427,0,267.53,5.593,428,1,1,1,2,0,0
tx_legit_002013,0,418.56,6.0392,741,1,1,5,1,0,0
tx_legit_002374,0,290.5,5.675,285,1,0,1,12,0,0
tx_legit_004947,0,305.88,5.7265,234,2,1,2,2,0,0
tx_legit_003510,0,708.95,6.5652,49,2,0,1,17,0,0
tx_legit_000055,0,212.41,5.3632,223,1,0,3,1,0,0
tx_legit_010409,0,282.47,5.6471,268,1,0,1,2,0,0
tx_fraud_001195,1,7678.39,8.9463,628,2,0,22,18,0,0
tx_legit_004316,0,297.6,5.6991,784,1,0,1,1,0,0
tx_legit_002893,0,869.42,6.769,745,1,1,1,1,0,0
tx_legit_002415,0,138.58,4.9386,371,1,0,2,1,0,0
tx_legit_002944,0,575.82,6.3575,725,1,0,2,12,0,0
tx_legit_009258,0,598.3,6.3958,908,1,0,1,1,0,0
tx_legit_008959,0,685.78,6.532,111,3,0,2,3,0,0
tx_legit_013140,0,1651.34,7.4099,895,1,0,1,22,0,0
tx_legit_010998,0,497.25,6.2111,189,1,1,4,3,0,0
tx_legit_013160,0,561.71,6.3328,175,2,0,1,1,0,0
tx_legit_000246,0,193.02,5.268,661,1,0,5,2,0,0
tx_fraud_000152,1,5909.26,8.6844,22,10,6,2,34,0,1
tx_legit_003937,0,391.3,5.972,193,1,1,1,1,0,0
tx_legit_005296,0,1025.55,6.934,807,1,0,1,1,0,0
tx_legit_001664,0,1882.73,7.541,129,1,0,1,1,0,0
tx_legit_000453,0,558.75,6.3275,134,1,0,2,15,0,0
tx_fraud_000212,1,9057.02,9.1114,14,9,4,4,28,0,1
tx_legit_012200,0,978.26,6.8868,787,1,1,1,2,0,0
tx_legit_009265,0,258.57,5.559,593,1,0,1,1,0,0
tx_legit_002088,0,608.29,6.4123,595,1,0,1,2,0,0
tx_legit_005681,0,188.24,5.243,987,1,0,1,2,0,0
tx_legit_008802,0,1958.43,7.5804,258,2,0,1,1,0,0
tx_legit_004930,0,953.81,6.8615,818,1,0,1,3,0,0
tx_legit_007607,0,157.37,5.0649,57,1,0,3,1,0,0
tx_legit_003393,0,454.98,6.1224,70,1,0,1,1,0,0
tx_legit_010481,0,471.63,6.1583,913,1,0,1,1,0,0
tx_fraud_000146,1,5477.64,8.6086,27,24,2,3,31,0,1
tx_legit_013461,0,121.0,4.804,278,1,0,2,22,0,0
tx_legit_008502,0,593.18,6.3872,287,1,0,5,2,0,0
tx_legit_005429,0,297.34,5.6982,322,1,0,1,1,0,0
tx_legit_011618,0,693.53,6.5432,140,1,0,1,1,0,0
tx_legit_011215,0,250.52,5.5275,190,1,1,1,1,0,0
tx_legit_009078,0,149.75,5.0156,410,2,0,1,1,0,0
tx_legit_012502,0,712.44,6.5701,238,2,0,3,1,0,0
tx_legit_013781,0,1063.06,6.9698,287,2,0,1,21,0,0
tx_legit_009022,0,391.33,5.9721,177,1,0,1,1,0,0
tx_legit_013519,0,405.85,6.0084,741,2,0,1,1,0,0
tx_fraud_000193,1,12324.92,9.4195,6,18,2,1,33,1,1
tx_legit_012583,0,417.09,6.0357,804,1,0,1,22,0,0
tx_legit_005153,0,359.68,5.888,694,1,0,1,1,0,0
tx_legit_004031,0,95.34,4.5679,295,2,0,1,19,0,0
tx_legit_006630,0,1193.86,7.0858,107,1,0,3,2,0,0
tx_legit_000950,0,415.47,6.0318,552,2,0,2,9,0,0
tx_legit_007611,0,1140.31,7.0399,38,1,0,1,2,0,0
tx_legit_011914,0,458.2,6.1295,732,3,0,1,1,0,0
tx_legit_002318,0,514.88,6.2459,50,1,0,1,1,0,0
tx_legit_002575,0,228.67,5.4366,720,3,0,1,1,0,0
tx_legit_004605,0,381.98,5.948,156,2,0,1,1,0,0
tx_legit_005084,0,264.04,5.5799,568,3,0,3,3,0,0
tx_legit_002289,0,257.25,5.5539,543,1,0,1,3,0,0
tx_legit_010749,0,388.38,5.9646,177,2,0,1,1,0,0
tx_legit_008027,0,1156.76,7.0542,652,1,0,2,3,0,0
tx_legit_006109,0,571.35,6.3498,949,1,0,1,1,0,0
tx_legit_003114,0,952.99,6.8607,989,1,0,1,19,0,0
tx_legit_003641,0,387.49,5.9623,387,1,0,1,1,0,0
tx_legit_008004,0,412.56,6.0248,910,1,0,1,1,0,0
tx_legit_004768,0,190.14,5.253,40,1,0,1,1,0,0
tx_legit_000414,0,2183.64,7.6892,281,1,1,2,2,0,0
tx_legit_009289,0,1008.9,6.9176,76,2,0,2,1,0,0
tx_legit_008748,0,717.56,6.5772,515,1,0,1,1,0,0
tx_legit_003743,0,481.91,6.1798,865,1,0,5,1,0,0
tx_legit_008769,0,200.77,5.3071,474,4,1,1,5,0,0
tx_legit_008968,0,619.2,6.43,986,1,2,1,1,0,0
tx_fraud_001151,1,2648.96,7.8823,828,2,0,18,12,0,0
tx_legit_003617,0,470.92,6.1568,520,1,0,1,1,0,0
tx_legit_000195,0,862.7,6.7612,267,2,0,1,1,0,0
tx_legit_002145,0,607.77,6.4114,279,1,0,1,3,0,0
tx_fraud_000141,1,8601.82,9.0598,3,11,2,2,15,1,1
tx_legit_003729,0,733.95,6.5998,689,2,0,3,1,0,0
tx_legit_003176,0,93.49,4.5485,340,1,0,1,2,0,0
tx_legit_001228,0,549.79,6.3114,564,2,0,1,1,0,0
tx_legit_002455,0,1149.34,7.0478,529,2,0,1,1,0,0
tx_legit_010542,0,171.9,5.1527,265,1,0,1,2,0,0
tx_legit_004076,0,561.62,6.3326,193,1,0,1,2,0,0
tx_legit_001844,0,1410.44,7.2524,853,1,1,2,11,0,0
tx_legit_008650,0,1700.74,7.4394,239,2,0,6,3,0,0
tx_legit_011339,0,665.85,6.5026,440,2,0,2,17,0,0
tx_legit_012520,0,152.39,5.033,616,3,0,2,1,0,0
tx_legit_002449,0,648.25,6.4758,16,1,1,2,3,0,0
tx_fraud_001088,1,4017.62,8.2987,613,2,0,21,15,0,0
tx_legit_007021,0,626.4,6.4416,656,2,0,1,1,0,0
tx_fraud_000475,1,49006.18,10.7997,10,16,5,1,1,0,1
tx_legit_006209,0,811.53,6.7002,949,1,0,2,19,0,0
tx_legit_007284,0,187.06,5.2368,861,1,0,1,3,0,0
tx_legit_005508,0,858.96,6.7569,261,1,0,2,22,0,0
tx_legit_003612,0,410.92,6.0208,485,2,0,1,15,0,0
tx_legit_006092,0,731.84,6.5969,640,2,0,1,1,0,0
tx_legit_008569,0,497.53,6.2117,918,1,0,1,2,0,0
tx_legit_001772,0,221.5,5.4049,154,2,0,1,1,0,0
tx_legit_002871,0,205.54,5.3305,693,1,0,2,1,0,0
tx_legit_006383,0,291.72,5.6792,967,1,0,6,1,0,0
tx_legit_003741,0,594.06,6.3887,190,1,0,3,3,0,0
tx_legit_010643,0,400.92,5.9963,831,3,0,1,1,0,0
tx_legit_000196,0,279.25,5.6357,673,1,0,2,1,0,0
tx_legit_006023,0,696.0,6.5468,882,1,0,2,15,0,0
tx_legit_007615,0,229.0,5.4381,272,1,0,6,2,0,0
tx_fraud_000060,1,5771.99,8.6609,10,5,4,17,4,0,1
tx_legit_013164,0,615.14,6.4235,487,1,0,1,1,0,0
tx_legit_001468,0,1033.05,6.9412,235,2,0,1,9,0,0
tx_legit_012212,0,312.96,5.7493,431,3,0,1,14,0,0
tx_legit_006975,0,279.58,5.6369,230,2,0,1,1,0,0
tx_legit_013308,0,1328.79,7.1928,751,2,0,5,3,0,0
tx_legit_011550,0,487.67,6.1917,657,1,0,1,1,0,0
tx_legit_006840,0,639.03,6.4615,927,1,0,2,13,0,0
tx_legit_013432,0,1143.77,7.043,993,1,0,1,1,0,0
tx_legit_011247,0,1015.77,6.9244,70,1,0,1,1,0,0
tx_legit_001513,0,848.85,6.7451,150,1,0,2,13,0,0
tx_legit_002854,0,825.18,6.7168,55,2,0,2,2,0,0
tx_legit_012093,0,642.04,6.4662,317,1,0,1,8,0,0
tx_legit_001827,0,441.14,6.0916,175,3,0,1,1,0,0
tx_legit_011334,0,65.25,4.1934,488,3,0,1,19,0,0
tx_legit_011043,0,477.78,6.1712,360,3,0,4,2,0,0
tx_legit_012669,0,804.84,6.6919,945,1,0,1,1,0,0
tx_fraud_000254,1,11362.35,9.3381,3,12,3,3,13,1,1
tx_legit_006297,0,382.21,5.9486,759,1,0,1,1,0,0
tx_legit_000038,0,423.63,6.0512,540,1,0,1,2,0,0
tx_legit_012539,0,370.84,5.9185,806,2,1,1,1,0,0
tx_legit_005351,0,390.31,5.9695,396,1,1,2,17,0,0
tx_legit_011250,0,694.15,6.5441,90,1,0,1,3,0,0
tx_legit_009589,0,174.95,5.1702,522,1,0,1,1,0,0
tx_legit_011737,0,875.09,6.7755,764,1,0,1,1,0,0
tx_legit_010286,0,316.52,5.7605,114,1,0,6,2,0,0
tx_legit_007548,0,333.98,5.8141,846,1,0,1,1,0,0
tx_legit_002213,0,426.89,6.0589,831,1,0,1,2,0,0
tx_legit_012005,0,261.53,5.5704,490,1,0,1,2,0,0
tx_legit_006107,0,269.05,5.5986,193,1,2,6,1,0,0
tx_legit_004731,0,541.08,6.2954,884,4,0,1,2,0,0
tx_legit_003217,0,300.27,5.708,193,1,0,1,4,0,0
tx_legit_001936,0,584.38,6.3723,582,1,2,1,1,0,0
tx_legit_001487,0,475.38,6.1662,613,1,1,1,1,0,0
tx_legit_002171,0,626.5,6.4417,550,1,0,2,18,0,0
tx_legit_009912,0,219.83,5.3974,459,2,0,1,1,0,0
tx_legit_001698,0,560.93,6.3314,160,1,1,1,1,0,0
tx_legit_005792,0,222.91,5.4112,860,1,0,1,1,0,0
tx_legit_013446,0,309.22,5.7373,383,1,0,1,1,0,0
tx_legit_000755,0,827.11,6.7191,953,2,0,2,9,0,0
tx_fraud_000629,1,15239.02,9.6317,1,28,6,10,24,1,1
tx_fraud_000692,1,1031.79,6.94,121,1,0,19,8,0,0
tx_legit_011672,0,1237.98,7.122,182,2,0,1,2,0,0
tx_legit_007865,0,943.05,6.8502,987,1,0,1,1,0,0
tx_fraud_000602,1,31864.02,10.3693,4,30,7,13,34,1,1
tx_fraud_000698,1,2324.79,7.7518,109,1,0,12,10,0,0
tx_legit_005584,0,600.66,6.3997,564,1,1,2,15,0,0
tx_legit_007926,0,283.2,5.6497,313,1,0,1,14,0,0
tx_legit_009095,0,284.47,5.6541,681,1,0,1,8,0,0
tx_legit_005837,0,608.68,6.4129,115,2,0,1,1,0,0
tx_legit_011615,0,219.04,5.3938,304,1,0,2,10,0,0
tx_legit_011326,0,741.7,6.6103,997,1,0,1,4,0,0
tx_legit_013380,0,160.86,5.0867,42,1,0,1,1,0,0
tx_legit_011909,0,396.98,5.9864,228,1,0,2,1,0,0
tx_legit_004739,0,556.1,6.3227,945,1,0,1,16,0,0
tx_legit_009434,0,220.48,5.4003,228,1,0,1,1,0,0
tx_legit_010866,0,1424.65,7.2624,450,1,0,1,1,0,0
tx_legit_003157,0,169.24,5.1372,517,1,0,1,2,0,0
tx_legit_004792,0,514.8,6.2457,899,1,0,1,1,0,0
tx_legit_000170,0,108.83,4.6989,352,1,0,1,3,0,0
tx_legit_008207,0,379.83,5.9424,71,2,0,1,2,0,0
tx_legit_010220,0,197.16,5.2891,129,1,0,1,2,0,0
tx_legit_001417,0,193.45,5.2702,566,1,0,2,21,0,0
tx_legit_002220,0,1092.79,6.9974,499,2,0,1,3,0,0
tx_legit_011015,0,463.63,6.1412,596,1,0,1,1,0,0
tx_legit_012228,0,337.34,5.8241,137,1,0,1,1,0,0
tx_legit_001737,0,911.86,6.8166,540,1,0,1,17,0,0
tx_legit_006586,0,1679.43,7.4268,106,1,0,2,3,0,0
tx_legit_013592,0,1351.22,7.2095,681,2,0,1,22,0,0
tx_legit_002716,0,261.65,5.5708,713,1,2,2,8,0,0
tx_legit_011762,0,441.44,6.0923,104,1,0,2,1,0,0
tx_legit_011810,0,170.64,5.1454,284,2,0,1,3,0,0
tx_legit_010021,0,373.49,5.9256,730,1,0,1,1,0,0
tx_legit_001733,0,3177.23,8.0641,42,1,1,2,1,0,0
tx_legit_006662,0,691.48,6.5403,865,1,0,2,22,0,0
tx_fraud_000449,1,50492.11,10.8296,4,14,7,1,1,1,1
tx_legit_005272,0,644.37,6.4698,359,2,0,1,2,0,0
tx_legit_007326,0,690.72,6.5392,412,1,0,1,1,0,0
tx_legit_012575,0,766.46,6.6431,721,1,0,1,1,0,0
tx_legit_000676,0,321.75,5.7769,978,1,0,2,2,0,0
tx_legit_008247,0,350.18,5.8613,205,2,0,1,2,0,0
tx_legit_003349,0,411.37,6.0219,531,1,2,2,2,0,0
tx_fraud_000072,1,14504.6,9.5823,4,6,1,15,4,1,1
tx_legit_003961,0,974.31,6.8828,298,1,0,5,1,0,0
tx_legit_007107,0,2266.55,7.7265,423,1,0,6,1,0,0
tx_legit_001634,0,1283.02,7.1578,47,1,2,1,3,0,0
tx_legit_012092,0,606.83,6.4099,460,1,0,1,1,0,0
tx_legit_005951,0,297.62,5.6992,397,1,0,1,3,0,0
tx_legit_005563,0,479.31,6.1744,987,1,0,5,1,0,0
tx_legit_001113,0,3179.45,8.0648,61,3,0,1,2,0,0
tx_fraud_000026,1,5791.31,8.6643,9,7,4,14,2,0,1
tx_legit_013645,0,3824.56,8.2495,796,3,0,2,22,0,0
tx_legit_012649,0,439.71,6.0884,977,1,0,1,18,0,0
tx_legit_001003,0,119.94,4.7953,870,3,0,5,2,0,0
tx_legit_010964,0,131.94,4.8899,804,1,0,1,1,0,0
tx_fraud_001168,1,5713.92,8.6508,652,2,0,20,12,0,0
tx_legit_006532,0,1008.54,6.9173,167,1,1,1,1,0,0
tx_legit_000893,0,520.46,6.2566,540,1,0,3,1,0,0
tx_legit_001161,0,1181.01,7.075,391,1,0,2,4,0,0
tx_legit_009181,0,868.22,6.7676,29,1,0,1,1,0,0
tx_legit_004401,0,1403.25,7.2473,605,1,0,1,2,0,0
tx_fraud_000960,1,3665.53,8.207,60,2,1,11,10,0,0
tx_legit_013648,0,932.94,6.8394,263,1,0,6,2,0,0
tx_legit_007350,0,752.29,6.6245,819,1,0,2,1,0,0
tx_legit_005182,0,1261.44,7.1408,814,1,0,5,1,0,0
tx_fraud_001090,1,8223.72,9.0149,818,2,0,15,10,0,0
tx_legit_003996,0,938.44,6.8453,996,1,0,1,1,0,0
tx_legit_010999,0,159.34,5.0773,982,1,0,2,16,0,0
tx_legit_009528,0,1264.28,7.143,187,2,0,1,3,0,0
tx_legit_007257,0,189.27,5.2484,287,1,0,1,1,0,0
tx_fraud_000643,1,26499.65,10.1849,7,17,5,15,31,1,1
tx_legit_013653,0,223.91,5.4157,371,2,0,1,1,0,0
tx_legit_013102,0,833.18,6.7264,669,1,0,1,10,0,0
tx_legit_003279,0,534.98,6.2841,370,1,0,1,1,0,0
tx_legit_009133,0,118.07,4.7797,72,1,0,1,1,0,0
tx_legit_009129,0,448.45,6.108,210,2,0,1,3,0,0
tx_legit_010877,0,116.13,4.7633,172,1,0,4,1,0,0
tx_fraud_000838,1,2729.35,7.9122,319,1,0,1,17,0,0
tx_legit_011087,0,582.9,6.3697,882,1,0,3,1,0,0
tx_legit_013591,0,251.68,5.5321,747,2,0,1,2,0,0
tx_legit_004933,0,688.45,6.5359,572,1,0,1,1,0,0
tx_legit_007939,0,738.03,6.6053,397,1,0,2,1,0,0
tx_legit_009960,0,375.42,5.9307,230,1,0,2,10,0,0
tx_legit_013565,0,614.74,6.4228,269,2,0,1,2,0,0
tx_legit_004163,0,398.88,5.9912,291,1,0,3,3,0,0
tx_legit_009964,0,398.43,5.99,420,1,1,1,1,0,0
tx_legit_006741,0,301.47,5.712,852,1,0,1,3,0,0
tx_legit_006073,0,1028.35,6.9367,846,1,0,3,1,0,0
tx_legit_003656,0,158.61,5.0727,595,2,0,1,1,0,0
tx_legit_010756,0,319.44,5.7697,941,1,0,1,1,0,0
tx_legit_008352,0,756.16,6.6296,910,1,0,1,4,0,0
tx_legit_004324,0,446.33,6.1033,538,1,0,3,3,0,0
tx_legit_013710,0,374.17,5.9274,29,1,0,2,1,0,0
tx_legit_012953,0,279.93,5.6381,986,1,0,1,1,0,0
tx_legit_008122,0,1535.93,7.3375,885,2,0,1,21,0,0
tx_legit_009151,0,305.56,5.7254,50,1,0,1,1,0,0
tx_legit_013387,0,618.37,6.4287,763,1,0,1,2,0,0
tx_legit_006602,0,1181.83,7.0757,260,1,0,1,1,0,0
tx_legit_001035,0,420.11,6.0429,477,1,0,2,1,0,0
tx_legit_002248,0,457.66,6.1283,103,1,1,3,2,0,0
tx_legit_011060,0,600.1,6.3988,497,1,0,2,1,0,0
tx_legit_012322,0,123.91,4.8276,272,1,0,1,1,0,0
tx_legit_005566,0,276.9,5.6273,987,1,0,1,1,0,0
tx_legit_005293,0,250.05,5.5257,29,1,0,1,1,0,0
tx_legit_003483,0,108.84,4.699,738,1,0,2,19,0,0
tx_legit_003305,0,149.1,5.0113,715,1,0,1,18,0,0
tx_legit_002135,0,218.38,5.3908,613,1,0,2,10,0,0
tx_legit_010548,0,740.17,6.6082,336,1,0,1,17,0,0
tx_legit_009529,0,620.21,6.4317,379,1,0,2,4,0,0
tx_legit_007478,0,908.03,6.8124,499,1,0,1,21,0,0
tx_legit_000964,0,60.98,4.1268,860,2,0,1,1,0,0
tx_legit_008772,0,467.36,6.1492,320,1,0,1,1,0,0
tx_legit_004632,0,193.42,5.27,459,1,1,3,1,0,0
tx_legit_012879,0,246.51,5.5115,279,1,1,2,9,0,0
tx_legit_007184,0,150.78,5.0224,488,2,0,1,2,0,0
tx_legit_013782,0,1120.17,7.0221,378,1,0,2,20,0,0
tx_legit_000488,0,108.26,4.6937,901,1,0,5,3,0,0
tx_legit_005621,0,848.93,6.7452,202,1,0,3,2,0,0
tx_legit_001066,0,1352.89,7.2107,842,1,0,1,1,0,0
tx_legit_010061,0,318.87,5.7679,201,1,0,1,19,0,0
tx_fraud_000598,1,52360.87,10.8659,5,30,4,21,16,1,1
tx_legit_011182,0,771.59,6.6497,131,1,0,1,1,0,0
tx_legit_002908,0,681.87,6.5263,323,1,0,1,1,0,0
tx_fraud_000159,1,3702.94,8.2172,13,11,4,3,21,0,1
tx_fraud_000283,1,5259.37,8.568,3,9,2,5,4,1,1
tx_legit_004986,0,909.3,6.8138,511,2,2,1,4,0,0
tx_legit_007299,0,708.72,6.5649,999,2,0,5,2,0,0
tx_legit_011579,0,760.04,6.6347,179,1,0,1,1,0,0
tx_legit_011767,0,467.37,6.1493,505,2,0,2,9,0,0
tx_fraud_000276,1,18085.5,9.8029,2,3,3,2,5,1,0
tx_legit_013278,0,453.72,6.1197,389,1,0,1,1,0,0
tx_legit_011356,0,288.87,5.6694,881,1,0,1,18,0,0
tx_legit_011713,0,1144.38,7.0435,383,1,1,1,2,0,0
tx_legit_002271,0,1016.43,6.925,120,1,1,3,1,0,0
tx_legit_009456,0,1839.93,7.518,300,2,0,1,22,0,0
tx_legit_000095,0,412.83,6.0255,549,1,0,1,1,0,0
tx_legit_008538,0,290.79,5.676,685,1,0,1,1,0,0
tx_legit_002033,0,894.68,6.7976,657,1,0,1,3,0,0
tx_legit_001613,0,328.37,5.7972,646,1,0,1,19,0,0
tx_legit_004807,0,787.54,6.6702,179,1,0,2,10,0,0
tx_legit_002680,0,286.6,5.6616,322,1,1,1,1,0,0
tx_legit_004285,0,481.96,6.1799,196,1,0,1,1,0,0
tx_legit_002813,0,531.25,6.2771,380,2,0,1,2,0,0
tx_legit_011745,0,464.79,6.1437,116,1,0,5,1,0,0
tx_legit_006302,0,215.94,5.3796,81,1,0,1,2,0,0
tx_legit_003725,0,1298.7,7.1699,999,2,0,4,2,0,0
tx_legit_009590,0,925.3,6.8312,84,1,0,2,16,0,0
tx_legit_004599,0,1879.88,7.5395,399,1,0,1,2,0,0
tx_legit_007788,0,192.82,5.2669,880,2,0,2,1,0,0
tx_legit_007119,0,2593.67,7.8612,278,1,0,1,2,0,0
tx_fraud_000817,1,1531.25,7.3345,414,1,0,1,14,0,0
tx_fraud_000885,1,3004.19,8.0081,106,1,0,1,19,0,0
tx_fraud_000519,1,46955.96,10.757,8,11,4,1,1,0,1
tx_legit_007815,0,2621.72,7.872,892,1,0,1,2,0,0
tx_legit_010894,0,267.47,5.5927,89,1,0,3,1,0,0
tx_legit_013403,0,414.65,6.0298,218,2,0,1,4,0,0
tx_legit_005738,0,578.46,6.3621,200,1,0,1,4,0,0
tx_legit_002028,0,1440.35,7.2733,76,1,0,6,1,0,0
tx_legit_001747,0,288.69,5.6688,455,1,0,3,1,0,0
tx_legit_000099,0,98.73,4.6025,595,1,0,1,1,0,0
tx_legit_002040,0,289.52,5.6717,768,2,0,1,2,0,0
tx_legit_000405,0,201.2,5.3093,605,1,0,4,3,0,0
tx_legit_001735,0,270.0,5.6021,663,1,0,1,21,0,0
tx_legit_006200,0,426.95,6.059,349,1,0,1,11,0,0
tx_legit_002992,0,244.94,5.5051,937,1,0,1,2,0,0
tx_legit_010067,0,1118.55,7.0207,100,2,0,1,16,0,0
tx_legit_006660,0,1006.65,6.9154,456,1,0,1,1,0,0
tx_legit_005486,0,369.36,5.9145,983,1,0,1,1,0,0
tx_legit_000265,0,482.02,6.1801,863,1,0,1,1,0,0
tx_legit_013377,0,126.81,4.8505,391,1,0,6,2,0,0
tx_legit_002986,0,362.48,5.8957,735,1,0,2,22,0,0
tx_legit_003672,0,287.9,5.6661,482,1,0,2,1,0,0
tx_legit_003374,0,525.77,6.2668,271,1,0,3,1,0,0
tx_legit_010777,0,219.5,5.3959,674,1,0,3,1,0,0
tx_legit_007857,0,236.22,5.469,985,1,0,1,1,0,0
tx_legit_002043,0,708.65,6.5648,835,1,1,2,2,0,0
tx_legit_012352,0,1070.1,6.9764,408,1,0,1,2,0,0
tx_legit_002977,0,405.65,6.008,967,2,1,1,3,0,0
tx_legit_001199,0,453.98,6.1203,334,1,1,1,1,0,0
tx_legit_011279,0,320.27,5.7723,476,3,0,1,1,0,0
tx_legit_010159,0,886.38,6.7883,531,1,0,2,22,0,0
tx_legit_010413,0,213.69,5.3692,419,1,1,1,22,0,0
tx_legit_011148,0,772.76,6.6513,289,1,0,2,2,0,0
tx_legit_012778,0,363.69,5.899,713,1,1,2,21,0,0
tx_legit_002483,0,537.25,6.2883,703,1,2,2,10,0,0
tx_legit_006591,0,598.63,6.3963,202,3,0,1,1,0,0
tx_legit_013769,0,1197.53,7.0889,389,1,0,1,1,0,0
tx_legit_000877,0,1071.65,6.9779,779,1,0,1,2,0,0
tx_legit_008552,0,687.77,6.5349,265,1,0,1,3,0,0
tx_legit_007663,0,891.82,6.7944,503,3,1,1,1,0,0
tx_legit_011952,0,305.64,5.7257,753,2,0,2,21,0,0
tx_legit_008557,0,742.06,6.6108,402,1,0,1,4,0,0
tx_legit_010836,0,373.98,5.9269,392,1,0,1,1,0,0
tx_fraud_000440,1,66119.36,11.0992,1,11,7,1,1,1,1
tx_legit_009891,0,887.43,6.7895,433,1,0,3,1,0,0
tx_legit_001809,0,194.49,5.2755,987,1,0,3,2,0,0
tx_legit_003016,0,153.57,5.0406,283,1,0,3,2,0,0
tx_legit_006267,0,299.57,5.7057,696,1,0,1,2,0,0
tx_legit_003050,0,1267.91,7.1459,92,1,0,1,1,0,0
tx_legit_003975,0,745.49,6.6154,207,1,0,1,3,0,0
tx_legit_000026,0,287.65,5.6652,392,1,1,4,2,0,0
tx_legit_001796,0,562.37,6.3339,351,2,0,1,1,0,0
tx_legit_000009,0,262.86,5.5754,818,1,0,2,1,0,0
tx_legit_011513,0,967.03,6.8753,98,1,1,1,2,0,0
tx_legit_000128,0,161.01,5.0877,908,2,0,2,2,0,0
tx_legit_004815,0,648.65,6.4764,704,3,0,1,1,0,0
tx_legit_001780,0,560.81,6.3312,986,1,0,2,21,0,0
tx_legit_007361,0,219.63,5.3965,492,1,0,3,3,0,0
tx_legit_005263,0,1221.38,7.1086,475,3,0,1,3,0,0
tx_fraud_000661,1,54466.61,10.9054,7,26,8,13,39,1,1
tx_legit_008000,0,363.37,5.8982,313,2,0,2,1,0,0
tx_legit_013081,0,1015.91,6.9245,858,1,0,1,1,0,0
tx_fraud_000325,1,11557.06,9.3551,3,9,2,3,4,1,1
tx_legit_001677,0,426.93,6.059,625,1,0,1,3,0,0
tx_legit_013163,0,124.21,4.83,910,2,0,2,1,0,0
tx_legit_003320,0,620.5,6.4321,715,1,0,1,1,0,0
tx_legit_012106,0,1176.52,7.0712,80,1,0,1,1,0,0
tx_fraud_000983,1,6554.21,8.788,35,2,1,6,6,0,0
tx_legit_006444,0,642.9,6.4675,354,1,0,1,1,0,0
tx_legit_005870,0,285.72,5.6585,144,1,0,1,1,0,0
tx_legit_007896,0,304.49,5.7219,34,4,0,3,3,0,0
tx_legit_013229,0,626.33,6.4415,334,1,0,1,2,0,0
tx_legit_003181,0,820.35,6.7109,950,1,0,2,10,0,0
tx_legit_011774,0,545.26,6.3031,20,1,0,1,5,0,0
tx_legit_003365,0,437.27,6.0828,306,2,0,5,3,0,0
tx_legit_003076,0,806.87,6.6944,728,3,0,1,4,0,0
tx_fraud_000910,1,2259.01,7.7231,418,1,0,1,14,0,0
tx_fraud_000751,1,1829.35,7.5123,71,1,0,27,15,0,0
tx_fraud_000210,1,12472.64,9.4314,27,23,3,3,35,0,1
tx_fraud_000702,1,1043.96,6.9517,206,1,0,27,11,0,0
tx_legit_001416,0,1171.12,7.0666,104,2,0,1,2,0,0
tx_legit_007861,0,239.4,5.4823,197,1,0,1,3,0,0
tx_legit_008159,0,2188.81,7.6916,891,2,0,1,2,0,0
tx_legit_012957,0,732.4,6.5977,363,1,0,1,5,0,0
tx_legit_011277,0,467.13,6.1487,130,1,0,1,1,0,0
tx_legit_005644,0,361.8,5.8939,536,1,0,2,1,0,0
tx_legit_009824,0,658.99,6.4922,600,3,0,1,1,0,0
tx_legit_010098,0,221.1,5.4031,975,1,1,1,2,0,0
tx_fraud_000842,1,1879.54,7.5393,290,1,0,1,23,0,0
tx_legit_010278,0,679.8,6.5233,382,1,0,1,2,0,0
tx_legit_004315,0,504.82,6.2262,735,1,0,2,13,0,0
tx_fraud_001178,1,5621.4,8.6345,864,2,0,22,9,0,0
tx_legit_000744,0,291.49,5.6784,246,1,0,1,2,0,0
tx_legit_009157,0,246.43,5.5111,703,1,1,1,1,0,0
tx_legit_013130,0,700.26,6.5529,113,1,0,1,21,0,0
tx_legit_002343,0,325.53,5.7885,866,1,0,2,15,0,0
tx_legit_000077,0,633.36,6.4526,305,1,0,4,1,0,0
tx_legit_007746,0,131.64,4.8876,296,1,0,1,2,0,0
tx_legit_002921,0,476.32,6.1682,343,1,0,5,2,0,0
tx_fraud_000779,1,1699.17,7.4385,276,1,0,17,12,0,0
tx_legit_013260,0,76.92,4.3557,751,1,0,1,1,0,0
tx_legit_003811,0,262.44,5.5738,288,1,0,1,1,0,0
tx_legit_012641,0,209.47,5.3493,287,3,0,1,1,0,0
tx_legit_012515,0,1231.46,7.1168,307,1,0,1,12,0,0
tx_legit_006300,0,311.06,5.7432,683,2,0,1,13,0,0
tx_legit_012783,0,1392.21,7.2394,875,1,0,1,1,0,0
tx_legit_007702,0,289.64,5.6721,784,2,0,2,1,0,0
tx_legit_007620,0,408.67,6.0154,709,1,0,1,1,0,0
tx_legit_011407,0,193.1,5.2684,95,1,0,1,1,0,0
tx_legit_001305,0,337.01,5.8231,25,2,0,1,1,0,0
tx_legit_011984,0,512.95,6.2421,501,2,0,1,15,0,0
tx_legit_009612,0,518.41,6.2527,211,2,1,1,2,0,0
tx_fraud_000847,1,2337.59,7.7573,211,1,0,1,18,0,0
tx_legit_005288,0,536.86,6.2876,733,1,0,1,1,0,0
tx_legit_006096,0,882.61,6.784,743,1,0,1,4,0,0
tx_legit_004174,0,1192.91,7.085,111,1,0,1,1,0,0
tx_legit_007456,0,377.97,5.9375,631,1,0,1,1,0,0
tx_legit_001418,0,1177.54,7.072,162,1,0,2,1,0,0
tx_legit_013626,0,1047.47,6.9551,294,1,0,1,14,0,0
tx_legit_005049,0,90.15,4.5125,864,1,0,1,1,0,0
tx_legit_002215,0,198.32,5.2949,654,1,0,1,2,0,0
tx_legit_001049,0,948.97,6.8564,716,1,0,1,9,0,0
tx_legit_008106,0,1119.99,7.022,995,1,0,2,12,0,0
tx_legit_002232,0,214.15,5.3713,784,1,0,1,1,0,0
tx_fraud_000407,1,65747.46,11.0936,2,14,3,1,1,1,1
tx_fraud_001194,1,6111.23,8.718,619,2,0,20,13,0,0
tx_legit_004588,0,1146.36,7.0452,431,1,0,1,1,0,0
tx_legit_008984,0,298.07,5.7007,155,1,2,1,4,0,0
tx_legit_012161,0,278.75,5.6339,55,2,0,6,3,0,0
tx_legit_004520,0,435.27,6.0783,715,1,0,1,1,0,0
tx_legit_008076,0,469.74,6.1543,385,1,0,3,1,0,0
tx_legit_009749,0,199.48,5.3007,124,1,0,2,22,0,0
tx_legit_008699,0,1181.07,7.075,660,1,0,1,2,0,0
tx_fraud_000881,1,1806.01,7.4994,97,1,0,1,15,0,0
tx_legit_008215,0,1800.21,7.4962,387,1,0,5,1,0,0
tx_legit_000967,0,236.17,5.4688,414,1,0,1,1,0,0
tx_legit_009332,0,869.41,6.769,612,4,0,2,8,0,0
tx_legit_000383,0,166.68,5.1221,985,2,0,2,3,0,0
tx_legit_007128,0,517.82,6.2516,852,1,0,1,1,0,0
tx_legit_003999,0,222.32,5.4086,842,1,0,1,1,0,0
tx_legit_013704,0,777.16,6.6569,401,2,0,1,2,0,0
tx_legit_001802,0,253.29,5.5385,746,1,0,2,1,0,0
tx_legit_000101,0,465.39,6.145,392,1,0,1,1,0,0
tx_legit_000202,0,551.27,6.314,103,1,0,1,2,0,0
tx_legit_001285,0,294.97,5.6903,158,2,0,1,4,0,0
tx_legit_002831,0,233.82,5.4588,278,1,0,2,17,0,0
tx_legit_005933,0,1144.4,7.0435,878,1,0,1,2,0,0
tx_legit_004084,0,339.26,5.8297,366,1,0,1,2,0,0
tx_legit_011729,0,496.01,6.2086,383,1,0,1,4,0,0
tx_legit_013792,0,144.74,4.9818,121,1,0,1,1,0,0
tx_legit_008327,0,435.6,6.079,936,1,0,1,1,0,0
tx_legit_013365,0,582.68,6.3694,411,1,0,2,1,0,0
tx_legit_013627,0,200.46,5.3056,825,1,0,1,1,0,0
tx_legit_001826,0,1326.08,7.1907,941,1,0,1,2,0,0
tx_legit_000440,0,388.32,5.9644,949,1,0,4,3,0,0
tx_legit_000061,0,535.41,6.2849,713,1,0,1,1,0,0
tx_legit_001811,0,322.44,5.779,124,1,0,3,2,0,0
tx_legit_010060,0,761.05,6.636,674,3,0,1,1,0,0
tx_legit_002266,0,356.82,5.88,659,1,0,1,3,0,0
tx_legit_001798,0,385.14,5.9562,823,1,0,1,3,0,0
tx_legit_008093,0,679.18,6.5224,526,1,0,5,1,0,0
tx_legit_003980,0,1625.23,7.394,251,1,0,1,1,0,0
tx_legit_003384,0,1993.49,7.5981,804,1,0,1,3,0,0
tx_fraud_000166,1,3440.94,8.1438,7,12,8,4,27,1,1
tx_legit_010192,0,212.02,5.3614,84,1,0,1,1,0,0
tx_legit_003011,0,686.05,6.5324,384,1,0,1,5,0,0
tx_legit_008527,0,252.89,5.5369,61,2,0,1,1,0,0
tx_legit_000442,0,289.36,5.6711,492,2,0,1,1,0,0
tx_legit_006332,0,726.08,6.589,385,1,0,6,1,0,0
tx_fraud_000467,1,82892.05,11.3253,3,14,5,1,1,1,1
tx_legit_012875,0,774.66,6.6537,976,1,0,1,1,0,0
tx_legit_011239,0,245.59,5.5077,225,2,0,1,2,0,0
tx_legit_007812,0,476.56,6.1687,825,1,0,2,3,0,0
tx_legit_010557,0,452.08,6.1161,227,1,1,1,2,0,0
tx_legit_008358,0,232.61,5.4537,942,1,0,1,19,0,0
tx_fraud_000577,1,41069.68,10.623,1,11,7,18,17,1,1
tx_legit_013039,0,546.44,6.3053,865,1,0,1,1,0,0
tx_legit_009419,0,184.26,5.2218,829,1,0,1,1,0,0
tx_fraud_000211,1,9961.51,9.2066,8,16,4,1,22,0,1
tx_legit_004846,0,1526.0,7.3311,629,1,0,1,1,0,0
tx_legit_011792,0,796.63,6.6816,928,1,0,1,1,0,0
tx_legit_012117,0,1150.99,7.0492,561,1,0,1,15,0,0
tx_fraud_000439,1,57329.4,10.9566,8,15,4,1,1,0,1
tx_legit_007777,0,930.49,6.8368,323,1,0,2,21,0,0
tx_fraud_000867,1,1210.07,7.0993,100,1,0,1,15,0,0
tx_legit_002979,0,228.74,5.4369,880,1,0,6,3,0,0
tx_legit_002757,0,401.22,5.997,278,1,0,2,21,0,0
tx_legit_010217,0,1017.52,6.9261,585,1,1,2,20,0,0
tx_fraud_000967,1,6469.95,8.7751,118,2,1,13,5,0,0
tx_fraud_000553,1,51803.35,10.8552,5,14,4,16,22,1,1
tx_legit_010376,0,304.5,5.7219,475,1,0,2,1,0,0
tx_legit_008546,0,1358.43,7.2148,676,4,1,1,9,0,0
tx_legit_010264,0,346.49,5.8507,117,1,0,1,1,0,0
tx_legit_007720,0,413.52,6.0271,795,1,0,1,3,0,0
tx_legit_002815,0,467.82,6.1502,819,2,0,1,1,0,0
tx_legit_009432,0,115.0,4.7536,442,1,0,2,20,0,0
tx_legit_002124,0,418.61,6.0393,457,1,0,2,9,0,0
tx_legit_002259,0,566.8,6.3418,77,1,1,2,1,0,0
tx_legit_007546,0,661.15,6.4955,641,1,0,3,1,0,0
tx_legit_008081,0,1079.48,6.9852,136,1,0,1,3,0,0
tx_legit_010798,0,562.4,6.334,58,3,0,1,22,0,0
tx_legit_000713,0,208.88,5.3465,363,2,0,1,1,0,0
tx_legit_012732,0,890.93,6.7934,740,1,0,2,1,0,0
tx_legit_006687,0,986.66,6.8953,33,1,0,1,1,0,0
tx_legit_012361,0,505.58,6.2277,220,1,0,2,1,0,0
tx_legit_009168,0,592.32,6.3857,264,1,0,1,1,0,0
tx_legit_006521,0,1436.29,7.2705,818,3,1,2,14,0,0
tx_legit_000559,0,573.81,6.354,141,2,0,1,1,0,0
tx_legit_006136,0,574.31,6.3549,760,1,0,1,19,0,0
tx_legit_006316,0,520.13,6.256,197,1,0,1,1,0,0
tx_legit_004023,0,465.34,6.1449,402,1,1,2,14,0,0
tx_legit_004414,0,285.9,5.6591,571,3,0,2,1,0,0
tx_legit_006874,0,732.66,6.598,422,3,0,1,2,0,0
tx_legit_006624,0,376.16,5.9327,597,1,0,1,1,0,0
tx_legit_007575,0,110.01,4.7096,463,2,0,1,1,0,0
tx_legit_008389,0,959.59,6.8675,286,1,0,1,1,0,0
tx_legit_004865,0,177.47,5.1844,234,1,0,1,15,0,0
tx_legit_001479,0,335.46,5.8185,878,3,0,1,10,0,0
tx_legit_010564,0,280.1,5.6387,989,1,0,1,1,0,0
tx_legit_010285,0,296.25,5.6946,72,1,0,2,3,0,0
tx_fraud_001096,1,5584.52,8.6279,823,2,0,11,12,0,0
tx_legit_011911,0,1827.23,7.5111,276,2,0,4,1,0,0
tx_legit_008798,0,769.66,6.6472,37,1,0,1,4,0,0
tx_legit_001543,0,485.74,6.1877,862,2,1,5,3,0,0
tx_legit_012399,0,243.92,5.5009,500,2,0,1,2,0,0
tx_legit_013341,0,100.45,4.6196,480,1,0,1,3,0,0
tx_legit_005830,0,168.05,5.1302,778,1,1,1,3,0,0
tx_legit_011073,0,638.06,6.46,580,4,0,3,2,0,0
tx_legit_001252,0,1008.18,6.9169,296,1,0,1,1,0,0
tx_legit_009921,0,289.5,5.6716,182,1,0,1,11,0,0
tx_legit_000621,0,719.86,6.5804,205,1,0,1,1,0,0
tx_legit_011603,0,210.09,5.3523,565,3,0,1,3,0,0
tx_legit_010051,0,555.93,6.3224,207,1,0,1,1,0,0
tx_legit_009315,0,965.17,6.8733,520,1,0,1,2,0,0
tx_legit_003805,0,870.32,6.77,33,2,0,1,1,0,0
tx_legit_009370,0,384.51,5.9546,974,2,0,1,2,0,0
tx_legit_007923,0,547.72,6.3076,350,2,0,1,2,0,0
tx_legit_001732,0,203.48,5.3205,604,2,0,3,1,0,0
tx_legit_000529,0,197.66,5.2916,693,1,0,1,2,0,0
tx_legit_001079,0,325.52,5.7885,116,1,0,1,1,0,0
tx_legit_004821,0,168.58,5.1333,326,1,2,1,1,0,0
tx_legit_004990,0,351.34,5.8646,336,1,0,5,1,0,0
tx_legit_004358,0,236.65,5.4708,562,1,0,2,21,0,0
tx_legit_004681,0,554.46,6.3198,392,1,0,2,21,0,0
tx_legit_012189,0,257.99,5.5568,861,1,0,1,1,0,0
tx_legit_001158,0,425.14,6.0548,283,1,0,1,2,0,0
tx_fraud_000788,1,1222.14,7.1092,250,1,0,29,17,0,0
tx_fraud_000936,1,7400.96,8.9095,118,2,1,9,12,0,0
tx_fraud_000635,1,57336.42,10.9567,5,23,4,15,27,1,1
tx_legit_004586,0,573.86,6.3541,500,1,0,1,1,0,0
tx_legit_009293,0,304.55,5.7221,159,1,0,1,3,0,0
tx_fraud_000776,1,2282.3,7.7334,220,1,0,28,13,0,0
tx_legit_001082,0,346.99,5.8522,487,1,0,1,10,0,0
tx_legit_011457,0,740.97,6.6093,455,2,0,1,2,0,0
tx_legit_002532,0,675.05,6.5163,971,1,0,2,8,0,0
tx_legit_010664,0,295.12,5.6908,351,1,0,4,3,0,0
tx_legit_011265,0,395.35,5.9823,775,1,0,1,22,0,0
tx_legit_000824,0,368.25,5.9115,389,2,0,1,1,0,0
tx_legit_012103,0,578.68,6.3625,812,1,0,2,1,0,0
tx_fraud_000435,1,87546.15,11.3799,8,9,7,1,1,0,1
tx_legit_001154,0,354.14,5.8725,778,1,0,2,1,0,0
tx_legit_007407,0,256.09,5.5494,696,1,0,1,3,0,0
tx_legit_005185,0,271.99,5.6094,893,2,0,1,1,0,0
tx_legit_006034,0,662.64,6.4977,803,1,0,2,1,0,0
tx_legit_000525,0,932.57,6.839,629,1,0,1,1,0,0
tx_legit_013228,0,528.87,6.2726,544,1,0,1,2,0,0
tx_legit_009224,0,624.1,6.4379,973,1,0,1,1,0,0
tx_legit_013216,0,1384.12,7.2335,524,2,0,2,2,0,0
tx_legit_011028,0,1136.06,7.0362,876,1,0,1,1,0,0
tx_legit_007194,0,442.15,6.0939,736,1,0,1,1,0,0
tx_legit_009161,0,179.37,5.195,447,2,0,1,1,0,0
tx_legit_005798,0,475.69,6.1669,241,2,0,1,1,0,0
tx_legit_006053,0,264.06,5.58,816,3,0,5,3,0,0
tx_legit_000675,0,299.69,5.7061,531,1,0,1,1,0,0
tx_legit_009997,0,771.79,6.65,569,1,0,1,2,0,0
tx_fraud_000250,1,4696.96,8.4549,9,19,3,2,14,0,1
tx_legit_009230,0,721.53,6.5828,335,1,0,1,1,0,0
tx_legit_013354,0,737.28,6.6043,733,1,0,1,1,0,0
tx_legit_012040,0,797.66,6.6829,143,1,0,1,1,0,0
tx_legit_004521,0,369.69,5.9154,360,1,0,1,1,0,0
tx_legit_004571,0,331.43,5.8064,135,1,0,1,14,0,0
tx_legit_009298,0,1800.45,7.4963,202,1,0,1,11,0,0
tx_legit_012124,0,281.63,5.6441,48,1,0,1,2,0,0
tx_legit_002236,0,503.33,6.2232,798,2,1,1,1,0,0
tx_legit_011112,0,99.24,4.6076,531,1,0,1,1,0,0
tx_legit_002933,0,698.23,6.55,104,1,0,3,1,0,0
tx_legit_000587,0,426.53,6.058,393,1,0,1,12,0,0
tx_legit_001498,0,605.35,6.4075,723,1,0,1,13,0,0
tx_legit_008563,0,1606.9,7.3827,683,1,1,1,16,0,0
tx_fraud_001087,1,8422.67,9.0388,627,2,0,12,11,0,0
tx_legit_007959,0,348.59,5.8568,84,2,0,1,17,0,0
tx_legit_000439,0,897.15,6.8003,983,1,0,2,21,0,0
tx_legit_009486,0,842.95,6.7381,167,1,0,1,1,0,0
tx_legit_003670,0,626.6,6.4419,58,2,1,3,1,0,0
tx_fraud_000877,1,1715.75,7.4482,265,1,0,1,15,0,0
tx_legit_005093,0,332.86,5.8107,463,1,0,2,17,0,0
tx_legit_000860,0,418.47,6.039,874,1,0,1,1,0,0
tx_legit_009327,0,473.96,6.1632,758,1,0,1,3,0,0
tx_legit_009572,0,2833.48,7.9496,557,2,0,1,1,0,0
tx_legit_004562,0,1163.37,7.0599,657,1,0,1,2,0,0
tx_legit_008132,0,413.15,6.0262,90,1,0,1,2,0,0
tx_legit_013462,0,663.03,6.4983,674,4,0,2,1,0,0
tx_legit_007011,0,522.42,6.2604,131,1,0,1,10,0,0
tx_legit_004859,0,528.0,6.271,500,1,0,1,4,0,0
tx_legit_007547,0,138.35,4.937,79,1,0,2,1,0,0
tx_fraud_000872,1,2262.52,7.7247,426,1,0,1,13,0,0
tx_legit_012634,0,782.97,6.6644,58,1,0,1,2,0,0
tx_legit_002209,0,791.39,6.6751,96,1,0,1,1,0,0
tx_legit_001001,0,225.88,5.4244,910,1,0,1,22,0,0
tx_legit_009328,0,868.3,6.7677,59,1,0,1,1,0,0
tx_legit_011679,0,2351.82,7.7634,245,1,0,1,4,0,0
tx_legit_006982,0,881.32,6.7826,947,1,0,1,3,0,0
tx_legit_005568,0,473.38,6.162,519,1,0,1,1,0,0
tx_legit_002907,0,373.72,5.9262,111,2,0,1,10,0,0
tx_fraud_000970,1,6045.18,8.7072,156,2,1,11,5,0,0
tx_legit_003337,0,506.31,6.2291,779,2,2,2,11,0,0
tx_legit_005916,0,361.08,5.8919,158,2,0,1,2,0,0
tx_legit_005444,0,698.39,6.5502,185,2,0,2,12,0,0
tx_legit_000108,0,2519.81,7.8323,396,1,1,1,1,0,0
tx_legit_006668,0,1169.76,7.0654,130,1,0,1,1,0,0
tx_legit_007467,0,157.76,5.0674,640,1,0,1,1,0,0
tx_legit_002790,0,462.73,6.1393,808,1,0,1,1,0,0
tx_legit_013433,0,238.4,5.4781,220,2,1,3,1,0,0
tx_legit_002630,0,887.43,6.7895,848,1,0,3,3,0,0
tx_legit_010126,0,202.45,5.3154,606,1,0,1,3,0,0
tx_legit_010229,0,1573.97,7.362,544,1,0,1,2,0,0
tx_legit_002524,0,853.81,6.7509,953,1,0,2,13,0,0
tx_legit_001720,0,452.96,6.118,699,1,0,1,1,0,0
tx_legit_006104,0,574.52,6.3553,627,2,0,1,19,0,0
tx_legit_008405,0,484.99,6.1862,568,1,0,1,1,0,0
tx_legit_012590,0,419.8,6.0422,660,1,0,1,1,0,0
tx_legit_001377,0,158.61,5.0727,482,2,0,1,3,0,0
tx_legit_006884,0,383.79,5.9527,782,1,2,2,1,0,0
tx_legit_008372,0,1229.28,7.115,273,2,0,1,1,0,0
tx_fraud_001131,1,2612.72,7.8685,663,2,0,17,9,0,0
tx_legit_012135,0,283.36,5.6502,250,1,0,1,2,0,0
tx_fraud_000485,1,83047.72,11.3272,6,13,7,1,1,1,1
tx_legit_007760,0,289.36,5.6711,768,2,0,1,1,0,0
tx_legit_012855,0,1133.68,7.0341,716,1,2,1,1,0,0
tx_legit_003638,0,295.33,5.6915,276,2,0,6,1,0,0
tx_legit_001221,0,472.11,6.1593,717,1,0,1,3,0,0
tx_legit_011816,0,340.47,5.8333,392,1,0,1,2,0,0
tx_legit_003810,0,325.98,5.7899,916,1,0,1,22,0,0
tx_legit_007082,0,453.27,6.1187,760,1,1,2,1,0,0
tx_legit_001095,0,463.89,6.1418,369,1,0,1,2,0,0
tx_fraud_000770,1,1941.07,7.5715,167,1,0,29,13,0,0
tx_legit_010045,0,250.51,5.5275,820,2,0,1,1,0,0
tx_legit_006333,0,653.86,6.4844,330,1,2,1,2,0,0
tx_legit_011888,0,162.43,5.0964,249,1,0,2,19,0,0
tx_legit_002877,0,776.01,6.6555,920,1,0,1,2,0,0
tx_legit_011170,0,1066.59,6.9732,392,1,0,1,1,0,0
tx_legit_003972,0,163.54,5.1032,120,1,0,1,1,0,0
tx_legit_005472,0,161.8,5.0925,807,1,0,4,3,0,0
tx_legit_004822,0,313.33,5.7504,480,1,0,1,1,0,0
tx_legit_010856,0,424.08,6.0523,220,2,0,6,1,0,0
tx_legit_000323,0,844.45,6.7399,757,1,0,4,1,0,0
tx_legit_005489,0,715.84,6.5749,898,1,0,1,1,0,0
tx_fraud_001022,1,6478.82,8.7764,141,2,1,7,10,0,0
tx_legit_001843,0,1148.41,7.047,239,2,0,1,14,0,0
tx_fraud_000259,1,9725.56,9.1826,20,20,4,4,32,0,1
tx_legit_003241,0,133.04,4.8981,491,3,0,1,19,0,0
tx_legit_012895,0,123.81,4.8268,608,1,0,1,5,0,0
tx_legit_003837,0,1461.41,7.2878,615,3,0,1,2,0,0
tx_legit_005416,0,1192.11,7.0843,838,2,0,1,1,0,0
tx_legit_012774,0,1276.93,7.153,136,1,0,2,11,0,0
tx_legit_009978,0,1455.14,7.2835,813,1,0,1,1,0,0
tx_legit_008727,0,396.15,5.9843,543,1,0,1,1,0,0
tx_legit_007619,0,1906.41,7.5535,137,1,0,1,4,0,0
tx_legit_007771,0,420.78,6.0445,143,1,0,1,21,0,0
tx_legit_005321,0,268.24,5.5956,743,1,0,1,5,0,0
tx_legit_002199,0,307.08,5.7304,992,4,0,1,2,0,0
tx_legit_008271,0,543.74,6.3003,448,1,0,1,2,0,0
tx_legit_013011,0,501.51,6.2196,167,3,0,1,1,0,0
tx_legit_012331,0,1038.7,6.9467,922,2,0,2,1,0,0
tx_legit_010140,0,460.87,6.1353,475,1,0,1,2,0,0
tx_fraud_000524,1,63932.86,11.0656,4,12,6,1,1,1,1
tx_legit_003168,0,1120.31,7.0223,338,1,0,1,17,0,0
tx_legit_006488,0,175.26,5.172,895,1,0,2,2,0,0
tx_legit_005401,0,300.62,5.7092,606,1,0,1,1,0,0
tx_fraud_000937,1,6769.18,8.8203,138,2,1,15,5,0,0
tx_legit_005713,0,582.06,6.3683,887,3,0,1,3,0,0
tx_legit_008599,0,771.3,6.6494,531,2,0,1,18,0,0
tx_legit_006406,0,345.61,5.8482,105,1,0,1,16,0,0
tx_legit_010266,0,1709.59,7.4446,476,2,0,1,1,0,0
tx_legit_003371,0,302.1,5.7141,615,2,0,1,1,0,0
tx_legit_007396,0,1021.88,6.9304,953,1,0,1,2,0,0
tx_legit_002904,0,398.82,5.991,428,1,0,1,2,0,0
tx_legit_002297,0,541.0,6.2953,183,1,0,1,1,0,0
tx_legit_011132,0,293.3,5.6846,135,1,0,2,13,0,0
tx_legit_010629,0,156.47,5.0592,200,2,0,1,1,0,0
tx_legit_012091,0,527.26,6.2696,384,1,0,1,1,0,0
tx_legit_002358,0,192.23,5.2639,293,1,0,1,2,0,0
tx_legit_011648,0,140.28,4.9507,175,1,1,1,1,0,0
tx_legit_006781,0,1430.47,7.2665,239,1,1,1,1,0,0
tx_fraud_001120,1,7043.6,8.86,627,2,0,17,11,0,0
tx_legit_003352,0,785.39,6.6675,958,1,0,2,1,0,0
tx_legit_012677,0,285.77,5.6587,905,2,1,1,4,0,0
tx_legit_002769,0,580.24,6.3652,354,2,2,1,1,0,0
tx_legit_009734,0,371.99,5.9216,431,1,0,1,2,0,0
tx_legit_012508,0,372.28,5.9223,170,1,0,1,1,0,0
tx_legit_008952,0,600.16,6.3989,864,1,0,1,21,0,0
tx_legit_012145,0,718.8,6.579,970,1,0,1,2,0,0
tx_legit_004145,0,295.05,5.6905,681,1,0,1,1,0,0
tx_legit_001225,0,1252.97,7.1341,132,2,0,1,1,0,0
tx_legit_000692,0,489.73,6.1959,883,1,1,1,1,0,0
tx_fraud_000196,1,7156.5,8.8759,23,18,8,2,35,0,1
tx_legit_009677,0,1870.09,7.5343,816,1,0,1,1,0,0
tx_legit_007300,0,617.35,6.4271,175,2,0,1,1,0,0
tx_legit_001208,0,800.1,6.686,347,1,0,1,1,0,0
tx_legit_001758,0,1064.73,6.9714,81,1,0,1,3,0,0
tx_legit_006987,0,590.88,6.3833,600,1,0,1,2,0,0
tx_legit_008573,0,395.39,5.9824,996,1,0,1,2,0,0
tx_legit_009034,0,755.78,6.6291,381,2,0,3,2,0,0
tx_legit_001180,0,1101.39,7.0052,24,1,0,1,1,0,0
tx_legit_013576,0,764.58,6.6406,721,1,0,1,1,0,0
tx_legit_000761,0,382.43,5.9492,729,1,0,1,1,0,0
tx_legit_012597,0,297.25,5.6979,959,2,0,1,1,0,0
tx_legit_010977,0,562.47,6.3341,306,1,0,1,1,0,0
tx_legit_006970,0,601.77,6.4015,308,1,0,1,4,0,0
tx_legit_005358,0,1677.58,7.4257,847,1,0,3,2,0,0
tx_fraud_000852,1,2315.71,7.7479,183,1,0,1,14,0,0
tx_legit_005689,0,400.16,5.9944,444,1,0,1,10,0,0
tx_legit_002518,0,539.28,6.2921,757,2,0,3,1,0,0
tx_legit_008583,0,419.82,6.0422,715,1,0,1,1,0,0
tx_legit_012122,0,855.51,6.7529,557,2,0,1,1,0,0
tx_legit_009790,0,2743.92,7.9175,420,2,0,1,20,0,0
tx_legit_012621,0,626.79,6.4422,529,1,1,2,13,0,0
tx_legit_009389,0,1659.67,7.415,709,1,0,1,1,0,0
tx_legit_000872,0,1114.63,7.0172,626,2,0,1,1,0,0
tx_legit_005595,0,556.67,6.3238,120,1,0,1,1,0,0
tx_legit_005335,0,1050.46,6.9579,72,2,0,1,1,0,0
tx_fraud_000611,1,20692.46,9.9376,7,16,9,21,32,1,1
tx_legit_006901,0,258.07,5.5571,869,1,0,2,2,0,0
tx_legit_008281,0,1746.11,7.4657,130,1,0,1,1,0,0
tx_legit_010056,0,297.97,5.7003,584,1,0,1,1,0,0
tx_fraud_000504,1,69401.84,11.1477,10,15,7,1,1,0,1
tx_legit_011426,0,5673.81,8.6438,652,2,0,2,1,0,0
tx_legit_010582,0,308.4,5.7346,181,1,0,1,1,0,0
tx_legit_002148,0,112.7,4.7336,665,1,0,1,1,0,0
tx_legit_004382,0,515.94,6.2479,190,2,0,3,1,0,0
tx_legit_006366,0,252.92,5.537,455,1,0,1,1,0,0
tx_legit_009804,0,255.43,5.5469,226,1,0,1,1,0,0
tx_legit_013541,0,333.01,5.8112,681,1,0,1,19,0,0
tx_legit_009021,0,364.66,5.9017,191,1,0,1,2,0,0
tx_legit_000295,0,627.21,6.4429,838,1,0,1,2,0,0
tx_legit_003595,0,2904.42,7.9743,833,1,0,1,2,0,0
tx_legit_000419,0,324.46,5.7852,974,1,0,5,3,0,0
tx_legit_004134,0,514.88,6.2459,197,2,0,5,1,0,0
tx_legit_000209,0,487.08,6.1905,819,1,0,1,1,0,0
tx_fraud_001043,1,5322.54,8.5799,146,2,1,8,11,0,0
tx_legit_002280,0,523.03,6.2615,152,1,0,2,14,0,0
tx_fraud_001110,1,4268.16,8.3592,645,2,0,13,9,0,0
tx_legit_005458,0,692.5,6.5418,402,1,0,1,9,0,0
tx_legit_012775,0,267.34,5.5923,133,3,0,2,17,0,0
tx_legit_001667,0,516.6,6.2492,803,1,0,2,5,0,0
tx_legit_013361,0,415.85,6.0327,777,1,0,1,3,0,0
tx_legit_000448,0,261.47,5.5701,36,2,0,1,1,0,0
tx_legit_007822,0,360.13,5.8892,315,1,0,3,1,0,0
tx_legit_010559,0,548.5,6.309,347,1,0,1,2,0,0
tx_legit_011817,0,604.15,6.4055,702,2,0,1,2,0,0
tx_legit_012666,0,132.59,4.8948,81,1,0,1,1,0,0
tx_legit_008915,0,194.41,5.2751,142,2,2,1,1,0,0
tx_legit_009254,0,231.93,5.4507,470,1,0,1,1,0,0
tx_legit_003561,0,406.92,6.0111,439,1,0,1,4,0,0
tx_legit_000217,0,691.9,6.5409,538,1,0,1,2,0,0
tx_legit_004828,0,1031.02,6.9393,425,2,0,1,2,0,0
tx_legit_006298,0,440.05,6.0892,877,1,0,1,2,0,0
tx_legit_002646,0,210.07,5.3522,540,2,0,3,2,0,0
tx_legit_001439,0,827.62,6.7198,717,1,0,1,1,0,0
tx_legit_004891,0,253.01,5.5374,581,1,0,1,1,0,0
tx_legit_006187,0,849.97,6.7464,217,1,0,1,17,0,0
tx_legit_010762,0,455.9,6.1245,584,1,0,1,22,0,0
tx_legit_011893,0,321.45,5.7759,321,2,0,5,3,0,0
tx_legit_003905,0,1326.9,7.1914,150,1,1,1,2,0,0
tx_legit_008673,0,1246.13,7.1286,408,1,0,5,1,0,0
tx_legit_001714,0,1049.56,6.9571,907,1,2,1,16,0,0
tx_legit_006908,0,247.51,5.5155,699,1,0,1,1,0,0
tx_legit_012930,0,1462.21,7.2884,101,1,0,1,1,0,0
tx_legit_007944,0,748.76,6.6198,355,1,0,1,8,0,0
tx_legit_004449,0,558.6,6.3272,583,1,0,1,1,0,0
tx_legit_004630,0,839.47,6.734,406,2,0,1,3,0,0
tx_legit_006541,0,1236.44,7.1208,331,1,0,1,3,0,0
tx_legit_003507,0,961.27,6.8693,199,1,0,3,2,0,0
tx_legit_006995,0,509.75,6.2359,860,1,0,3,1,0,0
tx_legit_004410,0,179.79,5.1973,508,1,0,1,1,0,0
tx_legit_002502,0,767.01,6.6438,631,1,0,2,14,0,0
tx_legit_005781,0,596.03,6.392,430,1,0,2,11,0,0
tx_legit_005264,0,446.65,6.104,704,1,0,5,1,0,0
tx_legit_013065,0,2036.05,7.6193,100,1,0,1,1,0,0
tx_legit_011429,0,423.85,6.0517,886,1,0,2,9,0,0
tx_legit_006399,0,118.16,4.7805,590,2,0,1,1,0,0
tx_legit_002237,0,538.58,6.2908,834,1,1,1,2,0,0
tx_legit_002723,0,678.48,6.5213,364,1,0,1,1,0,0
tx_legit_008373,0,564.6,6.3379,399,2,0,2,21,0,0
tx_legit_009237,0,307.21,5.7308,155,1,0,1,1,0,0
tx_legit_012099,0,163.02,5.1,785,1,0,1,21,0,0
tx_fraud_000244,1,2695.33,7.8996,24,13,2,4,25,0,1
tx_legit_013512,0,669.02,6.5073,476,2,0,5,1,0,0
tx_legit_001462,0,98.06,4.5957,160,1,0,1,3,0,0
tx_legit_006296,0,197.22,5.2894,557,1,0,1,1,0,0
tx_legit_000915,0,535.92,6.2858,857,1,0,2,11,0,0
tx_legit_002126,0,769.64,6.6472,561,1,1,1,1,0,0
tx_legit_008431,0,384.68,5.955,45,1,0,2,2,0,0
tx_legit_001053,0,710.3,6.5671,199,1,0,2,1,0,0
tx_legit_009502,0,263.22,5.5768,877,2,0,1,3,0,0
tx_legit_007034,0,295.51,5.6921,17,1,0,1,1,0,0
tx_legit_000206,0,191.6,5.2606,495,1,0,1,1,0,0
tx_legit_012260,0,1203.61,7.0939,847,1,0,3,1,0,0
tx_legit_004935,0,570.4,6.3481,222,1,1,1,1,0,0
tx_legit_003821,0,488.75,6.1939,82,1,1,1,1,0,0
tx_fraud_000667,1,1476.97,7.2984,245,1,0,19,8,0,0
tx_legit_001179,0,546.4,6.3052,406,1,0,2,8,0,0
tx_legit_012744,0,266.43,5.5889,28,2,0,5,1,0,0
tx_legit_003655,0,578.46,6.3621,150,1,0,1,1,0,0
tx_legit_013328,0,669.39,6.5079,550,2,0,2,15,0,0
tx_legit_008976,0,282.05,5.6456,869,2,0,2,8,0,0
tx_legit_003797,0,679.71,6.5231,769,2,0,1,1,0,0
tx_legit_008413,0,247.92,5.5171,685,1,0,1,2,0,0
tx_legit_013026,0,966.78,6.875,514,1,0,2,12,0,0
tx_legit_000511,0,630.71,6.4484,265,1,0,1,3,0,0
tx_legit_003731,0,343.25,5.8414,156,1,1,1,3,0,0
tx_legit_001433,0,351.92,5.8662,795,2,2,2,1,0,0
tx_fraud_000695,1,1474.71,7.2969,201,1,0,24,14,0,0
tx_legit_007964,0,458.18,6.1294,868,1,2,5,3,0,0
tx_legit_001710,0,330.78,5.8045,306,1,1,1,1,0,0
tx_legit_007483,0,983.94,6.8926,788,1,0,5,1,0,0
tx_legit_009105,0,741.98,6.6107,55,1,0,1,1,0,0
tx_legit_002984,0,252.07,5.5337,672,1,0,5,3,0,0
tx_legit_002061,0,839.38,6.7339,390,1,0,1,2,0,0
tx_fraud_001106,1,4089.28,8.3164,776,2,0,12,17,0,0
tx_legit_012920,0,1652.33,7.4105,319,2,0,2,1,0,0
tx_legit_004083,0,217.02,5.3846,501,1,0,4,1,0,0
tx_legit_006941,0,181.92,5.209,728,2,0,1,1,0,0
tx_legit_000410,0,943.4,6.8505,632,1,0,1,10,0,0
tx_legit_007473,0,1186.11,7.0793,801,1,0,1,13,0,0
tx_legit_006363,0,571.33,6.3497,757,1,0,1,10,0,0
tx_legit_011935,0,259.4,5.5622,562,2,0,1,2,0,0
tx_legit_012081,0,208.04,5.3425,311,1,0,1,3,0,0
tx_legit_008268,0,1106.92,7.0102,864,2,0,1,2,0,0
tx_legit_006739,0,617.79,6.4278,220,1,0,1,1,0,0
tx_legit_006271,0,235.93,5.4678,823,1,1,4,2,0,0
tx_legit_001593,0,1327.37,7.1917,285,1,0,1,1,0,0
tx_legit_011316,0,412.59,6.0249,266,1,0,2,20,0,0
tx_legit_010227,0,1212.76,7.1015,773,1,0,2,18,0,0
tx_legit_012789,0,1755.46,7.4711,925,1,1,1,4,0,0
tx_legit_006227,0,321.54,5.7762,720,2,0,1,3,0,0
tx_legit_010520,0,380.08,5.943,244,2,0,1,1,0,0
tx_legit_009593,0,314.47,5.7541,21,1,0,1,1,0,0
tx_legit_003357,0,242.72,5.496,584,1,0,1,3,0,0
tx_legit_002324,0,172.21,5.1545,491,1,0,1,22,0,0
tx_legit_007475,0,847.9,6.7439,655,1,0,2,12,0,0
tx_legit_001004,0,600.01,6.3986,977,1,0,1,1,0,0
tx_legit_012173,0,399.16,5.9919,502,1,0,1,2,0,0
tx_legit_003183,0,468.57,6.1518,606,1,1,2,8,0,0
tx_legit_012624,0,403.58,6.0028,370,1,0,1,2,0,0
tx_legit_008468,0,605.61,6.4079,513,1,2,2,12,0,0
tx_legit_007327,0,686.46,6.533,652,1,0,3,2,0,0
tx_legit_010030,0,659.69,6.4933,874,1,0,1,1,0,0
tx_legit_005277,0,287.48,5.6646,58,1,0,1,1,0,0
tx_legit_001688,0,589.81,6.3815,564,2,0,1,1,0,0
tx_legit_006061,0,733.89,6.5997,322,2,0,1,3,0,0
tx_legit_009676,0,268.1,5.5951,987,2,0,6,2,0,0
tx_legit_005030,0,845.69,6.7413,999,1,0,1,8,0,0
tx_legit_002183,0,213.44,5.368,397,1,0,1,1,0,0
tx_legit_006299,0,269.46,5.6001,103,1,0,1,3,0,0
tx_legit_007573,0,236.65,5.4708,848,1,0,1,1,0,0
tx_legit_003290,0,443.68,6.0974,812,1,0,2,1,0,0
tx_legit_001469,0,492.81,6.2022,976,1,0,1,1,0,0
tx_legit_004868,0,402.02,5.999,858,1,0,1,1,0,0
tx_fraud_001103,1,5921.58,8.6865,541,2,0,17,15,0,0
tx_legit_007871,0,635.82,6.4565,194,1,0,1,2,0,0
tx_legit_006729,0,277.44,5.6292,767,2,0,1,2,0,0
tx_fraud_000089,1,12021.84,9.3946,12,6,4,8,2,0,1
tx_legit_007167,0,376.72,5.9342,114,1,0,1,1,0,0
tx_legit_013378,0,784.12,6.6658,238,1,0,1,8,0,0
tx_legit_002551,0,1881.04,7.5401,34,1,1,1,1,0,0
tx_legit_009174,0,161.3,5.0894,807,1,1,1,1,0,0
tx_legit_002804,0,377.27,5.9356,438,1,0,1,1,0,0
tx_legit_012231,0,1099.47,7.0035,45,2,0,2,1,0,0
tx_legit_003505,0,1895.31,7.5477,569,1,0,1,1,0,0
tx_fraud_000731,1,2479.82,7.8163,100,1,0,28,14,0,0
tx_legit_008879,0,194.87,5.2775,502,1,0,1,2,0,0
tx_fraud_000798,1,2306.33,7.7438,123,1,0,27,14,0,0
tx_legit_002395,0,917.42,6.8227,520,2,0,1,2,0,0
tx_legit_009109,0,292.77,5.6828,716,1,0,1,3,0,0
tx_legit_013756,0,368.53,5.9122,781,1,0,1,19,0,0
tx_legit_013604,0,539.56,6.2926,623,1,0,3,1,0,0
tx_legit_013014,0,578.28,6.3618,340,3,0,1,3,0,0
tx_legit_000738,0,728.52,6.5924,451,1,0,6,3,0,0
tx_legit_005476,0,795.14,6.6798,406,1,0,4,3,0,0
tx_legit_006587,0,2328.51,7.7534,531,1,0,1,1,0,0
tx_legit_001885,0,520.72,6.2571,831,1,0,1,2,0,0
tx_legit_003109,0,231.31,5.4481,544,2,0,4,1,0,0
tx_legit_008510,0,580.06,6.3649,594,1,0,1,1,0,0
tx_fraud_001180,1,6349.91,8.7564,653,2,0,11,14,0,0
tx_legit_010800,0,569.37,6.3463,839,1,0,1,1,0,0
tx_legit_011131,0,320.96,5.7744,488,2,0,1,14,0,0
tx_legit_001752,0,366.76,5.9074,89,1,0,1,2,0,0
tx_fraud_000083,1,2577.37,7.8549,6,11,1,18,5,1,1
tx_legit_012511,0,569.31,6.3462,898,1,0,1,1,0,0
tx_legit_010246,0,273.12,5.6136,534,2,0,1,18,0,0
tx_legit_002434,0,221.17,5.4034,352,1,0,1,2,0,0
tx_legit_011533,0,532.42,6.2793,704,1,0,1,1,0,0
tx_legit_008891,0,314.72,5.7549,322,2,0,2,8,0,0
tx_fraud_001016,1,7122.84,8.8712,131,2,1,9,6,0,0
tx_legit_013722,0,158.29,5.0707,429,2,0,4,2,0,0
tx_legit_002572,0,350.47,5.8621,709,1,0,1,1,0,0
tx_legit_004814,0,322.53,5.7793,464,1,0,1,2,0,0
tx_legit_010763,0,1050.87,6.9583,92,2,0,1,2,0,0
tx_legit_004718,0,3068.66,8.0293,972,1,0,3,1,0,0
tx_legit_010945,0,224.12,5.4166,516,1,0,1,3,0,0
tx_legit_009758,0,850.49,6.747,276,1,0,1,2,0,0
tx_fraud_000518,1,75761.58,11.2354,7,6,6,1,1,1,1
tx_legit_009797,0,350.5,5.8622,150,1,0,1,2,0,0
tx_legit_006265,0,1024.98,6.9334,103,3,0,4,3,0,0
tx_legit_009290,0,364.49,5.9012,442,2,0,1,1,0,0
tx_legit_006198,0,425.18,6.0549,921,3,0,1,3,0,0
tx_legit_000710,0,704.47,6.5589,189,1,0,1,1,0,0
tx_legit_008539,0,1007.69,6.9164,783,1,0,3,3,0,0
tx_legit_012442,0,343.3,5.8415,570,1,0,1,19,0,0
tx_legit_003428,0,356.76,5.8799,656,1,0,4,1,0,0
tx_legit_004625,0,467.76,6.1501,33,1,0,1,10,0,0
tx_legit_003297,0,1174.08,7.0691,288,1,0,1,1,0,0
tx_legit_000642,0,1007.55,6.9163,954,1,0,1,2,0,0
tx_legit_010476,0,596.27,6.3924,534,1,1,3,3,0,0
tx_fraud_000539,1,20594.62,9.9328,4,26,9,18,29,1,1
tx_legit_011453,0,265.98,5.5872,529,3,0,1,3,0,0
tx_fraud_000849,1,2617.94,7.8705,288,1,0,1,25,0,0
tx_legit_006817,0,268.16,5.5953,675,2,0,1,3,0,0
tx_legit_004497,0,1085.59,6.9908,815,2,0,1,1,0,0
tx_legit_013121,0,624.43,6.4384,579,1,0,1,4,0,0
tx_legit_005624,0,1958.11,7.5802,827,1,1,5,2,0,0
tx_legit_001586,0,437.48,6.0833,221,1,0,1,1,0,0
tx_legit_006810,0,1264.67,7.1434,579,1,0,1,1,0,0
tx_legit_004584,0,653.97,6.4846,139,1,0,1,1,0,0
tx_legit_009706,0,768.36,6.6456,261,1,0,2,1,0,0
tx_legit_013742,0,322.2,5.7783,777,1,0,1,1,0,0
tx_legit_003573,0,142.36,4.9654,614,1,0,1,2,0,0
tx_legit_002954,0,664.52,6.5006,148,1,0,4,2,0,0
tx_legit_008498,0,389.45,5.9673,880,1,0,1,2,0,0
tx_legit_003441,0,965.38,6.8736,978,1,0,2,21,0,0
tx_legit_002042,0,425.1,6.0547,518,2,0,1,2,0,0
tx_legit_007287,0,220.16,5.3989,430,2,0,1,3,0,0
tx_legit_007041,0,330.35,5.8032,335,4,0,1,2,0,0
tx_legit_011894,0,1787.5,7.4891,864,1,0,1,2,0,0
tx_legit_005346,0,393.11,5.9766,426,1,0,1,2,0,0
tx_legit_012514,0,214.59,5.3734,207,1,0,1,1,0,0
tx_legit_012350,0,281.35,5.6431,830,1,0,1,1,0,0
tx_legit_009785,0,925.95,6.8319,137,3,0,1,3,0,0
tx_legit_004992,0,156.05,5.0566,266,1,0,1,3,0,0
tx_legit_011821,0,1083.39,6.9888,371,1,2,2,12,0,0
tx_legit_009013,0,653.16,6.4834,782,1,0,2,19,0,0
tx_legit_005114,0,442.65,6.095,493,1,0,1,1,0,0
tx_legit_003007,0,958.92,6.8668,416,1,0,2,2,0,0
tx_legit_000001,0,228.16,5.4344,610,1,2,1,2,0,0
tx_legit_008235,0,534.31,6.2828,804,1,0,1,1,0,0
tx_legit_000770,0,1420.48,7.2595,888,1,0,1,2,0,0
tx_legit_012693,0,272.15,5.61,942,1,2,1,1,0,0
tx_legit_003951,0,873.94,6.7742,667,2,0,1,1,0,0
tx_legit_007957,0,286.46,5.6611,55,1,1,1,1,0,0
tx_legit_007337,0,1815.93,7.5049,507,1,0,1,1,0,0
tx_legit_007906,0,234.17,5.4603,530,1,0,1,15,0,0
tx_legit_005794,0,136.99,4.9272,52,1,0,1,3,0,0
tx_legit_013671,0,426.77,6.0586,205,1,0,5,3,0,0
tx_legit_006637,0,520.57,6.2568,733,1,0,1,2,0,0
tx_legit_013587,0,510.56,6.2375,668,1,0,1,1,0,0
tx_legit_001453,0,406.62,6.0103,389,2,0,1,1,0,0
tx_legit_013225,0,775.26,6.6545,828,1,0,1,1,0,0
tx_legit_006131,0,243.17,5.4979,560,1,0,6,1,0,0
tx_legit_012723,0,474.69,6.1648,704,1,0,1,1,0,0
tx_fraud_000606,1,51494.65,10.8493,2,10,7,12,35,1,1
tx_legit_005218,0,511.03,6.2384,759,1,1,1,3,0,0
tx_legit_009090,0,406.2,6.0093,529,1,0,1,3,0,0
tx_legit_011253,0,1056.19,6.9634,748,1,0,4,2,0,0
tx_legit_002298,0,430.37,6.067,590,4,1,1,1,0,0
tx_legit_005543,0,404.29,6.0046,818,1,0,1,2,0,0
tx_legit_001538,0,2199.01,7.6962,962,1,0,1,4,0,0
tx_legit_013041,0,831.44,6.7244,763,1,0,5,3,0,0
tx_legit_009570,0,1186.62,7.0797,891,2,0,1,1,0,0
tx_legit_001712,0,1065.62,6.9723,879,1,0,1,4,0,0
tx_legit_010924,0,1915.74,7.5584,462,1,0,2,3,0,0
tx_legit_012256,0,269.43,5.6,695,1,0,1,21,0,0
tx_legit_009209,0,329.16,5.7996,816,2,0,3,2,0,0
tx_legit_000823,0,694.25,6.5443,639,1,0,1,16,0,0
tx_legit_007064,0,584.5,6.3725,996,1,0,1,1,0,0
tx_legit_003849,0,610.31,6.4156,849,1,0,2,1,0,0
tx_legit_008379,0,223.42,5.4135,192,1,0,1,1,0,0
tx_legit_009800,0,484.87,6.1859,22,1,0,1,1,0,0
tx_fraud_000310,1,3154.82,8.057,4,5,3,2,5,1,1
tx_legit_001165,0,207.59,5.3404,418,1,0,1,1,0,0
tx_legit_009916,0,586.49,6.3759,36,1,0,1,21,0,0
tx_legit_013579,0,702.0,6.5554,949,1,0,3,1,0,0
tx_legit_006876,0,263.91,5.5794,307,2,0,1,2,0,0
tx_legit_008593,0,592.18,6.3855,241,1,0,1,3,0,0
tx_legit_000618,0,55.18,4.0286,354,1,0,2,1,0,0
tx_legit_009270,0,284.74,5.6551,315,1,0,1,1,0,0
tx_legit_013583,0,334.02,5.8142,120,2,0,1,1,0,0
tx_fraud_000118,1,13466.94,9.5081,3,10,2,11,2,1,1
tx_legit_009218,0,587.26,6.3772,221,1,0,2,1,0,0
tx_legit_010923,0,303.15,5.7175,667,1,0,1,22,0,0
tx_fraud_000904,1,1294.18,7.1664,247,1,0,1,13,0,0
tx_legit_010730,0,341.77,5.8371,768,1,0,1,8,0,0
tx_legit_009140,0,1088.17,6.9932,30,1,2,1,1,0,0
tx_legit_003267,0,2001.67,7.6022,648,2,0,1,1,0,0
tx_legit_009350,0,438.43,6.0855,434,1,0,1,4,0,0
tx_legit_000869,0,433.58,6.0744,47,1,0,2,2,0,0
tx_legit_010918,0,1338.6,7.2001,860,1,0,3,1,0,0
tx_legit_002819,0,1404.52,7.2482,55,1,0,2,1,0,0
tx_legit_013707,0,1102.44,7.0062,969,1,0,1,1,0,0
tx_legit_006748,0,1612.99,7.3865,103,1,0,1,1,0,0
tx_legit_013644,0,553.88,6.3188,538,1,0,3,1,0,0
tx_legit_004376,0,133.74,4.9033,553,1,0,5,1,0,0
tx_legit_010381,0,1400.8,7.2455,775,1,0,1,3,0,0
tx_legit_002520,0,430.5,6.0673,267,1,0,1,1,0,0
tx_legit_000953,0,472.85,6.1609,115,1,1,1,2,0,0
tx_legit_000997,0,168.19,5.131,214,1,0,1,3,0,0
tx_legit_001621,0,946.19,6.8535,323,1,0,1,1,0,0
tx_legit_011543,0,638.3,6.4604,602,1,0,1,1,0,0
tx_legit_000545,0,284.89,5.6556,585,1,0,2,10,0,0
tx_fraud_001038,1,5547.0,8.6212,105,2,1,7,9,0,0
tx_legit_010337,0,499.24,6.2151,604,1,0,1,17,0,0
tx_legit_001162,0,914.2,6.8191,728,1,0,1,1,0,0
tx_legit_012764,0,691.36,6.5401,507,1,1,1,18,0,0
tx_legit_003540,0,988.02,6.8967,645,1,0,3,1,0,0
tx_fraud_000457,1,67944.1,11.1265,4,14,3,1,1,1,1
tx_fraud_000095,1,4915.79,8.5004,10,10,4,8,2,0,1
tx_legit_000204,0,208.1,5.3428,214,1,0,5,1,0,0
tx_legit_010013,0,517.85,6.2516,873,1,0,1,1,0,0
tx_legit_000318,0,163.35,5.102,343,1,0,1,2,0,0
tx_fraud_000919,1,3315.01,8.1065,292,1,0,1,20,0,0
tx_fraud_000466,1,75281.96,11.229,2,12,7,1,1,1,1
tx_legit_000874,0,511.56,6.2394,813,1,0,1,1,0,0
tx_legit_003780,0,697.65,6.5491,803,1,0,1,1,0,0
tx_legit_011276,0,755.39,6.6286,318,1,0,1,1,0,0
tx_legit_006644,0,420.73,6.0444,768,2,2,2,1,0,0
tx_fraud_001011,1,6982.28,8.8513,75,2,1,12,7,0,0
tx_legit_012929,0,387.27,5.9617,157,1,0,1,3,0,0
tx_legit_011841,0,458.63,6.1304,474,1,1,1,3,0,0
tx_legit_011493,0,748.96,6.62,772,2,0,1,1,0,0
tx_fraud_000619,1,20179.92,9.9125,4,13,7,15,26,1,1
tx_legit_000605,0,164.38,5.1082,123,1,0,1,1,0,0
tx_legit_001605,0,1096.71,7.001,646,1,1,1,13,0,0
tx_legit_006151,0,485.57,6.1874,738,2,0,1,1,0,0
tx_legit_009993,0,924.54,6.8304,883,1,0,1,1,0,0
tx_legit_006843,0,538.93,6.2914,656,1,0,1,1,0,0
tx_legit_002020,0,765.89,6.6423,294,2,0,1,2,0,0
tx_legit_002379,0,551.28,6.3141,160,1,0,1,1,0,0
tx_legit_000797,0,171.26,5.149,938,1,0,1,1,0,0
tx_legit_004353,0,882.98,6.7844,334,2,0,1,1,0,0
tx_fraud_000078,1,10844.81,9.2915,5,5,1,13,5,1,1
tx_legit_008826,0,414.82,6.0303,536,1,0,2,1,0,0
tx_legit_011856,0,637.29,6.4588,999,2,0,1,2,0,0
tx_legit_008626,0,288.91,5.6696,425,1,0,1,1,0,0
tx_fraud_000362,1,9982.2,9.2087,3,9,0,2,3,1,1
tx_legit_003629,0,354.84,5.8745,943,1,0,1,4,0,0
tx_legit_009449,0,811.37,6.7,928,1,0,1,3,0,0
tx_legit_004015,0,2185.03,7.6898,216,1,1,1,1,0,0
tx_legit_002396,0,431.79,6.0703,312,1,0,2,1,0,0
tx_legit_003870,0,508.1,6.2326,392,3,0,1,1,0,0
tx_legit_006208,0,170.2,5.1428,354,1,0,1,1,0,0
tx_fraud_000184,1,3503.92,8.1619,7,12,4,1,14,1,1
tx_legit_004394,0,102.37,4.6383,685,2,0,1,10,0,0
tx_legit_002735,0,305.03,5.7237,346,1,1,1,1,0,0
tx_legit_002203,0,311.35,5.7441,361,1,0,1,1,0,0
tx_legit_000469,0,1032.35,6.9406,831,2,0,1,2,0,0
tx_legit_009499,0,888.35,6.7905,781,2,0,1,1,0,0
tx_legit_006419,0,906.99,6.8112,149,1,0,1,1,0,0
tx_legit_002527,0,715.65,6.5746,200,1,0,1,1,0,0
tx_legit_013779,0,624.56,6.4386,918,2,0,2,2,0,0
tx_legit_000298,0,342.76,5.8399,211,1,0,1,1,0,0
tx_fraud_000911,1,1910.28,7.5555,370,1,0,1,21,0,0
tx_legit_010709,0,1172.37,7.0676,15,1,2,2,22,0,0
tx_legit_010163,0,576.16,6.3581,821,1,0,1,1,0,0
tx_fraud_000980,1,5960.89,8.6931,68,2,1,9,10,0,0
tx_legit_008324,0,1158.58,7.0558,398,1,1,2,22,0,0
tx_legit_003431,0,1092.23,6.9969,374,1,0,2,1,0,0
tx_legit_004680,0,503.53,6.2236,814,1,0,1,1,0,0
tx_legit_003637,0,890.27,6.7926,292,1,0,1,1,0,0
tx_legit_003539,0,1015.71,6.9243,465,1,0,2,21,0,0
tx_legit_009839,0,121.32,4.8066,454,1,0,2,1,0,0
tx_legit_011531,0,559.7,6.3292,105,1,0,1,2,0,0
tx_legit_008485,0,564.96,6.3385,565,1,0,2,1,0,0
tx_legit_004801,0,262.65,5.5746,955,1,0,1,1,0,0
tx_legit_000771,0,229.04,5.4383,511,1,0,1,2,0,0
tx_legit_008275,0,174.74,5.169,326,1,2,1,1,0,0
tx_fraud_000763,1,1208.65,7.0981,129,1,0,15,14,0,0
tx_legit_010058,0,493.78,6.2041,590,1,0,1,1,0,0
tx_legit_000537,0,358.15,5.8837,696,1,0,1,3,0,0
tx_legit_003792,0,1218.09,7.1059,666,1,0,1,2,0,0
tx_legit_010503,0,253.22,5.5382,478,1,0,2,10,0,0
tx_legit_000046,0,366.11,5.9057,354,1,0,1,1,0,0
tx_legit_002895,0,428.78,6.0633,922,1,0,1,2,0,0
tx_legit_004707,0,782.32,6.6635,705,4,0,1,3,0,0
tx_legit_002729,0,577.28,6.3601,720,2,0,1,3,0,0
tx_legit_006611,0,1723.21,7.4525,150,1,0,1,14,0,0
tx_legit_000854,0,179.64,5.1965,275,1,0,1,2,0,0
tx_legit_011383,0,273.0,5.6131,320,2,0,1,10,0,0
tx_legit_008946,0,786.67,6.6691,989,1,0,5,1,0,0
tx_legit_004374,0,502.03,6.2206,372,1,0,1,4,0,0
tx_legit_012864,0,782.69,6.664,838,1,0,1,20,0,0
tx_legit_000918,0,194.65,5.2763,524,1,0,5,3,0,0
tx_legit_009762,0,2059.19,7.6306,916,1,0,1,1,0,0
tx_legit_012697,0,1577.51,7.3642,378,1,0,2,1,0,0
tx_legit_012110,0,1371.48,7.2244,239,1,1,1,1,0,0
tx_legit_002491,0,186.66,5.2346,400,1,0,1,3,0,0
tx_legit_010403,0,481.09,6.1781,86,2,0,1,1,0,0
tx_legit_008630,0,128.74,4.8655,538,1,0,5,3,0,0
tx_legit_002253,0,519.0,6.2538,196,2,0,1,15,0,0
tx_legit_004555,0,1035.16,6.9433,24,1,0,1,2,0,0
tx_legit_004993,0,50.0,3.9318,302,1,2,5,2,0,0
tx_legit_006953,0,473.75,6.1628,993,1,0,1,1,0,0
tx_legit_000063,0,206.48,5.335,534,1,0,6,1,0,0
tx_legit_001148,0,347.04,5.8523,426,1,0,1,4,0,0
tx_legit_007416,0,224.46,5.4181,887,1,0,1,1,0,0
tx_legit_009196,0,470.4,6.1557,825,1,0,1,3,0,0
tx_legit_010257,0,507.12,6.2307,40,1,0,1,2,0,0
tx_legit_007792,0,239.36,5.4821,326,1,1,1,1,0,0
tx_fraud_000759,1,2125.23,7.6621,214,1,0,28,18,0,0
tx_legit_002708,0,756.77,6.6304,852,1,0,1,1,0,0
tx_legit_012063,0,111.69,4.7246,324,3,0,1,1,0,0
tx_legit_000325,0,1418.5,7.2581,729,1,0,1,2,0,0
tx_legit_004293,0,163.16,5.1008,901,1,0,1,2,0,0
tx_legit_011825,0,961.62,6.8697,978,1,0,1,1,0,0
tx_legit_010226,0,412.96,6.0258,460,1,0,2,9,0,0
tx_legit_011099,0,408.97,6.0161,153,1,0,2,2,0,0
tx_legit_005276,0,836.08,6.7299,115,1,0,2,15,0,0
tx_legit_009698,0,278.89,5.6344,220,1,2,1,1,0,0
tx_legit_012681,0,216.56,5.3825,154,1,0,1,2,0,0
tx_legit_006812,0,371.04,5.919,677,1,0,1,1,0,0
tx_legit_009531,0,685.03,6.5309,373,1,0,6,3,0,0
tx_legit_000052,0,2733.18,7.9136,720,1,0,6,3,0,0
tx_legit_003470,0,275.2,5.6211,84,1,0,2,3,0,0
tx_legit_013634,0,141.99,4.9628,821,1,0,1,2,0,0
tx_fraud_000167,1,3953.84,8.2827,22,16,6,1,31,0,1
tx_legit_005214,0,775.72,6.6551,52,1,0,4,2,0,0
tx_legit_002446,0,367.12,5.9084,306,1,0,1,1,0,0
tx_legit_013054,0,536.09,6.2862,851,1,0,1,2,0,0
tx_fraud_000245,1,2680.11,7.894,3,22,3,1,34,1,1
tx_legit_012549,0,318.58,5.767,700,1,0,1,16,0,0
tx_legit_013056,0,304.15,5.7208,423,1,0,1,1,0,0
tx_legit_006081,0,281.36,5.6432,150,1,0,4,3,0,0
tx_legit_001596,0,1896.51,7.5483,635,2,0,2,2,0,0
tx_legit_008227,0,365.1,5.9029,602,1,0,6,3,0,0
tx_legit_000793,0,953.43,6.8611,392,1,0,1,1,0,0
tx_legit_003500,0,666.02,6.5028,958,1,0,1,2,0,0
tx_legit_011067,0,128.81,4.8661,785,1,0,2,11,0,0
tx_legit_005105,0,288.41,5.6678,164,1,0,1,3,0,0
tx_legit_004616,0,145.05,4.9839,128,1,0,1,1,0,0
tx_legit_011563,0,596.68,6.3931,428,1,0,2,3,0,0
tx_legit_005886,0,1157.67,7.055,202,2,0,1,1,0,0
tx_legit_008832,0,239.9,5.4844,422,1,0,1,1,0,0
tx_legit_000707,0,444.07,6.0982,708,1,2,1,3,0,0
tx_legit_001436,0,603.37,6.4042,804,1,0,1,2,0,0
tx_legit_009466,0,259.08,5.561,111,1,0,1,16,0,0
tx_legit_006495,0,567.27,6.3426,418,1,0,1,2,0,0
tx_legit_002621,0,336.76,5.8223,781,2,0,1,1,0,0
tx_legit_012909,0,72.81,4.3015,750,2,0,1,3,0,0
tx_legit_004260,0,563.82,6.3365,815,1,0,1,1,0,0
tx_legit_011941,0,196.87,5.2876,807,3,0,1,1,0,0
tx_legit_011069,0,150.86,5.023,538,1,0,2,1,0,0
tx_legit_000097,0,490.73,6.1979,220,1,0,1,2,0,0
tx_legit_010245,0,532.76,6.2799,821,2,0,1,16,0,0
tx_legit_012612,0,230.93,5.4464,149,1,0,1,2,0,0
tx_legit_006322,0,439.62,6.0882,183,2,0,2,9,0,0
tx_legit_003273,0,688.54,6.536,927,1,0,1,1,0,0
tx_legit_003851,0,165.79,5.1167,590,1,0,1,1,0,0
tx_fraud_000972,1,4166.78,8.3351,109,2,1,11,7,0,0
tx_legit_000264,0,849.9,6.7463,849,1,0,2,22,0,0
tx_legit_002827,0,585.6,6.3743,84,3,0,1,4,0,0
tx_legit_013728,0,287.07,5.6632,991,1,0,2,10,0,0
tx_legit_002277,0,300.88,5.71,530,1,0,2,1,0,0
tx_legit_005638,0,230.04,5.4426,725,1,0,1,1,0,0
tx_legit_008971,0,203.7,5.3215,492,1,0,1,1,0,0
tx_legit_004110,0,453.11,6.1183,510,2,0,1,1,0,0
tx_legit_004819,0,849.94,6.7463,885,1,0,1,1,0,0
tx_legit_010497,0,287.22,5.6637,144,1,0,1,3,0,0
tx_legit_006547,0,415.49,6.0319,391,1,0,2,16,0,0
tx_legit_012163,0,730.97,6.5957,806,2,0,1,18,0,0
tx_legit_011727,0,330.58,5.8039,110,1,0,2,14,0,0
tx_legit_009225,0,573.02,6.3527,465,1,1,1,1,0,0
tx_legit_006778,0,409.59,6.0176,124,1,0,1,2,0,0
tx_fraud_000032,1,16415.77,9.7061,12,9,4,17,4,0,1
tx_legit_010696,0,931.71,6.8381,329,1,0,2,1,0,0
tx_legit_012073,0,448.05,6.1071,344,1,0,2,22,0,0
tx_legit_004456,0,408.15,6.0141,987,1,0,1,1,0,0
tx_legit_005977,0,993.43,6.9022,379,1,0,1,1,0,0
tx_legit_010248,0,1142.31,7.0417,771,2,0,1,15,0,0
tx_legit_012630,0,490.46,6.1974,189,1,1,1,13,0,0
tx_legit_000595,0,340.62,5.8337,782,1,0,2,1,0,0
tx_legit_010402,0,860.54,6.7587,329,1,0,1,1,0,0
tx_legit_001458,0,417.28,6.0362,702,1,0,1,2,0,0
tx_legit_001638,0,431.43,6.0694,550,1,0,3,2,0,0
tx_legit_002307,0,190.03,5.2524,192,1,0,1,1,0,0
tx_legit_009003,0,761.02,6.636,823,1,0,4,1,0,0
tx_legit_007446,0,238.92,5.4803,31,2,0,5,1,0,0
tx_legit_003844,0,507.36,6.2312,343,1,0,1,1,0,0
tx_legit_005761,0,238.39,5.4781,426,2,0,1,2,0,0
tx_fraud_000090,1,12020.87,9.3945,14,7,4,13,3,0,1
tx_legit_009608,0,917.7,6.823,79,2,0,1,5,0,0
tx_legit_003256,0,547.09,6.3064,568,1,0,1,1,0,0
tx_fraud_000971,1,4850.89,8.4871,177,2,1,10,5,0,0
tx_legit_007074,0,2346.33,7.761,978,1,0,2,1,0,0
tx_legit_003101,0,157.14,5.0635,15,1,0,1,1,0,0
tx_legit_007127,0,288.04,5.6666,980,2,0,1,1,0,0
tx_legit_002713,0,447.77,6.1065,124,1,0,2,10,0,0
tx_fraud_001085,1,2055.88,7.6289,833,2,0,14,8,0,0
tx_legit_006420,0,458.82,6.1308,141,1,0,1,1,0,0
tx_legit_010041,0,248.57,5.5197,387,1,1,1,13,0,0
tx_legit_002216,0,359.32,5.887,235,3,0,1,1,0,0
tx_legit_012926,0,578.89,6.3628,26,1,0,2,2,0,0
tx_legit_009578,0,948.28,6.8557,422,1,0,1,2,0,0
tx_legit_004902,0,156.27,5.058,91,1,0,3,1,0,0
tx_legit_004565,0,324.01,5.7839,675,1,0,3,1,0,0
tx_legit_012177,0,381.1,5.9457,372,1,0,1,4,0,0
tx_legit_009164,0,629.04,6.4458,439,1,0,2,16,0,0
tx_legit_004922,0,395.25,5.982,326,1,0,1,1,0,0
tx_legit_011040,0,1067.94,6.9744,436,1,0,1,2,0,0
tx_legit_002581,0,659.18,6.4925,573,1,0,2,1,0,0
tx_legit_003522,0,690.65,6.5391,180,1,0,1,2,0,0
tx_fraud_001070,1,6186.42,8.7303,732,2,0,11,14,0,0
tx_legit_000539,0,268.63,5.5971,192,2,1,1,1,0,0
tx_legit_010855,0,542.41,6.2979,576,3,0,1,2,0,0
tx_fraud_000517,1,80855.3,11.3004,4,14,6,1,1,1,1
tx_fraud_000038,1,7402.94,8.9098,11,6,1,17,4,0,1
tx_legit_005671,0,763.65,6.6394,605,3,0,6,2,0,0
tx_legit_012333,0,1368.57,7.2223,766,1,0,1,2,0,0
tx_legit_002333,0,529.3,6.2734,950,1,0,1,11,0,0
tx_legit_000433,0,199.79,5.3023,635,2,0,1,2,0,0
tx_legit_001739,0,737.98,6.6053,326,4,2,1,2,0,0
tx_legit_011251,0,504.16,6.2249,668,3,0,2,15,0,0
tx_legit_013493,0,176.2,5.1773,506,1,1,5,1,0,0
tx_legit_003920,0,712.03,6.5695,302,3,0,3,2,0,0
tx_legit_006875,0,268.85,5.5979,852,1,0,2,18,0,0
tx_legit_010281,0,389.05,5.9663,476,1,1,1,1,0,0
tx_legit_008330,0,818.3,6.7085,724,1,0,1,1,0,0
tx_legit_009909,0,234.49,5.4617,181,2,0,2,9,0,0
tx_legit_005828,0,466.71,6.1478,71,1,0,1,2,0,0
tx_legit_010879,0,1212.59,7.1013,225,3,0,1,1,0,0
tx_legit_010646,0,66.8,4.2166,958,1,1,2,1,0,0
tx_legit_000310,0,197.03,5.2884,747,1,0,1,10,0,0
tx_legit_003800,0,738.4,6.6058,108,1,0,2,19,0,0
tx_legit_012299,0,844.71,6.7402,995,1,0,1,22,0,0
tx_legit_000039,0,321.35,5.7756,158,1,0,1,1,0,0
tx_legit_006144,0,563.88,6.3366,266,2,0,6,3,0,0
tx_legit_001488,0,365.33,5.9035,269,1,1,1,2,0,0
tx_legit_011335,0,717.51,6.5772,156,3,0,6,1,0,0
tx_legit_009488,0,301.12,5.7108,101,1,0,2,20,0,0
tx_legit_013623,0,677.7,6.5202,354,1,0,1,1,0,0
tx_fraud_000034,1,10396.76,9.2493,4,7,3,8,5,1,1
tx_legit_000544,0,1583.54,7.368,708,1,0,1,1,0,0
tx_legit_002219,0,642.8,6.4674,792,1,0,1,1,0,0
tx_fraud_000253,1,11991.79,9.3921,25,9,2,4,16,0,1
tx_legit_013601,0,194.8,5.2771,189,1,1,1,1,0,0
tx_fraud_001181,1,4964.63,8.5103,826,2,0,19,14,0,0
tx_legit_008860,0,912.09,6.8168,930,1,0,3,4,0,0
tx_legit_001185,0,795.54,6.6803,774,1,0,1,1,0,0
tx_legit_007376,0,948.8,6.8563,25,1,0,1,1,0,0
tx_legit_002071,0,578.47,6.3621,311,2,0,1,1,0,0
tx_legit_001963,0,202.41,5.3152,766,1,0,1,1,0,0
tx_fraud_000957,1,3122.51,8.0467,124,2,1,10,11,0,0
tx_legit_009378,0,412.38,6.0244,76,1,0,1,2,0,0
tx_legit_010987,0,637.66,6.4594,809,2,0,1,2,0,0
tx_legit_006988,0,155.15,5.0508,532,1,0,1,2,0,0
tx_legit_001461,0,855.65,6.753,442,1,0,1,2,0,0
tx_legit_008196,0,530.72,6.2761,567,1,0,2,13,0,0
tx_legit_008761,0,746.67,6.617,976,1,0,1,1,0,0
tx_fraud_000505,1,86341.51,11.3661,4,10,3,1,1,1,1
tx_legit_010711,0,357.14,5.8809,818,1,0,1,2,0,0
tx_legit_002424,0,573.63,6.3537,342,2,0,1,2,0,0
tx_legit_004973,0,725.31,6.588,341,1,0,1,1,0,0
tx_legit_010104,0,271.19,5.6065,340,1,0,2,2,0,0
tx_legit_012721,0,131.88,4.8894,673,2,0,1,1,0,0
tx_legit_008687,0,655.37,6.4867,672,1,0,1,8,0,0
tx_legit_012259,0,457.36,6.1277,576,2,0,1,2,0,0
tx_legit_008812,0,467.5,6.1495,854,1,0,1,2,0,0
tx_legit_004173,0,598.2,6.3956,457,1,0,1,1,0,0
tx_legit_002703,0,264.09,5.5801,841,1,1,2,2,0,0
tx_legit_000247,0,1276.19,7.1524,790,1,1,2,2,0,0
tx_legit_006791,0,346.39,5.8504,588,2,1,2,2,0,0
tx_legit_005751,0,535.09,6.2843,842,1,0,1,9,0,0
tx_fraud_000387,1,4284.12,8.3629,4,6,2,5,6,1,1
tx_legit_003696,0,1297.86,7.1692,179,1,0,1,1,0,0
tx_legit_005516,0,357.75,5.8826,912,1,0,1,21,0,0
tx_legit_001037,0,468.55,6.1518,289,1,0,1,1,0,0
tx_legit_008732,0,438.79,6.0863,860,1,0,1,2,0,0
tx_legit_002669,0,428.91,6.0636,717,1,0,3,2,0,0
tx_legit_000110,0,1084.97,6.9902,954,1,0,1,2,0,0
tx_legit_013207,0,1853.14,7.5252,926,1,0,1,4,0,0
tx_legit_012050,0,421.33,6.0458,703,1,0,1,8,0,0
tx_legit_012482,0,410.29,6.0193,39,1,0,2,14,0,0
tx_fraud_000490,1,83874.23,11.3371,1,16,6,1,1,1,1
tx_legit_012038,0,376.28,5.933,96,1,0,2,19,0,0
tx_legit_004265,0,337.96,5.8259,383,1,0,1,2,0,0
tx_legit_010212,0,462.39,6.1386,100,3,0,1,2,0,0
tx_legit_004343,0,650.67,6.4795,303,4,0,2,18,0,0
tx_legit_006102,0,135.93,4.9195,876,1,0,2,2,0,0
tx_legit_000912,0,828.6,6.7209,848,1,0,1,1,0,0
tx_legit_000977,0,1083.45,6.9888,696,3,0,2,22,0,0
tx_legit_007101,0,1333.66,7.1964,796,2,0,1,12,0,0
tx_legit_004071,0,265.24,5.5844,21,2,0,1,3,0,0
tx_legit_003268,0,714.24,6.5726,256,1,1,2,16,0,0
tx_legit_003449,0,529.36,6.2736,909,1,0,1,2,0,0
tx_legit_003850,0,775.43,6.6547,102,2,0,2,1,0,0
tx_legit_010737,0,476.11,6.1677,477,1,0,1,1,0,0
tx_legit_011884,0,563.07,6.3352,525,1,0,1,1,0,0
tx_legit_002366,0,164.13,5.1067,981,1,0,1,1,0,0
tx_legit_005693,0,552.22,6.3158,786,1,0,1,1,0,0
tx_legit_007929,0,144.3,4.9788,451,1,0,1,2,0,0
tx_legit_012028,0,434.6,6.0767,592,1,0,4,3,0,0
tx_legit_008621,0,318.77,5.7676,744,2,0,1,1,0,0
tx_legit_012461,0,1709.02,7.4443,141,1,0,1,4,0,0
tx_legit_012727,0,1014.95,6.9236,507,1,0,3,3,0,0
tx_legit_005653,0,508.8,6.234,389,3,0,1,1,0,0
tx_fraud_000218,1,9739.82,9.1841,28,22,6,4,17,0,1
tx_legit_004079,0,266.37,5.5886,676,1,0,1,1,0,0
tx_legit_002780,0,2349.12,7.7622,605,1,0,1,21,0,0
tx_legit_011846,0,188.76,5.2458,67,1,0,1,1,0,0
tx_legit_005364,0,941.83,6.8489,766,2,1,1,1,0,0
tx_legit_012351,0,622.71,6.4357,354,1,0,2,1,0,0
tx_legit_010956,0,971.55,6.8799,588,1,0,4,3,0,0
tx_legit_008044,0,319.51,5.7699,281,1,0,1,1,0,0
tx_legit_004239,0,548.19,6.3084,311,2,0,2,1,0,0
tx_legit_004400,0,1052.91,6.9603,448,1,0,1,1,0,0
tx_legit_007316,0,421.68,6.0466,716,1,0,2,22,0,0
tx_legit_008170,0,2160.24,7.6784,866,1,0,3,2,0,0
tx_legit_001777,0,388.86,5.9658,115,1,0,1,1,0,0
tx_legit_002218,0,366.56,5.9069,21,1,0,2,1,0,0
tx_legit_008462,0,279.97,5.6382,292,1,0,1,2,0,0
tx_legit_003351,0,614.38,6.4222,363,3,0,1,2,0,0
tx_legit_010293,0,523.28,6.262,423,1,0,1,1,0,0
tx_fraud_001173,1,7141.21,8.8738,626,2,0,16,14,0,0
tx_legit_009100,0,2400.9,7.784,46,2,0,1,1,0,0
tx_legit_000684,0,636.17,6.457,422,1,0,4,2,0,0
tx_legit_011917,0,356.12,5.8781,553,2,1,1,1,0,0
tx_legit_007797,0,628.95,6.4456,835,1,0,1,1,0,0
tx_legit_007727,0,522.18,6.2599,107,1,0,1,11,0,0
tx_legit_008065,0,634.31,6.4541,132,1,0,1,1,0,0
tx_legit_012199,0,459.68,6.1327,116,3,0,2,12,0,0
tx_legit_009153,0,172.36,5.1554,606,1,0,1,12,0,0
tx_legit_005936,0,596.33,6.3925,408,1,0,1,1,0,0
tx_legit_000989,0,465.96,6.1462,854,1,0,1,3,0,0
tx_legit_012591,0,230.09,5.4428,111,1,0,1,2,0,0
tx_legit_007811,0,981.14,6.8897,246,1,0,1,3,0,0
tx_legit_001716,0,462.6,6.139,179,1,0,5,2,0,0
tx_fraud_000656,1,64648.78,11.0767,5,23,4,10,37,1,1
tx_legit_002989,0,919.66,6.8251,900,1,0,1,13,0,0
tx_legit_010617,0,169.74,5.1401,768,1,0,1,17,0,0
tx_legit_004968,0,645.08,6.4709,495,1,0,3,1,0,0
tx_legit_003921,0,159.09,5.0757,705,1,0,1,1,0,0
tx_legit_011782,0,214.01,5.3707,778,2,0,1,9,0,0
tx_legit_008312,0,456.41,6.1256,276,1,1,1,1,0,0
tx_legit_007522,0,462.52,6.1388,399,1,0,1,1,0,0
tx_legit_010575,0,180.24,5.1998,242,4,0,1,20,0,0
tx_legit_000498,0,881.22,6.7824,382,2,1,1,1,0,0
tx_legit_003910,0,301.91,5.7134,121,1,0,6,1,0,0
tx_legit_011644,0,1172.68,7.0679,694,1,0,4,1,0,0
tx_legit_010370,0,1069.26,6.9757,938,1,0,1,16,0,0
tx_legit_001626,0,787.04,6.6695,559,1,0,1,1,0,0
tx_legit_007967,0,1184.63,7.078,818,1,0,5,2,0,0
tx_legit_012803,0,846.78,6.7426,335,1,1,2,3,0,0
tx_legit_004434,0,489.18,6.1948,349,1,0,1,1,0,0
tx_fraud_000228,1,4477.13,8.407,17,9,2,1,34,0,1
tx_legit_013682,0,1067.77,6.9743,380,1,0,2,20,0,0
tx_legit_012165,0,518.44,6.2528,887,1,0,2,2,0,0
tx_legit_005943,0,631.5,6.4497,986,1,0,2,1,0,0
tx_legit_004270,0,759.41,6.6339,296,2,0,1,3,0,0
tx_legit_012614,0,941.85,6.8489,350,1,0,1,2,0,0
tx_legit_000366,0,1906.5,7.5535,239,1,1,1,1,0,0
tx_legit_004730,0,1740.32,7.4624,107,1,0,1,1,0,0
tx_legit_012927,0,305.71,5.7259,215,1,0,1,9,0,0
tx_legit_011519,0,548.71,6.3094,48,2,0,1,2,0,0
tx_legit_006028,0,199.92,5.3029,316,1,0,1,2,0,0
tx_legit_003288,0,340.75,5.8341,455,1,0,1,1,0,0
tx_legit_013571,0,1261.89,7.1412,818,3,0,3,2,0,0
tx_legit_009326,0,229.95,5.4422,515,1,0,1,10,0,0
tx_legit_004620,0,395.26,5.9821,294,1,0,1,1,0,0
tx_legit_003104,0,635.18,6.4555,547,1,0,1,1,0,0
tx_legit_011413,0,441.75,6.093,843,1,0,1,2,0,0
tx_legit_000789,0,288.15,5.6669,817,1,0,1,1,0,0
tx_legit_003278,0,870.19,6.7699,882,1,0,1,3,0,0
tx_legit_004383,0,1605.45,7.3818,370,1,0,1,2,0,0
tx_fraud_001003,1,7052.13,8.8612,96,2,1,14,9,0,0
tx_legit_003039,0,387.41,5.9621,167,2,0,2,14,0,0
tx_legit_012704,0,109.31,4.7033,760,1,0,1,2,0,0
tx_legit_008032,0,1055.79,6.963,418,1,0,1,15,0,0
tx_legit_000309,0,883.14,6.7846,672,1,0,1,1,0,0
tx_legit_004590,0,655.1,6.4863,363,1,0,1,1,0,0
tx_legit_007098,0,330.39,5.8033,986,1,0,1,1,0,0
tx_legit_006007,0,276.87,5.6272,290,2,0,1,1,0,0
tx_legit_002130,0,375.2,5.9301,515,1,0,1,20,0,0
tx_legit_011675,0,263.08,5.5763,493,2,0,1,4,0,0
tx_legit_010024,0,837.96,6.7322,863,1,0,1,1,0,0
tx_legit_008298,0,586.26,6.3755,315,1,0,1,1,0,0
tx_legit_013098,0,1407.04,7.25,39,1,0,1,8,0,0
tx_legit_008731,0,240.12,5.4853,61,2,2,1,18,0,0
tx_legit_007758,0,719.35,6.5797,588,1,0,1,3,0,0
tx_legit_010312,0,324.15,5.7843,634,2,0,2,1,0,0
tx_legit_011446,0,2100.31,7.6503,24,4,0,1,4,0,0
tx_legit_004128,0,751.58,6.6235,475,1,0,2,3,0,0
tx_legit_012619,0,207.45,5.3397,716,4,0,2,16,0,0
tx_legit_006171,0,185.78,5.2299,306,1,0,2,12,0,0
tx_legit_011783,0,693.27,6.5429,785,1,0,1,21,0,0
tx_legit_002855,0,871.71,6.7716,602,1,0,1,1,0,0
tx_legit_011520,0,288.51,5.6682,583,2,0,1,2,0,0
tx_legit_001899,0,240.22,5.4857,69,1,0,2,2,0,0
tx_legit_009247,0,926.26,6.8322,653,1,0,1,1,0,0
tx_legit_003248,0,460.45,6.1344,308,2,0,1,2,0,0
tx_legit_008030,0,456.53,6.1258,140,1,0,1,9,0,0
tx_legit_012252,0,755.73,6.629,891,1,0,1,20,0,0
tx_legit_008591,0,479.68,6.1752,495,2,0,1,10,0,0
tx_legit_011460,0,329.78,5.8015,878,4,0,2,3,0,0
tx_fraud_000069,1,11332.9,9.3356,9,4,2,8,4,0,0
tx_legit_000330,0,2534.51,7.8382,152,2,0,1,1,0,0
tx_legit_003082,0,544.81,6.3023,727,1,0,1,1,0,0
tx_legit_003054,0,1133.34,7.0338,635,2,1,2,16,0,0
tx_legit_007351,0,161.2,5.0888,755,1,2,3,2,0,0
tx_legit_012388,0,430.57,6.0674,999,2,0,1,1,0,0
tx_legit_009581,0,638.59,6.4608,198,1,0,2,1,0,0
tx_legit_004236,0,1902.79,7.5516,487,1,0,1,1,0,0
tx_fraud_000160,1,10880.41,9.2948,18,17,5,1,17,0,1
tx_legit_003390,0,178.1,5.1879,84,1,0,5,3,0,0
tx_legit_005245,0,525.53,6.2663,915,1,1,1,1,0,0
tx_legit_005767,0,409.5,6.0174,550,1,0,1,1,0,0
tx_legit_006826,0,110.83,4.717,380,1,2,1,8,0,0
tx_legit_000648,0,102.98,4.6442,98,1,0,2,2,0,0
tx_legit_001217,0,434.8,6.0772,99,1,0,3,3,0,0
tx_legit_002824,0,420.49,6.0438,470,2,0,1,2,0,0
tx_legit_003287,0,245.73,5.5083,528,4,1,2,19,0,0
tx_legit_005028,0,150.55,5.0209,253,1,0,1,2,0,0
tx_fraud_000393,1,10062.88,9.2167,4,9,0,5,2,1,1
tx_legit_011122,0,844.05,6.7394,478,2,0,1,1,0,0
tx_legit_000698,0,493.09,6.2027,129,1,0,4,1,0,0
tx_legit_009954,0,783.17,6.6646,716,1,0,1,1,0,0
tx_legit_002107,0,270.23,5.603,414,1,0,1,2,0,0
tx_legit_005686,0,330.17,5.8026,505,1,1,2,1,0,0
tx_legit_011900,0,419.76,6.0421,737,1,0,1,2,0,0
tx_legit_012932,0,747.5,6.6181,463,1,0,1,2,0,0
tx_legit_001101,0,229.39,5.4398,155,1,0,1,1,0,0
tx_legit_005232,0,68.49,4.2412,511,1,0,1,2,0,0
tx_legit_010448,0,1071.71,6.9779,766,1,0,1,2,0,0
tx_fraud_000302,1,8862.47,9.0897,4,4,1,5,2,1,0
tx_legit_004682,0,1266.26,7.1446,478,1,1,1,1,0,0
tx_legit_006585,0,252.02,5.5335,174,1,0,4,2,0,0
tx_legit_001257,0,397.74,5.9883,689,1,0,1,1,0,0
tx_legit_008565,0,1333.05,7.196,30,1,1,1,2,0,0
tx_legit_007998,0,361.5,5.893,220,1,0,1,1,0,0
tx_legit_003222,0,666.83,6.504,989,2,0,1,18,0,0
tx_legit_013219,0,1077.99,6.9838,472,1,0,2,2,0,0
tx_legit_000878,0,1127.45,7.0286,567,1,0,1,1,0,0
tx_legit_001173,0,706.99,6.5624,907,1,0,1,1,0,0
tx_legit_001901,0,215.84,5.3792,182,1,0,1,2,0,0
tx_legit_005012,0,599.88,6.3984,647,1,0,6,2,0,0
tx_fraud_001032,1,7332.66,8.9002,87,2,1,9,7,0,0
tx_legit_012881,0,639.16,6.4617,308,1,0,1,1,0,0
tx_legit_005023,0,211.93,5.361,476,1,0,1,1,0,0
tx_legit_009876,0,252.86,5.5368,743,2,0,1,1,0,0
tx_fraud_001094,1,5955.57,8.6923,775,2,0,12,11,0,0
tx_legit_009604,0,97.58,4.5909,976,1,0,1,2,0,0
tx_legit_004333,0,936.0,6.8427,330,1,0,1,3,0,0
tx_legit_006358,0,354.66,5.874,977,1,0,1,2,0,0
tx_legit_011053,0,537.36,6.2885,590,1,0,3,2,0,0
tx_legit_005408,0,486.33,6.1889,415,1,0,1,1,0,0
tx_legit_003057,0,265.81,5.5865,973,1,0,2,15,0,0
tx_legit_008175,0,460.2,6.1338,404,1,0,1,1,0,0
tx_legit_008595,0,1741.44,7.463,188,1,1,2,17,0,0
tx_legit_013240,0,240.65,5.4875,702,1,0,2,22,0,0
tx_legit_013718,0,1486.06,7.3046,685,1,0,6,1,0,0
tx_legit_004966,0,812.68,6.7016,813,3,0,6,1,0,0
tx_legit_007920,0,112.4,4.7309,179,1,0,1,3,0,0
tx_legit_002617,0,180.96,5.2038,90,1,0,1,1,0,0
tx_legit_007883,0,357.8,5.8828,116,3,0,3,2,0,0
tx_legit_002064,0,812.43,6.7013,381,1,0,2,1,0,0
tx_legit_000593,0,127.06,4.8525,690,1,0,1,1,0,0
tx_legit_010773,0,697.82,6.5494,539,1,0,1,2,0,0
tx_legit_004945,0,366.69,5.9072,452,1,2,1,2,0,0
tx_legit_007017,0,123.07,4.8208,604,1,0,1,2,0,0
tx_fraud_000349,1,6733.06,8.8149,3,3,3,2,5,1,0
tx_legit_006154,0,357.98,5.8833,883,1,0,1,1,0,0
tx_legit_001821,0,200.12,5.3039,230,1,0,1,15,0,0
tx_legit_004896,0,377.65,5.9366,283,1,0,1,1,0,0
tx_legit_011136,0,205.49,5.3303,283,1,0,1,2,0,0
tx_legit_011333,0,259.27,5.5617,840,2,0,1,3,0,0
tx_fraud_000793,1,803.98,6.6908,231,1,0,12,19,0,0
tx_legit_005801,0,305.71,5.7259,137,2,0,1,1,0,0
tx_fraud_000465,1,70262.55,11.16,2,10,6,1,1,1,1
tx_legit_002580,0,384.17,5.9537,684,1,1,1,2,0,0
tx_legit_006936,0,1186.42,7.0795,768,1,1,1,1,0,0
tx_legit_006567,0,417.02,6.0355,60,3,0,1,1,0,0
tx_legit_008649,0,814.95,6.7044,864,1,0,1,1,0,0
tx_legit_007016,0,346.7,5.8513,304,1,1,1,1,0,0
tx_legit_001204,0,1452.16,7.2815,169,2,0,1,3,0,0
tx_legit_004856,0,483.91,6.184,126,1,0,1,1,0,0
tx_legit_007487,0,369.9,5.9159,149,1,0,1,2,0,0
tx_legit_007593,0,501.94,6.2205,864,3,0,1,22,0,0
tx_legit_004261,0,534.64,6.2835,750,1,2,1,1,0,0
tx_legit_009113,0,2234.73,7.7123,239,1,0,1,1,0,0
tx_legit_007096,0,540.39,6.2941,519,1,0,3,2,0,0
tx_legit_002529,0,186.56,5.2341,999,1,1,1,12,0,0
tx_legit_011795,0,1723.72,7.4528,323,3,0,2,18,0,0
tx_legit_005173,0,982.67,6.8913,533,2,0,1,1,0,0
tx_legit_008436,0,150.9,5.0232,517,1,0,1,1,0,0
tx_legit_002633,0,471.06,6.1571,905,1,0,1,2,0,0
tx_fraud_000369,1,18905.76,9.8473,3,9,1,2,6,1,1
tx_legit_008752,0,524.25,6.2639,119,1,0,2,1,0,0
tx_legit_010886,0,434.14,6.0757,849,1,0,1,1,0,0
tx_legit_006598,0,472.35,6.1598,220,1,0,3,2,0,0
tx_legit_008068,0,535.16,6.2844,234,2,0,5,1,0,0
tx_legit_005315,0,733.32,6.5989,343,1,0,5,3,0,0
tx_legit_008104,0,612.75,6.4196,767,2,0,1,3,0,0
tx_legit_012277,0,135.25,4.9145,983,1,0,1,1,0,0
tx_legit_004527,0,741.94,6.6106,456,1,0,1,1,0,0
tx_legit_009477,0,682.06,6.5266,728,1,0,2,22,0,0
tx_legit_013501,0,268.16,5.5953,441,2,0,1,2,0,0
tx_legit_000324,0,391.81,5.9733,546,1,0,1,4,0,0
tx_legit_004305,0,453.88,6.12,265,1,0,1,2,0,0
tx_legit_011946,0,214.84,5.3745,634,1,0,1,1,0,0
tx_legit_011165,0,343.13,5.841,373,1,0,3,3,0,0
tx_legit_010850,0,760.35,6.6351,766,1,0,1,2,0,0
tx_legit_008913,0,606.13,6.4087,220,1,0,2,1,0,0
tx_legit_005787,0,627.78,6.4438,208,1,0,1,1,0,0
tx_legit_008212,0,196.19,5.2842,952,1,0,3,2,0,0
tx_legit_008480,0,428.89,6.0635,443,1,0,2,2,0,0
tx_legit_001612,0,1271.07,7.1484,804,1,0,1,20,0,0
tx_fraud_000732,1,1301.5,7.172,65,1,0,18,13,0,0
tx_legit_010524,0,810.3,6.6986,864,1,0,1,1,0,0
tx_fraud_000824,1,3161.71,8.0592,436,1,0,1,19,0,0
tx_legit_003835,0,517.63,6.2512,107,1,1,1,1,0,0
tx_legit_003605,0,371.85,5.9212,27,1,0,1,1,0,0
tx_legit_011299,0,879.28,6.7802,565,1,0,1,1,0,0
tx_legit_008536,0,565.65,6.3397,768,1,0,2,2,0,0
tx_legit_010965,0,393.01,5.9764,629,3,0,1,2,0,0
tx_legit_013448,0,323.64,5.7827,356,2,0,1,18,0,0
tx_legit_007477,0,683.04,6.528,684,2,1,2,2,0,0
tx_legit_013456,0,349.58,5.8596,681,1,0,1,1,0,0
tx_legit_001345,0,920.07,6.8255,860,1,0,1,1,0,0
tx_legit_012505,0,605.97,6.4085,708,1,0,1,1,0,0
tx_legit_011427,0,447.08,6.105,896,2,0,4,1,0,0
tx_legit_001405,0,656.07,6.4878,599,1,1,1,1,0,0
tx_fraud_000546,1,58704.15,10.9803,6,28,9,19,39,1,1
tx_legit_000412,0,842.03,6.737,306,1,0,1,10,0,0
tx_legit_009465,0,345.47,5.8478,294,3,0,1,1,0,0
tx_legit_009314,0,837.81,6.732,116,1,0,1,1,0,0
tx_legit_002974,0,596.45,6.3927,649,1,0,1,2,0,0
tx_legit_010970,0,245.35,5.5068,103,2,0,4,1,0,0
tx_legit_008213,0,436.98,6.0822,892,1,0,1,1,0,0
tx_legit_007687,0,1337.06,7.199,963,1,0,2,19,0,0
tx_legit_005076,0,355.4,5.8761,253,1,0,1,13,0,0
tx_legit_010197,0,345.35,5.8474,419,1,1,1,2,0,0
tx_legit_002949,0,474.98,6.1654,415,1,0,6,3,0,0
tx_legit_007805,0,170.88,5.1468,656,1,2,1,21,0,0
tx_legit_006501,0,361.82,5.8939,276,1,0,1,1,0,0
tx_legit_001043,0,452.41,6.1168,547,1,0,1,11,0,0
tx_legit_009149,0,232.16,5.4517,769,4,0,1,1,0,0
tx_fraud_000134,1,14271.75,9.5661,2,9,8,3,29,1,1
tx_legit_003728,0,605.07,6.407,675,1,0,1,17,0,0
tx_legit_003447,0,392.68,5.9755,896,1,1,1,2,0,0
tx_legit_001911,0,844.43,6.7398,686,1,0,5,2,0,0
tx_legit_006121,0,985.64,6.8943,826,1,0,1,1,0,0
tx_legit_002463,0,808.14,6.696,194,1,0,1,1,0,0
tx_legit_007637,0,170.86,5.1467,920,1,0,4,3,0,0
tx_legit_007339,0,1104.32,7.0079,356,1,0,4,1,0,0
tx_legit_009944,0,349.66,5.8598,53,4,0,1,1,0,0
tx_legit_002817,0,728.58,6.5925,787,1,0,1,1,0,0
tx_legit_008618,0,152.38,5.0329,984,1,0,1,2,0,0
tx_legit_003128,0,471.14,6.1573,566,2,0,1,1,0,0
tx_legit_007226,0,284.35,5.6537,21,1,0,3,1,0,0
tx_legit_013748,0,539.01,6.2916,48,1,0,1,1,0,0
tx_legit_003004,0,776.12,6.6556,604,1,0,1,3,0,0
tx_legit_010394,0,305.63,5.7256,696,2,0,2,2,0,0
tx_legit_007453,0,203.18,5.319,756,1,0,1,2,0,0
tx_legit_011485,0,276.45,5.6256,899,4,0,1,1,0,0
tx_legit_005339,0,157.42,5.0652,97,2,0,1,2,0,0
tx_legit_003280,0,424.64,6.0536,701,1,0,1,1,0,0
tx_legit_011569,0,569.63,6.3467,35,2,0,1,2,0,0
tx_legit_012158,0,683.77,6.5291,602,2,0,1,2,0,0
tx_legit_005201,0,123.54,4.8246,518,1,0,2,3,0,0
tx_legit_004696,0,470.78,6.1565,709,1,0,1,1,0,0
tx_legit_009200,0,1041.18,6.9491,204,1,0,1,4,0,0
tx_legit_001636,0,647.58,6.4748,454,2,0,3,1,0,0
tx_legit_009807,0,178.66,5.1911,81,1,0,3,3,0,0
tx_legit_001577,0,990.16,6.8989,474,1,0,6,3,0,0
tx_legit_007736,0,609.46,6.4142,467,1,0,1,20,0,0
tx_legit_013684,0,401.16,5.9969,842,3,0,2,8,0,0
tx_legit_008453,0,400.35,5.9948,726,1,0,1,1,0,0
tx_legit_013798,0,173.57,5.1623,819,1,0,1,1,0,0
tx_fraud_000894,1,2000.4,7.6016,328,1,0,1,19,0,0
tx_legit_001268,0,565.42,6.3393,892,1,0,1,1,0,0
tx_legit_008836,0,170.57,5.145,626,2,0,2,8,0,0
tx_legit_005392,0,268.3,5.5958,126,1,0,2,22,0,0
tx_legit_008304,0,91.07,4.5225,155,1,0,1,1,0,0
tx_legit_001328,0,390.23,5.9693,750,1,0,1,1,0,0
tx_legit_001000,0,355.09,5.8752,406,3,0,5,3,0,0
tx_legit_007111,0,174.82,5.1695,629,2,0,2,4,0,0
tx_legit_012812,0,698.36,6.5502,412,1,0,1,1,0,0
tx_legit_010170,0,486.79,6.1899,821,2,1,1,1,0,0
tx_legit_008008,0,205.16,5.3287,663,4,0,1,2,0,0
tx_legit_012556,0,1009.81,6.9185,619,1,0,1,19,0,0
tx_legit_004474,0,1398.23,7.2437,913,1,0,1,1,0,0
tx_legit_011769,0,221.1,5.4031,632,1,0,1,2,0,0
tx_legit_012374,0,479.51,6.1748,130,1,0,1,1,0,0
tx_legit_005291,0,1273.64,7.1504,936,1,0,2,15,0,0
tx_legit_003608,0,479.98,6.1758,420,2,0,1,1,0,0
tx_legit_007118,0,527.51,6.2701,738,1,0,2,2,0,0
tx_legit_001806,0,239.4,5.4823,815,4,2,1,22,0,0
tx_legit_008105,0,442.51,6.0947,315,1,0,2,11,0,0
tx_legit_004967,0,662.03,6.4968,732,1,0,1,1,0,0
tx_legit_011272,0,623.33,6.4367,841,3,0,2,1,0,0
tx_legit_010573,0,774.58,6.6536,760,1,0,1,1,0,0
tx_legit_012301,0,988.95,6.8977,643,1,0,1,1,0,0
tx_fraud_000703,1,1998.41,7.6006,158,1,0,26,20,0,0
tx_legit_013717,0,419.34,6.0411,70,3,0,1,1,0,0
tx_legit_001683,0,89.94,4.5102,295,1,0,1,3,0,0
tx_fraud_000266,1,10950.61,9.3012,3,21,2,3,22,1,1
tx_legit_008564,0,337.75,5.8253,874,1,0,4,1,0,0
tx_legit_011542,0,946.52,6.8538,704,1,0,1,2,0,0
tx_legit_002649,0,561.63,6.3326,72,1,0,1,1,0,0
tx_legit_011760,0,392.49,5.9751,145,1,0,1,2,0,0
tx_legit_009009,0,1101.85,7.0057,158,1,0,1,1,0,0
tx_legit_012457,0,273.54,5.6151,418,1,0,2,1,0,0
tx_legit_005800,0,625.5,6.4401,566,1,0,1,1,0,0
tx_legit_003061,0,671.86,6.5115,892,1,0,1,3,0,0
tx_legit_009907,0,301.74,5.7129,200,1,0,1,1,0,0
tx_legit_010214,0,892.67,6.7953,432,1,0,1,2,0,0
tx_legit_008404,0,821.57,6.7124,405,1,0,1,3,0,0
tx_legit_001564,0,612.05,6.4184,442,4,0,1,2,0,0
tx_legit_007951,0,354.92,5.8747,681,1,0,1,12,0,0
tx_legit_003866,0,346.35,5.8503,492,1,2,1,2,0,0
tx_legit_011518,0,410.22,6.0191,225,1,0,1,4,0,0
tx_legit_008579,0,734.48,6.6005,623,3,0,2,3,0,0
tx_legit_012178,0,425.48,6.0556,859,1,0,1,1,0,0
tx_fraud_001138,1,5979.6,8.6963,480,2,0,21,11,0,0
tx_fraud_000235,1,12822.17,9.459,2,14,4,4,30,1,1
tx_legit_004805,0,418.17,6.0383,53,1,0,1,1,0,0
tx_legit_010782,0,677.67,6.5201,229,1,0,3,3,0,0
tx_fraud_000279,1,8908.29,9.0948,5,9,3,4,2,1,1
tx_legit_002929,0,744.06,6.6135,476,1,0,1,17,0,0
tx_fraud_000592,1,60027.1,11.0026,5,29,6,19,17,1,1
tx_legit_008829,0,182.86,5.2142,215,2,0,2,1,0,0
tx_legit_001107,0,1212.37,7.1012,573,1,0,1,1,0,0
tx_legit_006401,0,1296.58,7.1683,936,1,0,1,1,0,0
tx_legit_006033,0,1143.22,7.0425,414,1,0,1,3,0,0
tx_legit_009297,0,983.57,6.8922,313,1,0,2,9,0,0
tx_legit_010206,0,267.2,5.5917,755,1,0,2,1,0,0
tx_legit_010036,0,831.72,6.7247,894,1,0,1,2,0,0
tx_legit_009953,0,369.46,5.9147,467,1,0,1,2,0,0
tx_legit_008193,0,372.78,5.9237,399,2,1,2,1,0,0
tx_legit_007309,0,669.47,6.508,740,1,0,1,1,0,0
tx_legit_006280,0,1008.58,6.9173,203,1,0,6,3,0,0
tx_legit_012706,0,173.25,5.1605,28,1,0,1,3,0,0
tx_legit_006962,0,2025.62,7.6141,150,2,0,1,1,0,0
tx_legit_002695,0,1860.56,7.5292,55,1,0,2,1,0,0
tx_legit_006239,0,74.97,4.3303,194,1,0,1,2,0,0
tx_legit_006769,0,431.97,6.0707,758,1,1,1,17,0,0
tx_legit_004797,0,1037.54,6.9456,654,1,0,1,12,0,0
tx_legit_011671,0,286.51,5.6613,77,1,0,1,1,0,0
tx_legit_010947,0,381.89,5.9477,578,1,0,1,5,0,0
tx_legit_006429,0,337.25,5.8238,47,1,1,2,16,0,0
tx_legit_004614,0,268.7,5.5973,941,1,0,1,2,0,0
tx_legit_013409,0,192.83,5.267,632,1,0,1,2,0,0
tx_legit_005139,0,532.13,6.2788,396,1,0,1,1,0,0
tx_legit_001327,0,304.67,5.7225,740,1,0,1,1,0,0
tx_legit_013757,0,1004.0,6.9127,767,1,0,2,1,0,0
tx_legit_006853,0,1158.38,7.0556,486,1,0,2,20,0,0
tx_fraud_000922,1,1650.77,7.4096,341,1,0,1,22,0,0
tx_legit_008735,0,77.66,4.3651,474,1,0,1,3,0,0
tx_legit_002276,0,495.95,6.2085,86,1,0,1,19,0,0
tx_legit_003915,0,234.08,5.4599,579,1,0,3,1,0,0
tx_legit_003350,0,323.07,5.781,18,2,0,1,1,0,0
tx_legit_008341,0,711.68,6.569,463,1,0,1,1,0,0
tx_legit_001129,0,695.77,6.5465,544,1,0,1,5,0,0
tx_legit_008164,0,610.53,6.416,579,1,0,1,2,0,0
tx_legit_013533,0,417.36,6.0363,524,1,0,1,17,0,0
tx_legit_007713,0,484.0,6.1841,825,1,0,2,18,0,0
tx_legit_013416,0,798.44,6.6839,179,1,0,2,2,0,0
tx_legit_011691,0,1107.3,7.0106,500,1,0,1,2,0,0
tx_fraud_000434,1,62071.25,11.0361,4,13,3,1,1,1,1
tx_legit_012172,0,663.04,6.4983,477,1,0,2,10,0,0
tx_legit_002950,0,516.84,6.2497,493,2,0,1,1,0,0
tx_legit_006341,0,548.77,6.3095,993,1,0,2,8,0,0
tx_legit_008980,0,795.84,6.6807,901,1,0,1,1,0,0
tx_legit_006850,0,315.09,5.756,299,1,0,1,1,0,0
tx_legit_006801,0,297.84,5.6999,220,1,0,1,1,0,0
tx_legit_011185,0,733.14,6.5987,989,1,0,3,1,0,0
tx_legit_004247,0,249.94,5.5252,76,1,0,1,3,0,0
tx_legit_001531,0,182.44,5.2119,221,1,0,1,19,0,0
tx_legit_001177,0,143.33,4.9721,495,1,1,1,1,0,0
tx_legit_011470,0,540.71,6.2947,819,1,0,1,19,0,0
tx_legit_005754,0,237.34,5.4737,648,1,0,1,4,0,0
tx_legit_008053,0,637.19,6.4586,27,1,0,5,3,0,0
tx_fraud_000845,1,2234.87,7.7124,258,1,0,1,16,0,0
tx_legit_012406,0,504.88,6.2263,159,1,0,1,1,0,0
tx_legit_001744,0,342.25,5.8385,155,2,0,4,2,0,0
tx_legit_013356,0,1227.45,7.1135,211,1,0,1,2,0,0
tx_legit_005249,0,170.04,5.1419,351,1,1,1,1,0,0
tx_legit_011860,0,708.11,6.564,674,1,0,1,1,0,0
tx_legit_002878,0,284.22,5.6533,639,1,0,1,1,0,0
tx_legit_000234,0,857.22,6.7549,229,1,2,1,1,0,0
tx_legit_001102,0,380.83,5.945,37,2,0,1,17,0,0
tx_legit_004030,0,512.26,6.2408,326,1,0,1,1,0,0
tx_legit_012113,0,314.53,5.7543,606,1,0,1,2,0,0
tx_legit_011819,0,203.6,5.3211,880,1,0,1,2,0,0
tx_fraud_000942,1,6210.27,8.7341,149,2,1,10,10,0,0
tx_legit_009943,0,396.69,5.9857,408,1,0,1,17,0,0
tx_legit_002408,0,858.91,6.7568,566,2,0,1,3,0,0
tx_legit_005528,0,682.02,6.5265,923,1,0,2,16,0,0
tx_legit_008919,0,713.8,6.572,908,1,0,1,1,0,0
tx_legit_007006,0,1096.71,7.001,974,1,0,1,1,0,0
tx_legit_002310,0,664.67,6.5008,799,1,0,1,1,0,0
tx_fraud_001184,1,2996.64,8.0056,497,2,0,22,18,0,0
tx_legit_004155,0,300.52,5.7088,196,1,0,1,1,0,0
tx_legit_013208,0,654.22,6.485,891,1,0,2,11,0,0
tx_legit_001276,0,753.19,6.6256,606,1,0,1,2,0,0
tx_legit_003557,0,303.86,5.7199,795,1,0,1,3,0,0
tx_legit_004440,0,447.11,6.105,214,1,0,1,14,0,0
tx_legit_004345,0,506.59,6.2297,929,2,0,1,1,0,0
tx_legit_007848,0,679.15,6.5223,487,1,0,3,1,0,0
tx_fraud_000402,1,63262.87,11.0551,2,12,3,1,1,1,1
tx_legit_005768,0,306.08,5.7271,262,1,0,1,2,0,0
tx_legit_004529,0,177.1,5.1823,323,1,0,1,1,0,0
tx_legit_005363,0,519.89,6.2555,545,1,0,1,1,0,0
tx_legit_012730,0,799.61,6.6854,440,1,0,1,18,0,0
tx_legit_011970,0,751.91,6.6239,757,1,0,2,19,0,0
tx_legit_011244,0,675.4,6.5168,822,1,0,3,3,0,0
tx_fraud_001039,1,6139.7,8.7227,144,2,1,13,7,0,0
tx_fraud_000494,1,48581.3,10.791,7,8,3,1,1,1,1
tx_legit_003624,0,859.62,6.7577,448,1,0,1,1,0,0
tx_legit_011242,0,574.58,6.3554,222,4,0,5,1,0,0
tx_legit_004282,0,499.35,6.2153,758,1,0,1,3,0,0
tx_legit_011652,0,1216.96,7.1049,347,3,0,1,1,0,0
tx_legit_011291,0,370.71,5.9181,789,1,2,1,1,0,0
tx_legit_009855,0,435.98,6.0799,534,1,0,1,1,0,0
tx_legit_006702,0,767.6,6.6446,763,1,0,1,1,0,0
tx_fraud_000560,1,45832.38,10.7328,5,22,8,20,25,1,1
tx_legit_009490,0,149.81,5.016,953,1,0,1,1,0,0
tx_legit_005385,0,96.29,4.5777,208,2,0,1,1,0,0
tx_fraud_001076,1,7366.61,8.9048,759,2,0,22,13,0,0
tx_legit_005298,0,627.71,6.4437,903,1,1,1,1,0,0
tx_legit_009866,0,587.74,6.378,471,1,0,1,1,0,0
tx_legit_007616,0,498.33,6.2133,959,1,0,2,11,0,0
tx_legit_007847,0,740.65,6.6089,927,2,0,2,21,0,0
tx_legit_002870,0,237.96,5.4763,627,1,0,6,2,0,0
tx_legit_013502,0,295.46,5.6919,96,3,0,1,1,0,0
tx_legit_007552,0,88.55,4.4948,101,1,0,1,1,0,0
tx_fraud_000648,1,40722.06,10.6145,2,21,4,15,15,1,1
tx_legit_000757,0,523.25,6.262,863,2,1,1,2,0,0
tx_legit_011983,0,391.63,5.9729,221,2,0,2,9,0,0
tx_legit_006449,0,212.02,5.3614,381,1,0,1,2,0,0
tx_legit_002693,0,750.66,6.6223,720,1,0,2,18,0,0
tx_legit_011172,0,431.54,6.0697,80,2,0,2,4,0,0
tx_legit_004646,0,827.41,6.7195,720,1,0,2,5,0,0
tx_fraud_000374,1,21937.91,9.996,4,9,1,4,2,1,1
tx_legit_008715,0,201.26,5.3096,701,3,0,1,3,0,0
tx_legit_009368,0,523.67,6.2628,977,1,0,1,3,0,0
tx_legit_002851,0,258.87,5.5602,918,2,0,1,14,0,0
tx_legit_006175,0,384.15,5.9536,807,1,0,2,1,0,0
tx_legit_012034,0,203.56,5.3209,189,1,0,1,2,0,0
tx_legit_009765,0,261.01,5.5684,123,1,0,1,1,0,0
tx_legit_010084,0,294.54,5.6888,163,1,0,3,1,0,0
tx_legit_002394,0,749.35,6.6205,159,2,0,1,2,0,0
tx_legit_012691,0,643.64,6.4687,992,1,0,1,1,0,0
tx_legit_000374,0,473.18,6.1616,532,3,0,1,3,0,0
tx_legit_011629,0,447.94,6.1069,406,1,1,1,1,0,0
tx_legit_012563,0,524.68,6.2647,831,1,0,1,3,0,0
tx_legit_003474,0,273.96,5.6166,316,1,1,1,1,0,0
tx_legit_008523,0,638.59,6.4608,19,1,0,1,1,0,0
tx_legit_011858,0,313.13,5.7498,997,2,0,2,2,0,0
tx_legit_007778,0,192.52,5.2654,246,1,0,1,8,0,0
tx_legit_007657,0,935.08,6.8417,175,2,0,1,2,0,0
tx_fraud_000074,1,8669.26,9.0677,6,12,3,13,6,1,1
tx_legit_009120,0,556.75,6.3239,320,1,0,1,11,0,0
tx_legit_009128,0,376.04,5.9324,860,2,0,1,3,0,0
tx_legit_009501,0,205.75,5.3315,201,1,0,1,2,0,0
tx_legit_010888,0,1014.37,6.923,986,1,0,1,1,0,0
tx_legit_007699,0,185.65,5.2292,533,2,0,2,14,0,0
tx_legit_002407,0,671.99,6.5117,478,1,0,2,1,0,0
tx_legit_000856,0,1535.73,7.3374,85,1,0,1,3,0,0
tx_legit_002642,0,314.17,5.7531,42,1,0,3,3,0,0
tx_legit_007227,0,275.55,5.6224,154,1,0,1,1,0,0
tx_legit_007440,0,317.77,5.7645,256,1,0,1,2,0,0
tx_legit_003158,0,569.58,6.3467,451,1,0,4,3,0,0
tx_legit_005269,0,560.37,6.3304,596,2,1,1,2,0,0
tx_legit_002820,0,419.18,6.0407,445,1,1,1,1,0,0
tx_legit_009842,0,959.82,6.8678,843,1,0,2,20,0,0
tx_legit_004544,0,366.66,5.9072,913,1,2,5,3,0,0
tx_legit_003580,0,455.06,6.1226,939,1,0,1,1,0,0
tx_legit_007956,0,763.71,6.6395,24,3,0,1,3,0,0
tx_legit_007831,0,179.79,5.1973,286,1,1,1,1,0,0
tx_legit_001212,0,708.47,6.5645,890,1,0,1,21,0,0
tx_legit_003056,0,136.66,4.9248,690,3,0,1,1,0,0
tx_legit_000688,0,327.35,5.7941,550,2,0,1,1,0,0
tx_legit_003529,0,644.39,6.4699,625,2,0,1,14,0,0
tx_legit_005240,0,1897.54,7.5488,150,1,0,1,1,0,0
tx_legit_005517,0,539.03,6.2916,949,1,0,1,3,0,0
tx_legit_012018,0,92.63,4.5394,613,3,1,1,8,0,0
tx_legit_007916,0,232.55,5.4534,506,1,0,2,1,0,0
tx_legit_012126,0,1033.86,6.942,505,2,0,2,1,0,0
tx_legit_004413,0,229.79,5.4415,186,1,0,1,1,0,0
tx_legit_004688,0,184.33,5.2221,152,1,0,1,10,0,0
tx_legit_003340,0,96.57,4.5806,126,1,0,1,1,0,0
tx_legit_003108,0,609.75,6.4147,399,1,0,1,2,0,0
tx_legit_002312,0,563.87,6.3366,732,1,0,1,1,0,0
tx_legit_002899,0,465.66,6.1456,745,1,0,2,1,0,0
tx_legit_009516,0,640.85,6.4644,440,1,2,1,4,0,0
tx_legit_009043,0,793.18,6.6773,432,1,0,2,19,0,0
tx_legit_009130,0,219.31,5.395,103,2,0,1,3,0,0
tx_legit_001136,0,517.83,6.2516,471,1,0,2,12,0,0
tx_legit_005113,0,450.6,6.1128,421,1,0,1,1,0,0
tx_legit_009002,0,284.65,5.6548,354,1,0,2,14,0,0
tx_legit_004253,0,217.45,5.3866,165,1,0,1,4,0,0
tx_legit_009435,0,196.07,5.2836,653,1,0,1,1,0,0
tx_legit_007328,0,1266.79,7.145,324,1,0,6,3,0,0
tx_legit_011768,0,647.93,6.4753,518,4,0,2,13,0,0
tx_legit_002473,0,422.26,6.048,150,2,0,1,1,0,0
tx_fraud_000964,1,6567.94,8.7901,66,2,1,12,11,0,0
tx_legit_001990,0,1281.29,7.1564,120,1,0,1,22,0,0
tx_legit_010204,0,1086.09,6.9913,141,4,0,3,1,0,0
tx_legit_007218,0,241.36,5.4904,455,1,0,1,1,0,0
tx_legit_010814,0,1075.49,6.9815,862,1,0,1,1,0,0
tx_legit_010388,0,84.96,4.4539,692,4,0,1,14,0,0
tx_legit_009246,0,304.88,5.7232,419,1,0,1,3,0,0
tx_legit_010308,0,1446.74,7.2778,990,1,0,1,1,0,0
tx_legit_013680,0,890.56,6.793,920,1,0,1,5,0,0
tx_fraud_000627,1,55151.56,10.9179,4,19,6,22,38,1,1
tx_legit_002243,0,2007.07,7.6049,770,1,0,1,1,0,0
tx_fraud_001147,1,8093.24,8.9989,426,2,0,13,8,0,0
tx_fraud_000712,1,2497.96,7.8236,64,1,0,26,13,0,0
tx_legit_003933,0,1208.98,7.0984,296,1,0,4,2,0,0
tx_legit_000633,0,225.13,5.4211,988,1,0,1,2,0,0
tx_legit_006686,0,311.22,5.7437,550,1,0,2,1,0,0
tx_legit_007421,0,434.81,6.0772,321,1,0,1,1,0,0
tx_legit_005120,0,757.13,6.6309,160,1,0,1,1,0,0
tx_legit_007976,0,354.32,5.873,604,1,0,2,22,0,0
tx_legit_008357,0,288.73,5.6689,969,4,0,1,1,0,0
tx_legit_003125,0,574.49,6.3552,910,1,0,1,2,0,0
tx_legit_005861,0,301.83,5.7132,530,1,0,1,1,0,0
tx_legit_002035,0,845.96,6.7417,532,1,0,1,2,0,0
tx_legit_012659,0,709.44,6.5659,708,1,0,2,1,0,0
tx_legit_009545,0,605.8,6.4082,941,1,0,1,17,0,0
tx_legit_008615,0,485.48,6.1872,188,1,0,2,11,0,0
tx_legit_012257,0,216.56,5.3825,15,1,0,6,3,0,0
tx_legit_008513,0,191.96,5.2625,677,1,0,1,1,0,0
tx_legit_007289,0,192.68,5.2662,355,1,0,1,1,0,0
tx_legit_010081,0,227.07,5.4297,285,2,0,1,4,0,0
tx_legit_007333,0,636.18,6.4571,681,1,0,1,1,0,0
tx_legit_008038,0,388.66,5.9653,360,1,0,1,1,0,0
tx_legit_013426,0,956.44,6.8643,206,1,0,6,2,0,0
tx_legit_013401,0,154.07,5.0439,28,2,0,1,3,0,0
tx_legit_004641,0,716.17,6.5753,90,1,0,3,3,0,0
tx_legit_012220,0,1073.36,6.9795,531,1,0,3,1,0,0
tx_fraud_000745,1,2421.75,7.7927,100,1,0,29,16,0,0
tx_legit_012473,0,1445.35,7.2768,672,1,0,1,3,0,0
tx_legit_005596,0,320.67,5.7735,631,1,0,1,1,0,0
tx_legit_010124,0,669.63,6.5082,350,1,0,1,2,0,0
tx_legit_001141,0,878.95,6.7799,85,2,0,2,2,0,0
tx_legit_004024,0,343.86,5.8431,936,1,0,1,1,0,0
tx_legit_008226,0,821.33,6.7121,52,4,0,1,1,0,0
tx_legit_000740,0,167.15,5.1249,146,1,0,1,3,0,0
tx_legit_001784,0,1320.08,7.1862,995,1,0,1,2,0,0
tx_legit_008751,0,1215.0,7.1033,330,1,0,1,3,0,0
tx_legit_006433,0,1112.07,7.0149,105,1,0,1,1,0,0
tx_legit_013483,0,1442.6,7.2749,965,1,0,1,1,0,0
tx_legit_009286,0,510.1,6.2366,536,1,0,1,1,0,0
tx_legit_005384,0,385.85,5.958,109,1,0,1,1,0,0
tx_legit_010851,0,444.48,6.0992,292,1,0,1,1,0,0
tx_legit_009123,0,270.8,5.6051,454,4,0,1,1,0,0
tx_legit_009507,0,265.5,5.5854,614,2,0,1,1,0,0
tx_legit_000199,0,291.49,5.6784,283,1,0,1,2,0,0
tx_legit_012378,0,745.58,6.6155,759,1,2,1,2,0,0
tx_legit_007359,0,927.69,6.8338,105,1,0,1,3,0,0
tx_fraud_000633,1,49992.23,10.8196,1,25,5,12,23,1,1
tx_legit_004772,0,177.46,5.1844,50,1,0,2,21,0,0
tx_legit_007955,0,1259.55,7.1393,456,1,0,1,4,0,0
tx_legit_002591,0,799.04,6.6847,893,1,0,1,1,0,0
tx_legit_012411,0,713.99,6.5723,849,1,0,2,11,0,0
tx_legit_005896,0,299.12,5.7042,26,1,0,1,1,0,0
tx_legit_010418,0,1290.54,7.1636,475,1,0,1,1,0,0
tx_legit_005914,0,626.41,6.4416,829,1,0,1,1,0,0
tx_legit_009424,0,317.83,5.7647,660,3,0,1,1,0,0
tx_legit_004279,0,499.27,6.2151,711,1,0,1,2,0,0
tx_legit_009636,0,529.46,6.2737,268,1,0,1,1,0,0
tx_legit_007045,0,243.46,5.4991,506,1,0,1,2,0,0
tx_legit_008297,0,1178.3,7.0727,657,1,0,6,3,0,0
tx_legit_013709,0,1741.49,7.4631,124,1,0,1,1,0,0
tx_legit_008258,0,175.05,5.1708,58,1,1,2,15,0,0
tx_legit_006811,0,783.09,6.6645,436,2,0,1,2,0,0
tx_legit_001155,0,1283.65,7.1582,467,3,0,1,1,0,0
tx_legit_010561,0,716.86,6.5763,256,1,0,2,9,0,0
tx_legit_002670,0,733.02,6.5985,323,1,0,1,1,0,0
tx_legit_009447,0,331.43,5.8064,150,1,0,6,3,0,0
tx_legit_002315,0,356.46,5.879,843,3,0,2,1,0,0
tx_legit_006275,0,498.24,6.2131,263,1,1,1,1,0,0
tx_legit_009752,0,555.5,6.3217,816,1,0,2,11,0,0
tx_legit_000328,0,201.41,5.3103,979,2,0,1,4,0,0
tx_legit_007462,0,1050.55,6.958,619,1,0,1,1,0,0
tx_legit_009969,0,500.48,6.2176,830,1,0,1,2,0,0
tx_legit_013306,0,1190.89,7.0833,939,3,0,1,1,0,0
tx_legit_005739,0,736.05,6.6027,336,2,0,1,4,0,0
tx_legit_006561,0,580.4,6.3654,457,2,0,1,1,0,0
tx_legit_001143,0,1442.43,7.2748,103,1,1,1,1,0,0
tx_legit_009372,0,249.43,5.5232,331,1,0,1,2,0,0
tx_legit_012565,0,857.32,6.755,111,1,0,1,1,0,0
tx_legit_009388,0,844.38,6.7398,341,1,0,1,1,0,0
tx_legit_009108,0,623.36,6.4367,905,1,0,1,1,0,0
tx_legit_003799,0,484.78,6.1858,656,2,1,1,2,0,0
tx_legit_007023,0,562.97,6.335,320,3,2,1,1,0,0
tx_legit_005098,0,214.69,5.3738,148,1,0,2,2,0,0
tx_legit_003965,0,774.06,6.6529,676,1,0,2,1,0,0
tx_legit_005273,0,690.41,6.5387,331,1,0,1,2,0,0
tx_legit_000949,0,214.66,5.3737,124,1,0,1,1,0,0
tx_legit_012425,0,1793.24,7.4923,422,1,0,1,1,0,0
tx_legit_013304,0,260.51,5.5665,763,1,0,1,1,0,0
tx_legit_007280,0,165.46,5.1148,498,1,0,2,1,0,0
tx_legit_006272,0,284.73,5.655,757,1,0,2,19,0,0
tx_legit_012686,0,329.08,5.7993,870,1,0,1,1,0,0
tx_legit_009630,0,1276.47,7.1526,539,1,0,1,2,0,0
tx_legit_012083,0,570.48,6.3482,797,1,0,1,2,0,0
tx_legit_012323,0,284.97,5.6559,492,1,0,1,1,0,0
tx_legit_008257,0,640.28,6.4635,141,1,0,1,2,0,0
tx_legit_013094,0,455.81,6.1243,844,2,0,2,1,0,0
tx_legit_006837,0,478.44,6.1726,40,1,0,5,2,0,0
tx_legit_000320,0,475.4,6.1663,84,1,0,3,2,0,0
tx_legit_001470,0,167.35,5.126,543,1,0,1,3,0,0
tx_legit_002645,0,920.67,6.8262,251,1,0,3,1,0,0
tx_legit_006489,0,1334.34,7.1969,578,1,0,2,18,0,0
tx_legit_003703,0,123.41,4.8236,485,2,0,1,20,0,0
tx_legit_011681,0,539.2,6.2919,163,1,0,1,1,0,0
tx_legit_012176,0,486.87,6.19,530,1,0,1,1,0,0
tx_legit_008451,0,412.85,6.0255,717,1,0,1,12,0,0
tx_legit_004928,0,1391.98,7.2392,669,1,0,1,2,0,0
tx_legit_000798,0,1880.02,7.5396,124,1,0,1,2,0,0
tx_legit_006435,0,299.96,5.707,245,1,0,1,2,0,0
tx_legit_006497,0,258.01,5.5569,950,2,1,3,1,0,0
tx_legit_003913,0,427.21,6.0596,313,3,0,1,1,0,0
tx_legit_001701,0,453.63,6.1195,337,2,0,1,3,0,0
tx_legit_002364,0,819.04,6.7094,23,2,0,5,1,0,0
tx_legit_012362,0,2220.71,7.706,641,1,0,1,1,0,0
tx_legit_004175,0,1215.37,7.1036,517,2,0,2,1,0,0
tx_legit_001133,0,288.12,5.6668,901,1,0,2,17,0,0
tx_legit_004034,0,987.86,6.8966,152,1,0,1,1,0,0
tx_legit_005163,0,614.2,6.4219,24,1,0,1,19,0,0
tx_fraud_000774,1,994.9,6.9036,258,1,0,27,18,0,0
tx_legit_004808,0,146.8,4.9959,366,1,0,1,4,0,0
tx_legit_006214,0,162.4,5.0962,619,1,0,1,3,0,0
tx_legit_005839,0,429.02,6.0638,870,1,1,1,3,0,0
tx_legit_011565,0,1308.94,7.1777,243,4,0,2,3,0,0
tx_legit_005246,0,524.22,6.2638,645,2,0,2,22,0,0
tx_legit_001607,0,307.79,5.7327,465,1,0,1,2,0,0
tx_legit_009584,0,497.19,6.211,263,1,0,2,12,0,0
tx_legit_010791,0,629.58,6.4466,35,1,0,2,1,0,0
tx_legit_000832,0,808.75,6.6967,755,1,0,2,9,0,0
tx_legit_000991,0,648.81,6.4767,367,1,0,1,1,0,0
tx_legit_001465,0,894.43,6.7973,627,2,0,1,1,0,0
tx_legit_012495,0,723.61,6.5856,735,1,0,1,2,0,0
tx_legit_004304,0,1022.83,6.9313,418,2,0,1,1,0,0
tx_fraud_000333,1,19940.15,9.9005,0,8,3,5,3,1,1
tx_legit_010489,0,175.37,5.1726,592,1,0,1,1,0,0
tx_legit_000420,0,1285.75,7.1599,760,4,0,1,1,0,0
tx_legit_013010,0,379.33,5.941,986,1,1,2,15,0,0
tx_legit_000686,0,601.16,6.4005,792,1,0,2,1,0,0
tx_legit_001291,0,761.64,6.6368,335,3,0,2,15,0,0
tx_legit_004107,0,958.48,6.8664,669,1,0,1,2,0,0
tx_legit_009172,0,157.93,5.0685,341,1,0,1,1,0,0
tx_legit_012521,0,258.44,5.5585,644,1,0,3,1,0,0
tx_legit_009340,0,726.78,6.59,371,1,0,2,17,0,0
tx_legit_003577,0,559.02,6.328,676,1,0,1,2,0,0
tx_legit_000377,0,167.4,5.1263,172,1,0,2,2,0,0
tx_legit_012524,0,358.69,5.8852,621,1,0,1,1,0,0
tx_legit_005474,0,1310.66,7.179,965,1,2,1,1,0,0
tx_legit_004188,0,309.32,5.7376,398,2,0,1,1,0,0
tx_fraud_000850,1,3136.17,8.0511,363,1,0,1,18,0,0
tx_legit_001776,0,490.18,6.1968,908,1,0,1,3,0,0
tx_fraud_000887,1,3327.01,8.1101,433,1,0,1,16,0,0
tx_legit_011678,0,1441.23,7.2739,242,3,0,1,1,0,0
tx_legit_001266,0,806.57,6.694,222,1,0,2,22,0,0
tx_legit_011102,0,937.62,6.8444,308,3,0,1,1,0,0
tx_legit_008296,0,301.5,5.7121,521,1,0,2,1,0,0
tx_legit_007971,0,765.34,6.6416,637,1,0,1,3,0,0
tx_legit_003436,0,752.85,6.6252,899,1,0,1,13,0,0
tx_legit_010916,0,371.76,5.9209,131,1,0,2,1,0,0
tx_legit_000349,0,614.23,6.422,231,1,0,1,2,0,0
tx_legit_006210,0,1208.67,7.0981,78,1,0,2,22,0,0
tx_legit_001512,0,228.17,5.4345,907,3,0,2,21,0,0
tx_legit_012598,0,1289.73,7.163,996,1,0,2,1,0,0
tx_legit_005122,0,515.46,6.247,965,1,0,2,19,0,0
tx_legit_005964,0,322.46,5.7791,48,1,0,1,1,0,0
tx_legit_003535,0,1262.37,7.1415,530,1,0,1,19,0,0
tx_legit_013149,0,382.41,5.9491,404,1,2,1,1,0,0
tx_legit_008161,0,589.91,6.3817,533,3,0,1,1,0,0
tx_legit_005448,0,333.99,5.8141,522,1,0,1,13,0,0
tx_legit_010194,0,273.21,5.6139,21,1,0,1,1,0,0
tx_legit_001591,0,409.17,6.0166,406,1,0,1,1,0,0
tx_legit_006868,0,522.21,6.26,723,1,0,1,1,0,0
tx_legit_005254,0,1650.0,7.4091,100,2,0,1,22,0,0
tx_legit_004677,0,314.41,5.7539,316,1,0,1,2,0,0
tx_legit_004853,0,827.69,6.7198,614,1,0,1,3,0,0
tx_legit_004908,0,66.02,4.205,949,1,0,2,10,0,0
tx_legit_007664,0,1348.73,7.2077,893,1,2,1,1,0,0
tx_legit_013376,0,823.96,6.7153,206,1,0,1,18,0,0
tx_legit_013287,0,900.92,6.8045,445,1,0,3,2,0,0
tx_fraud_000990,1,7252.04,8.8892,117,2,1,7,11,0,0
tx_legit_008904,0,605.55,6.4078,175,1,0,1,4,0,0
tx_legit_001746,0,336.76,5.8223,365,2,0,1,2,0,0
tx_legit_007455,0,230.76,5.4457,842,4,0,5,3,0,0
tx_legit_000538,0,335.42,5.8184,689,1,0,1,12,0,0
tx_fraud_000620,1,24673.6,10.1135,3,13,8,18,15,1,1
tx_legit_011482,0,438.0,6.0845,209,1,0,1,3,0,0
tx_legit_013000,0,955.74,6.8635,614,1,0,1,1,0,0
tx_fraud_000044,1,17873.86,9.7912,1,9,3,18,3,1,1
tx_legit_002173,0,682.43,6.5271,324,1,0,1,1,0,0
tx_legit_008522,0,234.96,5.4637,892,2,0,2,2,0,0
tx_legit_005160,0,682.43,6.5271,828,1,0,1,2,0,0
tx_legit_002179,0,265.19,5.5842,722,1,0,1,3,0,0
tx_legit_003897,0,458.23,6.1296,708,1,0,1,4,0,0
tx_legit_012622,0,512.53,6.2413,320,1,2,1,15,0,0
tx_legit_012758,0,601.42,6.401,663,1,0,1,1,0,0
tx_legit_007945,0,1027.44,6.9358,655,1,0,1,1,0,0
tx_legit_004650,0,405.28,6.007,979,1,0,1,2,0,0
tx_legit_005868,0,627.54,6.4434,569,1,0,5,2,0,0
tx_legit_002091,0,281.68,5.6443,220,1,2,1,1,0,0
tx_legit_013654,0,337.43,5.8243,838,1,0,1,1,0,0
tx_legit_002086,0,357.84,5.8829,952,1,0,1,1,0,0
tx_legit_000403,0,323.71,5.7829,393,3,2,2,1,0,0
tx_legit_000756,0,457.26,6.1274,273,1,1,1,13,0,0
tx_legit_008331,0,235.3,5.4651,144,1,0,1,4,0,0
tx_legit_012674,0,524.68,6.2647,901,2,0,1,2,0,0
tx_legit_009316,0,2065.6,7.6337,509,1,0,1,1,0,0
tx_legit_000327,0,354.39,5.8732,669,1,1,1,11,0,0
tx_legit_001625,0,1044.02,6.9518,426,1,0,2,18,0,0
tx_legit_008401,0,472.16,6.1594,95,1,0,1,1,0,0
tx_legit_008606,0,293.9,5.6866,795,1,0,1,3,0,0
tx_legit_010202,0,954.75,6.8625,649,2,0,1,3,0,0
tx_legit_002788,0,1508.82,7.3197,223,1,0,6,3,0,0
tx_legit_004074,0,931.94,6.8383,361,1,0,2,14,0,0
tx_legit_010795,0,1098.78,7.0029,498,1,1,1,18,0,0
tx_legit_012206,0,892.94,6.7956,567,2,0,1,17,0,0
tx_legit_004816,0,711.01,6.5681,561,1,0,1,18,0,0
tx_legit_012751,0,321.33,5.7756,684,1,2,1,1,0,0
tx_legit_007270,0,204.91,5.3274,815,2,0,1,1,0,0
tx_legit_003585,0,179.25,5.1943,294,2,0,2,1,0,0
tx_fraud_001124,1,7745.51,8.955,547,2,0,17,12,0,0
tx_legit_005773,0,653.47,6.4838,741,1,0,1,5,0,0
tx_legit_011201,0,368.21,5.9114,107,1,0,6,3,0,0
tx_legit_003517,0,816.7,6.7065,191,1,0,4,1,0,0
tx_legit_001993,0,1144.54,7.0436,256,2,0,1,1,0,0
tx_legit_011974,0,584.11,6.3718,345,1,0,1,1,0,0
tx_legit_006918,0,373.91,5.9267,632,2,0,1,1,0,0
tx_legit_009451,0,350.66,5.8627,759,1,0,2,9,0,0
tx_legit_007934,0,398.12,5.9893,883,1,0,1,2,0,0
tx_legit_003121,0,220.33,5.3997,286,1,0,1,2,0,0
tx_legit_008280,0,246.22,5.5103,450,1,0,1,14,0,0
tx_fraud_000567,1,26970.62,10.2025,5,20,6,20,28,1,1
tx_fraud_000812,1,1263.17,7.1422,273,1,0,1,17,0,0
tx_legit_004514,0,503.69,6.2239,365,1,0,3,4,0,0
tx_legit_007783,0,335.4,5.8183,58,1,0,2,1,0,0
tx_legit_011313,0,291.68,5.6791,605,1,0,1,2,0,0
tx_legit_010310,0,886.9,6.7889,24,1,0,3,1,0,0
tx_legit_001602,0,216.54,5.3824,236,1,0,1,1,0,0
tx_legit_007741,0,772.69,6.6512,223,1,0,4,3,0,0
tx_legit_010059,0,343.68,5.8426,219,1,0,1,9,0,0
tx_legit_012044,0,816.34,6.7061,537,1,0,1,2,0,0
tx_legit_001499,0,1244.23,7.1271,23,1,0,2,2,0,0
tx_legit_011784,0,456.27,6.1253,553,2,0,4,1,0,0
tx_legit_013258,0,226.76,5.4283,583,1,0,1,16,0,0
tx_legit_002162,0,351.58,5.8653,661,1,0,1,3,0,0
tx_legit_003786,0,698.61,6.5505,117,2,2,1,1,0,0
tx_legit_003047,0,1141.51,7.041,877,2,0,2,1,0,0
tx_legit_010422,0,1060.45,6.9674,382,1,0,3,2,0,0
tx_legit_008905,0,638.1,6.4601,688,1,0,1,1,0,0
tx_legit_007685,0,731.38,6.5963,703,1,0,4,1,0,0
tx_legit_005819,0,899.9,6.8034,328,3,0,1,2,0,0
tx_legit_008924,0,689.2,6.537,633,2,0,1,2,0,0
tx_legit_000416,0,396.09,5.9842,49,1,0,2,18,0,0
tx_legit_005747,0,387.6,5.9626,316,1,0,2,1,0,0
tx_legit_000220,0,748.75,6.6197,319,1,0,6,2,0,0
tx_legit_001891,0,189.13,5.2477,673,4,0,1,1,0,0
tx_legit_010134,0,188.15,5.2425,419,1,0,2,3,0,0
tx_legit_011449,0,295.57,5.6923,310,1,0,1,2,0,0
tx_fraud_000652,1,47147.3,10.7611,0,11,10,21,16,1,1
tx_legit_007048,0,1098.56,7.0027,238,1,0,2,2,0,0
tx_fraud_000204,1,8396.8,9.0357,7,16,2,2,17,1,1
tx_legit_009815,0,1006.89,6.9156,261,1,0,1,3,0,0
tx_legit_006113,0,637.79,6.4596,35,2,0,3,1,0,0
tx_legit_007063,0,1527.52,7.3321,431,1,0,1,3,0,0
tx_legit_006060,0,1194.48,7.0863,717,1,0,1,3,0,0
tx_legit_006688,0,616.34,6.4254,665,4,1,1,2,0,0
tx_legit_008131,0,215.78,5.3789,947,1,0,1,1,0,0
tx_legit_006574,0,81.3,4.4104,285,1,0,2,1,0,0
tx_fraud_000828,1,2200.33,7.6968,344,1,0,1,22,0,0
tx_legit_009725,0,299.23,5.7045,892,1,0,1,2,0,0
tx_legit_005015,0,572.57,6.3519,901,3,0,3,2,0,0
tx_legit_006609,0,677.83,6.5204,856,1,1,1,1,0,0
tx_legit_007482,0,2044.72,7.6235,803,4,0,2,1,0,0
tx_legit_004392,0,246.07,5.5097,308,1,0,2,12,0,0
tx_legit_009569,0,664.01,6.4998,627,1,0,3,3,0,0
tx_legit_000576,0,538.6,6.2908,653,1,0,1,1,0,0
tx_fraud_000525,1,66751.98,11.1088,9,16,7,1,1,0,1
tx_fraud_000150,1,13881.75,9.5384,23,24,2,1,15,0,1
tx_legit_012203,0,237.39,5.4739,366,1,0,1,12,0,0
tx_legit_012581,0,407.97,6.0136,635,1,0,1,1,0,0
tx_legit_005091,0,365.59,5.9042,892,1,0,2,2,0,0
tx_legit_009101,0,248.64,5.52,30,2,0,1,8,0,0
tx_legit_009981,0,136.54,4.9239,432,2,0,1,1,0,0
tx_legit_008659,0,192.67,5.2662,638,1,1,1,1,0,0
tx_legit_004734,0,258.35,5.5582,980,2,0,4,2,0,0
tx_legit_011110,0,452.44,6.1169,454,1,0,1,1,0,0
tx_legit_006834,0,477.64,6.1709,520,1,1,1,1,0,0
tx_legit_000362,0,1263.22,7.1422,56,1,0,1,1,0,0
tx_legit_010522,0,346.1,5.8496,600,2,0,1,2,0,0
tx_legit_003922,0,564.38,6.3375,789,1,1,1,1,0,0
tx_legit_001858,0,1028.27,6.9366,962,2,0,2,1,0,0
tx_fraud_000299,1,5680.38,8.6449,1,7,2,5,5,1,1
tx_legit_005497,0,1537.31,7.3384,142,2,0,1,1,0,0
tx_legit_001085,0,285.19,5.6567,117,2,0,1,19,0,0
tx_fraud_001031,1,7140.15,8.8736,146,2,1,15,7,0,0
tx_legit_010681,0,439.79,6.0886,741,2,1,5,1,0,0
tx_legit_012123,0,282.7,5.6479,370,1,0,1,19,0,0
tx_legit_008645,0,804.5,6.6915,831,1,1,1,1,0,0
tx_legit_012866,0,152.7,5.035,150,1,0,1,2,0,0
tx_legit_002922,0,210.71,5.3552,341,1,0,2,2,0,0
tx_legit_004804,0,1803.22,7.4979,374,1,0,2,1,0,0
tx_legit_009085,0,1717.69,7.4493,21,1,0,1,1,0,0
tx_legit_013188,0,779.15,6.6595,736,1,0,1,1,0,0
tx_legit_006212,0,324.44,5.7852,296,1,1,1,2,0,0
tx_legit_011510,0,328.71,5.7982,892,1,0,1,1,0,0
tx_legit_004910,0,192.44,5.265,679,1,0,1,3,0,0
tx_legit_011870,0,1996.49,7.5996,208,1,1,1,1,0,0
tx_legit_009345,0,757.49,6.6313,690,2,0,3,3,0,0
tx_legit_011504,0,932.89,6.8394,292,2,0,1,1,0,0
tx_legit_003596,0,376.82,5.9344,674,1,0,1,4,0,0
tx_legit_013526,0,173.44,5.1616,619,1,1,3,1,0,0
tx_legit_006658,0,1072.22,6.9784,200,1,0,1,1,0,0
tx_legit_005617,0,267.23,5.5918,408,2,0,1,1,0,0
tx_legit_002211,0,628.85,6.4455,493,1,0,1,1,0,0
tx_legit_011175,0,217.08,5.3849,909,1,0,5,2,0,0
tx_legit_008705,0,206.18,5.3336,634,2,0,1,10,0,0
tx_legit_004860,0,480.35,6.1766,866,1,0,1,1,0,0
tx_legit_004593,0,652.9,6.483,181,1,0,1,3,0,0
tx_legit_000091,0,671.88,6.5116,205,2,0,4,1,0,0
tx_legit_001378,0,119.71,4.7934,770,1,0,1,2,0,0
tx_legit_012983,0,746.65,6.6169,152,1,0,2,1,0,0
tx_legit_006787,0,362.01,5.8944,952,1,0,2,1,0,0
tx_fraud_001129,1,3750.26,8.2298,553,2,0,19,9,0,0
tx_legit_007032,0,342.15,5.8382,415,2,0,1,1,0,0
tx_legit_006736,0,649.52,6.4778,320,1,0,1,1,0,0
tx_legit_004905,0,373.88,5.9266,553,1,0,2,1,0,0
tx_legit_009791,0,1167.91,7.0638,803,3,0,1,1,0,0
tx_legit_003994,0,462.14,6.138,124,3,0,1,1,0,0
tx_legit_005434,0,824.36,6.7158,265,1,0,1,10,0,0
tx_legit_003430,0,577.32,6.3601,940,3,0,1,1,0,0
tx_legit_006411,0,1159.19,7.0563,519,1,0,1,1,0,0
tx_legit_007714,0,280.66,5.6407,107,1,0,2,8,0,0
tx_legit_003598,0,514.13,6.2444,355,1,1,1,15,0,0
tx_legit_001981,0,408.92,6.016,791,1,0,1,3,0,0
tx_legit_002100,0,254.79,5.5444,217,1,0,4,3,0,0
tx_legit_008850,0,2582.37,7.8569,649,1,1,2,1,0,0
tx_legit_004462,0,594.51,6.3894,592,1,0,1,4,0,0
tx_legit_004167,0,1201.28,7.092,290,1,0,3,2,0,0
tx_legit_012859,0,351.03,5.8637,538,1,0,1,20,0,0
tx_legit_002114,0,260.58,5.5667,804,1,0,2,22,0,0
tx_legit_004543,0,697.77,6.5493,306,1,0,1,8,0,0
tx_legit_011633,0,653.04,6.4832,187,2,0,1,1,0,0
tx_legit_003496,0,611.02,6.4168,354,1,2,1,16,0,0
tx_legit_001111,0,770.48,6.6483,422,2,0,1,2,0,0
tx_legit_004854,0,1188.87,7.0816,79,1,0,3,1,0,0
tx_legit_000970,0,252.08,5.5337,906,1,0,1,1,0,0
tx_legit_005759,0,243.34,5.4986,843,1,0,2,2,0,0
tx_legit_004622,0,694.14,6.5441,204,1,0,1,2,0,0
tx_legit_007851,0,912.97,6.8178,878,1,0,3,2,0,0
tx_legit_000334,0,700.14,6.5527,945,1,0,4,3,0,0
tx_legit_004053,0,1230.71,7.1162,602,1,0,1,1,0,0
tx_legit_010955,0,233.45,5.4572,241,1,0,2,1,0,0
tx_legit_004369,0,1612.18,7.386,247,1,0,1,1,0,0
tx_legit_002619,0,487.74,6.1918,656,2,0,2,1,0,0
tx_legit_002375,0,669.22,6.5076,941,1,0,2,11,0,0
tx_legit_006961,0,633.95,6.4535,392,2,0,1,10,0,0
tx_legit_010875,0,2186.8,7.6907,531,2,0,1,1,0,0
tx_legit_003377,0,872.56,6.7726,141,1,1,2,2,0,0
tx_legit_007371,0,261.77,5.5713,767,1,0,1,1,0,0
tx_legit_010029,0,275.23,5.6212,451,2,0,1,3,0,0
tx_legit_004671,0,1656.17,7.4129,578,1,0,1,2,0,0
tx_fraud_000709,1,1347.54,7.2068,255,1,0,14,9,0,0
tx_legit_007005,0,735.45,6.6018,949,1,0,1,1,0,0
tx_legit_009576,0,863.41,6.762,641,1,0,1,4,0,0
tx_legit_010122,0,1015.89,6.9245,336,1,0,1,1,0,0
tx_legit_009229,0,1054.98,6.9622,804,2,0,1,1,0,0
tx_legit_012944,0,680.51,6.5243,518,3,0,3,1,0,0
tx_legit_008840,0,1670.52,7.4215,399,1,0,2,18,0,0
tx_legit_004629,0,1724.17,7.4531,264,1,0,1,1,0,0
tx_legit_013082,0,2513.82,7.83,276,1,0,1,1,0,0
tx_legit_005553,0,449.08,6.1094,974,1,2,1,1,0,0
tx_legit_013629,0,1295.73,7.1676,599,1,0,1,2,0,0
tx_legit_000139,0,226.87,5.4288,814,4,0,1,2,0,0
tx_legit_011886,0,394.6,5.9804,180,1,0,1,2,0,0
tx_legit_004090,0,468.91,6.1525,186,1,0,2,16,0,0
tx_legit_012903,0,575.15,6.3564,938,1,0,1,3,0,0
tx_legit_002578,0,366.9,5.9078,532,1,0,1,1,0,0
tx_legit_008627,0,729.75,6.5941,357,2,0,1,1,0,0
tx_legit_010994,0,1206.8,7.0966,305,1,0,1,19,0,0
tx_fraud_000376,1,11760.1,9.3726,4,5,2,5,2,1,1
tx_legit_001354,0,735.64,6.6021,292,1,0,1,1,0,0
tx_legit_000831,0,490.56,6.1976,891,1,2,2,9,0,0
tx_legit_008100,0,224.53,5.4185,167,1,0,1,1,0,0
tx_legit_013431,0,3327.08,8.1102,474,2,0,1,3,0,0
tx_legit_007740,0,1013.08,6.9217,222,2,0,1,2,0,0
tx_legit_000180,0,351.99,5.8664,868,1,0,2,10,0,0
tx_legit_009333,0,603.02,6.4036,742,2,0,2,12,0,0
tx_legit_010780,0,783.22,6.6647,52,2,0,6,2,0,0
tx_legit_006964,0,1081.79,6.9873,292,1,0,1,1,0,0
tx_legit_006694,0,596.73,6.3931,427,1,0,1,3,0,0
tx_fraud_000547,1,39285.32,10.5786,7,18,6,23,26,1,1
tx_legit_000677,0,730.15,6.5946,480,2,0,3,1,0,0
tx_legit_011560,0,1745.95,7.4656,541,2,0,1,1,0,0
tx_legit_010736,0,412.42,6.0245,643,1,0,1,1,0,0
tx_legit_005998,0,825.43,6.7171,229,2,0,1,1,0,0
tx_legit_000479,0,291.76,5.6794,381,1,0,1,2,0,0
tx_legit_003014,0,445.9,6.1023,684,1,0,1,1,0,0
tx_legit_002094,0,571.68,6.3503,945,1,0,5,1,0,0
tx_legit_004782,0,838.74,6.7331,986,1,0,5,3,0,0
tx_legit_000764,0,1445.06,7.2766,851,1,0,1,1,0,0
tx_legit_013324,0,362.09,5.8947,866,1,0,1,1,0,0
tx_legit_008833,0,835.5,6.7292,324,1,0,1,2,0,0
tx_legit_008795,0,211.02,5.3567,534,2,2,5,2,0,0
tx_legit_007081,0,392.38,5.9748,842,1,0,1,18,0,0
tx_fraud_000061,1,8833.58,9.0864,13,8,3,16,5,0,1
tx_legit_008091,0,282.52,5.6473,345,1,0,1,1,0,0
tx_legit_011622,0,228.82,5.4373,939,1,0,1,1,0,0
tx_legit_008339,0,388.7,5.9654,142,2,0,1,2,0,0
tx_legit_009004,0,597.56,6.3945,298,1,0,2,9,0,0
tx_legit_002118,0,978.87,6.8874,565,3,1,2,12,0,0
tx_legit_011241,0,488.5,6.1934,241,2,0,1,10,0,0
tx_fraud_000047,1,10137.4,9.2241,9,6,3,9,4,0,1
tx_legit_006870,0,658.38,6.4913,158,1,0,2,2,0,0
tx_legit_012675,0,416.35,6.0339,418,1,0,3,2,0,0
tx_legit_000635,0,1090.89,6.9957,319,1,1,3,1,0,0
tx_legit_010391,0,729.54,6.5938,189,1,0,1,1,0,0
tx_legit_013351,0,410.94,6.0209,80,3,0,1,2,0,0
tx_legit_006403,0,840.94,6.7357,877,1,0,5,1,0,0
tx_legit_000161,0,206.17,5.3335,715,1,0,1,1,0,0
tx_fraud_000737,1,1869.5,7.534,62,1,0,12,18,0,0
tx_legit_011229,0,285.37,5.6573,949,1,0,1,1,0,0
tx_legit_003736,0,352.04,5.8666,76,1,0,1,1,0,0
tx_legit_007868,0,537.31,6.2884,302,1,0,2,9,0,0
tx_legit_000569,0,573.95,6.3543,677,1,1,1,3,0,0
tx_legit_007655,0,296.08,5.694,748,1,0,3,2,0,0
tx_legit_004289,0,1492.6,7.3089,360,2,0,1,2,0,0
tx_legit_010108,0,1126.46,7.0277,906,1,0,2,3,0,0
tx_legit_003117,0,176.52,5.1791,883,1,1,1,3,0,0
tx_legit_012295,0,531.27,6.2772,828,1,0,1,2,0,0
tx_legit_002398,0,182.46,5.212,241,1,0,1,1,0,0
tx_legit_004978,0,164.41,5.1084,345,1,0,2,20,0,0
tx_legit_000148,0,739.34,6.6071,690,1,0,1,12,0,0
tx_legit_003757,0,928.04,6.8342,771,1,0,3,1,0,0
tx_legit_010897,0,552.99,6.3171,738,1,0,1,1,0,0
tx_legit_001137,0,584.87,6.3731,226,1,0,1,1,0,0
tx_legit_010673,0,533.42,6.2812,823,1,0,1,1,0,0
tx_legit_004628,0,864.83,6.7637,827,1,0,1,14,0,0
tx_legit_008799,0,799.76,6.6856,381,1,0,2,1,0,0
tx_legit_000227,0,487.46,6.1913,877,1,0,2,8,0,0
tx_legit_010898,0,313.65,5.7515,882,1,0,1,1,0,0
tx_fraud_000797,1,1665.13,7.4183,95,1,0,27,9,0,0
tx_legit_009371,0,196.8,5.2873,402,1,0,1,3,0,0
tx_legit_012170,0,419.35,6.0411,521,1,0,1,1,0,0
tx_legit_010156,0,325.14,5.7873,148,1,0,1,2,0,0
tx_legit_006839,0,320.32,5.7724,863,1,0,1,1,0,0
tx_legit_003271,0,305.69,5.7258,307,2,0,1,20,0,0
tx_legit_000722,0,305.89,5.7265,860,1,0,1,3,0,0
tx_legit_001424,0,1073.35,6.9795,504,1,0,5,3,0,0
tx_legit_008942,0,1109.02,7.0121,540,1,0,1,2,0,0
tx_legit_009864,0,435.25,6.0782,58,1,0,1,1,0,0
tx_legit_003245,0,477.18,6.17,606,1,0,1,1,0,0
tx_legit_007839,0,646.72,6.4735,131,1,2,1,1,0,0
tx_legit_007389,0,286.33,5.6606,989,3,0,1,1,0,0
tx_legit_013441,0,672.85,6.513,815,1,0,2,20,0,0
tx_legit_000739,0,172.82,5.158,290,1,0,1,2,0,0
tx_legit_008097,0,1168.21,7.0641,882,1,1,2,1,0,0
tx_legit_009795,0,164.91,5.1114,895,1,0,1,1,0,0
tx_legit_011474,0,410.87,6.0207,537,2,0,2,22,0,0
tx_legit_002881,0,1323.66,7.1889,522,1,1,2,14,0,0
tx_legit_005179,0,615.89,6.4247,778,3,0,1,10,0,0
tx_legit_013088,0,497.04,6.2107,247,3,0,1,1,0,0
tx_legit_009895,0,555.21,6.3211,443,1,0,1,16,0,0
tx_legit_001782,0,214.2,5.3716,155,3,0,1,2,0,0
tx_legit_013114,0,1639.2,7.4026,245,1,0,1,1,0,0
tx_legit_002710,0,1243.26,7.1263,419,1,1,5,2,0,0
tx_legit_007306,0,254.07,5.5415,514,1,0,4,3,0,0
tx_legit_005829,0,864.66,6.7635,775,1,0,2,1,0,0
tx_fraud_000823,1,2990.68,8.0036,336,1,0,1,16,0,0
tx_legit_012146,0,789.41,6.6726,672,1,0,1,1,0,0
tx_legit_004723,0,565.83,6.3401,206,1,0,1,2,0,0
tx_legit_012341,0,532.37,6.2792,660,2,0,1,22,0,0
tx_fraud_000471,1,62373.61,11.0409,7,7,3,1,1,1,1
tx_legit_006079,0,507.83,6.2321,509,1,1,2,1,0,0
tx_legit_001805,0,427.05,6.0592,443,2,0,5,1,0,0
tx_legit_003130,0,519.46,6.2547,308,1,0,1,1,0,0
tx_legit_004927,0,396.56,5.9853,916,1,0,1,1,0,0
tx_legit_000746,0,435.92,6.0798,883,1,0,2,12,0,0
tx_legit_008490,0,812.67,6.7016,255,1,0,1,1,0,0
tx_legit_007112,0,291.58,5.6787,401,1,0,2,13,0,0
tx_legit_008747,0,444.57,6.0994,217,1,1,1,3,0,0
tx_legit_012976,0,805.52,6.6927,106,1,0,1,3,0,0
tx_legit_001106,0,621.28,6.4334,820,1,0,1,2,0,0
tx_legit_008682,0,1329.85,7.1936,55,1,0,6,2,0,0
tx_legit_011380,0,238.91,5.4803,741,2,0,1,1,0,0
tx_fraud_000775,1,1010.75,6.9194,213,1,0,24,11,0,0
tx_legit_002082,0,331.38,5.8063,187,1,0,1,17,0,0
tx_legit_005027,0,995.55,6.9043,945,3,1,6,2,0,0
tx_legit_009324,0,334.4,5.8153,907,2,0,1,1,0,0
tx_fraud_001044,1,3609.74,8.1917,46,2,1,6,12,0,0
tx_legit_010008,0,1319.37,7.1857,701,1,0,1,2,0,0
tx_legit_006841,0,434.26,6.0759,616,3,0,1,3,0,0
tx_legit_011776,0,1004.11,6.9129,488,1,0,5,2,0,0
tx_legit_013771,0,1325.58,7.1904,892,2,0,2,1,0,0
tx_legit_005100,0,341.21,5.8354,38,1,0,1,1,0,0
tx_legit_012448,0,394.55,5.9803,216,1,0,1,3,0,0
tx_legit_008183,0,681.64,6.526,92,2,0,2,1,0,0
tx_legit_001705,0,481.21,6.1784,456,1,2,1,1,0,0
tx_legit_004365,0,915.18,6.8202,264,1,0,1,1,0,0
tx_legit_008662,0,131.37,4.8856,396,2,0,6,2,0,0
tx_legit_004642,0,668.21,6.5061,565,1,0,2,9,0,0
tx_legit_005756,0,4422.17,8.3946,590,1,0,2,1,0,0
tx_legit_008041,0,484.63,6.1854,727,1,0,1,1,0,0
tx_legit_013455,0,551.97,6.3153,158,1,0,1,1,0,0
tx_legit_001556,0,348.11,5.8554,81,1,0,2,2,0,0
tx_legit_005598,0,825.04,6.7166,921,3,0,1,2,0,0
tx_legit_005323,0,346.22,5.85,364,1,0,1,1,0,0
tx_legit_001063,0,530.43,6.2756,267,1,1,6,2,0,0
tx_legit_001255,0,420.52,6.0439,477,1,0,1,2,0,0
tx_legit_010168,0,315.29,5.7567,663,3,0,5,1,0,0
tx_legit_005608,0,501.14,6.2189,701,1,0,1,1,0,0
tx_fraud_001162,1,7297.38,8.8954,899,2,0,20,17,0,0
tx_fraud_000805,1,1445.82,7.2771,361,1,0,1,14,0,0
tx_legit_009232,0,692.47,6.5417,583,1,0,1,1,0,0
tx_legit_004871,0,799.22,6.6849,397,2,0,2,3,0,0
tx_legit_002523,0,648.5,6.4762,832,1,0,1,4,0,0
tx_legit_012660,0,747.66,6.6183,702,2,0,1,2,0,0
tx_fraud_000043,1,13016.13,9.474,14,9,4,8,6,0,1
tx_legit_010298,0,545.12,6.3028,941,1,1,1,2,0,0
tx_legit_005449,0,207.54,5.3401,24,1,1,1,2,0,0
tx_legit_003155,0,729.33,6.5935,989,1,0,2,16,0,0
tx_legit_003435,0,277.0,5.6276,977,1,0,1,1,0,0
tx_legit_007198,0,354.74,5.8742,693,1,0,4,3,0,0
tx_legit_011664,0,229.68,5.441,800,1,0,3,2,0,0
tx_legit_003404,0,1095.67,7.0,264,1,0,2,20,0,0
tx_legit_001062,0,821.15,6.7119,460,2,0,2,22,0,0
tx_legit_005332,0,245.26,5.5064,477,1,0,2,1,0,0
tx_legit_003525,0,204.76,5.3267,184,1,0,1,1,0,0
tx_legit_006718,0,1430.08,7.2662,419,2,0,1,1,0,0
tx_legit_013516,0,231.61,5.4494,634,1,0,1,1,0,0
tx_legit_005840,0,1100.1,7.0041,152,3,0,1,1,0,0
tx_legit_003977,0,116.61,4.7674,56,1,0,1,1,0,0
tx_legit_005118,0,913.76,6.8187,294,1,0,1,16,0,0
tx_legit_011847,0,539.76,6.293,408,1,0,5,2,0,0
tx_legit_001601,0,565.22,6.339,203,3,0,1,4,0,0
tx_legit_000135,0,974.67,6.8831,619,1,0,1,4,0,0
tx_legit_003126,0,861.47,6.7598,217,1,0,2,13,0,0
tx_legit_003987,0,153.99,5.0434,423,1,0,4,3,0,0
tx_legit_013002,0,743.37,6.6125,205,1,0,1,1,0,0
tx_legit_012284,0,326.88,5.7926,927,1,1,2,3,0,0
tx_legit_012680,0,1218.68,7.1063,361,2,0,1,3,0,0
tx_legit_008487,0,427.77,6.0609,396,1,0,2,22,0,0
tx_legit_011381,0,160.33,5.0835,843,1,0,1,1,0,0
tx_legit_011064,0,277.32,5.6288,204,1,0,1,3,0,0
tx_legit_006305,0,361.85,5.894,671,1,0,1,2,0,0
tx_legit_004433,0,633.57,6.4529,136,1,0,1,1,0,0
tx_fraud_000530,1,72708.69,11.1942,2,10,7,1,1,1,1
tx_legit_004589,0,207.78,5.3413,833,1,0,2,16,0,0
tx_legit_008977,0,170.74,5.146,245,2,0,1,3,0,0
tx_legit_003022,0,239.63,5.4833,980,1,0,1,1,0,0
tx_legit_007889,0,201.67,5.3116,974,1,0,1,17,0,0
tx_fraud_000748,1,816.45,6.7062,80,1,0,17,8,0,0
tx_legit_001976,0,1557.62,7.3516,875,2,0,1,1,0,0
tx_legit_005121,0,925.41,6.8313,476,1,1,1,1,0,0
tx_legit_007084,0,1026.01,6.9344,738,1,0,6,1,0,0
tx_legit_001897,0,631.83,6.4502,566,3,0,2,9,0,0
tx_legit_012348,0,930.96,6.8373,296,2,0,1,2,0,0
tx_legit_006700,0,278.75,5.6339,217,1,0,1,1,0,0
tx_legit_000215,0,276.17,5.6246,102,1,0,1,1,0,0
tx_legit_006619,0,1237.55,7.1217,313,1,0,6,2,0,0
tx_legit_002953,0,847.68,6.7437,284,1,0,1,1,0,0
tx_legit_004711,0,170.32,5.1435,172,1,0,2,19,0,0
tx_legit_006513,0,381.85,5.9476,349,1,0,1,3,0,0
tx_legit_007251,0,520.52,6.2567,349,1,0,2,3,0,0
tx_legit_000899,0,1164.04,7.0605,818,1,0,1,1,0,0
tx_legit_006437,0,788.15,6.671,444,2,0,2,20,0,0
tx_legit_001029,0,754.21,6.627,124,1,0,1,2,0,0
tx_legit_008817,0,418.31,6.0386,369,1,0,1,1,0,0
tx_legit_004686,0,197.42,5.2904,881,1,0,2,10,0,0
tx_legit_008689,0,1064.22,6.9709,723,1,0,2,9,0,0
tx_legit_012239,0,295.25,5.6912,937,1,0,1,11,0,0
tx_legit_005241,0,803.46,6.6902,949,1,0,2,1,0,0
tx_legit_008998,0,342.87,5.8403,356,2,0,1,1,0,0
tx_legit_008179,0,897.95,6.8012,418,1,0,2,2,0,0
tx_legit_007690,0,605.86,6.4083,595,1,0,1,1,0,0
tx_legit_001642,0,379.36,5.9411,727,3,0,3,2,0,0
tx_fraud_000172,1,6337.62,8.7544,29,16,6,3,31,0,1
tx_legit_008319,0,3722.29,8.2224,182,1,0,2,2,0,0
tx_legit_009848,0,124.71,4.834,543,1,0,1,2,0,0
tx_legit_009739,0,360.42,5.89,727,1,0,1,1,0,0
tx_legit_007820,0,682.68,6.5275,703,1,0,1,1,0,0
tx_legit_011587,0,138.97,4.9414,381,1,0,2,1,0,0
tx_legit_000690,0,388.79,5.9656,203,1,0,1,2,0,0
tx_fraud_000927,1,3071.94,8.0304,112,1,0,1,18,0,0
tx_legit_001699,0,149.81,5.016,693,2,0,1,2,0,0
tx_legit_011491,0,455.62,6.1239,200,1,0,1,1,0,0
tx_legit_011861,0,94.48,4.5589,666,1,0,1,1,0,0
tx_fraud_000752,1,1384.25,7.2336,121,1,0,20,10,0,0
tx_legit_005322,0,441.62,6.0927,200,1,0,1,21,0,0
tx_legit_006858,0,455.5,6.1236,116,1,0,1,3,0,0
tx_legit_012767,0,1131.28,7.032,247,1,0,1,1,0,0
tx_legit_013596,0,614.16,6.4219,475,3,0,1,1,0,0
tx_legit_010613,0,220.78,5.4017,681,1,0,1,1,0,0
tx_legit_010632,0,943.05,6.8502,708,1,0,1,11,0,0
tx_legit_011128,0,179.72,5.1969,942,1,0,1,1,0,0
tx_legit_011211,0,570.96,6.3491,408,1,1,1,20,0,0
tx_legit_002714,0,818.34,6.7085,96,1,0,1,9,0,0
tx_legit_001653,0,570.02,6.3474,404,1,0,1,1,0,0
tx_legit_012715,0,606.49,6.4093,83,1,0,1,1,0,0
tx_legit_007140,0,655.7,6.4872,303,1,0,1,1,0,0
tx_legit_007211,0,145.48,4.9869,260,1,1,1,3,0,0
tx_legit_002853,0,887.15,6.7891,668,1,0,1,3,0,0
tx_legit_006607,0,330.0,5.8021,559,1,0,1,2,0,0
tx_legit_010680,0,528.23,6.2714,235,1,0,2,9,0,0
tx_legit_005812,0,233.85,5.4589,77,2,0,1,1,0,0
tx_legit_003165,0,668.87,6.5071,384,1,0,1,1,0,0
tx_legit_013566,0,497.13,6.2109,967,1,0,5,2,0,0
tx_legit_003010,0,292.63,5.6823,882,1,0,1,2,0,0
tx_legit_005009,0,1461.21,7.2877,899,1,0,3,2,0,0
tx_legit_005912,0,751.67,6.6236,796,1,0,1,1,0,0
tx_legit_003626,0,564.84,6.3383,970,2,1,1,5,0,0
tx_legit_006664,0,245.65,5.508,958,2,0,1,2,0,0
tx_legit_009001,0,446.68,6.1041,653,1,0,1,2,0,0
tx_legit_012537,0,1576.34,7.3635,247,2,0,1,18,0,0
tx_legit_000555,0,2426.64,7.7947,743,1,0,2,15,0,0
tx_fraud_000999,1,5550.51,8.6218,53,2,1,12,5,0,0
tx_legit_006320,0,757.16,6.6309,234,1,0,1,2,0,0
tx_legit_006821,0,445.17,6.1007,482,2,0,1,2,0,0
tx_legit_003467,0,755.77,6.6291,828,2,1,2,1,0,0
tx_legit_010411,0,579.94,6.3646,389,1,0,2,9,0,0
tx_legit_011052,0,1568.4,7.3584,520,1,0,1,1,0,0
tx_legit_004387,0,215.92,5.3795,241,1,0,5,2,0,0
tx_legit_013745,0,490.24,6.1969,180,1,0,1,1,0,0
tx_legit_007430,0,179.9,5.1979,52,1,0,1,3,0,0
tx_fraud_001027,1,4792.39,8.475,166,2,1,14,9,0,0
tx_legit_001551,0,694.6,6.5448,890,1,0,1,11,0,0
tx_legit_010815,0,429.24,6.0643,352,1,0,1,1,0,0
tx_legit_000604,0,323.54,5.7824,869,2,0,1,1,0,0
tx_legit_005613,0,270.8,5.6051,360,1,0,3,2,0,0
tx_legit_011910,0,134.28,4.9073,404,1,0,6,3,0,0
tx_legit_011222,0,172.67,5.1572,767,4,0,2,2,0,0
tx_legit_001131,0,419.52,6.0415,15,1,0,2,1,0,0
tx_legit_007422,0,551.68,6.3148,986,1,0,2,18,0,0
tx_legit_013434,0,283.71,5.6515,34,1,0,1,1,0,0
tx_fraud_000625,1,36690.38,10.5103,1,12,4,25,16,1,1
tx_legit_011141,0,544.54,6.3018,844,2,0,1,1,0,0
tx_legit_003807,0,2447.58,7.8033,179,1,0,2,1,0,0
tx_legit_009309,0,1252.07,7.1334,341,1,0,1,1,0,0
tx_legit_011417,0,907.69,6.812,661,2,0,1,2,0,0
tx_legit_012273,0,609.82,6.4148,115,1,0,1,21,0,0
tx_legit_005130,0,768.39,6.6456,864,1,0,1,1,0,0
tx_legit_005609,0,511.97,6.2402,259,2,0,1,1,0,0
tx_legit_012802,0,1387.63,7.2361,986,1,0,4,1,0,0
tx_legit_002096,0,205.61,5.3308,652,1,0,1,1,0,0
tx_legit_005629,0,588.74,6.3797,201,2,0,1,22,0,0
tx_legit_013080,0,657.57,6.4901,906,1,0,1,1,0,0
tx_legit_013072,0,223.22,5.4126,841,1,1,1,1,0,0
tx_legit_010398,0,496.23,6.2091,430,1,0,2,1,0,0
tx_fraud_000017,1,5293.14,8.5744,13,9,2,12,2,0,1
tx_legit_008366,0,316.24,5.7597,611,2,0,1,1,0,0
tx_legit_003002,0,250.88,5.529,985,2,0,1,1,0,0
tx_fraud_000615,1,58328.68,10.9739,1,15,6,19,26,1,1
tx_legit_008704,0,436.79,6.0817,484,1,0,1,4,0,0
tx_legit_009263,0,278.31,5.6323,864,1,0,5,3,0,0
tx_fraud_000263,1,7725.84,8.9525,13,23,7,1,34,0,1
tx_legit_010757,0,1266.64,7.1449,874,3,0,3,2,0,0
tx_legit_010813,0,102.96,4.644,733,2,0,1,1,0,0
tx_legit_007244,0,530.82,6.2763,905,1,0,1,1,0,0
tx_legit_013506,0,249.46,5.5233,625,1,0,1,9,0,0
tx_legit_007742,0,400.16,5.9944,133,1,0,1,1,0,0
tx_legit_002187,0,143.81,4.9754,195,1,2,1,3,0,0
tx_legit_012532,0,295.98,5.6937,623,4,0,1,1,0,0
tx_legit_007237,0,462.78,6.1394,717,1,0,1,1,0,0
tx_legit_012653,0,722.09,6.5835,33,2,0,2,2,0,0
tx_legit_009272,0,248.46,5.5193,154,1,1,1,1,0,0
tx_legit_005906,0,303.26,5.7179,380,1,0,1,12,0,0
tx_legit_004754,0,2101.45,7.6509,635,1,0,1,2,0,0
tx_legit_006310,0,242.5,5.4951,276,1,0,1,18,0,0
tx_legit_004897,0,382.01,5.9481,266,1,0,2,10,0,0
tx_legit_010486,0,507.6,6.2317,215,1,0,2,2,0,0
tx_legit_005280,0,254.09,5.5416,627,1,0,1,1,0,0
tx_legit_003537,0,1018.68,6.9272,538,1,0,2,2,0,0
tx_legit_006621,0,557.76,6.3257,821,1,0,1,15,0,0
tx_legit_005490,0,346.12,5.8497,800,2,0,1,1,0,0
tx_legit_001428,0,199.82,5.3024,953,1,0,2,11,0,0
tx_legit_005095,0,402.99,6.0014,286,1,0,1,2,0,0
tx_legit_006249,0,469.7,6.1542,818,1,0,1,1,0,0
tx_legit_006766,0,368.91,5.9133,864,1,0,1,2,0,0
tx_legit_008201,0,476.07,6.1677,989,1,0,1,2,0,0
tx_legit_013277,0,165.18,5.1131,304,2,0,3,3,0,0
tx_legit_009637,0,1240.25,7.1239,408,1,1,1,1,0,0
tx_legit_010368,0,436.68,6.0815,803,1,0,5,1,0,0
tx_legit_000443,0,673.97,6.5147,132,2,0,1,1,0,0
tx_legit_003678,0,279.01,5.6348,518,1,0,1,2,0,0
tx_legit_003034,0,196.96,5.2881,701,1,0,2,18,0,0
tx_legit_008757,0,520.27,6.2563,37,2,0,1,1,0,0
tx_legit_012904,0,196.84,5.2875,34,1,0,1,1,0,0
tx_legit_004429,0,270.54,5.6041,121,1,0,1,2,0,0
tx_legit_005070,0,649.6,6.4779,272,4,0,1,8,0,0
tx_legit_003511,0,215.14,5.3759,711,1,0,3,1,0,0
tx_legit_006294,0,255.57,5.5474,942,1,0,1,1,0,0
tx_legit_005409,0,332.93,5.8109,806,1,0,1,2,0,0
tx_legit_000619,0,767.38,6.6443,540,1,0,1,1,0,0
tx_legit_002514,0,398.47,5.9901,486,3,0,1,1,0,0
tx_legit_010982,0,206.51,5.3352,560,1,0,1,15,0,0
tx_legit_010961,0,812.2,6.701,715,1,0,1,18,0,0
tx_legit_013425,0,743.78,6.6131,686,1,0,1,15,0,0
tx_legit_013141,0,670.31,6.5092,892,3,0,1,1,0,0
tx_fraud_000878,1,1885.1,7.5423,177,1,0,1,16,0,0
tx_legit_004595,0,774.96,6.6541,538,1,1,2,1,0,0
tx_legit_005643,0,1720.01,7.4507,84,1,0,2,14,0,0
tx_legit_012965,0,475.33,6.1661,623,1,0,1,1,0,0
tx_legit_005013,0,397.73,5.9883,587,1,0,2,3,0,0
tx_legit_009086,0,658.87,6.492,566,1,0,1,1,0,0
tx_fraud_000704,1,1870.65,7.5346,287,1,0,26,16,0,0
tx_fraud_001158,1,4799.03,8.4764,552,2,0,14,9,0,0
tx_legit_004423,0,1660.78,7.4156,491,1,0,1,1,0,0
tx_legit_005413,0,1127.43,7.0286,731,2,2,1,1,0,0
tx_legit_003547,0,129.72,4.8731,273,3,0,6,3,0,0
tx_legit_005112,0,352.9,5.869,272,1,0,1,1,0,0
tx_legit_006386,0,244.07,5.5015,735,2,0,1,2,0,0
tx_legit_011624,0,346.45,5.8506,74,1,0,1,1,0,0
tx_legit_002948,0,256.58,5.5513,765,1,0,1,1,0,0
tx_legit_010341,0,693.16,6.5427,508,1,0,1,2,0,0
tx_legit_003269,0,1460.26,7.2871,114,2,0,1,9,0,0
tx_legit_000094,0,267.58,5.5931,99,2,0,1,4,0,0
tx_legit_013227,0,234.61,5.4622,378,1,1,1,1,0,0
tx_legit_003225,0,217.37,5.3862,965,1,0,2,11,0,0
tx_legit_008814,0,264.93,5.5832,709,1,0,1,2,0,0
tx_legit_004294,0,609.24,6.4139,443,1,0,1,1,0,0
tx_legit_005578,0,856.37,6.7539,822,1,0,1,1,0,0
tx_legit_005573,0,249.15,5.5221,584,2,0,1,22,0,0
tx_legit_005628,0,633.36,6.4526,567,1,0,1,3,0,0
tx_legit_012827,0,2034.67,7.6186,528,1,0,1,1,0,0
tx_legit_013247,0,256.49,5.551,137,1,1,1,1,0,0
tx_legit_008287,0,1085.35,6.9906,225,1,0,1,2,0,0
tx_legit_004115,0,1199.12,7.0902,155,2,0,1,2,0,0
tx_legit_003363,0,419.9,6.0424,584,2,0,2,11,0,0
tx_legit_013300,0,1205.81,7.0957,184,1,0,1,2,0,0
tx_legit_009058,0,438.68,6.086,653,1,0,1,15,0,0
tx_legit_005789,0,172.37,5.1554,33,1,0,3,2,0,0
tx_legit_012796,0,454.06,6.1204,634,1,0,2,1,0,0
tx_legit_011090,0,472.64,6.1604,662,2,0,1,1,0,0
tx_legit_001120,0,442.35,6.0944,370,1,0,2,9,0,0
tx_fraud_000458,1,63631.39,11.0609,3,10,3,1,1,1,1
tx_fraud_000491,1,47197.02,10.7621,4,6,7,1,1,1,1
tx_legit_001450,0,318.14,5.7656,302,2,0,1,2,0,0
tx_fraud_000854,1,3221.66,8.078,245,1,0,1,21,0,0
tx_legit_006860,0,470.45,6.1558,87,1,0,1,19,0,0
tx_legit_002359,0,737.41,6.6045,154,1,0,1,17,0,0
tx_legit_004405,0,591.65,6.3846,988,1,0,2,10,0,0
tx_legit_004089,0,300.65,5.7093,333,1,0,1,3,0,0
tx_legit_011018,0,287.58,5.665,67,1,0,1,13,0,0
tx_legit_008609,0,298.59,5.7024,635,2,0,2,1,0,0
tx_legit_004744,0,955.0,6.8628,741,1,0,1,1,0,0
tx_legit_000672,0,1109.62,7.0127,498,1,0,1,2,0,0
tx_legit_004245,0,681.15,6.5252,205,1,0,1,2,0,0
tx_fraud_000612,1,26695.77,10.1923,7,16,8,15,32,1,1
tx_legit_007693,0,249.77,5.5245,85,1,0,1,2,0,0
tx_legit_012754,0,833.97,6.7274,650,1,0,1,1,0,0
tx_legit_009974,0,422.15,6.0477,167,1,0,1,19,0,0
tx_legit_004789,0,306.7,5.7291,52,1,0,1,1,0,0
tx_legit_007245,0,590.48,6.3826,562,1,0,1,1,0,0
tx_legit_004177,0,444.45,6.0991,966,1,0,1,1,0,0
tx_legit_003052,0,104.02,4.6542,772,4,0,1,3,0,0
tx_legit_000504,0,272.59,5.6116,485,3,0,1,1,0,0
tx_legit_002923,0,223.73,5.4149,812,1,0,1,2,0,0
tx_legit_011320,0,165.55,5.1153,656,3,0,2,18,0,0
tx_legit_002376,0,242.44,5.4949,943,1,0,4,3,0,0
tx_legit_006800,0,254.02,5.5413,78,1,0,1,3,0,0
tx_legit_008927,0,572.71,6.3521,626,1,2,1,1,0,0
tx_legit_006690,0,745.0,6.6147,520,2,0,2,12,0,0
tx_legit_005808,0,1475.21,7.2972,831,1,0,1,2,0,0
tx_legit_012792,0,394.33,5.9797,123,1,0,3,1,0,0
tx_legit_000392,0,1182.45,7.0762,273,1,0,1,1,0,0
tx_legit_001867,0,996.84,6.9056,354,1,0,1,1,0,0
tx_legit_008576,0,1248.11,7.1302,646,1,0,2,9,0,0
tx_legit_011578,0,412.8,6.0254,294,1,0,1,2,0,0
tx_legit_006013,0,263.13,5.5764,615,1,0,1,1,0,0
tx_legit_002767,0,356.0,5.8777,849,1,1,2,17,0,0
tx_legit_004425,0,400.66,5.9956,275,1,0,1,12,0,0
tx_legit_010410,0,290.17,5.6739,815,1,0,2,11,0,0
tx_legit_002676,0,1326.59,7.1911,532,1,0,1,1,0,0
tx_legit_007163,0,230.28,5.4436,876,1,0,2,12,0,0
tx_legit_010862,0,666.67,6.5038,230,2,0,3,2,0,0
tx_legit_004403,0,1642.9,7.4048,768,1,1,2,12,0,0
tx_legit_005170,0,334.61,5.8159,444,1,0,1,1,0,0
tx_legit_006070,0,960.43,6.8684,382,1,0,1,1,0,0
tx_legit_002615,0,445.47,6.1014,290,1,0,1,8,0,0
tx_legit_009227,0,716.93,6.5764,234,1,1,1,1,0,0
tx_legit_004035,0,247.58,5.5158,630,1,0,5,2,0,0
tx_legit_007486,0,798.3,6.6837,392,1,0,1,2,0,0
tx_legit_009988,0,263.46,5.5777,717,1,1,1,2,0,0
tx_legit_001359,0,1112.06,7.0149,548,2,0,5,1,0,0
tx_legit_011702,0,415.95,6.033,443,1,0,1,1,0,0
tx_legit_010474,0,495.88,6.2083,389,1,0,2,15,0,0
tx_legit_010473,0,541.14,6.2955,323,1,0,1,1,0,0
tx_legit_010577,0,339.32,5.8299,614,1,0,1,10,0,0
tx_legit_012304,0,2493.95,7.822,443,1,0,2,1,0,0
tx_legit_004046,0,500.31,6.2172,966,2,0,1,2,0,0
tx_legit_007974,0,439.8,6.0886,677,1,0,1,1,0,0
tx_legit_003856,0,206.77,5.3364,723,1,0,6,1,0,0
tx_legit_003889,0,563.61,6.3361,426,1,0,2,3,0,0
tx_legit_009888,0,614.15,6.4219,276,1,0,1,1,0,0
tx_legit_009893,0,464.25,6.1426,565,2,0,1,3,0,0
tx_legit_010389,0,824.82,6.7164,430,1,0,1,1,0,0
tx_legit_001289,0,373.26,5.925,358,1,0,4,1,0,0
tx_fraud_000719,1,1768.98,7.4787,139,1,0,22,13,0,0
tx_legit_012329,0,352.24,5.8671,582,1,0,1,2,0,0
tx_legit_004355,0,466.24,6.1468,82,2,0,1,1,0,0
tx_legit_012562,0,670.98,6.5102,361,1,0,2,11,0,0
tx_legit_012392,0,277.06,5.6278,493,2,1,1,1,0,0
tx_legit_001930,0,221.04,5.4029,29,3,0,1,1,0,0
tx_legit_011374,0,1203.78,7.0941,493,3,0,1,1,0,0
tx_legit_006717,0,636.35,6.4573,306,1,1,1,1,0,0
tx_legit_001190,0,1210.38,7.0995,72,1,0,1,1,0,0
tx_legit_012593,0,347.77,5.8544,460,1,0,1,2,0,0
tx_legit_009946,0,630.0,6.4473,293,1,0,1,4,0,0
tx_fraud_000403,1,80039.49,11.2903,7,9,6,1,1,1,1
tx_legit_003038,0,504.87,6.2263,45,1,0,1,1,0,0
tx_fraud_000473,1,71916.7,11.1833,1,8,5,1,1,1,1
tx_fraud_000785,1,1092.15,6.9968,288,1,0,18,13,0,0
tx_legit_005342,0,670.95,6.5102,529,1,2,2,12,0,0
tx_legit_003700,0,169.89,5.141,287,1,0,3,2,0,0
tx_legit_004849,0,463.36,6.1407,102,2,0,1,9,0,0
tx_fraud_000924,1,3106.86,8.0417,251,1,0,1,21,0,0
tx_legit_004987,0,303.38,5.7183,415,1,0,1,17,0,0
tx_legit_011506,0,309.41,5.7379,974,1,2,1,1,0,0
tx_legit_003415,0,206.38,5.3346,58,1,0,1,2,0,0
tx_legit_000613,0,807.71,6.6954,140,1,0,1,3,0,0
tx_legit_006478,0,804.64,6.6916,414,1,0,2,2,0,0
tx_legit_004563,0,623.35,6.4367,202,1,0,3,1,0,0
tx_legit_013755,0,669.8,6.5085,902,1,0,1,1,0,0
tx_legit_006427,0,582.99,6.3699,957,1,0,1,1,0,0
tx_fraud_001019,1,3448.61,8.146,44,2,1,13,6,0,0
tx_legit_001579,0,1369.26,7.2228,916,1,0,1,1,0,0
tx_legit_007310,0,268.71,5.5973,84,2,0,1,1,0,0
tx_legit_003389,0,331.42,5.8064,249,2,0,1,2,0,0
tx_legit_012042,0,481.96,6.1799,263,3,0,1,1,0,0
tx_legit_004430,0,548.69,6.3094,518,2,0,1,1,0,0
tx_legit_004996,0,660.55,6.4946,67,1,0,5,1,0,0
tx_legit_011414,0,1105.31,7.0088,403,1,0,2,2,0,0
tx_fraud_001200,1,4642.38,8.4432,401,2,0,22,13,0,0
tx_legit_005348,0,510.76,6.2379,557,2,0,1,2,0,0
tx_legit_002165,0,646.16,6.4726,40,1,0,2,1,0,0
tx_legit_011009,0,510.45,6.2372,644,1,0,1,1,0,0
tx_legit_006063,0,728.38,6.5922,74,1,0,3,1,0,0
tx_legit_003316,0,1042.44,6.9503,605,1,0,1,2,0,0
tx_legit_008938,0,339.92,5.8316,931,1,0,1,18,0,0
tx_legit_009511,0,1957.34,7.5799,535,1,0,1,1,0,0
tx_legit_011707,0,639.61,6.4624,784,2,0,2,18,0,0
tx_legit_002464,0,1368.0,7.2218,858,1,0,4,1,0,0
tx_legit_002161,0,326.07,5.7902,474,1,1,1,2,0,0
tx_legit_001753,0,252.01,5.5334,430,2,0,1,1,0,0
tx_legit_011434,0,652.84,6.4829,498,1,0,1,1,0,0
tx_legit_007970,0,373.14,5.9246,568,1,0,1,2,0,0
tx_legit_009877,0,353.72,5.8713,505,1,0,1,1,0,0
tx_legit_004585,0,455.77,6.1242,35,3,0,1,3,0,0
tx_legit_004087,0,251.72,5.5323,79,1,0,1,1,0,0
tx_legit_012214,0,254.01,5.5413,815,1,0,1,1,0,0
tx_legit_003623,0,159.4,5.0777,493,2,0,1,2,0,0
tx_legit_002606,0,287.15,5.6635,180,1,0,1,1,0,0
tx_legit_005583,0,456.57,6.1259,751,1,0,1,2,0,0
tx_legit_010812,0,482.93,6.1819,567,2,1,1,1,0,0
tx_legit_003232,0,1166.4,7.0625,768,1,1,1,10,0,0
tx_legit_002005,0,426.03,6.0569,253,1,0,2,3,0,0
tx_legit_011503,0,643.37,6.4683,863,1,0,1,16,0,0
tx_legit_004475,0,882.7,6.7841,683,1,0,1,4,0,0
tx_legit_006370,0,3351.61,8.1175,636,1,0,2,1,0,0
tx_fraud_000001,1,4320.25,8.3713,4,6,2,11,2,1,1
tx_legit_013594,0,971.5,6.8799,139,2,0,2,9,0,0
tx_legit_012717,0,74.79,4.328,504,1,0,2,14,0,0
tx_fraud_000741,1,1639.67,7.4029,257,1,0,25,14,0,0
tx_fraud_000433,1,84892.04,11.3491,4,13,5,1,1,1,1
tx_fraud_000371,1,4581.93,8.4301,2,8,1,3,3,1,1
tx_legit_002352,0,760.62,6.6354,195,1,0,1,1,0,0
tx_legit_012285,0,1119.26,7.0213,157,3,0,1,2,0,0
tx_legit_006623,0,582.13,6.3684,803,1,0,1,1,0,0
tx_legit_007265,0,717.09,6.5766,353,4,0,1,1,0,0
tx_legit_001456,0,596.36,6.3925,199,1,0,1,2,0,0
tx_legit_001552,0,338.59,5.8277,882,2,0,1,1,0,0
tx_fraud_000063,1,10401.95,9.2498,10,11,3,11,3,0,1
tx_legit_008995,0,2877.0,7.9649,302,1,0,1,2,0,0
tx_legit_012097,0,267.19,5.5917,687,1,0,1,1,0,0
tx_legit_012082,0,1759.48,7.4733,887,3,0,1,1,0,0
tx_legit_009016,0,768.7,6.646,276,1,0,3,3,0,0
tx_legit_006550,0,193.62,5.271,532,2,0,6,2,0,0
tx_legit_009515,0,562.55,6.3343,517,1,0,1,1,0,0
tx_legit_001557,0,395.22,5.982,221,1,0,1,2,0,0
tx_legit_002284,0,829.44,6.722,238,1,1,1,2,0,0
tx_legit_012009,0,499.03,6.2147,949,3,0,1,2,0,0
tx_legit_001814,0,313.08,5.7496,798,2,0,1,1,0,0
tx_legit_006348,0,245.98,5.5093,796,1,0,1,3,0,0
tx_legit_004980,0,777.91,6.6579,781,2,0,1,3,0,0
tx_legit_013548,0,2169.86,7.6829,217,2,1,2,1,0,0
tx_legit_012423,0,2521.43,7.833,735,2,0,1,3,0,0
tx_legit_004524,0,125.69,4.8417,818,1,0,2,1,0,0
tx_legit_007320,0,1097.11,7.0013,874,1,0,4,2,0,0
tx_fraud_000481,1,85371.15,11.3548,2,15,7,1,1,1,1
tx_legit_003309,0,279.68,5.6372,971,3,2,1,1,0,0
tx_legit_013209,0,634.83,6.4549,709,1,0,1,3,0,0
tx_fraud_000237,1,9461.32,9.1551,23,12,6,3,29,0,1
tx_legit_009463,0,1751.51,7.4688,326,1,0,1,1,0,0
tx_fraud_001026,1,7487.02,8.9211,93,2,1,6,12,0,0
tx_legit_001991,0,290.43,5.6748,182,1,0,2,1,0,0
tx_legit_006886,0,737.83,6.6051,336,2,0,1,1,0,0
tx_legit_004963,0,390.39,5.9697,366,1,0,1,2,0,0
tx_legit_011341,0,166.03,5.1182,477,2,0,1,1,0,0
tx_fraud_000382,1,20593.57,9.9328,2,4,1,3,3,1,0
tx_legit_004263,0,546.39,6.3052,646,1,0,4,2,0,0
tx_legit_007807,0,324.75,5.7861,799,1,0,1,1,0,0
tx_legit_003909,0,1217.25,7.1052,886,1,0,1,1,0,0
tx_legit_012910,0,99.68,4.6119,604,1,1,1,3,0,0
tx_legit_011854,0,534.22,6.2827,405,3,0,1,1,0,0
tx_legit_011948,0,1061.9,6.9688,844,1,0,1,1,0,0
tx_legit_011710,0,555.61,6.3219,290,1,0,2,18,0,0
tx_legit_001380,0,226.09,5.4253,669,1,0,1,1,0,0
tx_legit_012862,0,457.22,6.1273,647,1,0,2,15,0,0
tx_legit_003802,0,431.44,6.0694,100,1,0,1,17,0,0
tx_legit_006170,0,243.26,5.4982,257,1,0,1,1,0,0
tx_legit_012637,0,785.19,6.6672,72,1,0,1,4,0,0
tx_legit_007682,0,226.86,5.4287,521,1,0,1,2,0,0
tx_legit_005186,0,192.85,5.2671,153,1,0,1,1,0,0
tx_legit_006676,0,766.88,6.6436,223,1,0,1,1,0,0
tx_legit_007721,0,248.61,5.5199,971,1,0,2,22,0,0
tx_legit_007524,0,655.0,6.4862,263,1,0,4,2,0,0
tx_legit_011375,0,570.85,6.3489,130,1,0,1,1,0,0
tx_legit_002133,0,501.42,6.2194,253,2,0,2,1,0,0
tx_legit_008549,0,314.74,5.7549,830,1,0,1,1,0,0
tx_legit_012705,0,175.1,5.1711,623,2,0,1,1,0,0
tx_legit_011614,0,229.43,5.4399,79,1,0,3,1,0,0
tx_legit_005233,0,339.38,5.8301,141,2,0,1,3,0,0
tx_legit_006751,0,404.5,6.0051,125,2,0,1,14,0,0
tx_legit_005195,0,655.17,6.4864,852,2,0,1,2,0,0
tx_legit_006328,0,823.22,6.7144,818,2,0,1,1,0,0
tx_legit_011305,0,752.34,6.6245,322,1,0,1,17,0,0
tx_fraud_001176,1,5784.78,8.6632,590,2,0,21,11,0,0
tx_legit_007149,0,712.63,6.5704,772,2,0,1,2,0,0
tx_legit_009874,0,572.09,6.351,842,2,0,1,2,0,0
tx_legit_010458,0,171.82,5.1523,186,1,0,1,1,0,0
tx_legit_000478,0,944.15,6.8513,342,1,0,1,1,0,0
tx_legit_000409,0,154.62,5.0474,256,1,0,1,3,0,0
tx_legit_010555,0,447.84,6.1067,254,1,0,1,1,0,0
tx_legit_002493,0,546.82,6.3059,38,2,0,1,2,0,0
tx_legit_008876,0,185.08,5.2262,326,2,0,1,1,0,0
tx_legit_008677,0,670.47,6.5095,389,1,0,1,1,0,0
tx_legit_010299,0,793.61,6.6779,557,1,0,1,1,0,0
tx_legit_001925,0,372.36,5.9225,77,1,0,3,1,0,0
tx_legit_008394,0,1578.85,7.3651,278,1,0,1,19,0,0
tx_legit_013616,0,663.54,6.4991,815,1,0,1,1,0,0
tx_legit_007315,0,889.64,6.7919,264,1,0,1,16,0,0
tx_legit_003032,0,205.54,5.3305,150,2,0,1,1,0,0
tx_legit_009802,0,944.46,6.8517,270,1,0,1,3,0,0
tx_legit_007379,0,307.93,5.7331,370,3,0,1,1,0,0
tx_legit_011379,0,928.18,6.8343,399,1,0,1,1,0,0
tx_legit_006321,0,646.82,6.4736,553,1,0,1,2,0,0
tx_legit_012210,0,470.53,6.156,797,1,0,1,2,0,0
tx_legit_008021,0,404.94,6.0062,430,1,0,2,8,0,0
tx_legit_002784,0,797.56,6.6828,142,1,1,1,1,0,0
tx_legit_011536,0,4025.33,8.3006,287,1,1,1,13,0,0
tx_fraud_000401,1,70418.94,11.1622,5,7,4,1,1,1,1
tx_legit_002186,0,197.82,5.2924,383,3,0,1,1,0,0
tx_legit_012307,0,144.35,4.9791,852,2,0,1,1,0,0
tx_legit_010885,0,234.37,5.4612,795,1,0,1,1,0,0
tx_legit_012006,0,443.51,6.097,715,1,0,1,3,0,0
tx_legit_007263,0,360.74,5.8909,591,1,1,1,2,0,0
tx_legit_012054,0,482.21,6.1805,245,2,0,1,1,0,0
tx_legit_011280,0,899.17,6.8026,34,1,1,1,2,0,0
tx_legit_011945,0,1153.36,7.0513,351,2,0,1,1,0,0
tx_legit_007863,0,1303.22,7.1734,190,1,0,1,3,0,0
tx_legit_005063,0,1391.98,7.2392,206,1,0,1,5,0,0
tx_legit_008683,0,152.59,5.0343,725,1,0,1,3,0,0
tx_legit_001282,0,681.38,6.5256,535,1,0,1,1,0,0
tx_legit_010726,0,275.43,5.622,317,1,0,5,2,0,0
tx_legit_007431,0,559.13,6.3282,974,1,0,1,1,0,0
tx_legit_002393,0,799.89,6.6857,222,1,0,1,1,0,0
tx_legit_004761,0,1328.97,7.1929,239,1,0,1,1,0,0
tx_legit_013570,0,1626.77,7.395,121,1,0,1,1,0,0
tx_legit_005193,0,571.63,6.3502,200,1,0,1,1,0,0
tx_legit_006434,0,338.65,5.8279,997,2,0,2,15,0,0
tx_legit_008585,0,604.95,6.4068,188,1,0,1,1,0,0
tx_legit_000290,0,1451.28,7.2809,605,2,0,1,1,0,0
tx_legit_005665,0,675.55,6.517,55,1,0,2,2,0,0
tx_legit_000085,0,481.79,6.1796,253,1,0,1,18,0,0
tx_legit_012183,0,248.12,5.5179,52,3,0,1,2,0,0
tx_legit_012684,0,386.47,5.9596,486,1,1,1,3,0,0
tx_legit_002287,0,433.98,6.0753,37,1,0,1,2,0,0
tx_legit_012858,0,217.74,5.3879,733,1,2,1,1,0,0
tx_legit_009454,0,1428.57,7.2651,685,1,1,2,11,0,0
tx_legit_000004,0,151.9,5.0298,545,1,0,2,19,0,0
tx_legit_000558,0,217.86,5.3884,887,1,0,1,1,0,0
tx_legit_011094,0,1497.51,7.3122,225,1,0,1,17,0,0
tx_legit_011928,0,424.74,6.0538,350,1,0,1,1,0,0
tx_legit_002902,0,186.66,5.2346,518,1,0,2,15,0,0
tx_legit_003410,0,1431.06,7.2669,437,1,0,2,4,0,0
tx_fraud_000119,1,7358.96,8.9038,7,7,3,11,4,1,1
tx_legit_006726,0,227.83,5.433,776,1,0,1,2,0,0
tx_legit_000467,0,265.08,5.5838,592,1,0,2,1,0,0
tx_legit_006553,0,679.12,6.5223,405,1,0,1,1,0,0
tx_legit_010154,0,347.6,5.8539,679,2,0,1,1,0,0
tx_legit_005324,0,192.04,5.2629,590,2,0,1,2,0,0
tx_legit_009217,0,533.72,6.2817,464,1,0,1,1,0,0
tx_legit_003216,0,1229.27,7.115,336,1,0,1,2,0,0
tx_legit_008643,0,843.29,6.7385,953,1,0,1,17,0,0
tx_legit_006809,0,634.91,6.4551,105,2,0,2,13,0,0
tx_fraud_000155,1,6794.23,8.824,20,19,3,2,24,0,1
tx_legit_002053,0,680.86,6.5248,92,1,0,3,1,0,0
tx_legit_008149,0,292.66,5.6824,309,2,0,1,2,0,0
tx_legit_010079,0,177.49,5.1845,220,1,0,1,1,0,0
tx_legit_005971,0,172.35,5.1553,431,1,0,1,3,0,0
tx_legit_007954,0,415.71,6.0324,70,1,0,1,1,0,0
tx_legit_006094,0,379.69,5.942,457,1,0,1,2,0,0
tx_legit_009071,0,236.41,5.4698,443,1,0,1,1,0,0
tx_legit_009614,0,294.79,5.6896,205,1,0,1,9,0,0
tx_fraud_001155,1,5537.07,8.6194,822,2,0,21,15,0,0
tx_legit_005456,0,177.35,5.1837,190,2,0,2,2,0,0
tx_fraud_000153,1,1609.49,7.3843,3,15,3,2,24,1,1
tx_legit_004301,0,850.77,6.7473,879,1,1,1,2,0,0
tx_fraud_000315,1,17946.09,9.7952,5,4,0,3,3,1,0
tx_legit_003315,0,632.79,6.4517,746,2,0,1,2,0,0
tx_legit_005750,0,209.19,5.348,928,2,0,4,2,0,0
tx_legit_011230,0,209.34,5.3487,296,3,0,1,1,0,0
tx_legit_000805,0,196.56,5.286,604,3,0,1,2,0,0
tx_legit_000772,0,265.97,5.5871,687,1,1,1,1,0,0
tx_legit_013385,0,546.78,6.3059,134,1,0,1,1,0,0
tx_legit_010861,0,723.81,6.5859,470,1,0,1,1,0,0
tx_legit_011079,0,244.27,5.5024,612,1,0,1,10,0,0
tx_legit_002110,0,784.99,6.6669,158,1,0,1,1,0,0
tx_legit_011936,0,418.91,6.04,572,1,0,1,15,0,0
tx_fraud_000451,1,49277.96,10.8053,3,7,5,1,1,1,1
tx_legit_004168,0,391.37,5.9722,57,1,0,1,1,0,0
tx_legit_006384,0,698.9,6.5509,483,1,0,1,1,0,0
tx_legit_011670,0,414.92,6.0305,401,2,2,3,2,0,0
tx_legit_006882,0,1261.83,7.1411,945,1,0,1,13,0,0
tx_legit_004081,0,3027.71,8.0159,28,1,1,1,4,0,0
tx_legit_003857,0,224.39,5.4178,550,2,0,1,22,0,0
tx_legit_003312,0,866.33,6.7654,17,1,0,1,1,0,0
tx_legit_004298,0,578.75,6.3626,644,1,1,1,1,0,0
tx_legit_010160,0,617.75,6.4277,451,1,0,1,17,0,0
tx_fraud_000149,1,13207.52,9.4886,13,18,7,4,23,0,1
tx_legit_001689,0,631.02,6.4489,500,1,0,1,1,0,0
tx_legit_007537,0,844.67,6.7401,809,2,0,3,2,0,0
tx_legit_011517,0,563.55,6.336,974,1,0,1,1,0,0
tx_legit_011396,0,496.92,6.2104,246,1,0,1,1,0,0
tx_legit_011430,0,1253.26,7.1343,579,1,0,2,8,0,0
tx_legit_010554,0,373.77,5.9263,228,1,1,1,3,0,0
tx_legit_009881,0,134.87,4.9117,320,2,0,2,12,0,0
tx_fraud_000834,1,3459.7,8.1492,366,1,0,1,21,0,0
tx_legit_005884,0,62.0,4.1431,34,1,0,5,1,0,0
tx_legit_005374,0,169.09,5.1363,861,2,1,1,1,0,0
tx_legit_009667,0,2161.15,7.6789,245,2,0,2,10,0,0
tx_legit_010251,0,101.09,4.6259,627,1,0,1,2,0,0
tx_legit_006599,0,604.86,6.4066,310,1,1,1,2,0,0
tx_legit_006303,0,183.78,5.2192,892,2,0,1,1,0,0
tx_legit_008147,0,402.97,6.0013,834,1,0,1,2,0,0
tx_legit_005379,0,99.54,4.6106,825,1,0,1,1,0,0
tx_fraud_000002,1,9251.3,9.1326,4,7,4,9,3,1,1
tx_legit_006753,0,228.92,5.4377,583,1,0,1,1,0,0
tx_legit_008785,0,747.52,6.6181,74,1,0,1,2,0,0
tx_legit_006020,0,329.47,5.8005,292,1,0,1,2,0,0
tx_legit_011371,0,707.35,6.5629,857,1,0,1,2,0,0
tx_legit_000471,0,727.35,6.5908,670,1,1,1,18,0,0
tx_fraud_000965,1,5811.82,8.6678,124,2,1,10,10,0,0
tx_legit_000983,0,1178.93,7.0732,852,1,0,1,12,0,0
tx_legit_010467,0,671.31,6.5107,684,1,0,1,9,0,0
tx_legit_001650,0,1045.95,6.9536,135,1,0,2,2,0,0
tx_legit_006234,0,717.25,6.5768,356,1,0,1,1,0,0
tx_legit_010808,0,501.09,6.2188,834,1,0,1,3,0,0
tx_legit_008035,0,466.72,6.1479,971,1,0,1,11,0,0
tx_legit_006710,0,499.47,6.2155,264,1,0,1,1,0,0
tx_legit_008694,0,296.41,5.6951,272,1,0,1,1,0,0
tx_legit_005696,0,510.29,6.2369,673,2,0,1,1,0,0
tx_legit_004481,0,322.69,5.7798,346,1,1,1,1,0,0
tx_legit_000454,0,1207.62,7.0972,534,3,1,2,9,0,0
tx_fraud_000446,1,62062.57,11.0359,9,13,6,1,1,0,1
tx_legit_004820,0,471.16,6.1573,19,2,0,1,1,0,0
tx_legit_012557,0,331.28,5.806,477,1,0,2,1,0,0
tx_legit_005330,0,679.07,6.5222,500,2,0,1,2,0,0
tx_legit_009390,0,255.21,5.546,797,1,2,5,1,0,0
tx_legit_004504,0,832.26,6.7253,615,1,0,3,3,0,0
tx_legit_002866,0,135.99,4.9199,474,2,0,2,1,0,0
tx_legit_006580,0,251.79,5.5326,538,1,2,1,1,0,0
tx_legit_010702,0,120.99,4.8039,290,1,0,1,2,0,0
tx_legit_004553,0,972.26,6.8807,329,2,0,1,16,0,0
tx_legit_006391,0,417.6,6.0369,344,1,0,1,1,0,0
tx_legit_008717,0,677.31,6.5196,927,1,0,2,3,0,0
tx_legit_003679,0,121.79,4.8105,773,1,0,1,1,0,0
tx_legit_011105,0,881.65,6.7829,668,1,0,1,2,0,0
tx_legit_007002,0,1239.48,7.1233,401,2,0,1,1,0,0
tx_legit_002345,0,772.88,6.6514,634,1,0,4,1,0,0
tx_legit_005802,0,319.24,5.7691,478,1,0,1,2,0,0
tx_legit_005019,0,323.6,5.7826,399,1,0,1,1,0,0
tx_legit_009532,0,1312.27,7.1803,691,2,0,1,1,0,0
tx_legit_013780,0,403.66,6.003,334,1,0,1,1,0,0
tx_legit_010182,0,169.55,5.139,477,2,0,1,17,0,0
tx_legit_000600,0,364.27,5.9006,430,1,0,1,1,0,0
tx_legit_005128,0,829.41,6.7219,671,1,0,2,21,0,0
tx_legit_010077,0,1438.92,7.2723,328,1,0,1,5,0,0
tx_legit_000732,0,252.88,5.5369,920,1,1,1,10,0,0
tx_legit_009179,0,766.65,6.6433,114,2,0,1,1,0,0
tx_legit_012353,0,293.11,5.684,300,1,0,1,1,0,0
tx_legit_000205,0,1152.09,7.0502,297,1,0,1,1,0,0
tx_legit_007942,0,267.23,5.5918,719,1,0,1,1,0,0
tx_legit_000003,0,206.56,5.3354,150,1,0,1,1,0,0
tx_legit_005755,0,239.34,5.4821,158,1,0,4,2,0,0
tx_legit_000984,0,716.7,6.5761,915,1,0,1,1,0,0
tx_legit_009523,0,140.37,4.9514,507,2,0,1,18,0,0
tx_fraud_000492,1,59252.87,10.9896,4,6,4,1,1,1,1
tx_legit_013488,0,1090.1,6.9949,369,1,0,1,2,0,0
tx_legit_004209,0,977.12,6.8856,384,1,0,1,13,0,0
tx_fraud_000020,1,12596.24,9.4412,4,10,2,14,2,1,1
tx_legit_005931,0,437.08,6.0824,296,3,0,1,2,0,0
tx_legit_003170,0,375.0,5.9296,939,1,0,1,1,0,0
tx_legit_011904,0,399.45,5.9926,639,1,1,3,3,0,0
tx_legit_006642,0,598.53,6.3961,833,2,0,2,20,0,0
tx_legit_005729,0,418.32,6.0386,828,1,0,1,2,0,0
tx_legit_011268,0,273.07,5.6134,360,1,1,4,3,0,0
tx_legit_002474,0,709.64,6.5662,655,1,0,1,9,0,0
tx_legit_006345,0,1334.61,7.1971,221,1,0,2,2,0,0
tx_legit_002113,0,216.18,5.3807,566,1,0,1,3,0,0
tx_legit_012627,0,787.39,6.67,611,1,0,1,1,0,0
tx_legit_000747,0,368.42,5.9119,678,1,0,1,1,0,0
tx_legit_010093,0,353.32,5.8702,942,2,0,1,1,0,0
tx_legit_004221,0,233.79,5.4587,803,1,0,4,3,0,0
tx_legit_004777,0,749.5,6.6207,611,2,0,6,3,0,0
tx_legit_013024,0,892.81,6.7955,476,1,0,1,1,0,0
tx_legit_007481,0,212.07,5.3616,150,1,0,1,1,0,0
tx_legit_011108,0,923.26,6.829,783,2,0,1,3,0,0
tx_legit_009301,0,767.99,6.6451,497,1,0,1,2,0,0
tx_legit_012899,0,325.98,5.7899,653,1,0,1,1,0,0
tx_legit_007429,0,198.43,5.2955,297,1,0,1,2,0,0
tx_legit_013683,0,395.4,5.9824,769,1,0,1,2,0,0
tx_legit_010840,0,173.37,5.1612,313,1,0,5,1,0,0
tx_legit_012770,0,251.86,5.5328,751,1,0,1,1,0,0
tx_legit_006563,0,299.58,5.7057,949,2,0,1,3,0,0
tx_legit_000743,0,1847.63,7.5222,89,1,0,1,2,0,0
tx_legit_004459,0,511.88,6.24,133,2,0,1,16,0,0
tx_fraud_000876,1,2331.48,7.7547,110,1,0,1,21,0,0
tx_legit_011982,0,585.08,6.3735,514,1,0,1,4,0,0
tx_legit_006519,0,2111.69,7.6557,132,2,0,1,1,0,0
tx_legit_009673,0,254.72,5.5441,58,1,0,1,1,0,0
tx_legit_005536,0,861.43,6.7598,81,1,0,1,1,0,0
tx_legit_003355,0,1172.39,7.0677,792,1,0,1,1,0,0
tx_legit_005136,0,157.33,5.0647,350,1,0,1,2,0,0
tx_legit_002867,0,806.17,6.6935,687,1,0,1,1,0,0
tx_legit_005511,0,717.57,6.5773,371,1,0,1,1,0,0
tx_legit_008138,0,532.44,6.2793,487,2,0,1,2,0,0
tx_legit_007217,0,324.01,5.7839,988,1,0,1,1,0,0
tx_legit_005746,0,757.15,6.6309,265,1,0,6,1,0,0
tx_legit_008475,0,470.38,6.1557,241,1,0,1,22,0,0
tx_legit_007057,0,658.02,6.4908,970,1,0,1,1,0,0
tx_legit_010659,0,88.7,4.4965,677,1,2,6,2,0,0
tx_legit_012824,0,148.36,5.0064,600,2,0,1,2,0,0
tx_legit_012208,0,213.44,5.368,621,1,0,1,2,0,0
tx_legit_000979,0,399.0,5.9915,316,1,2,4,1,0,0
tx_legit_002497,0,477.39,6.1704,381,1,0,1,1,0,0
tx_legit_011690,0,863.37,6.762,775,1,0,1,2,0,0
tx_legit_013459,0,486.0,6.1883,842,1,0,2,15,0,0
tx_legit_001254,0,563.43,6.3358,702,1,0,1,1,0,0
tx_legit_005270,0,306.82,5.7295,24,1,0,2,3,0,0
tx_legit_010619,0,387.45,5.9622,26,1,0,1,22,0,0
tx_legit_007512,0,302.36,5.7149,516,1,0,1,1,0,0
tx_fraud_001145,1,4037.44,8.3036,818,2,0,17,8,0,0
tx_legit_003274,0,428.77,6.0633,205,3,0,1,1,0,0
tx_legit_006458,0,769.17,6.6466,377,1,0,1,3,0,0
tx_legit_010648,0,138.15,4.9356,192,1,0,2,1,0,0
tx_legit_005133,0,862.44,6.7609,492,1,0,1,16,0,0
tx_legit_012205,0,673.0,6.5132,39,2,0,1,2,0,0
tx_legit_000285,0,683.08,6.5281,384,1,0,1,1,0,0
tx_legit_010825,0,443.24,6.0964,101,1,2,1,1,0,0
tx_fraud_000180,1,10485.6,9.2579,12,20,5,2,31,0,1
tx_legit_009410,0,775.39,6.6547,933,1,0,2,20,0,0
tx_legit_006732,0,371.82,5.9211,926,1,0,1,3,0,0
tx_legit_004352,0,326.66,5.792,506,2,2,1,2,0,0
tx_legit_007963,0,462.05,6.1378,170,1,0,2,14,0,0
tx_legit_011301,0,359.76,5.8882,550,2,0,1,1,0,0
tx_legit_012114,0,1960.89,7.5817,149,4,0,4,2,0,0
tx_legit_013029,0,121.18,4.8055,111,1,0,2,1,0,0
tx_legit_012535,0,581.73,6.3677,488,1,1,1,17,0,0
tx_legit_001902,0,786.57,6.669,257,1,0,1,1,0,0
tx_legit_005005,0,1657.82,7.4139,562,1,0,6,3,0,0
tx_legit_008681,0,797.05,6.6822,117,1,0,1,1,0,0
tx_legit_002111,0,441.52,6.0925,326,1,0,3,1,0,0
tx_legit_003990,0,775.08,6.6543,767,1,0,4,3,0,0
tx_legit_003167,0,380.05,5.9429,451,1,0,1,4,0,0
tx_legit_007294,0,688.66,6.5362,566,3,0,1,22,0,0
tx_legit_009019,0,119.43,4.7911,530,1,0,1,1,0,0
tx_legit_004639,0,308.2,5.734,957,1,0,1,3,0,0
tx_legit_012115,0,699.42,6.5517,397,2,1,1,2,0,0
tx_legit_010556,0,410.72,6.0203,326,2,0,1,1,0,0
tx_legit_012725,0,118.35,4.7821,534,1,0,1,1,0,0
tx_legit_011693,0,2401.4,7.7842,852,3,0,1,19,0,0
tx_fraud_001005,1,7141.37,8.8738,164,2,1,15,6,0,0
tx_legit_011372,0,375.27,5.9303,732,1,0,2,3,0,0
tx_legit_012096,0,325.79,5.7893,923,1,0,2,2,0,0
tx_legit_013073,0,532.79,6.28,852,1,0,1,1,0,0
tx_legit_013556,0,204.77,5.3268,816,2,0,3,1,0,0
tx_legit_013799,0,466.07,6.1465,530,1,0,1,2,0,0
tx_legit_001982,0,1002.84,6.9116,540,1,0,2,20,0,0
tx_legit_007966,0,548.82,6.3096,892,1,0,2,2,0,0
tx_legit_003697,0,554.79,6.3204,160,1,0,1,1,0,0
tx_legit_012615,0,589.24,6.3805,502,1,0,1,1,0,0
tx_legit_001105,0,950.22,6.8577,239,1,0,1,1,0,0
tx_legit_004784,0,850.56,6.7471,941,1,0,1,3,0,0
tx_legit_012262,0,942.26,6.8493,418,1,0,1,3,0,0
tx_legit_000903,0,795.63,6.6804,41,3,0,2,1,0,0
tx_legit_006101,0,752.99,6.6254,880,1,0,1,2,0,0
tx_legit_002910,0,424.61,6.0535,628,1,0,5,3,0,0
tx_legit_005329,0,343.46,5.842,619,1,1,2,15,0,0
tx_legit_000786,0,545.21,6.303,18,2,0,2,2,0,0
tx_legit_004958,0,250.6,5.5278,497,1,1,1,15,0,0
tx_fraud_000618,1,21834.32,9.9913,6,27,4,18,36,1,1
tx_legit_010892,0,463.7,6.1414,936,1,0,1,1,0,0
tx_legit_005809,0,2526.48,7.835,286,1,0,6,3,0,0
tx_legit_011297,0,271.38,5.6072,840,1,0,1,2,0,0
tx_legit_013445,0,390.93,5.9711,579,2,0,1,2,0,0
tx_legit_006540,0,217.0,5.3845,485,1,0,1,2,0,0
tx_legit_010687,0,81.91,4.4178,526,1,0,4,2,0,0
tx_legit_002250,0,697.96,6.5496,313,2,0,1,1,0,0
tx_legit_010355,0,327.22,5.7937,859,1,0,1,22,0,0
tx_fraud_000413,1,49465.24,10.809,5,6,6,1,1,1,1
tx_legit_001211,0,424.72,6.0538,498,1,0,2,1,0,0
tx_legit_009522,0,691.01,6.5396,887,2,0,1,1,0,0
tx_legit_012676,0,422.62,6.0488,871,1,0,1,3,0,0
tx_legit_005948,0,326.74,5.7922,389,2,0,1,1,0,0
tx_legit_007438,0,934.38,6.841,43,2,0,1,1,0,0
tx_legit_006636,0,2139.56,7.6688,381,1,0,1,1,0,0
tx_legit_005355,0,1197.52,7.0888,831,1,0,1,1,0,0
tx_legit_012266,0,1177.82,7.0723,743,1,0,2,1,0,0
tx_legit_008960,0,183.72,5.2188,860,1,0,1,2,0,0
tx_legit_000214,0,430.72,6.0678,90,1,0,3,1,0,0
tx_legit_009094,0,690.58,6.539,310,1,0,1,1,0,0
tx_legit_004949,0,432.72,6.0724,425,1,0,1,1,0,0
tx_legit_008158,0,677.12,6.5193,525,2,0,1,17,0,0
tx_legit_009883,0,993.44,6.9022,35,1,1,1,4,0,0
tx_fraud_000285,1,14672.61,9.5938,5,8,3,2,4,1,1
tx_legit_002940,0,329.91,5.8018,770,3,0,1,1,0,0
tx_legit_013286,0,292.76,5.6828,41,4,0,1,1,0,0
tx_legit_010002,0,389.23,5.9667,646,2,0,1,3,0,0
tx_legit_000081,0,2066.61,7.6341,899,4,1,2,21,0,0
tx_legit_013588,0,626.05,6.441,605,1,0,1,2,0,0
tx_legit_012193,0,174.52,5.1678,25,1,0,2,1,0,0
tx_legit_000207,0,1263.06,7.1421,378,1,0,1,2,0,0
tx_fraud_000414,1,56388.11,10.94,1,15,6,1,1,1,1
tx_legit_012712,0,484.64,6.1855,349,1,0,1,1,0,0
tx_legit_008685,0,1479.24,7.3,725,3,0,1,1,0,0
tx_legit_000291,0,398.13,5.9893,40,1,0,1,2,0,0
tx_legit_010249,0,648.97,6.4769,962,2,0,1,1,0,0
tx_legit_005044,0,877.91,6.7787,185,1,0,1,1,0,0
tx_legit_012221,0,1003.23,6.912,361,1,0,3,3,0,0
tx_legit_002380,0,678.0,6.5206,877,2,0,6,3,0,0
tx_fraud_000121,1,14145.89,9.5573,11,11,1,11,3,0,1
tx_fraud_000587,1,61862.15,11.0327,0,26,5,21,34,1,1
tx_legit_001235,0,718.15,6.5781,111,1,0,1,4,0,0
tx_legit_010572,0,231.64,5.4495,180,2,0,2,20,0,0
tx_legit_008884,0,266.99,5.5909,336,1,0,1,14,0,0
tx_legit_010695,0,569.62,6.3467,993,1,0,1,2,0,0
tx_fraud_000510,1,81094.09,11.3034,4,15,3,1,1,1,1
tx_legit_002217,0,1073.46,6.9796,502,1,0,1,4,0,0
tx_legit_009655,0,865.63,6.7646,349,1,0,1,1,0,0
tx_legit_008363,0,444.57,6.0994,931,1,0,2,9,0,0
tx_legit_000624,0,293.25,5.6844,669,1,1,2,2,0,0
tx_legit_009957,0,245.75,5.5084,112,1,0,1,2,0,0
tx_legit_007318,0,519.87,6.2555,569,1,1,1,1,0,0
tx_legit_006278,0,1678.89,7.4265,477,1,0,1,1,0,0
tx_legit_009985,0,1105.7,7.0091,740,1,0,1,1,0,0
tx_fraud_000191,1,9151.96,9.1218,24,19,6,1,29,0,1
tx_legit_003488,0,710.33,6.5671,599,1,0,1,1,0,0
tx_legit_006891,0,575.08,6.3562,732,2,0,1,2,0,0
tx_legit_013690,0,417.1,6.0357,551,1,0,1,3,0,0
tx_legit_005445,0,210.29,5.3532,479,2,0,1,1,0,0
tx_legit_003645,0,176.12,5.1768,587,1,0,1,1,0,0
tx_legit_001695,0,125.64,4.8413,113,1,0,1,21,0,0
tx_fraud_000590,1,21306.03,9.9668,5,23,9,21,19,1,1
tx_legit_004944,0,1121.24,7.0231,858,2,0,1,1,0,0
tx_legit_004266,0,606.59,6.4095,562,1,0,1,1,0,0
tx_legit_013334,0,510.74,6.2378,723,2,0,1,1,0,0
tx_legit_007161,0,515.95,6.2479,676,1,0,1,15,0,0
tx_legit_009210,0,601.25,6.4007,43,1,0,2,12,0,0
tx_legit_005192,0,150.67,5.0217,107,1,0,1,3,0,0
tx_legit_011719,0,522.26,6.2601,510,1,0,1,15,0,0
tx_legit_009073,0,572.37,6.3515,322,1,0,2,11,0,0
tx_fraud_000689,1,1530.22,7.3338,101,1,0,17,18,0,0
tx_legit_011718,0,768.56,6.6458,894,1,0,3,3,0,0
tx_legit_002355,0,328.19,5.7966,379,3,0,1,1,0,0
tx_legit_004981,0,207.46,5.3397,668,1,1,1,1,0,0
tx_legit_002797,0,1060.73,6.9677,665,3,0,1,2,0,0
tx_legit_001567,0,415.84,6.0327,221,1,1,3,1,0,0
tx_legit_010911,0,360.68,5.8908,389,3,0,2,19,0,0
tx_fraud_000691,1,897.75,6.801,99,1,0,19,17,0,0
tx_legit_013330,0,1654.73,7.412,84,2,0,1,2,0,0
tx_legit_003938,0,308.37,5.7345,611,1,0,1,1,0,0
tx_legit_003750,0,568.88,6.3454,326,1,0,2,10,0,0
tx_legit_002959,0,192.64,5.266,493,2,0,1,2,0,0
tx_legit_002411,0,410.41,6.0196,646,1,0,1,1,0,0
tx_legit_003001,0,369.64,5.9152,768,1,0,2,18,0,0
tx_legit_003940,0,1407.4,7.2502,264,4,0,1,15,0,0
tx_legit_005491,0,369.64,5.9152,756,1,0,2,2,0,0
tx_legit_000924,0,474.77,6.1649,25,1,0,1,1,0,0
tx_legit_006747,0,1178.18,7.0726,485,1,0,1,1,0,0
tx_legit_001693,0,635.43,6.4559,565,2,0,2,19,0,0
tx_legit_007635,0,647.38,6.4745,29,1,0,1,2,0,0
tx_legit_012233,0,543.33,6.2996,116,1,0,2,20,0,0
tx_legit_005164,0,1482.76,7.3023,181,1,0,2,1,0,0
tx_legit_006797,0,625.05,6.4394,480,1,0,1,2,0,0
tx_legit_009869,0,946.19,6.8535,828,1,0,1,16,0,0
tx_legit_001061,0,507.72,6.2319,292,1,0,5,2,0,0
tx_legit_011823,0,995.68,6.9044,590,1,0,3,1,0,0
tx_legit_000566,0,546.63,6.3056,31,2,0,1,21,0,0
tx_legit_002509,0,673.32,6.5137,487,1,0,2,1,0,0
tx_legit_012325,0,325.47,5.7883,784,1,1,1,2,0,0
tx_legit_012204,0,304.88,5.7232,121,1,0,1,1,0,0
tx_legit_013620,0,832.53,6.7257,778,1,0,1,1,0,0
tx_legit_001304,0,220.6,5.4009,604,2,0,1,3,0,0
tx_legit_008839,0,82.07,4.4197,757,1,0,2,14,0,0
tx_legit_003554,0,528.0,6.271,49,1,0,1,1,0,0
tx_legit_003893,0,484.89,6.186,374,1,0,1,1,0,0
tx_fraud_000563,1,25456.93,10.1448,3,16,9,11,23,1,1
tx_legit_008266,0,170.98,5.1474,768,1,1,1,3,0,0
tx_legit_008782,0,368.92,5.9133,709,1,0,1,1,0,0
tx_legit_012067,0,138.67,4.9393,610,2,0,2,4,0,0
tx_legit_002600,0,516.46,6.2489,378,1,0,1,4,0,0
tx_fraud_000645,1,43589.01,10.6826,5,12,4,10,19,1,1
tx_legit_012644,0,764.27,6.6402,723,1,0,1,3,0,0
tx_legit_010019,0,302.1,5.7141,691,1,0,1,1,0,0
tx_legit_009275,0,101.7,4.6318,993,1,0,2,1,0,0
tx_legit_004055,0,573.12,6.3528,729,1,0,2,13,0,0
tx_legit_000654,0,81.62,4.4143,356,2,0,1,1,0,0
tx_fraud_000509,1,56667.69,10.945,8,11,4,1,1,0,1
tx_fraud_000513,1,64811.87,11.0793,5,7,7,1,1,1,1
tx_legit_003714,0,195.95,5.2829,615,1,0,1,1,0,0
tx_legit_009962,0,837.65,6.7318,645,1,0,1,3,0,0
tx_legit_004412,0,403.24,6.002,506,2,0,2,9,0,0
tx_legit_006372,0,235.52,5.466,124,2,0,1,3,0,0
tx_legit_013173,0,350.13,5.8612,571,2,1,2,10,0,0
tx_legit_003809,0,690.36,6.5387,687,2,0,1,1,0,0
tx_legit_001261,0,264.01,5.5798,797,2,0,1,2,0,0
tx_legit_012036,0,348.31,5.856,967,1,0,1,1,0,0
tx_legit_001269,0,438.36,6.0853,947,1,0,1,2,0,0
tx_legit_000303,0,194.09,5.2735,860,2,2,1,2,0,0
tx_legit_008310,0,776.5,6.6561,685,1,0,1,1,0,0
tx_legit_008064,0,189.78,5.2511,548,1,0,1,1,0,0
tx_legit_012109,0,734.96,6.6012,149,1,0,4,3,0,0
tx_legit_004995,0,333.95,5.814,218,2,0,1,2,0,0
tx_legit_008286,0,194.12,5.2736,25,1,0,1,2,0,0
tx_legit_006967,0,675.46,6.5169,784,2,0,4,1,0,0
tx_legit_012368,0,483.03,6.1821,720,1,0,5,3,0,0
tx_legit_007279,0,845.88,6.7416,584,1,0,1,2,0,0
tx_legit_013249,0,183.06,5.2153,846,1,0,2,16,0,0
tx_legit_006524,0,209.3,5.3485,579,1,0,3,1,0,0
tx_legit_001200,0,1439.92,7.273,167,2,0,1,1,0,0
tx_fraud_001123,1,3590.07,8.1862,417,2,0,16,10,0,0
tx_legit_005676,0,440.82,6.0909,995,1,0,1,1,0,0
tx_legit_012635,0,114.55,4.7497,600,1,0,1,14,0,0
tx_legit_002884,0,200.21,5.3043,526,3,2,2,3,0,0
tx_legit_001189,0,753.9,6.6266,471,1,0,1,2,0,0
tx_legit_002264,0,330.97,5.805,760,1,0,2,3,0,0
tx_legit_013022,0,708.17,6.5641,616,1,0,1,2,0,0
tx_legit_008020,0,1527.89,7.3323,62,1,0,1,1,0,0
tx_legit_004574,0,643.12,6.4679,243,1,1,1,3,0,0
tx_legit_006912,0,501.24,6.2191,275,1,0,1,1,0,0
tx_legit_000510,0,664.5,6.5005,467,1,0,3,1,0,0
tx_legit_001728,0,683.36,6.5285,414,1,0,3,1,0,0
tx_legit_011981,0,567.94,6.3438,893,4,1,1,1,0,0
tx_legit_007842,0,467.24,6.149,366,1,0,1,1,0,0
tx_legit_003979,0,373.38,5.9253,465,3,0,6,3,0,0
tx_legit_004836,0,634.8,6.4549,520,1,0,1,1,0,0
tx_legit_000376,0,150.56,5.021,150,1,0,1,2,0,0
tx_legit_008663,0,616.09,6.425,967,2,0,3,2,0,0
tx_legit_012439,0,885.82,6.7876,863,1,1,1,1,0,0
tx_legit_006576,0,1267.02,7.1452,694,1,0,1,3,0,0
tx_legit_013068,0,167.99,5.1298,103,1,0,1,1,0,0
tx_legit_008075,0,936.49,6.8432,995,1,0,1,3,0,0
tx_legit_011010,0,362.46,5.8957,866,1,0,1,1,0,0
tx_legit_003412,0,1551.53,7.3476,533,1,0,5,1,0,0
tx_legit_001410,0,87.97,4.4883,497,1,0,2,13,0,0
tx_legit_003804,0,169.23,5.1372,49,1,0,1,4,0,0
tx_legit_007534,0,276.9,5.6273,130,1,0,2,1,0,0
tx_legit_002329,0,934.78,6.8414,823,1,1,1,21,0,0
tx_legit_003161,0,355.31,5.8758,120,1,0,1,10,0,0
tx_legit_001423,0,1041.86,6.9497,878,1,0,1,20,0,0
tx_legit_006466,0,2629.63,7.875,806,2,0,1,1,0,0
tx_legit_007125,0,723.7,6.5858,645,1,0,1,1,0,0
tx_legit_011059,0,407.27,6.0119,306,3,0,1,22,0,0
tx_legit_005878,0,1277.04,7.1531,441,2,0,6,3,0,0
tx_fraud_000201,1,2980.27,8.0001,27,11,5,2,29,0,1
tx_legit_006928,0,776.69,6.6563,800,1,0,1,1,0,0
tx_legit_007083,0,473.19,6.1616,691,1,0,2,9,0,0
tx_legit_005129,0,945.45,6.8527,599,1,0,6,3,0,0
tx_fraud_001160,1,8267.77,9.0202,434,2,0,22,12,0,0
tx_legit_006968,0,159.1,5.0758,249,2,1,1,5,0,0
tx_legit_005741,0,97.19,4.5869,605,1,0,1,1,0,0
tx_legit_012184,0,933.14,6.8396,570,2,1,2,17,0,0
tx_legit_008329,0,509.93,6.2362,72,1,0,1,1,0,0
tx_legit_005064,0,1009.42,6.9181,284,1,1,1,1,0,0
tx_legit_002121,0,1441.78,7.2743,31,2,0,1,19,0,0
tx_fraud_000282,1,6059.68,8.7096,0,5,0,2,2,1,1
tx_legit_006084,0,1191.61,7.0839,958,1,0,1,1,0,0
tx_fraud_000947,1,5732.34,8.6541,177,2,1,13,9,0,0
tx_legit_012286,0,228.04,5.4339,56,1,0,2,20,0,0
tx_legit_010315,0,2017.7,7.6102,241,1,0,2,1,0,0
tx_legit_010157,0,907.8,6.8121,534,1,0,1,1,0,0
tx_legit_001822,0,338.09,5.8263,941,1,2,4,1,0,0
tx_legit_003035,0,682.61,6.5274,961,1,0,1,2,0,0
tx_legit_006570,0,901.75,6.8054,209,1,0,1,1,0,0
tx_legit_010966,0,885.88,6.7877,222,1,0,1,2,0,0
tx_legit_008219,0,440.35,6.0898,117,2,0,4,1,0,0
tx_legit_009382,0,759.59,6.6341,576,1,0,1,2,0,0
tx_fraud_001119,1,8071.18,8.9962,867,2,0,10,13,0,0
tx_legit_004941,0,689.52,6.5374,422,4,0,1,4,0,0
tx_legit_002188,0,887.87,6.79,933,1,0,5,1,0,0
tx_fraud_000700,1,1109.27,7.0124,101,1,0,25,16,0,0
tx_legit_004202,0,600.24,6.399,638,1,0,1,1,0,0
tx_legit_003368,0,538.23,6.2901,137,1,0,1,2,0,0
tx_legit_009267,0,335.85,5.8196,749,3,0,1,2,0,0
tx_legit_011486,0,156.54,5.0597,778,1,0,1,1,0,0
tx_legit_008167,0,981.25,6.8898,615,2,0,1,2,0,0
tx_legit_003119,0,411.58,6.0224,768,2,0,1,1,0,0
tx_legit_010171,0,913.77,6.8187,655,2,0,1,4,0,0
tx_legit_006164,0,2220.37,7.7059,663,1,0,1,1,0,0
tx_legit_009334,0,260.87,5.5678,442,1,0,1,3,0,0
tx_legit_010634,0,1479.59,7.3002,474,1,0,1,2,0,0
tx_legit_004135,0,118.23,4.7811,475,1,0,1,1,0,0
tx_legit_012318,0,337.21,5.8237,137,1,0,2,11,0,0
tx_legit_009952,0,1355.09,7.2124,943,3,0,1,19,0,0
tx_legit_012570,0,85.19,4.4566,198,2,0,1,1,0,0
tx_legit_006604,0,154.68,5.0478,546,1,0,1,2,0,0
tx_legit_011270,0,643.37,6.4683,149,2,0,1,1,0,0
tx_legit_006218,0,803.43,6.6901,925,1,0,1,1,0,0
tx_legit_011074,0,1147.95,7.0466,614,2,2,1,3,0,0
tx_legit_005465,0,452.24,6.1164,960,2,0,1,3,0,0
tx_legit_003955,0,709.58,6.5661,220,1,0,1,2,0,0
tx_legit_010063,0,1402.58,7.2468,677,2,0,3,1,0,0
tx_legit_003053,0,1158.1,7.0554,217,1,0,6,2,0,0
tx_legit_007444,0,472.44,6.16,142,1,1,1,2,0,0
tx_legit_012914,0,564.32,6.3374,295,1,0,1,4,0,0
tx_legit_005211,0,514.39,6.2449,155,1,0,2,2,0,0
tx_legit_007202,0,370.59,5.9178,156,1,0,1,1,0,0
tx_legit_008947,0,2601.34,7.8642,436,1,0,1,1,0,0
tx_legit_007621,0,405.4,6.0073,463,4,0,1,1,0,0
tx_legit_007248,0,265.55,5.5856,717,1,0,1,1,0,0
tx_legit_003077,0,677.16,6.5194,557,1,0,1,1,0,0
tx_legit_008939,0,1037.87,6.9459,532,1,1,3,1,0,0
tx_legit_000177,0,481.97,6.18,543,2,0,1,1,0,0
tx_legit_011000,0,328.21,5.7967,540,1,0,1,1,0,0
tx_legit_000626,0,421.63,6.0465,765,1,0,1,1,0,0
tx_legit_010876,0,158.06,5.0693,278,2,0,1,3,0,0
tx_legit_002048,0,506.62,6.2297,132,2,0,1,2,0,0
tx_legit_002576,0,99.44,4.6096,56,1,0,1,1,0,0
tx_legit_008631,0,2439.43,7.7999,27,1,0,2,1,0,0
tx_fraud_001047,1,5872.45,8.6782,155,2,1,13,12,0,0
tx_legit_005117,0,271.14,5.6063,488,1,0,1,1,0,0
tx_fraud_001153,1,5751.93,8.6575,732,2,0,11,8,0,0
tx_legit_002437,0,409.13,6.0165,909,1,0,2,14,0,0
tx_legit_011312,0,127.49,4.8559,36,1,0,1,2,0,0
tx_legit_010164,0,721.37,6.5825,215,1,0,3,1,0,0
tx_legit_003123,0,1169.55,7.0652,487,3,0,1,1,0,0
tx_legit_004259,0,2095.96,7.6482,722,1,0,1,1,0,0
tx_fraud_001067,1,7697.01,8.9487,763,2,0,19,11,0,0
tx_legit_011975,0,768.76,6.6461,731,1,1,1,2,0,0
tx_legit_007817,0,493.79,6.2041,477,2,0,2,1,0,0
tx_legit_006097,0,776.35,6.6559,126,1,0,1,1,0,0
tx_legit_007277,0,188.41,5.2439,679,1,0,1,1,0,0
tx_legit_006004,0,231.99,5.451,114,1,0,2,14,0,0
tx_legit_006746,0,430.29,6.0668,691,1,0,5,2,0,0
tx_legit_001797,0,161.2,5.0888,648,1,0,2,2,0,0
tx_fraud_000476,1,56007.1,10.9333,10,15,6,1,1,0,1
tx_fraud_000298,1,4918.6,8.501,0,9,2,5,4,1,1
tx_legit_007116,0,1185.13,7.0785,266,2,0,1,1,0,0
tx_legit_007282,0,906.93,6.8112,934,1,0,1,1,0,0
tx_legit_002087,0,655.52,6.487,476,1,0,1,1,0,0
tx_legit_002339,0,1367.44,7.2214,61,1,0,2,19,0,0
tx_legit_010361,0,247.32,5.5147,744,1,0,2,18,0,0
tx_legit_013362,0,962.35,6.8704,450,2,0,1,1,0,0
tx_legit_003454,0,545.13,6.3029,315,1,0,1,1,0,0
tx_legit_000114,0,370.59,5.9178,909,2,0,1,2,0,0
tx_legit_003600,0,2310.06,7.7455,522,1,0,2,17,0,0
tx_legit_006261,0,285.7,5.6584,502,1,0,1,2,0,0
tx_legit_006138,0,821.04,6.7118,37,1,0,1,1,0,0
tx_legit_004998,0,334.47,5.8155,660,1,0,1,2,0,0
tx_legit_012336,0,1514.89,7.3238,606,1,0,1,2,0,0
tx_legit_000574,0,939.35,6.8463,921,1,0,1,2,0,0
tx_fraud_000422,1,60820.15,11.0157,6,12,4,1,1,1,1
tx_legit_011489,0,547.25,6.3067,767,1,0,3,3,0,0
tx_legit_011023,0,440.64,6.0905,766,2,0,1,1,0,0
tx_legit_008779,0,557.33,6.325,661,1,0,2,1,0,0
tx_legit_004386,0,194.94,5.2778,972,1,0,1,2,0,0
tx_legit_006111,0,437.84,6.0841,942,1,0,2,3,0,0
tx_legit_004138,0,756.32,6.6298,828,1,0,1,2,0,0
tx_legit_009165,0,403.87,6.0036,569,1,0,1,1,0,0
tx_legit_010958,0,816.71,6.7065,158,1,0,1,2,0,0
tx_legit_002516,0,447.45,6.1058,167,1,0,1,2,0,0
tx_legit_000270,0,107.48,4.6866,252,1,0,1,1,0,0
tx_legit_013083,0,215.12,5.3758,131,1,0,1,1,0,0
tx_legit_004830,0,631.14,6.4491,826,1,0,2,20,0,0
tx_legit_003210,0,860.5,6.7587,932,1,0,2,1,0,0
tx_legit_006119,0,440.06,6.0892,566,1,0,1,5,0,0
tx_legit_009879,0,397.91,5.9887,329,2,0,1,18,0,0
tx_legit_007968,0,888.63,6.7908,188,1,0,1,1,0,0
tx_legit_012291,0,819.1,6.7094,533,1,0,1,4,0,0
tx_legit_007091,0,860.22,6.7583,84,1,0,6,1,0,0
tx_legit_004199,0,331.19,5.8057,488,1,0,2,1,0,0
tx_legit_008665,0,668.7,6.5068,565,2,0,1,20,0,0
tx_legit_004213,0,1282.99,7.1577,561,1,0,1,14,0,0
tx_legit_011950,0,1330.17,7.1938,150,1,0,1,1,0,0
tx_legit_011785,0,396.76,5.9858,121,2,1,1,1,0,0
tx_legit_001509,0,853.98,6.7511,497,2,0,3,4,0,0
tx_legit_009216,0,461.81,6.1373,218,2,0,1,20,0,0
tx_legit_010480,0,2012.8,7.6078,42,1,0,1,4,0,0
tx_legit_005034,0,1363.09,7.2182,567,2,0,3,2,0,0
tx_legit_012541,0,1489.66,7.307,77,1,0,1,2,0,0
tx_legit_003745,0,457.17,6.1272,916,1,0,1,4,0,0
tx_legit_013574,0,99.85,4.6136,351,1,0,1,1,0,0
tx_legit_012519,0,1974.38,7.5885,555,1,0,2,14,0,0
tx_fraud_000923,1,2659.25,7.8862,96,1,0,1,12,0,0
tx_legit_005875,0,428.76,6.0632,880,1,0,6,3,0,0
tx_legit_000920,0,616.08,6.425,746,1,0,1,1,0,0
tx_legit_001696,0,794.24,6.6786,357,1,0,1,1,0,0
tx_legit_002765,0,538.95,6.2915,451,1,0,1,1,0,0
tx_legit_013210,0,186.49,5.2337,212,1,0,1,1,0,0
tx_legit_011645,0,869.57,6.7691,103,1,0,1,1,0,0
tx_legit_005615,0,352.47,5.8678,880,3,0,1,1,0,0
tx_legit_009429,0,234.37,5.4612,877,2,0,1,2,0,0
tx_legit_004962,0,133.25,4.8997,431,1,0,1,1,0,0
tx_legit_010428,0,901.28,6.8049,258,1,0,1,3,0,0
tx_legit_011231,0,438.23,6.085,389,1,0,1,1,0,0
tx_legit_006872,0,986.38,6.8951,676,1,0,2,1,0,0
tx_legit_000982,0,1513.4,7.3228,441,1,0,1,2,0,0
tx_legit_004780,0,3442.48,8.1442,135,2,0,2,14,0,0
tx_legit_004099,0,343.73,5.8428,917,1,0,1,4,0,0
tx_legit_012167,0,375.03,5.9297,471,3,0,2,21,0,0
tx_legit_007469,0,2943.8,7.9878,143,3,0,1,1,0,0
tx_legit_011582,0,165.55,5.1153,648,2,1,1,22,0,0
tx_legit_007551,0,437.09,6.0824,397,1,0,2,1,0,0
tx_legit_009355,0,1966.12,7.5843,765,1,0,1,1,0,0
tx_legit_000817,0,540.7,6.2947,899,1,0,2,13,0,0
tx_legit_001142,0,383.48,5.9519,96,3,0,4,2,0,0
tx_legit_000837,0,1086.53,6.9917,478,1,0,1,16,0,0
tx_legit_010675,0,191.7,5.2611,196,1,0,1,10,0,0
tx_legit_001952,0,868.14,6.7675,196,1,0,1,1,0,0
tx_legit_003688,0,218.62,5.3919,235,1,0,1,1,0,0
tx_legit_012853,0,450.0,6.1115,546,2,0,1,17,0,0
tx_legit_009796,0,1353.49,7.2112,988,1,0,1,14,0,0
tx_legit_009169,0,135.24,4.9144,336,2,0,2,14,0,0
tx_legit_001017,0,978.86,6.8874,549,1,0,1,4,0,0
tx_legit_008736,0,513.88,6.2439,514,1,1,2,20,0,0
tx_legit_004325,0,266.64,5.5896,258,1,1,1,1,0,0
tx_legit_010644,0,1172.4,7.0677,600,1,0,3,1,0,0
tx_legit_009057,0,591.28,6.384,749,1,0,1,1,0,0
tx_fraud_000477,1,66011.91,11.0976,4,6,4,1,1,1,1
tx_legit_002296,0,768.03,6.6451,310,1,1,1,2,0,0
tx_legit_004127,0,718.68,6.5788,100,2,0,1,2,0,0
tx_legit_000930,0,301.92,5.7135,33,1,0,4,2,0,0
tx_legit_000341,0,965.47,6.8737,381,1,0,1,1,0,0
tx_legit_009700,0,982.13,6.8907,775,1,0,1,2,0,0
tx_legit_000843,0,290.99,5.6767,246,4,0,1,1,0,0
tx_legit_013397,0,425.54,6.0557,540,1,0,1,1,0,0
tx_legit_006313,0,1111.84,7.0147,500,1,0,4,2,0,0
tx_legit_011116,0,686.83,6.5335,320,3,0,1,18,0,0
tx_legit_003000,0,674.97,6.5161,328,3,0,1,19,0,0
tx_legit_007229,0,546.82,6.3059,578,4,0,1,2,0,0
tx_fraud_000889,1,2603.79,7.8651,243,1,0,1,10,0,0
tx_legit_005872,0,1032.31,6.9405,81,1,0,1,12,0,0
tx_legit_002143,0,286.7,5.6619,611,4,0,1,4,0,0
tx_legit_000607,0,792.26,6.6762,713,1,0,1,3,0,0
tx_legit_011954,0,1720.0,7.4507,333,1,0,1,3,0,0
tx_legit_005813,0,454.63,6.1217,55,2,0,1,1,0,0
tx_legit_004166,0,445.01,6.1003,193,1,0,1,1,0,0
tx_legit_009513,0,1224.28,7.1109,633,1,0,2,20,0,0
tx_legit_000355,0,556.46,6.3234,922,1,0,2,5,0,0
tx_legit_001365,0,797.22,6.6824,241,2,0,2,13,0,0
tx_legit_004765,0,890.97,6.7934,330,3,0,1,1,0,0
tx_legit_004637,0,314.35,5.7537,858,1,0,1,1,0,0
tx_legit_000536,0,614.43,6.4223,560,1,0,4,1,0,0
tx_legit_005433,0,1748.43,7.467,495,2,0,1,1,0,0
tx_legit_000644,0,837.27,6.7313,347,1,0,1,1,0,0
tx_legit_002911,0,379.67,5.9419,891,1,0,1,1,0,0
tx_legit_011505,0,485.41,6.1871,70,1,0,5,2,0,0
tx_legit_001861,0,1247.96,7.1301,744,2,0,1,1,0,0
tx_legit_003777,0,1209.22,7.0986,169,2,0,1,2,0,0
tx_legit_012935,0,993.22,6.902,836,1,0,1,2,0,0
tx_legit_005107,0,251.51,5.5315,766,1,0,3,1,0,0
tx_legit_009542,0,725.19,6.5878,134,1,0,2,1,0,0
tx_fraud_000108,1,5887.98,8.6808,3,11,1,18,2,1,1
tx_legit_011306,0,733.82,6.5996,899,1,0,1,19,0,0
tx_legit_011535,0,1315.68,7.1829,283,1,0,1,2,0,0
tx_legit_004184,0,448.71,6.1086,659,1,0,1,1,0,0
tx_legit_005356,0,709.4,6.5658,191,2,0,1,3,0,0
tx_legit_010417,0,152.45,5.0334,989,1,0,4,2,0,0
tx_legit_007660,0,268.37,5.5961,947,1,0,1,2,0,0
tx_legit_002672,0,239.92,5.4845,455,1,0,1,1,0,0
tx_legit_003214,0,251.82,5.5327,276,2,0,5,3,0,0
tx_legit_000396,0,123.59,4.825,953,1,1,3,2,0,0
tx_legit_002925,0,287.02,5.663,906,1,1,1,1,0,0
tx_legit_006785,0,926.16,6.8321,221,1,0,1,1,0,0
tx_legit_000000,0,1353.94,7.2115,569,1,0,1,3,0,0
tx_legit_000306,0,247.41,5.5151,408,2,0,2,16,0,0
tx_fraud_000879,1,2390.86,7.7798,398,1,0,1,12,0,0
tx_legit_004176,0,475.32,6.1661,534,1,0,1,1,0,0
tx_legit_007550,0,1149.73,7.0482,63,4,0,4,1,0,0
tx_fraud_000680,1,1057.42,6.9645,285,1,0,23,9,0,0
tx_legit_013647,0,198.44,5.2955,28,1,0,1,1,0,0
tx_legit_012817,0,298.54,5.7022,861,1,0,1,2,0,0
tx_legit_002724,0,2357.52,7.7658,29,2,0,1,1,0,0
tx_legit_011285,0,641.06,6.4647,335,1,0,1,1,0,0
tx_legit_010132,0,475.25,6.1659,457,1,0,1,13,0,0
tx_legit_000561,0,617.25,6.4269,641,1,0,1,2,0,0
tx_legit_002627,0,2588.18,7.8591,632,1,0,1,17,0,0
tx_legit_010317,0,636.07,6.4569,185,1,0,2,12,0,0
tx_legit_001435,0,267.28,5.592,584,1,0,1,1,0,0
tx_fraud_001062,1,5774.38,8.6614,147,2,1,12,5,0,0
tx_legit_010065,0,162.2,5.095,879,1,0,1,3,0,0
tx_legit_008375,0,1006.78,6.9155,439,1,0,1,3,0,0
tx_legit_003826,0,993.81,6.9026,595,2,0,1,2,0,0
tx_legit_000857,0,261.55,5.5704,469,1,0,2,8,0,0
tx_legit_010747,0,405.73,6.0081,273,2,0,3,2,0,0
tx_legit_009147,0,1147.22,7.046,492,1,0,6,3,0,0
tx_legit_011750,0,1883.71,7.5415,268,1,0,1,1,0,0
tx_legit_003886,0,517.62,6.2512,418,1,0,2,1,0,0
tx_legit_003603,0,371.39,5.9199,19,3,0,1,1,0,0
tx_legit_001421,0,646.75,6.4735,360,3,0,2,19,0,0
tx_legit_007665,0,197.43,5.2904,476,1,0,1,1,0,0
tx_legit_000717,0,303.15,5.7175,124,1,1,3,1,0,0
tx_legit_010551,0,281.19,5.6426,143,1,2,1,1,0,0
tx_legit_009750,0,567.08,6.3423,497,1,0,1,1,0,0
tx_legit_005452,0,636.45,6.4575,340,2,2,1,1,0,0
tx_legit_008448,0,375.54,5.931,298,1,0,2,2,0,0
tx_legit_005450,0,941.74,6.8488,231,1,0,1,1,0,0
tx_legit_006219,0,664.84,6.501,155,1,0,1,1,0,0
tx_legit_002106,0,929.94,6.8362,847,1,0,1,1,0,0
tx_legit_011169,0,538.76,6.2911,708,1,0,1,4,0,0
tx_legit_013504,0,623.95,6.4377,225,1,0,1,2,0,0
tx_legit_012319,0,135.76,4.9182,211,2,0,1,3,0,0
tx_legit_007960,0,180.09,5.199,644,2,0,1,1,0,0
tx_legit_000996,0,558.65,6.3273,921,1,0,1,1,0,0
tx_legit_005316,0,556.24,6.323,966,1,0,1,3,0,0
tx_legit_001915,0,192.95,5.2676,659,1,0,1,2,0,0
tx_legit_003928,0,668.63,6.5067,78,3,0,1,22,0,0
tx_legit_003465,0,390.77,5.9707,544,1,0,1,11,0,0
tx_legit_000428,0,609.01,6.4135,740,4,0,2,3,0,0
tx_legit_009847,0,325.85,5.7895,336,1,0,1,1,0,0
tx_legit_004061,0,1071.24,6.9775,918,1,1,4,2,0,0
tx_legit_009849,0,476.14,6.1678,114,1,0,3,2,0,0
tx_legit_009707,0,579.41,6.3637,553,1,0,2,20,0,0
tx_legit_011093,0,687.7,6.5348,335,1,0,1,1,0,0
tx_legit_009365,0,690.66,6.5391,590,1,0,1,1,0,0
tx_legit_006634,0,3879.03,8.2636,591,1,0,2,2,0,0
tx_legit_000444,0,252.67,5.536,158,1,0,2,11,0,0
tx_legit_004231,0,181.91,5.209,804,1,1,1,2,0,0
tx_legit_001820,0,243.77,5.5003,610,1,0,3,1,0,0
tx_legit_004961,0,432.73,6.0724,27,1,0,1,2,0,0
tx_legit_003829,0,1246.56,7.1289,767,1,0,1,15,0,0
tx_legit_009044,0,1189.32,7.082,150,1,0,1,2,0,0
tx_legit_006504,0,190.46,5.2547,104,1,0,1,1,0,0
tx_legit_006185,0,569.32,6.3462,934,2,0,1,1,0,0
tx_legit_007622,0,973.07,6.8815,50,2,0,3,1,0,0
tx_legit_003321,0,551.03,6.3136,229,1,0,2,13,0,0
tx_legit_004393,0,145.54,4.9873,378,1,0,2,21,0,0
tx_legit_013063,0,599.86,6.3984,495,3,0,1,1,0,0
tx_legit_007231,0,886.81,6.7888,465,1,0,1,10,0,0
tx_legit_004538,0,395.45,5.9825,843,2,0,1,1,0,0
tx_legit_002387,0,331.27,5.8059,229,1,0,3,2,0,0
tx_legit_000483,0,253.95,5.5411,686,1,0,1,2,0,0
tx_legit_005085,0,188.16,5.2426,259,1,0,1,1,0,0
tx_legit_013134,0,355.15,5.8754,639,2,1,1,1,0,0
tx_legit_002292,0,389.4,5.9672,892,1,1,1,3,0,0
tx_fraud_000096,1,8078.9,8.9971,9,4,1,17,6,0,0
tx_legit_010082,0,1702.97,7.4407,978,1,1,1,10,0,0
tx_legit_004362,0,686.45,6.533,143,1,0,1,19,0,0
tx_legit_007302,0,1151.37,7.0496,103,2,0,1,1,0,0
tx_legit_007145,0,963.72,6.8718,538,2,0,1,1,0,0
tx_legit_006683,0,763.47,6.6392,882,1,1,1,8,0,0
tx_legit_011203,0,496.95,6.2105,865,1,0,2,1,0,0
tx_legit_013262,0,639.14,6.4617,778,1,0,1,1,0,0
tx_legit_005155,0,455.23,6.123,22,1,0,5,2,0,0
tx_legit_001708,0,603.21,6.4039,950,1,0,1,4,0,0
tx_legit_007810,0,277.16,5.6282,821,1,0,1,4,0,0
tx_legit_001775,0,311.03,5.7431,985,1,0,1,8,0,0
tx_legit_008085,0,749.4,6.6206,588,1,0,5,1,0,0
tx_legit_009245,0,1536.42,7.3379,820,2,0,2,1,0,0
tx_legit_010883,0,546.51,6.3054,402,1,1,1,15,0,0
tx_legit_006979,0,160.91,5.087,571,2,2,4,3,0,0
tx_fraud_000733,1,1473.03,7.2958,73,1,0,23,16,0,0
tx_legit_002421,0,965.12,6.8733,115,1,0,1,2,0,0
tx_legit_011734,0,598.88,6.3967,474,1,0,4,1,0,0
tx_legit_013358,0,479.97,6.1758,845,1,0,1,2,0,0
tx_legit_003184,0,821.66,6.7125,391,2,0,1,1,0,0
tx_legit_009519,0,1348.12,7.2072,414,2,0,1,1,0,0
tx_legit_001610,0,572.74,6.3522,779,1,0,2,8,0,0
tx_legit_010731,0,461.63,6.1369,293,1,0,1,1,0,0
tx_legit_001883,0,534.35,6.2829,70,1,0,1,1,0,0
tx_legit_001317,0,269.87,5.6016,746,1,0,1,1,0,0
tx_legit_012147,0,611.68,6.4178,158,1,1,1,18,0,0
tx_legit_005736,0,1742.3,7.4635,924,1,0,2,1,0,0
tx_fraud_000855,1,3452.22,8.1471,229,1,0,1,18,0,0
tx_legit_004638,0,624.94,6.4393,371,1,0,2,21,0,0
tx_legit_009605,0,425.3,6.0551,310,1,0,2,2,0,0
tx_legit_010387,0,1234.92,7.1196,245,1,0,1,1,0,0
tx_legit_000466,0,262.52,5.5741,761,2,0,2,8,0,0
tx_legit_003020,0,541.21,6.2957,330,1,0,2,9,0,0
tx_legit_005684,0,2525.29,7.8345,456,1,0,1,4,0,0
tx_fraud_001169,1,5708.73,8.6499,655,2,0,14,13,0,0
tx_legit_012466,0,519.35,6.2545,942,1,0,1,13,0,0
tx_fraud_000418,1,90974.08,11.4183,7,14,4,1,1,1,1
tx_fraud_000257,1,9728.25,9.1829,30,8,8,4,33,0,1
tx_legit_012639,0,1754.11,7.4703,696,1,0,1,1,0,0
tx_legit_012809,0,379.66,5.9419,934,1,0,2,1,0,0
tx_legit_010806,0,143.63,4.9742,826,1,0,1,1,0,0
tx_legit_004330,0,697.83,6.5494,584,1,0,3,1,0,0
tx_legit_001457,0,139.9,4.9481,322,1,0,1,4,0,0
tx_legit_009937,0,774.55,6.6536,562,1,0,1,1,0,0
tx_legit_006549,0,509.91,6.2362,392,1,0,1,1,0,0
tx_legit_009260,0,436.83,6.0818,628,1,0,1,1,0,0
tx_legit_012443,0,781.16,6.6621,336,1,0,2,1,0,0
tx_legit_007708,0,171.81,5.1522,969,1,0,1,1,0,0
tx_legit_004201,0,1091.61,6.9963,131,1,0,2,11,0,0
tx_legit_010824,0,745.95,6.616,433,2,0,1,10,0,0
tx_legit_009540,0,450.72,6.1131,569,1,0,1,20,0,0
tx_legit_003613,0,524.25,6.2639,130,4,0,1,2,0,0
tx_legit_006538,0,321.98,5.7776,378,1,0,2,17,0,0
tx_legit_002109,0,228.56,5.4362,160,2,0,1,2,0,0
tx_legit_000586,0,666.28,6.5032,61,1,0,1,4,0,0
tx_legit_001584,0,2282.9,7.7336,403,2,0,1,1,0,0
tx_legit_000299,0,257.86,5.5563,371,1,0,1,1,0,0
tx_legit_010329,0,686.12,6.5325,896,2,0,1,2,0,0
tx_legit_003597,0,79.39,4.3869,19,1,0,1,5,0,0
tx_legit_011757,0,1106.72,7.0101,988,1,0,1,16,0,0
tx_legit_004838,0,951.03,6.8586,860,2,0,1,1,0,0
tx_legit_004911,0,193.42,5.27,766,1,0,4,2,0,0
tx_legit_001363,0,190.03,5.2524,326,1,0,6,2,0,0
tx_legit_001835,0,472.27,6.1597,989,1,0,5,1,0,0
tx_legit_009831,0,144.85,4.9826,754,1,0,5,2,0,0
tx_legit_001615,0,413.82,6.0278,834,1,0,2,18,0,0
tx_legit_002522,0,203.71,5.3216,201,1,0,1,4,0,0
tx_legit_000594,0,314.89,5.7554,423,1,0,1,1,0,0
tx_legit_013179,0,174.13,5.1655,383,2,0,1,2,0,0
tx_legit_003614,0,280.14,5.6389,949,1,0,1,1,0,0
tx_legit_008805,0,230.16,5.4431,538,1,0,6,1,0,0
tx_legit_008430,0,597.09,6.3937,862,2,0,2,22,0,0
tx_legit_004228,0,403.61,6.0029,143,1,0,2,3,0,0
tx_legit_007816,0,251.73,5.5323,784,1,0,1,1,0,0
tx_legit_002874,0,1133.83,7.0342,542,1,0,1,1,0,0
tx_legit_012194,0,1358.91,7.2152,156,1,0,1,19,0,0
tx_legit_010358,0,435.97,6.0799,264,1,0,1,1,0,0
tx_legit_000524,0,255.93,5.5488,614,2,0,2,20,0,0
tx_legit_002055,0,278.21,5.632,205,1,0,1,12,0,0
tx_fraud_000571,1,21937.66,9.996,5,25,7,24,25,1,1
tx_legit_006439,0,612.85,6.4198,720,1,0,3,1,0,0
tx_legit_005366,0,185.63,5.2291,594,2,0,1,2,0,0
tx_legit_003166,0,351.07,5.8638,616,2,0,1,1,0,0
tx_legit_010667,0,591.26,6.3839,842,2,0,1,1,0,0
tx_legit_005722,0,675.81,6.5174,821,3,0,1,1,0,0
tx_legit_009720,0,707.57,6.5632,826,1,0,1,3,0,0
tx_legit_009691,0,667.59,6.5052,802,1,0,1,1,0,0
tx_legit_008493,0,267.29,5.5921,331,1,0,1,2,0,0
tx_legit_003636,0,300.07,5.7073,962,2,0,1,2,0,0
tx_legit_001064,0,645.45,6.4715,150,1,0,2,20,0,0
tx_legit_001240,0,1142.98,7.0423,94,1,0,1,1,0,0
tx_legit_012603,0,847.34,6.7433,266,2,2,1,1,0,0
tx_legit_012413,0,144.23,4.9783,991,1,0,1,1,0,0
tx_legit_012367,0,428.97,6.0637,759,1,0,1,3,0,0
tx_legit_009663,0,870.0,6.7696,155,1,0,1,1,0,0
tx_fraud_000821,1,1665.08,7.4182,379,1,0,1,19,0,0
tx_legit_003111,0,123.56,4.8248,860,2,0,3,1,0,0
tx_legit_000519,0,828.69,6.7211,958,1,0,1,1,0,0
tx_fraud_001191,1,5048.41,8.527,653,2,0,16,11,0,0
tx_legit_001103,0,368.56,5.9123,903,1,0,2,10,0,0
tx_legit_011577,0,477.03,6.1697,430,1,0,1,3,0,0
tx_legit_006389,0,1625.83,7.3944,208,2,0,2,10,0,0
tx_legit_007711,0,806.37,6.6938,891,3,1,1,2,0,0
tx_legit_006697,0,237.42,5.474,295,2,0,1,1,0,0
tx_legit_012577,0,445.89,6.1023,391,2,0,1,18,0,0
tx_legit_001248,0,788.64,6.6716,373,1,0,1,3,0,0
tx_legit_012363,0,405.47,6.0075,988,2,0,1,4,0,0
tx_legit_005709,0,638.2,6.4602,732,2,0,1,2,0,0
tx_legit_002592,0,695.85,6.5466,990,1,1,1,1,0,0
tx_legit_005466,0,271.93,5.6092,685,3,0,1,16,0,0
tx_legit_012961,0,1313.35,7.1811,797,1,1,2,1,0,0
tx_legit_008368,0,584.97,6.3733,893,1,0,1,2,0,0
tx_legit_004697,0,780.88,6.6617,988,1,0,2,1,0,0
tx_legit_001630,0,159.93,5.081,892,1,0,1,1,0,0
tx_legit_008433,0,725.13,6.5877,669,2,0,1,3,0,0
tx_legit_012682,0,866.49,6.7656,81,1,1,1,3,0,0
tx_legit_011511,0,210.49,5.3542,613,1,0,1,3,0,0
tx_legit_013708,0,733.63,6.5994,631,1,0,4,2,0,0
tx_legit_006373,0,672.93,6.5131,131,1,0,2,1,0,0
tx_legit_001213,0,832.26,6.7253,486,2,0,1,2,0,0
tx_legit_004205,0,522.04,6.2597,686,1,0,1,1,0,0
tx_legit_010018,0,272.02,5.6095,892,1,0,1,3,0,0
tx_legit_013689,0,481.97,6.18,443,1,0,1,1,0,0
tx_legit_005679,0,250.44,5.5272,667,1,0,2,1,0,0
tx_legit_010908,0,255.07,5.5455,866,1,0,1,1,0,0
tx_legit_012849,0,1673.23,7.4231,323,1,0,1,1,0,0
tx_legit_002560,0,159.69,5.0795,282,1,0,1,1,0,0
tx_fraud_000455,1,85295.65,11.3539,1,9,7,1,1,1,1
tx_legit_009223,0,425.23,6.055,15,1,0,1,2,0,0
tx_fraud_000112,1,11985.72,9.3916,3,8,4,13,3,1,1
tx_legit_009552,0,654.16,6.4849,220,2,0,1,1,0,0
tx_legit_002698,0,455.8,6.1242,605,1,2,2,1,0,0
tx_legit_013711,0,197.01,5.2883,562,1,1,1,2,0,0
tx_legit_003149,0,613.3,6.4205,336,2,0,1,1,0,0
tx_legit_013016,0,304.33,5.7214,115,1,0,1,1,0,0
tx_legit_003301,0,808.92,6.6969,785,1,1,1,1,0,0
tx_legit_010277,0,1284.9,7.1592,519,1,0,5,1,0,0
tx_legit_001801,0,1350.05,7.2086,869,1,0,2,2,0,0
tx_legit_009202,0,765.85,6.6423,46,1,0,1,2,0,0
tx_legit_013567,0,407.41,6.0123,259,4,0,2,3,0,0
tx_legit_000175,0,698.54,6.5504,158,2,1,1,1,0,0
tx_fraud_000953,1,7198.71,8.8818,76,2,1,14,6,0,0
tx_legit_010677,0,219.02,5.3937,183,1,0,1,2,0,0
tx_legit_006394,0,445.58,6.1016,590,1,0,1,2,0,0
tx_legit_006815,0,416.18,6.0335,456,1,0,1,2,0,0
tx_legit_006140,0,249.13,5.522,907,1,0,1,19,0,0
tx_legit_006819,0,298.9,5.7034,898,2,2,1,3,0,0
tx_legit_008222,0,836.88,6.7309,131,1,0,1,2,0,0
tx_legit_004746,0,1349.99,7.2086,802,2,0,1,1,0,0
tx_legit_000173,0,493.0,6.2025,155,1,0,1,1,0,0
tx_legit_005712,0,780.51,6.6612,58,1,0,1,2,0,0
tx_legit_010837,0,1025.1,6.9335,631,2,0,1,1,0,0
tx_legit_001108,0,472.97,6.1611,755,2,0,1,13,0,0
tx_legit_005818,0,500.8,6.2182,411,1,2,1,1,0,0
tx_legit_000678,0,1434.06,7.269,751,1,0,1,1,0,0
tx_legit_005500,0,821.15,6.7119,112,2,0,1,2,0,0
tx_legit_003383,0,851.71,6.7484,345,1,0,1,2,0,0
tx_legit_007025,0,1687.62,7.4317,392,1,1,2,1,0,0
tx_legit_012974,0,216.26,5.3811,167,1,2,1,2,0,0
tx_legit_011680,0,916.58,6.8217,986,1,0,1,8,0,0
tx_legit_002059,0,257.31,5.5542,511,1,0,1,2,0,0
tx_legit_003120,0,181.65,5.2076,199,1,0,1,10,0,0
tx_legit_005045,0,2026.91,7.6148,717,1,0,1,1,0,0
tx_legit_000174,0,2404.34,7.7854,391,1,0,1,3,0,0
tx_legit_006425,0,434.77,6.0771,920,1,0,1,2,0,0
tx_legit_006857,0,899.19,6.8026,876,2,0,1,1,0,0
tx_legit_000957,0,378.49,5.9388,557,2,0,1,1,0,0
tx_fraud_000275,1,18986.79,9.8516,5,4,0,2,6,1,0
tx_legit_005479,0,1159.46,7.0566,545,1,0,1,1,0,0
tx_legit_009083,0,340.57,5.8336,323,2,1,1,1,0,0
tx_fraud_000622,1,21778.54,9.9887,1,29,9,25,23,1,1
tx_legit_007928,0,349.35,5.8589,199,2,0,1,3,0,0
tx_legit_009155,0,811.74,6.7004,953,1,0,1,1,0,0
tx_fraud_001065,1,4270.43,8.3597,491,2,0,13,12,0,0
tx_legit_002300,0,308.07,5.7336,697,1,0,1,2,0,0
tx_legit_005864,0,332.53,5.8097,989,1,0,1,1,0,0
tx_legit_003919,0,351.95,5.8663,927,1,0,2,9,0,0
tx_legit_013785,0,359.05,5.8862,936,1,0,1,1,0,0
tx_legit_005035,0,2937.26,7.9856,709,4,0,1,1,0,0
tx_fraud_000024,1,10527.05,9.2618,11,8,4,15,2,0,1
tx_fraud_000110,1,9718.11,9.1818,5,12,2,13,3,1,1
tx_legit_007038,0,212.22,5.3623,189,1,0,1,1,0,0
tx_legit_007007,0,319.74,5.7706,125,1,0,2,4,0,0
tx_legit_002793,0,582.46,6.369,779,1,0,1,1,0,0
tx_legit_002559,0,618.96,6.4297,775,1,0,1,3,0,0
tx_legit_010375,0,393.89,5.9786,205,1,0,1,11,0,0
tx_legit_005473,0,1109.29,7.0124,459,1,0,1,1,0,0
tx_legit_005252,0,434.39,6.0762,352,1,0,5,3,0,0
tx_legit_000489,0,299.04,5.7039,437,3,0,1,1,0,0
tx_legit_012298,0,456.34,6.1254,599,1,0,1,2,0,0
tx_legit_012394,0,627.89,6.444,138,1,0,2,2,0,0
tx_fraud_000395,1,15025.86,9.6176,3,5,1,3,6,1,1
tx_legit_000492,0,943.08,6.8502,782,1,0,6,3,0,0
tx_legit_009385,0,148.34,5.0062,276,1,0,1,8,0,0
tx_legit_008128,0,286.02,5.6596,182,1,0,1,15,0,0
tx_legit_011592,0,909.07,6.8135,293,1,0,1,16,0,0
tx_legit_002811,0,433.21,6.0735,423,1,0,2,11,0,0
tx_legit_007761,0,198.0,5.2933,997,1,0,1,2,0,0
tx_legit_009832,0,183.47,5.2175,159,1,0,1,1,0,0
tx_legit_005770,0,326.97,5.7929,448,1,0,2,2,0,0
tx_legit_003504,0,217.36,5.3861,345,1,0,2,21,0,0
tx_legit_003154,0,369.12,5.9138,522,2,0,2,8,0,0
tx_legit_000104,0,812.73,6.7016,657,1,0,1,1,0,0
tx_legit_009811,0,291.95,5.68,237,2,0,6,1,0,0
tx_legit_010028,0,1806.41,7.4997,816,1,0,3,1,0,0
tx_legit_009264,0,389.79,5.9682,534,2,0,1,2,0,0
tx_fraud_000796,1,2083.45,7.6423,277,1,0,28,9,0,0
tx_legit_013006,0,295.44,5.6918,976,2,0,5,1,0,0
tx_legit_011223,0,538.84,6.2913,830,4,0,1,3,0,0
tx_legit_005604,0,209.73,5.3506,194,1,0,1,1,0,0
tx_legit_002014,0,224.37,5.4177,34,1,0,1,1,0,0
tx_fraud_000186,1,12729.66,9.4518,16,8,8,4,31,0,1
tx_legit_008644,0,282.37,5.6468,282,2,0,1,16,0,0
tx_legit_006822,0,733.71,6.5995,85,1,0,2,20,0,0
tx_legit_013415,0,171.59,5.1509,563,2,0,1,3,0,0
tx_legit_005561,0,169.28,5.1374,150,2,0,1,12,0,0
tx_legit_005047,0,925.45,6.8314,40,1,0,1,1,0,0
tx_legit_005279,0,816.52,6.7063,516,2,0,1,3,0,0
tx_legit_012238,0,1521.75,7.3283,910,1,0,1,1,0,0
tx_legit_009664,0,333.31,5.8121,544,1,0,1,1,0,0
tx_legit_009901,0,296.81,5.6965,125,3,0,3,1,0,0
tx_legit_004498,0,349.33,5.8589,263,1,0,2,19,0,0
tx_fraud_000051,1,15786.99,9.667,5,10,4,10,2,1,1
tx_legit_002972,0,142.33,4.9651,783,1,0,1,2,0,0
tx_legit_001031,0,265.55,5.5856,229,2,0,1,1,0,0
tx_legit_008692,0,1053.61,6.9609,978,1,0,1,2,0,0
tx_legit_000846,0,167.67,5.1279,720,1,0,2,22,0,0
tx_legit_007031,0,807.86,6.6956,312,1,0,1,4,0,0
tx_fraud_000742,1,1185.27,7.0786,94,1,0,29,14,0,0
tx_legit_003959,0,539.1,6.2918,510,2,0,1,4,0,0
tx_legit_009782,0,431.43,6.0694,733,1,0,1,1,0,0
tx_legit_011590,0,337.4,5.8242,600,1,0,2,1,0,0
tx_legit_011992,0,979.69,6.8883,986,1,0,3,1,0,0
tx_legit_008831,0,719.17,6.5795,515,1,0,1,3,0,0
tx_legit_005369,0,2175.4,7.6854,772,1,0,1,1,0,0
tx_legit_004342,0,428.35,6.0623,629,1,0,6,1,0,0
tx_legit_002317,0,491.43,6.1994,356,1,0,1,1,0,0
tx_legit_001071,0,213.07,5.3663,222,2,0,2,13,0,0
tx_legit_002852,0,184.34,5.2222,626,1,0,1,1,0,0
tx_legit_012242,0,798.21,6.6836,221,1,0,1,1,0,0
tx_legit_009383,0,506.13,6.2288,815,1,0,1,1,0,0
tx_legit_003784,0,2189.09,7.6917,684,1,0,2,1,0,0
tx_legit_000331,0,813.28,6.7023,792,1,0,1,1,0,0
tx_legit_004062,0,472.05,6.1592,890,1,0,1,1,0,0
tx_fraud_000133,1,8582.89,9.0576,11,8,3,15,5,0,1
tx_legit_004877,0,939.34,6.8462,131,3,0,1,1,0,0
tx_legit_001948,0,938.96,6.8458,78,1,0,2,10,0,0
tx_legit_010651,0,222.38,5.4089,208,1,0,1,1,0,0
tx_legit_004404,0,566.74,6.3417,936,4,0,1,1,0,0
tx_legit_013176,0,430.97,6.0684,723,1,0,1,17,0,0
tx_legit_002092,0,369.4,5.9146,735,1,0,1,3,0,0
tx_legit_003328,0,296.1,5.6941,426,2,0,1,2,0,0
tx_legit_012484,0,375.51,5.9309,497,1,0,1,1,0,0
tx_legit_010647,0,480.38,6.1767,856,1,0,1,1,0,0
tx_legit_002964,0,862.53,6.761,526,1,0,5,2,0,0
tx_legit_002847,0,296.42,5.6951,306,1,0,2,1,0,0
tx_legit_008125,0,1487.73,7.3057,294,1,0,1,21,0,0
tx_legit_008382,0,988.22,6.8969,115,3,0,1,1,0,0
tx_legit_010828,0,138.51,4.9381,560,2,0,5,1,0,0
tx_legit_001562,0,1231.88,7.1171,215,1,1,1,1,0,0
tx_legit_010671,0,103.17,4.646,979,1,0,2,9,0,0
tx_legit_008614,0,478.79,6.1733,723,1,0,1,11,0,0
tx_fraud_001113,1,7267.86,8.8914,469,2,0,17,14,0,0
tx_legit_005198,0,691.78,6.5407,243,2,0,1,4,0,0
tx_legit_005395,0,630.52,6.4481,669,1,0,1,1,0,0
tx_legit_010121,0,565.5,6.3395,842,1,0,1,1,0,0
tx_legit_000611,0,288.79,5.6692,386,1,0,1,1,0,0
tx_legit_011157,0,108.25,4.6936,947,1,1,5,1,0,0
tx_legit_002122,0,214.06,5.3709,949,1,1,2,9,0,0
tx_legit_013183,0,498.92,6.2144,710,1,1,1,1,0,0
tx_legit_008983,0,925.1,6.831,719,1,0,1,2,0,0
tx_legit_011325,0,223.21,5.4126,56,1,1,2,1,0,0
tx_legit_013299,0,60.28,4.1155,743,1,0,1,1,0,0
tx_legit_009295,0,621.59,6.4339,381,2,0,2,1,0,0
tx_legit_008535,0,413.89,6.028,880,1,2,2,21,0,0
tx_legit_006829,0,1680.45,7.4274,835,1,0,2,1,0,0
tx_legit_001839,0,472.92,6.161,292,1,0,2,17,0,0
tx_legit_001834,0,1608.31,7.3836,130,1,0,1,1,0,0
tx_legit_005733,0,332.16,5.8086,760,1,0,1,1,0,0
tx_legit_001329,0,169.77,5.1403,269,1,0,1,1,0,0
tx_legit_010540,0,684.82,6.5306,713,2,0,1,2,0,0
tx_legit_010183,0,437.84,6.0841,720,1,0,1,12,0,0
tx_legit_013323,0,1685.39,7.4303,78,1,1,2,1,0,0
tx_legit_009643,0,450.3,6.1121,804,2,0,1,2,0,0
tx_legit_007254,0,656.68,6.4887,627,1,0,1,1,0,0
tx_legit_004735,0,257.9,5.5564,895,1,1,1,1,0,0
tx_legit_007073,0,241.54,5.4912,95,2,0,1,1,0,0
tx_legit_002016,0,253.43,5.539,311,1,0,1,2,0,0
tx_fraud_000908,1,3414.45,8.1361,326,1,0,1,21,0,0
tx_legit_009321,0,747.73,6.6184,703,1,0,1,1,0,0
tx_legit_004884,0,275.92,5.6237,322,2,0,2,1,0,0
tx_legit_011292,0,177.2,5.1829,972,1,0,1,4,0,0
tx_legit_009989,0,421.07,6.0452,406,1,0,1,2,0,0
tx_legit_011754,0,2369.53,7.7709,748,3,0,1,1,0,0
tx_legit_012072,0,1156.17,7.0537,811,1,0,1,3,0,0
tx_legit_001597,0,188.12,5.2424,957,2,1,1,8,0,0
tx_legit_011478,0,396.92,5.9863,297,2,0,1,15,0,0
tx_fraud_000075,1,16294.85,9.6987,7,6,2,18,2,1,1
tx_fraud_000135,1,10828.79,9.2901,27,9,4,3,23,0,1
tx_legit_003839,0,519.07,6.254,678,1,0,2,16,0,0
tx_legit_010138,0,565.09,6.3388,619,1,0,1,19,0,0
tx_legit_011988,0,307.45,5.7316,277,2,0,1,4,0,0
tx_legit_009302,0,322.44,5.779,685,1,0,1,4,0,0
tx_legit_012187,0,368.81,5.913,197,2,0,2,12,0,0
tx_legit_007387,0,563.28,6.3356,115,3,0,1,16,0,0
tx_legit_008073,0,1241.15,7.1246,323,2,0,1,4,0,0
tx_legit_006921,0,292.82,5.683,100,1,0,1,1,0,0
tx_legit_002512,0,322.06,5.7778,265,1,0,4,3,0,0
tx_legit_007981,0,104.87,4.6622,15,1,0,3,2,0,0
tx_legit_004615,0,159.82,5.0803,579,1,1,4,1,0,0
tx_legit_004653,0,155.58,5.0536,66,4,0,1,2,0,0
tx_legit_009342,0,792.13,6.676,838,1,1,1,2,0,0
tx_legit_008790,0,1186.07,7.0792,667,1,0,1,1,0,0
tx_legit_012993,0,146.15,4.9915,44,1,1,1,8,0,0
tx_legit_009859,0,329.89,5.8018,69,1,0,2,3,0,0
tx_legit_007102,0,198.51,5.2959,15,1,0,1,2,0,0
tx_legit_001670,0,861.83,6.7602,295,1,0,1,1,0,0
tx_legit_004139,0,213.24,5.3671,84,2,0,1,2,0,0
tx_legit_003115,0,201.26,5.3096,828,2,0,1,1,0,0
tx_fraud_000179,1,9602.16,9.1698,14,18,5,2,34,0,1
tx_legit_000701,0,166.45,5.1207,327,1,0,2,12,0,0
tx_legit_011789,0,701.5,6.5546,938,1,0,2,2,0,0
tx_legit_000163,0,642.71,6.4672,243,2,0,2,1,0,0
tx_legit_003322,0,595.37,6.3909,309,1,0,2,5,0,0
tx_legit_005399,0,609.29,6.4139,678,1,0,2,3,0,0
tx_legit_004894,0,227.19,5.4302,78,1,0,1,17,0,0
tx_legit_013659,0,647.45,6.4746,24,1,0,1,1,0,0
tx_legit_011601,0,463.6,6.1412,131,1,0,1,4,0,0
tx_legit_003895,0,1045.09,6.9528,993,1,0,3,1,0,0
tx_legit_002774,0,247.8,5.5166,334,2,0,1,1,0,0
tx_legit_008336,0,181.46,5.2065,953,1,0,6,2,0,0
tx_legit_012618,0,704.49,6.5589,675,1,0,1,2,0,0
tx_legit_009448,0,337.19,5.8236,565,2,0,1,1,0,0
tx_legit_003036,0,728.51,6.5924,180,1,0,1,8,0,0
tx_legit_006842,0,453.17,6.1185,476,1,0,1,1,0,0
tx_legit_002098,0,336.23,5.8208,794,1,0,1,1,0,0
tx_legit_009320,0,209.28,5.3484,463,1,0,6,1,0,0
tx_legit_002490,0,345.27,5.8472,763,1,0,2,8,0,0
tx_legit_000378,0,566.14,6.3406,625,1,0,6,3,0,0
tx_fraud_000544,1,34199.09,10.44,1,14,9,14,26,1,1
tx_legit_012833,0,324.14,5.7843,106,2,0,6,1,0,0
tx_legit_011153,0,2726.61,7.9112,633,1,0,1,2,0,0
tx_legit_001387,0,411.38,6.0219,820,4,0,1,1,0,0
tx_legit_003787,0,888.66,6.7908,186,3,0,1,19,0,0
tx_legit_003304,0,300.29,5.7081,529,1,0,2,13,0,0
tx_legit_011634,0,647.18,6.4742,35,1,0,1,1,0,0
tx_legit_001434,0,1399.29,7.2444,562,1,0,1,1,0,0
tx_legit_001407,0,301.94,5.7135,627,3,0,1,1,0,0
tx_legit_001284,0,226.39,5.4267,471,1,0,1,2,0,0
tx_fraud_000548,1,59589.75,10.9953,3,24,10,15,31,1,1
tx_legit_011329,0,1088.48,6.9935,527,3,0,2,1,0,0
tx_legit_006678,0,262.55,5.5742,572,1,0,5,3,0,0
tx_legit_007419,0,605.44,6.4076,500,1,0,6,1,0,0
tx_legit_006235,0,452.47,6.1169,217,1,0,4,1,0,0
tx_legit_013226,0,133.57,4.9021,816,1,0,1,1,0,0
tx_legit_008639,0,597.6,6.3946,545,1,0,1,1,0,0
tx_legit_010983,0,274.32,5.6179,113,1,1,1,2,0,0
tx_legit_007823,0,528.51,6.272,887,1,0,2,3,0,0
tx_legit_008740,0,209.43,5.3492,605,4,0,1,1,0,0
tx_legit_013128,0,1133.39,7.0339,515,1,0,2,2,0,0
tx_legit_010771,0,973.95,6.8824,281,2,0,1,1,0,0
tx_fraud_000448,1,84435.04,11.3437,10,14,4,1,1,0,1
tx_legit_001503,0,326.85,5.7926,167,1,0,1,22,0,0
tx_legit_008766,0,554.29,6.3195,380,1,0,1,3,0,0
tx_legit_004311,0,387.53,5.9624,186,2,0,1,2,0,0
tx_legit_002683,0,655.94,6.4876,977,1,0,1,2,0,0
tx_legit_001497,0,347.85,5.8546,551,1,0,1,1,0,0
tx_legit_006001,0,250.42,5.5271,518,1,0,1,3,0,0
tx_legit_005702,0,697.26,6.5486,673,2,0,1,2,0,0
tx_legit_001431,0,417.78,6.0373,939,1,0,1,2,0,0
tx_legit_001964,0,431.62,6.0699,385,1,0,4,1,0,0
tx_legit_006761,0,826.72,6.7187,756,1,0,1,1,0,0
tx_legit_010843,0,462.83,6.1395,303,1,0,3,2,0,0
tx_legit_008210,0,442.76,6.0953,70,1,0,4,3,0,0
tx_legit_010844,0,850.22,6.7467,887,1,0,1,1,0,0
tx_legit_006337,0,765.71,6.6421,397,2,0,4,2,0,0
tx_legit_002314,0,402.23,5.9995,867,1,0,1,1,0,0
tx_legit_001757,0,508.56,6.2335,844,1,2,1,2,0,0
tx_legit_005415,0,730.61,6.5952,976,2,0,1,1,0,0
tx_legit_000487,0,640.41,6.4637,943,1,0,1,2,0,0
tx_legit_000006,0,132.25,4.8922,367,1,1,1,1,0,0
tx_legit_000541,0,515.57,6.2472,37,1,0,6,3,0,0
tx_legit_007520,0,401.28,5.9971,766,1,0,2,1,0,0
tx_legit_006546,0,707.89,6.5637,517,1,0,4,2,0,0
tx_legit_013027,0,531.63,6.2778,822,1,0,2,1,0,0
tx_legit_003981,0,320.59,5.7733,893,1,0,1,2,0,0
tx_legit_006900,0,479.76,6.1754,760,2,0,2,22,0,0
tx_legit_011235,0,327.93,5.7958,838,1,0,1,1,0,0
tx_legit_000211,0,372.36,5.9225,457,1,0,3,3,0,0
tx_legit_013471,0,530.14,6.275,916,2,0,1,2,0,0
tx_legit_002102,0,385.46,5.957,306,4,0,1,15,0,0
tx_legit_010228,0,368.45,5.912,37,1,0,1,1,0,0
tx_legit_009395,0,674.99,6.5162,369,1,0,1,2,0,0
tx_legit_009397,0,345.8,5.8487,141,1,0,1,4,0,0
tx_legit_004159,0,392.58,5.9753,343,1,0,1,21,0,0
tx_legit_011682,0,346.84,5.8517,476,1,0,1,1,0,0
tx_legit_011805,0,127.48,4.8558,807,1,0,3,1,0,0
tx_legit_013009,0,185.24,5.227,37,2,0,2,1,0,0
tx_legit_005261,0,482.46,6.181,112,1,0,2,16,0,0
tx_legit_005020,0,594.45,6.3893,838,1,0,1,1,0,0
tx_fraud_000411,1,57878.83,10.9661,10,6,5,1,1,0,1
tx_legit_005029,0,431.07,6.0686,357,1,0,1,3,0,0
tx_legit_005575,0,749.34,6.6205,661,2,1,1,18,0,0
tx_legit_011673,0,133.77,4.9036,294,2,1,1,1,0,0
tx_fraud_000194,1,14484.07,9.5809,28,11,3,3,27,0,1
tx_legit_009238,0,318.48,5.7667,477,1,0,2,3,0,0
tx_legit_005591,0,544.43,6.3016,840,1,0,1,3,0,0
tx_legit_013178,0,541.8,6.2967,44,2,0,1,1,0,0
tx_legit_000296,0,343.04,5.8408,715,1,0,1,1,0,0
tx_legit_002901,0,314.08,5.7528,977,1,1,1,2,0,0
tx_legit_007209,0,3214.2,8.0756,579,1,0,1,1,0,0
tx_legit_012608,0,1463.82,7.2895,79,3,1,1,1,0,0
tx_legit_005388,0,816.33,6.706,997,1,0,1,1,0,0
tx_legit_001745,0,535.75,6.2855,720,2,0,2,2,0,0
tx_legit_000925,0,381.77,5.9474,709,3,2,2,1,0,0
tx_legit_009966,0,1135.28,7.0355,561,1,0,1,2,0,0
tx_legit_008441,0,320.62,5.7734,188,1,0,2,1,0,0
tx_legit_011384,0,370.67,5.918,728,1,0,1,1,0,0
tx_legit_007804,0,753.09,6.6255,404,1,0,1,1,0,0
tx_legit_002176,0,207.72,5.341,123,1,0,1,1,0,0
tx_legit_009659,0,1319.99,7.1861,916,1,0,1,22,0,0
tx_legit_013127,0,578.55,6.3623,907,1,0,1,3,0,0
tx_fraud_000512,1,70171.33,11.1587,6,16,3,1,1,1,1
tx_legit_000380,0,441.62,6.0927,738,2,1,1,1,0,0
tx_legit_001224,0,372.77,5.9236,85,1,0,1,3,0,0
tx_legit_008601,0,674.19,6.515,752,1,0,1,2,0,0
tx_legit_001583,0,960.68,6.8687,708,2,0,1,2,0,0
tx_legit_003370,0,172.74,5.1576,173,1,0,1,1,0,0
tx_legit_002681,0,203.98,5.3229,634,1,0,1,1,0,0
tx_legit_002202,0,380.33,5.9437,422,1,0,3,2,0,0
tx_legit_009440,0,199.97,5.3032,180,2,0,1,22,0,0
tx_legit_008223,0,460.38,6.1342,433,1,0,1,1,0,0
tx_legit_003771,0,636.98,6.4583,701,1,0,1,2,0,0
tx_legit_004926,0,775.42,6.6547,748,1,0,3,1,0,0
tx_legit_006054,0,212.56,5.3639,392,1,0,1,1,0,0
tx_legit_002883,0,1334.92,7.1974,668,2,0,1,3,0,0
tx_legit_004938,0,319.33,5.7694,96,1,0,6,2,0,0
tx_legit_010563,0,895.29,6.7983,992,1,1,1,1,0,0
tx_legit_004169,0,892.35,6.795,902,1,0,1,1,0,0
tx_legit_001325,0,367.97,5.9107,95,1,0,2,1,0,0
tx_legit_010811,0,576.11,6.358,278,1,0,1,1,0,0
tx_legit_000252,0,189.5,5.2497,732,1,0,1,3,0,0
tx_legit_003480,0,752.26,6.6244,406,1,0,1,16,0,0
tx_legit_012873,0,530.16,6.2751,150,1,2,1,18,0,0
tx_legit_003852,0,643.64,6.4687,586,2,0,1,1,0,0
tx_legit_001104,0,445.02,6.1004,992,1,0,2,9,0,0
tx_fraud_001098,1,5440.28,8.6018,566,2,0,21,14,0,0
tx_legit_002658,0,372.62,5.9232,484,2,0,2,8,0,0
tx_legit_006699,0,210.36,5.3536,220,1,0,1,1,0,0
tx_legit_002371,0,288.42,5.6679,635,3,0,1,3,0,0
tx_legit_000567,0,788.22,6.671,816,1,0,1,18,0,0
tx_legit_010147,0,392.22,5.9744,320,1,0,1,1,0,0
tx_legit_010262,0,1110.41,7.0134,936,1,0,1,1,0,0
tx_legit_007641,0,546.47,6.3053,786,1,1,1,21,0,0
tx_legit_008617,0,304.78,5.7229,910,1,1,1,12,0,0
tx_legit_013633,0,770.7,6.6486,393,1,0,1,1,0,0
tx_legit_012526,0,401.43,5.9975,187,2,2,1,2,0,0
tx_legit_002857,0,319.78,5.7708,433,1,0,2,13,0,0
tx_legit_000418,0,409.42,6.0172,674,1,0,6,1,0,0
tx_legit_006956,0,1054.66,6.9619,627,1,0,2,22,0,0
tx_legit_008514,0,600.59,6.3996,136,1,0,2,1,0,0
tx_fraud_000940,1,6819.57,8.8277,98,2,1,14,12,0,0
tx_legit_013406,0,144.4,4.9795,463,1,0,1,2,0,0
tx_legit_001555,0,528.9,6.2727,430,1,0,2,16,0,0
tx_legit_005480,0,486.23,6.1887,524,1,0,1,1,0,0
tx_legit_003917,0,151.2,5.0252,217,2,1,1,1,0,0
tx_legit_001622,0,341.02,5.8349,354,1,0,1,4,0,0
tx_legit_005341,0,656.99,6.4892,265,1,0,1,2,0,0
tx_legit_013762,0,436.27,6.0806,740,1,0,1,1,0,0
tx_legit_013738,0,803.32,6.69,156,1,0,1,2,0,0
tx_legit_010570,0,450.16,6.1118,525,1,0,1,3,0,0
tx_legit_007348,0,1237.3,7.1215,532,2,0,3,3,0,0
tx_legit_013302,0,176.64,5.1798,425,1,0,1,1,0,0
tx_legit_013773,0,158.96,5.0749,759,4,0,1,2,0,0
tx_legit_008476,0,454.0,6.1203,486,1,0,5,1,0,0
tx_legit_004606,0,479.97,6.1758,825,1,0,5,3,0,0
tx_legit_006344,0,404.42,6.0049,193,1,0,2,14,0,0
tx_legit_013327,0,655.0,6.4862,306,1,0,1,18,0,0
tx_legit_008062,0,497.68,6.212,593,1,0,1,1,0,0
tx_legit_002344,0,270.16,5.6027,696,1,0,1,4,0,0
tx_legit_013714,0,429.62,6.0652,688,2,0,3,1,0,0
tx_legit_001040,0,186.68,5.2347,902,1,0,1,1,0,0
tx_legit_000542,0,425.51,6.0556,904,2,0,1,1,0,0
tx_legit_000640,0,775.22,6.6544,103,1,0,1,1,0,0
tx_legit_010683,0,293.1,5.6839,848,1,0,1,1,0,0
tx_legit_006525,0,486.75,6.1898,24,1,0,1,2,0,0
tx_legit_007201,0,387.71,5.9628,214,1,1,1,14,0,0
tx_legit_005417,0,197.44,5.2905,132,1,0,1,3,0,0
tx_legit_011748,0,436.72,6.0816,826,1,0,1,1,0,0
tx_legit_008997,0,247.82,5.5167,504,1,0,1,1,0,0
tx_legit_011725,0,871.81,6.7717,308,1,0,2,20,0,0
tx_legit_006398,0,414.78,6.0302,724,2,1,4,2,0,0
tx_fraud_000354,1,13485.95,9.5095,1,5,2,4,2,1,1
tx_fraud_000716,1,1859.82,7.5288,200,1,0,13,9,0,0
tx_legit_007137,0,773.66,6.6524,895,2,0,1,1,0,0
tx_legit_004551,0,827.51,6.7196,286,1,0,1,1,0,0
tx_legit_002960,0,551.44,6.3143,347,1,0,1,12,0,0
tx_legit_012019,0,1375.48,7.2273,241,1,1,1,22,0,0
tx_legit_005314,0,257.52,5.555,203,1,0,2,2,0,0
tx_legit_010723,0,2405.24,7.7858,540,2,1,1,1,0,0
tx_legit_008374,0,544.97,6.3026,150,1,0,1,1,0,0
tx_legit_004165,0,760.48,6.6353,164,1,0,1,1,0,0
tx_legit_002709,0,459.78,6.1329,266,1,0,3,1,0,0
tx_legit_009072,0,845.19,6.7407,397,1,0,1,1,0,0
tx_legit_003105,0,2438.86,7.7997,640,1,0,5,3,0,0
tx_legit_004063,0,299.6,5.7058,591,1,0,2,13,0,0
tx_legit_000501,0,205.3,5.3293,133,3,0,2,11,0,0
tx_legit_013573,0,417.46,6.0366,476,1,0,1,1,0,0
tx_legit_007485,0,261.63,5.5707,35,2,1,1,1,0,0
tx_legit_006043,0,570.55,6.3484,117,2,0,1,1,0,0
tx_legit_013439,0,1250.42,7.132,220,1,0,1,1,0,0
tx_fraud_000176,1,2364.92,7.7689,6,22,5,3,13,1,1
tx_legit_010062,0,490.96,6.1984,571,2,0,1,2,0,0
tx_legit_003521,0,408.64,6.0153,611,1,0,1,1,0,0
tx_legit_013610,0,136.6,4.9244,881,1,0,3,3,0,0
tx_legit_001374,0,582.1,6.3684,887,1,0,1,2,0,0
tx_legit_001534,0,1743.64,7.4643,331,4,0,1,1,0,0
tx_legit_005913,0,1435.4,7.2699,457,1,0,1,1,0,0
tx_legit_002588,0,385.56,5.9573,146,1,0,1,1,0,0
tx_legit_002151,0,522.54,6.2606,383,1,2,6,2,0,0
tx_legit_000622,0,2215.44,7.7037,865,2,0,2,9,0,0
tx_legit_004644,0,368.94,5.9133,568,2,0,1,2,0,0
tx_fraud_000041,1,3657.8,8.2049,12,7,3,16,3,0,1
tx_legit_008139,0,515.77,6.2476,83,1,0,2,8,0,0
tx_legit_003026,0,508.1,6.2326,672,1,0,1,1,0,0
tx_legit_000745,0,181.87,5.2088,302,1,0,1,1,0,0
tx_legit_002331,0,359.66,5.8879,57,1,0,2,21,0,0
tx_fraud_000966,1,3317.97,8.1074,33,2,1,7,9,0,0
tx_legit_005520,0,831.56,6.7245,379,1,0,2,12,0,0
tx_legit_013270,0,245.14,5.5059,141,1,0,2,8,0,0
tx_legit_002982,0,619.98,6.4313,804,2,0,1,2,0,0
tx_legit_010692,0,672.05,6.5118,953,2,0,1,1,0,0
tx_legit_011598,0,221.4,5.4045,746,1,0,1,1,0,0
tx_legit_006559,0,1143.22,7.0425,102,1,0,1,2,0,0
tx_legit_000513,0,418.55,6.0392,214,2,0,1,2,0,0
tx_legit_006646,0,1387.76,7.2362,841,4,0,1,1,0,0
tx_legit_008724,0,682.37,6.527,703,1,2,2,3,0,0
tx_legit_013460,0,316.23,5.7596,379,1,0,5,1,0,0
tx_legit_002182,0,3041.9,8.0206,916,1,0,3,2,0,0
tx_legit_002044,0,303.22,5.7178,246,1,0,1,1,0,0
tx_legit_006006,0,294.58,5.6889,807,1,0,1,16,0,0
tx_legit_013322,0,250.65,5.528,27,1,0,1,1,0,0
tx_legit_008862,0,532.74,6.2799,895,1,0,2,1,0,0
tx_legit_007806,0,183.13,5.2156,397,1,0,2,16,0,0
tx_legit_002189,0,403.66,6.003,702,1,0,3,1,0,0
tx_legit_006864,0,863.43,6.7621,323,1,0,1,1,0,0
tx_legit_008269,0,1130.34,7.0312,374,2,0,1,1,0,0
tx_fraud_000420,1,70791.26,11.1675,6,7,6,1,1,1,1
tx_legit_012940,0,893.37,6.7961,613,1,0,2,8,0,0
tx_legit_001332,0,653.3,6.4836,554,3,1,1,2,0,0
tx_legit_000768,0,1164.56,7.061,107,1,0,2,22,0,0
tx_legit_006887,0,1008.95,6.9177,943,1,0,1,4,0,0
tx_legit_000240,0,598.78,6.3966,602,1,0,1,1,0,0
tx_legit_002210,0,295.01,5.6904,356,4,0,1,2,0,0
tx_legit_004759,0,256.78,5.5521,314,1,2,2,2,0,0
tx_legit_011849,0,471.12,6.1572,509,1,0,1,1,0,0
tx_legit_004249,0,478.3,6.1723,29,1,0,1,2,0,0
tx_legit_010513,0,424.74,6.0538,759,2,0,1,2,0,0
tx_legit_006252,0,738.21,6.6056,539,1,0,1,2,0,0
tx_fraud_001140,1,8051.75,8.9938,486,2,0,16,18,0,0
tx_legit_010383,0,753.26,6.6257,978,1,0,1,1,0,0
tx_legit_010602,0,1132.89,7.0334,996,2,0,1,17,0,0
tx_fraud_001045,1,4987.62,8.5149,149,2,1,8,7,0,0
tx_legit_006378,0,116.3,4.7647,188,1,0,1,1,0,0
tx_legit_006309,0,901.07,6.8047,322,2,0,1,1,0,0
tx_legit_008322,0,880.17,6.7813,604,1,0,1,1,0,0
tx_legit_010009,0,1320.29,7.1864,255,1,0,1,1,0,0
tx_legit_011596,0,1048.73,6.9563,612,1,0,1,1,0,0
tx_legit_006820,0,779.72,6.6602,827,1,0,2,16,0,0
tx_legit_011076,0,1772.83,7.4809,762,2,0,1,20,0,0
tx_legit_000980,0,1184.21,7.0777,124,2,0,1,2,0,0
tx_legit_001889,0,240.39,5.4864,124,1,2,5,3,0,0
tx_legit_003864,0,1344.38,7.2044,50,1,0,1,1,0,0
tx_legit_013473,0,3221.73,8.078,242,1,0,1,1,0,0
tx_legit_003440,0,391.43,5.9724,978,1,0,3,1,0,0
tx_legit_011857,0,932.26,6.8387,380,1,0,1,1,0,0
tx_legit_010560,0,625.98,6.4409,578,1,0,1,1,0,0
tx_legit_009233,0,1076.53,6.9824,952,1,0,1,1,0,0
tx_legit_010860,0,236.34,5.4695,419,1,0,1,4,0,0
tx_legit_012141,0,1351.53,7.2097,191,4,1,5,3,0,0
tx_legit_002799,0,575.41,6.3568,44,1,0,1,1,0,0
tx_legit_007671,0,572.19,6.3512,535,4,0,6,2,0,0
tx_legit_007935,0,824.53,6.716,58,3,0,1,4,0,0
tx_legit_002699,0,791.48,6.6752,768,1,0,1,19,0,0
tx_legit_000431,0,384.14,5.9536,753,1,0,2,1,0,0
tx_legit_008886,0,196.5,5.2857,17,1,0,2,12,0,0
tx_legit_003756,0,1045.18,6.9529,829,1,0,1,3,0,0
tx_legit_008096,0,1174.4,7.0694,798,2,0,1,1,0,0
tx_legit_011607,0,1173.4,7.0685,741,1,0,1,2,0,0
tx_legit_004441,0,350.72,5.8628,492,1,0,1,2,0,0
tx_legit_010384,0,514.09,6.2443,258,1,0,1,16,0,0
tx_legit_010984,0,293.99,5.6869,399,1,0,1,10,0,0
tx_legit_001729,0,361.29,5.8924,160,1,1,2,15,0,0
tx_fraud_000137,1,4016.81,8.2985,7,19,4,1,19,1,1
tx_legit_003146,0,321.67,5.7766,949,3,0,2,21,0,0
